2025-07-01 23:13:52,456 - INFO - 🚀 LEIER API Scraper (Enhanced Recursive) Initialized
2025-07-01 23:13:52,457 - INFO - --- Starting LEIER API Recursive Scraping Run ---
2025-07-01 23:13:52,457 - INFO - Querying root API: https://www.leier.hu/hu/documents/api/documents
2025-07-01 23:13:52,981 - INFO - HTTP Request: GET https://www.leier.hu/hu/documents/api/documents "HTTP/1.1 200 OK"
2025-07-01 23:13:52,982 - INFO - Successfully fetched API data from https://www.leier.hu/hu/documents/api/documents
2025-07-01 23:13:52,983 - INFO - Saved root API response to C:\Users\Admin\.cursor\Lambda\src\backend\src\downloads\leier_materials_api\api_responses\leier_api_response_20250701.json
2025-07-01 23:13:52,986 - INFO - Initial parsing found 1 documents and 28 folders
2025-07-01 23:13:52,986 - INFO - --- Exploring 28 folders recursively ---
2025-07-01 23:13:52,986 - INFO - Exploring folder: hu/Betoncserepes dokumentumtár: Termékadatlap - Teljesítménynyilatkozat - Beépítési útmutató (ID: 4175)
2025-07-01 23:13:52,986 - INFO - Querying folder API: https://www.leier.hu/hu/documents/api/documents/4175
2025-07-01 23:13:53,391 - INFO - HTTP Request: GET https://www.leier.hu/hu/documents/api/documents/4175 "HTTP/1.1 200 OK"
2025-07-01 23:13:53,392 - INFO - Successfully fetched API data from https://www.leier.hu/hu/documents/api/documents/4175
2025-07-01 23:13:53,897 - INFO - Exploring folder: at/Datenblätter (ID: 3989)
2025-07-01 23:13:53,897 - INFO - Querying folder API: https://www.leier.hu/hu/documents/api/documents/3989
2025-07-01 23:13:54,321 - INFO - HTTP Request: GET https://www.leier.hu/hu/documents/api/documents/3989 "HTTP/1.1 200 OK"
2025-07-01 23:13:54,322 - INFO - Successfully fetched API data from https://www.leier.hu/hu/documents/api/documents/3989
2025-07-01 23:13:54,839 - INFO - Exploring folder: hu/Prospektusok (ID: 1860)
2025-07-01 23:13:54,839 - INFO - Querying folder API: https://www.leier.hu/hu/documents/api/documents/1860
2025-07-01 23:13:55,235 - INFO - HTTP Request: GET https://www.leier.hu/hu/documents/api/documents/1860 "HTTP/1.1 200 OK"
2025-07-01 23:13:55,236 - INFO - Successfully fetched API data from https://www.leier.hu/hu/documents/api/documents/1860
2025-07-01 23:13:55,752 - INFO - Exploring folder: at/Händlerlisten (ID: 3703)
2025-07-01 23:13:55,752 - INFO - Querying folder API: https://www.leier.hu/hu/documents/api/documents/3703
2025-07-01 23:13:56,146 - INFO - HTTP Request: GET https://www.leier.hu/hu/documents/api/documents/3703 "HTTP/1.1 404 Not Found"
2025-07-01 23:13:56,172 - ERROR - Unexpected error querying https://www.leier.hu/hu/documents/api/documents/3703: Client error '404 Not Found' for url 'https://www.leier.hu/hu/documents/api/documents/3703'
For more information check: https://developer.mozilla.org/en-US/docs/Web/HTTP/Status/404
2025-07-01 23:13:56,681 - INFO - Exploring folder: at/Allgemeine Hinweise (ID: 3617)
2025-07-01 23:13:56,681 - INFO - Querying folder API: https://www.leier.hu/hu/documents/api/documents/3617
2025-07-01 23:13:57,067 - INFO - HTTP Request: GET https://www.leier.hu/hu/documents/api/documents/3617 "HTTP/1.1 200 OK"
2025-07-01 23:13:57,067 - INFO - Successfully fetched API data from https://www.leier.hu/hu/documents/api/documents/3617
2025-07-01 23:13:57,571 - INFO - Exploring folder: hu/Termékadatlapok (ID: 1866)
2025-07-01 23:13:57,572 - INFO - Querying folder API: https://www.leier.hu/hu/documents/api/documents/1866
2025-07-01 23:13:58,034 - INFO - HTTP Request: GET https://www.leier.hu/hu/documents/api/documents/1866 "HTTP/1.1 200 OK"
2025-07-01 23:13:58,035 - INFO - Successfully fetched API data from https://www.leier.hu/hu/documents/api/documents/1866
2025-07-01 23:13:58,543 - INFO - Exploring folder: hu/Alkalmazástechnikák, Beépítési útmutatók (ID: 1862)
2025-07-01 23:13:58,543 - INFO - Querying folder API: https://www.leier.hu/hu/documents/api/documents/1862
2025-07-01 23:13:58,936 - INFO - HTTP Request: GET https://www.leier.hu/hu/documents/api/documents/1862 "HTTP/1.1 200 OK"
2025-07-01 23:13:58,937 - INFO - Successfully fetched API data from https://www.leier.hu/hu/documents/api/documents/1862
2025-07-01 23:13:59,442 - INFO - Exploring folder: hu/Építkezzen még okosabban promóció játékszabályzat és adatkezelési tájékoztató 2025 (ID: 4150)
2025-07-01 23:13:59,442 - INFO - Querying folder API: https://www.leier.hu/hu/documents/api/documents/4150
2025-07-01 23:13:59,876 - INFO - HTTP Request: GET https://www.leier.hu/hu/documents/api/documents/4150 "HTTP/1.1 404 Not Found"
2025-07-01 23:13:59,904 - ERROR - Unexpected error querying https://www.leier.hu/hu/documents/api/documents/4150: Client error '404 Not Found' for url 'https://www.leier.hu/hu/documents/api/documents/4150'
For more information check: https://developer.mozilla.org/en-US/docs/Web/HTTP/Status/404
2025-07-01 23:14:00,418 - INFO - Exploring folder: hu/Árlisták viszonteladók részére (ID: 1861)
2025-07-01 23:14:00,418 - INFO - Querying folder API: https://www.leier.hu/hu/documents/api/documents/1861
2025-07-01 23:14:00,858 - INFO - HTTP Request: GET https://www.leier.hu/hu/documents/api/documents/1861 "HTTP/1.1 200 OK"
2025-07-01 23:14:00,859 - INFO - Successfully fetched API data from https://www.leier.hu/hu/documents/api/documents/1861
2025-07-01 23:14:01,363 - INFO - Exploring folder: at/Verlegemuster (ID: 3793)
2025-07-01 23:14:01,363 - INFO - Querying folder API: https://www.leier.hu/hu/documents/api/documents/3793
2025-07-01 23:14:01,747 - INFO - HTTP Request: GET https://www.leier.hu/hu/documents/api/documents/3793 "HTTP/1.1 200 OK"
2025-07-01 23:14:01,747 - INFO - Successfully fetched API data from https://www.leier.hu/hu/documents/api/documents/3793
2025-07-01 23:14:02,255 - INFO - Exploring folder: hu/Akna konszignációs program (ID: 1876)
2025-07-01 23:14:02,257 - INFO - Querying folder API: https://www.leier.hu/hu/documents/api/documents/1876
2025-07-01 23:14:02,706 - INFO - HTTP Request: GET https://www.leier.hu/hu/documents/api/documents/1876 "HTTP/1.1 200 OK"
2025-07-01 23:14:02,708 - INFO - Successfully fetched API data from https://www.leier.hu/hu/documents/api/documents/1876
2025-07-01 23:14:03,225 - INFO - Exploring folder: hu/Arculati elemek (ID: 1870)
2025-07-01 23:14:03,225 - INFO - Querying folder API: https://www.leier.hu/hu/documents/api/documents/1870
2025-07-01 23:14:03,638 - INFO - HTTP Request: GET https://www.leier.hu/hu/documents/api/documents/1870 "HTTP/1.1 200 OK"
2025-07-01 23:14:03,639 - INFO - Successfully fetched API data from https://www.leier.hu/hu/documents/api/documents/1870
2025-07-01 23:14:04,145 - INFO - Exploring folder: hu/Szerelési útmutatók (ID: 1874)
2025-07-01 23:14:04,145 - INFO - Querying folder API: https://www.leier.hu/hu/documents/api/documents/1874
2025-07-01 23:14:04,578 - INFO - HTTP Request: GET https://www.leier.hu/hu/documents/api/documents/1874 "HTTP/1.1 200 OK"
2025-07-01 23:14:04,579 - INFO - Successfully fetched API data from https://www.leier.hu/hu/documents/api/documents/1874
2025-07-01 23:14:05,093 - INFO - Exploring folder: hu/Kereskedői kéménykonfigurátor (ID: 1868)
2025-07-01 23:14:05,093 - INFO - Querying folder API: https://www.leier.hu/hu/documents/api/documents/1868
2025-07-01 23:14:05,488 - INFO - HTTP Request: GET https://www.leier.hu/hu/documents/api/documents/1868 "HTTP/1.1 200 OK"
2025-07-01 23:14:05,490 - INFO - Successfully fetched API data from https://www.leier.hu/hu/documents/api/documents/1868
2025-07-01 23:14:05,999 - INFO - Exploring folder: hu (ID: 1859)
2025-07-01 23:14:05,999 - INFO - Querying folder API: https://www.leier.hu/hu/documents/api/documents/1859
2025-07-01 23:14:06,708 - INFO - HTTP Request: GET https://www.leier.hu/hu/documents/api/documents/1859 "HTTP/1.1 200 OK"
2025-07-01 23:14:06,716 - INFO - Successfully fetched API data from https://www.leier.hu/hu/documents/api/documents/1859
2025-07-01 23:14:07,238 - INFO - Exploring folder: hu/Éves energetikai szakreferensi riportok (ID: 1872)
2025-07-01 23:14:07,238 - INFO - Querying folder API: https://www.leier.hu/hu/documents/api/documents/1872
2025-07-01 23:14:07,677 - INFO - HTTP Request: GET https://www.leier.hu/hu/documents/api/documents/1872 "HTTP/1.1 200 OK"
2025-07-01 23:14:07,678 - INFO - Successfully fetched API data from https://www.leier.hu/hu/documents/api/documents/1872
2025-07-01 23:14:08,196 - INFO - Exploring folder: at/Preislisten (ID: 3683)
2025-07-01 23:14:08,196 - INFO - Querying folder API: https://www.leier.hu/hu/documents/api/documents/3683
2025-07-01 23:14:08,629 - INFO - HTTP Request: GET https://www.leier.hu/hu/documents/api/documents/3683 "HTTP/1.1 200 OK"
2025-07-01 23:14:08,630 - INFO - Successfully fetched API data from https://www.leier.hu/hu/documents/api/documents/3683
2025-07-01 23:14:09,147 - INFO - Exploring folder: hu/LeierPress (ID: 1869)
2025-07-01 23:14:09,147 - INFO - Querying folder API: https://www.leier.hu/hu/documents/api/documents/1869
2025-07-01 23:14:09,562 - INFO - HTTP Request: GET https://www.leier.hu/hu/documents/api/documents/1869 "HTTP/1.1 200 OK"
2025-07-01 23:14:09,563 - INFO - Successfully fetched API data from https://www.leier.hu/hu/documents/api/documents/1869
2025-07-01 23:14:10,075 - INFO - Exploring folder: hu/Előregyártott elemek tervezési segédlet (ID: 1871)
2025-07-01 23:14:10,075 - INFO - Querying folder API: https://www.leier.hu/hu/documents/api/documents/1871
2025-07-01 23:14:10,490 - INFO - HTTP Request: GET https://www.leier.hu/hu/documents/api/documents/1871 "HTTP/1.1 200 OK"
2025-07-01 23:14:10,490 - INFO - Successfully fetched API data from https://www.leier.hu/hu/documents/api/documents/1871
2025-07-01 23:14:11,005 - INFO - Exploring folder: at/Aufbauanleitungen (ID: 3688)
2025-07-01 23:14:11,005 - INFO - Querying folder API: https://www.leier.hu/hu/documents/api/documents/3688
2025-07-01 23:14:11,401 - INFO - HTTP Request: GET https://www.leier.hu/hu/documents/api/documents/3688 "HTTP/1.1 200 OK"
2025-07-01 23:14:11,401 - INFO - Successfully fetched API data from https://www.leier.hu/hu/documents/api/documents/3688
2025-07-01 23:14:11,913 - INFO - Exploring folder: at (ID: 1830)
2025-07-01 23:14:11,913 - INFO - Querying folder API: https://www.leier.hu/hu/documents/api/documents/1830
2025-07-01 23:14:12,502 - INFO - HTTP Request: GET https://www.leier.hu/hu/documents/api/documents/1830 "HTTP/1.1 200 OK"
2025-07-01 23:14:12,505 - INFO - Successfully fetched API data from https://www.leier.hu/hu/documents/api/documents/1830
2025-07-01 23:14:13,029 - INFO - Exploring folder: hu/Részletrajzok (ID: 1867)
2025-07-01 23:14:13,029 - INFO - Querying folder API: https://www.leier.hu/hu/documents/api/documents/1867
2025-07-01 23:14:13,432 - INFO - HTTP Request: GET https://www.leier.hu/hu/documents/api/documents/1867 "HTTP/1.1 200 OK"
2025-07-01 23:14:13,433 - INFO - Successfully fetched API data from https://www.leier.hu/hu/documents/api/documents/1867
2025-07-01 23:14:13,939 - INFO - Exploring folder: hu/Durisol - Építés fabetonnal c. könyv (ID: 1863)
2025-07-01 23:14:13,940 - INFO - Querying folder API: https://www.leier.hu/hu/documents/api/documents/1863
2025-07-01 23:14:14,353 - INFO - HTTP Request: GET https://www.leier.hu/hu/documents/api/documents/1863 "HTTP/1.1 200 OK"
2025-07-01 23:14:14,354 - INFO - Successfully fetched API data from https://www.leier.hu/hu/documents/api/documents/1863
2025-07-01 23:14:14,867 - INFO - Exploring folder: hu/Biztonságtechnikai adatlapok (ID: 3677)
2025-07-01 23:14:14,867 - INFO - Querying folder API: https://www.leier.hu/hu/documents/api/documents/3677
2025-07-01 23:14:15,277 - INFO - HTTP Request: GET https://www.leier.hu/hu/documents/api/documents/3677 "HTTP/1.1 200 OK"
2025-07-01 23:14:15,278 - INFO - Successfully fetched API data from https://www.leier.hu/hu/documents/api/documents/3677
2025-07-01 23:14:15,789 - INFO - Exploring folder: hu/Leier-Graphisoft Archicad programbővítmény (ID: 1864)
2025-07-01 23:14:15,790 - INFO - Querying folder API: https://www.leier.hu/hu/documents/api/documents/1864
2025-07-01 23:14:16,205 - INFO - HTTP Request: GET https://www.leier.hu/hu/documents/api/documents/1864 "HTTP/1.1 200 OK"
2025-07-01 23:14:16,206 - INFO - Successfully fetched API data from https://www.leier.hu/hu/documents/api/documents/1864
2025-07-01 23:14:16,722 - INFO - Exploring folder: hu/Teljesítménynyilatkozatok (ID: 1865)
2025-07-01 23:14:16,723 - INFO - Querying folder API: https://www.leier.hu/hu/documents/api/documents/1865
2025-07-01 23:14:17,300 - INFO - HTTP Request: GET https://www.leier.hu/hu/documents/api/documents/1865 "HTTP/1.1 200 OK"
2025-07-01 23:14:17,309 - INFO - Successfully fetched API data from https://www.leier.hu/hu/documents/api/documents/1865
2025-07-01 23:14:17,833 - INFO - Exploring folder: at/Verarbeitungsinfos (ID: 3622)
2025-07-01 23:14:17,834 - INFO - Querying folder API: https://www.leier.hu/hu/documents/api/documents/3622
2025-07-01 23:14:18,316 - INFO - HTTP Request: GET https://www.leier.hu/hu/documents/api/documents/3622 "HTTP/1.1 200 OK"
2025-07-01 23:14:18,316 - INFO - Successfully fetched API data from https://www.leier.hu/hu/documents/api/documents/3622
2025-07-01 23:14:18,835 - INFO - Exploring folder: at/Prospekte (ID: 1852)
2025-07-01 23:14:18,835 - INFO - Querying folder API: https://www.leier.hu/hu/documents/api/documents/1852
2025-07-01 23:14:19,227 - INFO - HTTP Request: GET https://www.leier.hu/hu/documents/api/documents/1852 "HTTP/1.1 200 OK"
2025-07-01 23:14:19,227 - INFO - Successfully fetched API data from https://www.leier.hu/hu/documents/api/documents/1852
2025-07-01 23:14:19,744 - INFO - Exploring folder: hu/Arculati elemek/Új Leier logó (ID: 3968)
2025-07-01 23:14:19,744 - INFO - Querying folder API: https://www.leier.hu/hu/documents/api/documents/3968
2025-07-01 23:14:20,111 - INFO - HTTP Request: GET https://www.leier.hu/hu/documents/api/documents/3968 "HTTP/1.1 200 OK"
2025-07-01 23:14:20,111 - INFO - Successfully fetched API data from https://www.leier.hu/hu/documents/api/documents/3968
2025-07-01 23:14:20,618 - INFO - Exploring folder: hu/Részletrajzok/Csomópontok/Födém részletrajzok (ID: 2343)
2025-07-01 23:14:20,618 - INFO - Querying folder API: https://www.leier.hu/hu/documents/api/documents/2343
2025-07-01 23:14:21,267 - INFO - HTTP Request: GET https://www.leier.hu/hu/documents/api/documents/2343 "HTTP/1.1 200 OK"
2025-07-01 23:14:21,275 - INFO - Successfully fetched API data from https://www.leier.hu/hu/documents/api/documents/2343
2025-07-01 23:14:21,793 - INFO - Exploring folder: hu/Betoncserepes dokumentumtár: Termékadatlap - Teljesítménynyilatkozat - Beépítési útmutató/Teljesítménynyilatkozatok (ID: 4179)
2025-07-01 23:14:21,793 - INFO - Querying folder API: https://www.leier.hu/hu/documents/api/documents/4179
2025-07-01 23:14:22,213 - INFO - HTTP Request: GET https://www.leier.hu/hu/documents/api/documents/4179 "HTTP/1.1 200 OK"
2025-07-01 23:14:22,213 - INFO - Successfully fetched API data from https://www.leier.hu/hu/documents/api/documents/4179
2025-07-01 23:14:22,723 - INFO - Exploring folder: hu/Részletrajzok/Csomópontok (ID: 2336)
2025-07-01 23:14:22,723 - INFO - Querying folder API: https://www.leier.hu/hu/documents/api/documents/2336
2025-07-01 23:14:23,229 - INFO - HTTP Request: GET https://www.leier.hu/hu/documents/api/documents/2336 "HTTP/1.1 200 OK"
2025-07-01 23:14:23,234 - INFO - Successfully fetched API data from https://www.leier.hu/hu/documents/api/documents/2336
2025-07-01 23:14:23,743 - INFO - Exploring folder: hu/Termékadatlapok/Kertépítés, díszburkolat (ID: 2164)
2025-07-01 23:14:23,743 - INFO - Querying folder API: https://www.leier.hu/hu/documents/api/documents/2164
2025-07-01 23:14:24,305 - INFO - HTTP Request: GET https://www.leier.hu/hu/documents/api/documents/2164 "HTTP/1.1 200 OK"
2025-07-01 23:14:24,313 - INFO - Successfully fetched API data from https://www.leier.hu/hu/documents/api/documents/2164
2025-07-01 23:14:24,833 - INFO - Exploring folder: hu/Részletrajzok/Elemrajzok (DWG, PDF)/Mélyépítés (ID: 2872)
2025-07-01 23:14:24,833 - INFO - Querying folder API: https://www.leier.hu/hu/documents/api/documents/2872
2025-07-01 23:14:26,501 - INFO - HTTP Request: GET https://www.leier.hu/hu/documents/api/documents/2872 "HTTP/1.1 200 OK"
2025-07-01 23:14:26,538 - INFO - Successfully fetched API data from https://www.leier.hu/hu/documents/api/documents/2872
2025-07-01 23:14:27,091 - INFO - Exploring folder: hu/Szerelési útmutatók/Előregyártott Falak | Wandelemente (ID: 2818)
2025-07-01 23:14:27,091 - INFO - Querying folder API: https://www.leier.hu/hu/documents/api/documents/2818
2025-07-01 23:14:27,519 - INFO - HTTP Request: GET https://www.leier.hu/hu/documents/api/documents/2818 "HTTP/1.1 200 OK"
2025-07-01 23:14:27,520 - INFO - Successfully fetched API data from https://www.leier.hu/hu/documents/api/documents/2818
2025-07-01 23:14:28,031 - INFO - Exploring folder: hu/Szerelési útmutatók/Üreges Födémpalló | Hohldiele (ID: 2820)
2025-07-01 23:14:28,031 - INFO - Querying folder API: https://www.leier.hu/hu/documents/api/documents/2820
2025-07-01 23:14:28,421 - INFO - HTTP Request: GET https://www.leier.hu/hu/documents/api/documents/2820 "HTTP/1.1 200 OK"
2025-07-01 23:14:28,421 - INFO - Successfully fetched API data from https://www.leier.hu/hu/documents/api/documents/2820
2025-07-01 23:14:28,938 - INFO - Exploring folder: hu/Teljesítménynyilatkozatok/Előregyártott pillérek, gerendák (ID: 1935)
2025-07-01 23:14:28,938 - INFO - Querying folder API: https://www.leier.hu/hu/documents/api/documents/1935
2025-07-01 23:14:29,296 - INFO - HTTP Request: GET https://www.leier.hu/hu/documents/api/documents/1935 "HTTP/1.1 200 OK"
2025-07-01 23:14:29,297 - INFO - Successfully fetched API data from https://www.leier.hu/hu/documents/api/documents/1935
2025-07-01 23:14:29,802 - INFO - Exploring folder: hu/Részletrajzok/Elemrajzok (DWG, PDF) (ID: 2337)
2025-07-01 23:14:29,803 - INFO - Querying folder API: https://www.leier.hu/hu/documents/api/documents/2337
2025-07-01 23:14:30,492 - INFO - HTTP Request: GET https://www.leier.hu/hu/documents/api/documents/2337 "HTTP/1.1 200 OK"
2025-07-01 23:14:30,499 - INFO - Successfully fetched API data from https://www.leier.hu/hu/documents/api/documents/2337
2025-07-01 23:14:31,012 - INFO - Exploring folder: hu/Részletrajzok/Csomópontok/Tető részletrajzok (ID: 2341)
2025-07-01 23:14:31,012 - INFO - Querying folder API: https://www.leier.hu/hu/documents/api/documents/2341
2025-07-01 23:14:31,588 - INFO - HTTP Request: GET https://www.leier.hu/hu/documents/api/documents/2341 "HTTP/1.1 200 OK"
2025-07-01 23:14:31,595 - INFO - Successfully fetched API data from https://www.leier.hu/hu/documents/api/documents/2341
2025-07-01 23:14:32,116 - INFO - Exploring folder: hu/Teljesítménynyilatkozatok/Transzportbeton (ID: 4010)
2025-07-01 23:14:32,116 - INFO - Querying folder API: https://www.leier.hu/hu/documents/api/documents/4010
2025-07-01 23:14:32,482 - INFO - HTTP Request: GET https://www.leier.hu/hu/documents/api/documents/4010 "HTTP/1.1 200 OK"
2025-07-01 23:14:32,482 - INFO - Successfully fetched API data from https://www.leier.hu/hu/documents/api/documents/4010
2025-07-01 23:14:32,996 - INFO - Exploring folder: hu/Szerelési útmutatók/Üreges Födémpalló | Hohldiele/Teljesítménynyilatkozat | Leistungserklärung (ID: 2851)
2025-07-01 23:14:32,996 - INFO - Querying folder API: https://www.leier.hu/hu/documents/api/documents/2851
2025-07-01 23:14:33,515 - INFO - HTTP Request: GET https://www.leier.hu/hu/documents/api/documents/2851 "HTTP/1.1 200 OK"
2025-07-01 23:14:33,515 - INFO - Successfully fetched API data from https://www.leier.hu/hu/documents/api/documents/2851
2025-07-01 23:14:34,025 - INFO - Exploring folder: hu/Betoncserepes dokumentumtár: Termékadatlap - Teljesítménynyilatkozat - Beépítési útmutató/Termékadatlapok/Leier Toscana tetocserep termekadatlap (ID: 4177)
2025-07-01 23:14:34,026 - INFO - Querying folder API: https://www.leier.hu/hu/documents/api/documents/4177
2025-07-01 23:14:34,444 - INFO - HTTP Request: GET https://www.leier.hu/hu/documents/api/documents/4177 "HTTP/1.1 200 OK"
2025-07-01 23:14:34,445 - INFO - Successfully fetched API data from https://www.leier.hu/hu/documents/api/documents/4177
2025-07-01 23:14:34,952 - INFO - Exploring folder: hu/Részletrajzok/Csomópontok/Fal részletrajzok (ID: 2338)
2025-07-01 23:14:34,952 - INFO - Querying folder API: https://www.leier.hu/hu/documents/api/documents/2338
2025-07-01 23:14:35,541 - INFO - HTTP Request: GET https://www.leier.hu/hu/documents/api/documents/2338 "HTTP/1.1 200 OK"
2025-07-01 23:14:35,555 - INFO - Successfully fetched API data from https://www.leier.hu/hu/documents/api/documents/2338
2025-07-01 23:14:36,063 - INFO - Exploring folder: hu/Teljesítménynyilatkozatok/Tetőfedő rendszerek (ID: 1930)
2025-07-01 23:14:36,063 - INFO - Querying folder API: https://www.leier.hu/hu/documents/api/documents/1930
2025-07-01 23:14:36,443 - INFO - HTTP Request: GET https://www.leier.hu/hu/documents/api/documents/1930 "HTTP/1.1 200 OK"
2025-07-01 23:14:36,444 - INFO - Successfully fetched API data from https://www.leier.hu/hu/documents/api/documents/1930
2025-07-01 23:14:36,960 - INFO - Exploring folder: hu/Szerelési útmutatók/Előregyártott Falak | Wandelemente/Teljesítménynyilatkozat | Leistungerklarung (ID: 2823)
2025-07-01 23:14:36,962 - INFO - Querying folder API: https://www.leier.hu/hu/documents/api/documents/2823
2025-07-01 23:14:37,423 - INFO - HTTP Request: GET https://www.leier.hu/hu/documents/api/documents/2823 "HTTP/1.1 200 OK"
2025-07-01 23:14:37,424 - INFO - Successfully fetched API data from https://www.leier.hu/hu/documents/api/documents/2823
2025-07-01 23:14:37,935 - INFO - Exploring folder: hu/Termékadatlapok/Előregyártott termékek (ID: 2166)
2025-07-01 23:14:37,935 - INFO - Querying folder API: https://www.leier.hu/hu/documents/api/documents/2166
2025-07-01 23:14:38,324 - INFO - HTTP Request: GET https://www.leier.hu/hu/documents/api/documents/2166 "HTTP/1.1 200 OK"
2025-07-01 23:14:38,324 - INFO - Successfully fetched API data from https://www.leier.hu/hu/documents/api/documents/2166
2025-07-01 23:14:38,828 - INFO - Exploring folder: hu/Részletrajzok/Csomópontok/Leier Durisol Magasépítő falazórendszer (ID: 2340)
2025-07-01 23:14:38,828 - INFO - Querying folder API: https://www.leier.hu/hu/documents/api/documents/2340
2025-07-01 23:14:39,200 - INFO - HTTP Request: GET https://www.leier.hu/hu/documents/api/documents/2340 "HTTP/1.1 200 OK"
2025-07-01 23:14:39,201 - INFO - Successfully fetched API data from https://www.leier.hu/hu/documents/api/documents/2340
2025-07-01 23:14:39,717 - INFO - Exploring folder: hu/Szerelési útmutatók/Lépcső | Treppe/Teljesítménynyilatkozat | Leistungserklärung (ID: 2861)
2025-07-01 23:14:39,717 - INFO - Querying folder API: https://www.leier.hu/hu/documents/api/documents/2861
2025-07-01 23:14:40,215 - INFO - HTTP Request: GET https://www.leier.hu/hu/documents/api/documents/2861 "HTTP/1.1 200 OK"
2025-07-01 23:14:40,217 - INFO - Successfully fetched API data from https://www.leier.hu/hu/documents/api/documents/2861
2025-07-01 23:14:40,735 - INFO - Exploring folder: hu/Teljesítménynyilatkozatok/Magasépítési termékek/Tégla termékek (ID: 1938)
2025-07-01 23:14:40,735 - INFO - Querying folder API: https://www.leier.hu/hu/documents/api/documents/1938
2025-07-01 23:14:41,397 - INFO - HTTP Request: GET https://www.leier.hu/hu/documents/api/documents/1938 "HTTP/1.1 200 OK"
2025-07-01 23:14:41,406 - INFO - Successfully fetched API data from https://www.leier.hu/hu/documents/api/documents/1938
2025-07-01 23:14:41,925 - INFO - Exploring folder: at/Verarbeitungsinfos/VÖB-FQP (ID: 3956)
2025-07-01 23:14:41,925 - INFO - Querying folder API: https://www.leier.hu/hu/documents/api/documents/3956
2025-07-01 23:14:42,344 - INFO - HTTP Request: GET https://www.leier.hu/hu/documents/api/documents/3956 "HTTP/1.1 200 OK"
2025-07-01 23:14:42,345 - INFO - Successfully fetched API data from https://www.leier.hu/hu/documents/api/documents/3956
2025-07-01 23:14:42,853 - INFO - Exploring folder: hu/Szerelési útmutatók/Előregyártott Falak | Wandelemente/Szerelési útmutató | Montageanleitung (ID: 2822)
2025-07-01 23:14:42,853 - INFO - Querying folder API: https://www.leier.hu/hu/documents/api/documents/2822
2025-07-01 23:14:43,277 - INFO - HTTP Request: GET https://www.leier.hu/hu/documents/api/documents/2822 "HTTP/1.1 200 OK"
2025-07-01 23:14:43,278 - INFO - Successfully fetched API data from https://www.leier.hu/hu/documents/api/documents/2822
2025-07-01 23:14:43,787 - INFO - Exploring folder: hu/Részletrajzok/Elemrajzok (DWG, PDF)/Durisol zajárnyékolás (ID: 2874)
2025-07-01 23:14:43,788 - INFO - Querying folder API: https://www.leier.hu/hu/documents/api/documents/2874
2025-07-01 23:14:44,396 - INFO - HTTP Request: GET https://www.leier.hu/hu/documents/api/documents/2874 "HTTP/1.1 200 OK"
2025-07-01 23:14:44,401 - INFO - Successfully fetched API data from https://www.leier.hu/hu/documents/api/documents/2874
2025-07-01 23:14:44,910 - INFO - Exploring folder: hu/Termékadatlapok/Kertépítés, díszburkolat/Szegélykövek (ID: 2260)
2025-07-01 23:14:44,910 - INFO - Querying folder API: https://www.leier.hu/hu/documents/api/documents/2260
2025-07-01 23:14:45,314 - INFO - HTTP Request: GET https://www.leier.hu/hu/documents/api/documents/2260 "HTTP/1.1 200 OK"
2025-07-01 23:14:45,315 - INFO - Successfully fetched API data from https://www.leier.hu/hu/documents/api/documents/2260
2025-07-01 23:14:45,832 - INFO - Exploring folder: hu/Termékadatlapok/Magasépítési termékek/Tégla termékek (ID: 2168)
2025-07-01 23:14:45,832 - INFO - Querying folder API: https://www.leier.hu/hu/documents/api/documents/2168
2025-07-01 23:14:46,299 - INFO - HTTP Request: GET https://www.leier.hu/hu/documents/api/documents/2168 "HTTP/1.1 200 OK"
2025-07-01 23:14:46,300 - INFO - Successfully fetched API data from https://www.leier.hu/hu/documents/api/documents/2168
2025-07-01 23:14:46,806 - INFO - Exploring folder: hu/Termékadatlapok/Magasépítési termékek/Nyílásáthidalók (ID: 2169)
2025-07-01 23:14:46,806 - INFO - Querying folder API: https://www.leier.hu/hu/documents/api/documents/2169
2025-07-01 23:14:47,238 - INFO - HTTP Request: GET https://www.leier.hu/hu/documents/api/documents/2169 "HTTP/1.1 200 OK"
2025-07-01 23:14:47,239 - INFO - Successfully fetched API data from https://www.leier.hu/hu/documents/api/documents/2169
2025-07-01 23:14:47,747 - INFO - Exploring folder: hu/Teljesítménynyilatkozatok/Kertépítés, díszburkolat (ID: 1931)
2025-07-01 23:14:47,747 - INFO - Querying folder API: https://www.leier.hu/hu/documents/api/documents/1931
2025-07-01 23:14:48,152 - INFO - HTTP Request: GET https://www.leier.hu/hu/documents/api/documents/1931 "HTTP/1.1 200 OK"
2025-07-01 23:14:48,153 - INFO - Successfully fetched API data from https://www.leier.hu/hu/documents/api/documents/1931
2025-07-01 23:14:48,671 - INFO - Exploring folder: hu/Teljesítménynyilatkozatok/Mély- és vasútépítés, környezettechnika/Durisol zajárnyékoló falrendszer (ID: 2136)
2025-07-01 23:14:48,671 - INFO - Querying folder API: https://www.leier.hu/hu/documents/api/documents/2136
2025-07-01 23:14:49,088 - INFO - HTTP Request: GET https://www.leier.hu/hu/documents/api/documents/2136 "HTTP/1.1 200 OK"
2025-07-01 23:14:49,089 - INFO - Successfully fetched API data from https://www.leier.hu/hu/documents/api/documents/2136
2025-07-01 23:14:49,606 - INFO - Exploring folder: hu/Teljesítménynyilatkozatok/Mély- és vasútépítés, környezettechnika (ID: 1932)
2025-07-01 23:14:49,606 - INFO - Querying folder API: https://www.leier.hu/hu/documents/api/documents/1932
2025-07-01 23:14:50,052 - INFO - HTTP Request: GET https://www.leier.hu/hu/documents/api/documents/1932 "HTTP/1.1 200 OK"
2025-07-01 23:14:50,057 - INFO - Successfully fetched API data from https://www.leier.hu/hu/documents/api/documents/1932
2025-07-01 23:14:50,573 - INFO - Exploring folder: hu/Részletrajzok/Csomópontok/Előregyártott lépcső részletrajzok (ID: 2349)
2025-07-01 23:14:50,573 - INFO - Querying folder API: https://www.leier.hu/hu/documents/api/documents/2349
2025-07-01 23:14:50,959 - INFO - HTTP Request: GET https://www.leier.hu/hu/documents/api/documents/2349 "HTTP/1.1 200 OK"
2025-07-01 23:14:50,959 - INFO - Successfully fetched API data from https://www.leier.hu/hu/documents/api/documents/2349
2025-07-01 23:14:51,468 - INFO - Exploring folder: hu/Teljesítménynyilatkozatok/Magasépítési termékek/Nyílásáthidalók (ID: 1944)
2025-07-01 23:14:51,468 - INFO - Querying folder API: https://www.leier.hu/hu/documents/api/documents/1944
2025-07-01 23:14:51,852 - INFO - HTTP Request: GET https://www.leier.hu/hu/documents/api/documents/1944 "HTTP/1.1 200 OK"
2025-07-01 23:14:51,853 - INFO - Successfully fetched API data from https://www.leier.hu/hu/documents/api/documents/1944
2025-07-01 23:14:52,358 - INFO - Exploring folder: hu/Teljesítménynyilatkozatok/Kőanyaghalmazok (adalékanyagok) betonhoz (ID: 1933)
2025-07-01 23:14:52,358 - INFO - Querying folder API: https://www.leier.hu/hu/documents/api/documents/1933
2025-07-01 23:14:52,736 - INFO - HTTP Request: GET https://www.leier.hu/hu/documents/api/documents/1933 "HTTP/1.1 200 OK"
2025-07-01 23:14:52,737 - INFO - Successfully fetched API data from https://www.leier.hu/hu/documents/api/documents/1933
2025-07-01 23:14:53,255 - INFO - Exploring folder: hu/Teljesítménynyilatkozatok/Magasépítési termékek/Födémrendszerek (ID: 1941)
2025-07-01 23:14:53,255 - INFO - Querying folder API: https://www.leier.hu/hu/documents/api/documents/1941
2025-07-01 23:14:53,674 - INFO - HTTP Request: GET https://www.leier.hu/hu/documents/api/documents/1941 "HTTP/1.1 200 OK"
2025-07-01 23:14:53,674 - INFO - Successfully fetched API data from https://www.leier.hu/hu/documents/api/documents/1941
2025-07-01 23:14:54,192 - INFO - Exploring folder: hu/Teljesítménynyilatkozatok/Mély- és vasútépítés, környezettechnika/Mélyépítés (ID: 2134)
2025-07-01 23:14:54,192 - INFO - Querying folder API: https://www.leier.hu/hu/documents/api/documents/2134
2025-07-01 23:14:54,595 - INFO - HTTP Request: GET https://www.leier.hu/hu/documents/api/documents/2134 "HTTP/1.1 200 OK"
2025-07-01 23:14:54,596 - INFO - Successfully fetched API data from https://www.leier.hu/hu/documents/api/documents/2134
2025-07-01 23:14:55,106 - INFO - Exploring folder: hu/Teljesítménynyilatkozatok/Magasépítési termékek/Előregyártott falak (ID: 1939)
2025-07-01 23:14:55,106 - INFO - Querying folder API: https://www.leier.hu/hu/documents/api/documents/1939
2025-07-01 23:14:55,569 - INFO - HTTP Request: GET https://www.leier.hu/hu/documents/api/documents/1939 "HTTP/1.1 200 OK"
2025-07-01 23:14:55,569 - INFO - Successfully fetched API data from https://www.leier.hu/hu/documents/api/documents/1939
2025-07-01 23:14:56,079 - INFO - Exploring folder: hu/Teljesítménynyilatkozatok/Magasépítési termékek/Beton falazóelemek (ID: 1942)
2025-07-01 23:14:56,079 - INFO - Querying folder API: https://www.leier.hu/hu/documents/api/documents/1942
2025-07-01 23:14:56,698 - INFO - HTTP Request: GET https://www.leier.hu/hu/documents/api/documents/1942 "HTTP/1.1 200 OK"
2025-07-01 23:14:56,702 - INFO - Successfully fetched API data from https://www.leier.hu/hu/documents/api/documents/1942
2025-07-01 23:14:57,222 - INFO - Exploring folder: hu/Részletrajzok/Csomópontok/Kéregelemes födém részletrajzok (ID: 2347)
2025-07-01 23:14:57,222 - INFO - Querying folder API: https://www.leier.hu/hu/documents/api/documents/2347
2025-07-01 23:14:58,002 - INFO - HTTP Request: GET https://www.leier.hu/hu/documents/api/documents/2347 "HTTP/1.1 200 OK"
2025-07-01 23:14:58,009 - INFO - Successfully fetched API data from https://www.leier.hu/hu/documents/api/documents/2347
2025-07-01 23:14:58,524 - INFO - Exploring folder: hu/Termékadatlapok/Kertépítés, díszburkolat/Falazóelemek, kerítéskövek, fedlapok (ID: 2259)
2025-07-01 23:14:58,524 - INFO - Querying folder API: https://www.leier.hu/hu/documents/api/documents/2259
2025-07-01 23:14:58,962 - INFO - HTTP Request: GET https://www.leier.hu/hu/documents/api/documents/2259 "HTTP/1.1 200 OK"
2025-07-01 23:14:58,963 - INFO - Successfully fetched API data from https://www.leier.hu/hu/documents/api/documents/2259
2025-07-01 23:14:59,472 - INFO - Exploring folder: hu/Szerelési útmutatók/Üreges Födémpalló | Hohldiele/Szerelési útmutató | Montageanleitung (ID: 2850)
2025-07-01 23:14:59,472 - INFO - Querying folder API: https://www.leier.hu/hu/documents/api/documents/2850
2025-07-01 23:14:59,873 - INFO - HTTP Request: GET https://www.leier.hu/hu/documents/api/documents/2850 "HTTP/1.1 200 OK"
2025-07-01 23:14:59,873 - INFO - Successfully fetched API data from https://www.leier.hu/hu/documents/api/documents/2850
2025-07-01 23:15:00,380 - INFO - Exploring folder: hu/Teljesítménynyilatkozatok/Mély- és vasútépítés, környezettechnika/Felszíni vízelvezetés (ID: 2137)
2025-07-01 23:15:00,380 - INFO - Querying folder API: https://www.leier.hu/hu/documents/api/documents/2137
2025-07-01 23:15:00,840 - INFO - HTTP Request: GET https://www.leier.hu/hu/documents/api/documents/2137 "HTTP/1.1 200 OK"
2025-07-01 23:15:00,840 - INFO - Successfully fetched API data from https://www.leier.hu/hu/documents/api/documents/2137
2025-07-01 23:15:01,357 - INFO - Exploring folder: hu/Teljesítménynyilatkozatok/Mély- és vasútépítés, környezettechnika/Vasútépítés (ID: 2138)
2025-07-01 23:15:01,357 - INFO - Querying folder API: https://www.leier.hu/hu/documents/api/documents/2138
2025-07-01 23:15:01,779 - INFO - HTTP Request: GET https://www.leier.hu/hu/documents/api/documents/2138 "HTTP/1.1 200 OK"
2025-07-01 23:15:01,779 - INFO - Successfully fetched API data from https://www.leier.hu/hu/documents/api/documents/2138
2025-07-01 23:15:02,281 - INFO - Exploring folder: hu/Termékadatlapok/Magasépítési termékek/Durisol falazóelemek (ID: 2171)
2025-07-01 23:15:02,281 - INFO - Querying folder API: https://www.leier.hu/hu/documents/api/documents/2171
2025-07-01 23:15:02,684 - INFO - HTTP Request: GET https://www.leier.hu/hu/documents/api/documents/2171 "HTTP/1.1 200 OK"
2025-07-01 23:15:02,685 - INFO - Successfully fetched API data from https://www.leier.hu/hu/documents/api/documents/2171
2025-07-01 23:15:03,198 - INFO - Exploring folder: hu/Teljesítménynyilatkozatok/Mély- és vasútépítés, környezettechnika/Környezettechnika (ID: 2135)
2025-07-01 23:15:03,198 - INFO - Querying folder API: https://www.leier.hu/hu/documents/api/documents/2135
2025-07-01 23:15:03,602 - INFO - HTTP Request: GET https://www.leier.hu/hu/documents/api/documents/2135 "HTTP/1.1 200 OK"
2025-07-01 23:15:03,602 - INFO - Successfully fetched API data from https://www.leier.hu/hu/documents/api/documents/2135
2025-07-01 23:15:04,121 - INFO - Exploring folder: hu/Teljesítménynyilatkozatok/Kéményrendszerek (ID: 1929)
2025-07-01 23:15:04,121 - INFO - Querying folder API: https://www.leier.hu/hu/documents/api/documents/1929
2025-07-01 23:15:04,524 - INFO - HTTP Request: GET https://www.leier.hu/hu/documents/api/documents/1929 "HTTP/1.1 200 OK"
2025-07-01 23:15:04,524 - INFO - Successfully fetched API data from https://www.leier.hu/hu/documents/api/documents/1929
2025-07-01 23:15:05,033 - INFO - Exploring folder: hu/Termékadatlapok/Tetőfedő rendszerek (ID: 2165)
2025-07-01 23:15:05,033 - INFO - Querying folder API: https://www.leier.hu/hu/documents/api/documents/2165
2025-07-01 23:15:05,485 - INFO - HTTP Request: GET https://www.leier.hu/hu/documents/api/documents/2165 "HTTP/1.1 200 OK"
2025-07-01 23:15:05,486 - INFO - Successfully fetched API data from https://www.leier.hu/hu/documents/api/documents/2165
2025-07-01 23:15:05,999 - INFO - Exploring folder: hu/Teljesítménynyilatkozatok/Magasépítési termékek (ID: 1928)
2025-07-01 23:15:05,999 - INFO - Querying folder API: https://www.leier.hu/hu/documents/api/documents/1928
2025-07-01 23:15:06,571 - INFO - HTTP Request: GET https://www.leier.hu/hu/documents/api/documents/1928 "HTTP/1.1 200 OK"
2025-07-01 23:15:06,572 - INFO - Successfully fetched API data from https://www.leier.hu/hu/documents/api/documents/1928
2025-07-01 23:15:07,078 - INFO - Exploring folder: hu/Termékadatlapok/Előregyártott termékek/LÜF (ID: 2326)
2025-07-01 23:15:07,078 - INFO - Querying folder API: https://www.leier.hu/hu/documents/api/documents/2326
2025-07-01 23:15:07,441 - INFO - HTTP Request: GET https://www.leier.hu/hu/documents/api/documents/2326 "HTTP/1.1 200 OK"
2025-07-01 23:15:07,442 - INFO - Successfully fetched API data from https://www.leier.hu/hu/documents/api/documents/2326
2025-07-01 23:15:07,956 - INFO - Exploring folder: hu/Szerelési útmutatók/Mesterpanel | Elementdecke (ID: 2819)
2025-07-01 23:15:07,956 - INFO - Querying folder API: https://www.leier.hu/hu/documents/api/documents/2819
2025-07-01 23:15:08,362 - INFO - HTTP Request: GET https://www.leier.hu/hu/documents/api/documents/2819 "HTTP/1.1 200 OK"
2025-07-01 23:15:08,363 - INFO - Successfully fetched API data from https://www.leier.hu/hu/documents/api/documents/2819
2025-07-01 23:15:08,880 - INFO - Exploring folder: hu/Termékadatlapok/Magasépítési termékek (ID: 2162)
2025-07-01 23:15:08,880 - INFO - Querying folder API: https://www.leier.hu/hu/documents/api/documents/2162
2025-07-01 23:15:09,498 - INFO - HTTP Request: GET https://www.leier.hu/hu/documents/api/documents/2162 "HTTP/1.1 200 OK"
2025-07-01 23:15:09,507 - INFO - Successfully fetched API data from https://www.leier.hu/hu/documents/api/documents/2162
2025-07-01 23:15:10,026 - INFO - Exploring folder: hu/Részletrajzok/Csomópontok/Kémény részletrajzok (ID: 2342)
2025-07-01 23:15:10,026 - INFO - Querying folder API: https://www.leier.hu/hu/documents/api/documents/2342
2025-07-01 23:15:10,588 - INFO - HTTP Request: GET https://www.leier.hu/hu/documents/api/documents/2342 "HTTP/1.1 200 OK"
2025-07-01 23:15:10,589 - INFO - Successfully fetched API data from https://www.leier.hu/hu/documents/api/documents/2342
2025-07-01 23:15:11,099 - INFO - Exploring folder: hu/Részletrajzok/Csomópontok/Mélyépítési részletrajzok (ID: 2346)
2025-07-01 23:15:11,099 - INFO - Querying folder API: https://www.leier.hu/hu/documents/api/documents/2346
2025-07-01 23:15:11,587 - INFO - HTTP Request: GET https://www.leier.hu/hu/documents/api/documents/2346 "HTTP/1.1 200 OK"
2025-07-01 23:15:11,592 - INFO - Successfully fetched API data from https://www.leier.hu/hu/documents/api/documents/2346
2025-07-01 23:15:12,105 - INFO - Exploring folder: hu/Részletrajzok/Elemrajzok (DWG, PDF)/Környezettechnika (ID: 2873)
2025-07-01 23:15:12,105 - INFO - Querying folder API: https://www.leier.hu/hu/documents/api/documents/2873
2025-07-01 23:15:13,443 - INFO - HTTP Request: GET https://www.leier.hu/hu/documents/api/documents/2873 "HTTP/1.1 200 OK"
2025-07-01 23:15:13,466 - INFO - Successfully fetched API data from https://www.leier.hu/hu/documents/api/documents/2873
2025-07-01 23:15:14,038 - INFO - Exploring folder: hu/Szerelési útmutatók/Lépcső | Treppe (ID: 2821)
2025-07-01 23:15:14,038 - INFO - Querying folder API: https://www.leier.hu/hu/documents/api/documents/2821
2025-07-01 23:15:14,430 - INFO - HTTP Request: GET https://www.leier.hu/hu/documents/api/documents/2821 "HTTP/1.1 200 OK"
2025-07-01 23:15:14,431 - INFO - Successfully fetched API data from https://www.leier.hu/hu/documents/api/documents/2821
2025-07-01 23:15:14,937 - INFO - Exploring folder: hu/Betoncserepes dokumentumtár: Termékadatlap - Teljesítménynyilatkozat - Beépítési útmutató/Termékadatlapok (ID: 4176)
2025-07-01 23:15:14,937 - INFO - Querying folder API: https://www.leier.hu/hu/documents/api/documents/4176
2025-07-01 23:15:15,390 - INFO - HTTP Request: GET https://www.leier.hu/hu/documents/api/documents/4176 "HTTP/1.1 200 OK"
2025-07-01 23:15:15,391 - INFO - Successfully fetched API data from https://www.leier.hu/hu/documents/api/documents/4176
2025-07-01 23:15:15,894 - INFO - Exploring folder: hu/Termékadatlapok/Kertépítés, díszburkolat/Térkövek (ID: 2256)
2025-07-01 23:15:15,895 - INFO - Querying folder API: https://www.leier.hu/hu/documents/api/documents/2256
2025-07-01 23:15:16,343 - INFO - HTTP Request: GET https://www.leier.hu/hu/documents/api/documents/2256 "HTTP/1.1 200 OK"
2025-07-01 23:15:16,344 - INFO - Successfully fetched API data from https://www.leier.hu/hu/documents/api/documents/2256
2025-07-01 23:15:16,850 - INFO - Exploring folder: hu/Szerelési útmutatók/Mesterpanel | Elementdecke/Teljesítménynilatkozat | Leistungserklärung (ID: 2836)
2025-07-01 23:15:16,851 - INFO - Querying folder API: https://www.leier.hu/hu/documents/api/documents/2836
2025-07-01 23:15:17,407 - INFO - HTTP Request: GET https://www.leier.hu/hu/documents/api/documents/2836 "HTTP/1.1 200 OK"
2025-07-01 23:15:17,407 - INFO - Successfully fetched API data from https://www.leier.hu/hu/documents/api/documents/2836
2025-07-01 23:15:17,910 - INFO - Exploring folder: hu/Részletrajzok/Csomópontok/Leier Durisol zajárnyékoló falak (ID: 2339)
2025-07-01 23:15:17,910 - INFO - Querying folder API: https://www.leier.hu/hu/documents/api/documents/2339
2025-07-01 23:15:18,405 - INFO - HTTP Request: GET https://www.leier.hu/hu/documents/api/documents/2339 "HTTP/1.1 200 OK"
2025-07-01 23:15:18,405 - INFO - Successfully fetched API data from https://www.leier.hu/hu/documents/api/documents/2339
2025-07-01 23:15:18,925 - INFO - Exploring folder: hu/Teljesítménynyilatkozatok/Magasépítési termékek/Előregyártott lépcsők (ID: 1940)
2025-07-01 23:15:18,925 - INFO - Querying folder API: https://www.leier.hu/hu/documents/api/documents/1940
2025-07-01 23:15:19,294 - INFO - HTTP Request: GET https://www.leier.hu/hu/documents/api/documents/1940 "HTTP/1.1 200 OK"
2025-07-01 23:15:19,295 - INFO - Successfully fetched API data from https://www.leier.hu/hu/documents/api/documents/1940
2025-07-01 23:15:19,800 - INFO - Exploring folder: hu/Részletrajzok/Csomópontok/Térburkolat részletrajzok (ID: 2345)
2025-07-01 23:15:19,800 - INFO - Querying folder API: https://www.leier.hu/hu/documents/api/documents/2345
2025-07-01 23:15:20,320 - INFO - HTTP Request: GET https://www.leier.hu/hu/documents/api/documents/2345 "HTTP/1.1 200 OK"
2025-07-01 23:15:20,321 - INFO - Successfully fetched API data from https://www.leier.hu/hu/documents/api/documents/2345
2025-07-01 23:15:20,829 - INFO - Exploring folder: hu/Termékadatlapok/Magasépítési termékek/Beton falazóelemek (ID: 2170)
2025-07-01 23:15:20,829 - INFO - Querying folder API: https://www.leier.hu/hu/documents/api/documents/2170
2025-07-01 23:15:21,229 - INFO - HTTP Request: GET https://www.leier.hu/hu/documents/api/documents/2170 "HTTP/1.1 200 OK"
2025-07-01 23:15:21,230 - INFO - Successfully fetched API data from https://www.leier.hu/hu/documents/api/documents/2170
2025-07-01 23:15:21,738 - INFO - Exploring folder: hu/Betoncserepes dokumentumtár: Termékadatlap - Teljesítménynyilatkozat - Beépítési útmutató/Beépítési útmutató - Alkalmazástechnika (ID: 4182)
2025-07-01 23:15:21,738 - INFO - Querying folder API: https://www.leier.hu/hu/documents/api/documents/4182
2025-07-01 23:15:22,141 - INFO - HTTP Request: GET https://www.leier.hu/hu/documents/api/documents/4182 "HTTP/1.1 200 OK"
2025-07-01 23:15:22,143 - INFO - Successfully fetched API data from https://www.leier.hu/hu/documents/api/documents/4182
2025-07-01 23:15:22,648 - INFO - Exploring folder: hu/Szerelési útmutatók/Lépcső | Treppe/Szerelési útmutató | Montageanleitung (ID: 2860)
2025-07-01 23:15:22,648 - INFO - Querying folder API: https://www.leier.hu/hu/documents/api/documents/2860
2025-07-01 23:15:23,038 - INFO - HTTP Request: GET https://www.leier.hu/hu/documents/api/documents/2860 "HTTP/1.1 200 OK"
2025-07-01 23:15:23,038 - INFO - Successfully fetched API data from https://www.leier.hu/hu/documents/api/documents/2860
2025-07-01 23:15:23,547 - INFO - Exploring folder: hu/Szerelési útmutatók/Mesterpanel | Elementdecke/Szerelési útmutató | Montageanleitung (ID: 2835)
2025-07-01 23:15:23,547 - INFO - Querying folder API: https://www.leier.hu/hu/documents/api/documents/2835
2025-07-01 23:15:23,971 - INFO - HTTP Request: GET https://www.leier.hu/hu/documents/api/documents/2835 "HTTP/1.1 200 OK"
2025-07-01 23:15:23,971 - INFO - Successfully fetched API data from https://www.leier.hu/hu/documents/api/documents/2835
2025-07-01 23:15:24,475 - INFO - Exploring folder: hu/Részletrajzok/Csomópontok/Kéregfal részletrajzok (ID: 2344)
2025-07-01 23:15:24,475 - INFO - Querying folder API: https://www.leier.hu/hu/documents/api/documents/2344
2025-07-01 23:15:24,984 - INFO - HTTP Request: GET https://www.leier.hu/hu/documents/api/documents/2344 "HTTP/1.1 200 OK"
2025-07-01 23:15:24,988 - INFO - Successfully fetched API data from https://www.leier.hu/hu/documents/api/documents/2344
2025-07-01 23:15:25,506 - INFO - Exploring folder: hu/Termékadatlapok/Kéményrendszerek (ID: 2163)
2025-07-01 23:15:25,506 - INFO - Querying folder API: https://www.leier.hu/hu/documents/api/documents/2163
2025-07-01 23:15:25,874 - INFO - HTTP Request: GET https://www.leier.hu/hu/documents/api/documents/2163 "HTTP/1.1 200 OK"
2025-07-01 23:15:25,875 - INFO - Successfully fetched API data from https://www.leier.hu/hu/documents/api/documents/2163
2025-07-01 23:15:26,381 - INFO - Exploring folder: hu/Termékadatlapok/Kertépítés, díszburkolat/Rézsűkövek, kiegészítők, virágtartók (ID: 2258)
2025-07-01 23:15:26,381 - INFO - Querying folder API: https://www.leier.hu/hu/documents/api/documents/2258
2025-07-01 23:15:26,765 - INFO - HTTP Request: GET https://www.leier.hu/hu/documents/api/documents/2258 "HTTP/1.1 200 OK"
2025-07-01 23:15:26,766 - INFO - Successfully fetched API data from https://www.leier.hu/hu/documents/api/documents/2258
2025-07-01 23:15:27,277 - INFO - Exploring folder: hu/Termékadatlapok/Kertépítés, díszburkolat/Kerti lapok (ID: 2257)
2025-07-01 23:15:27,277 - INFO - Querying folder API: https://www.leier.hu/hu/documents/api/documents/2257
2025-07-01 23:15:27,694 - INFO - HTTP Request: GET https://www.leier.hu/hu/documents/api/documents/2257 "HTTP/1.1 200 OK"
2025-07-01 23:15:27,694 - INFO - Successfully fetched API data from https://www.leier.hu/hu/documents/api/documents/2257
2025-07-01 23:15:28,201 - INFO - Exploring folder: hu/Teljesítménynyilatkozatok/Magasépítési termékek/Durisol termékcsalád (ID: 1943)
2025-07-01 23:15:28,201 - INFO - Querying folder API: https://www.leier.hu/hu/documents/api/documents/1943
2025-07-01 23:15:28,599 - INFO - HTTP Request: GET https://www.leier.hu/hu/documents/api/documents/1943 "HTTP/1.1 200 OK"
2025-07-01 23:15:28,600 - INFO - Successfully fetched API data from https://www.leier.hu/hu/documents/api/documents/1943
2025-07-01 23:15:29,104 - INFO - Exploring folder: hu/Részletrajzok/Elemrajzok (DWG, PDF)/Mélyépítés/Vasúti peronelemek (ID: 2883)
2025-07-01 23:15:29,104 - INFO - Querying folder API: https://www.leier.hu/hu/documents/api/documents/2883
2025-07-01 23:15:29,497 - INFO - HTTP Request: GET https://www.leier.hu/hu/documents/api/documents/2883 "HTTP/1.1 200 OK"
2025-07-01 23:15:29,498 - INFO - Successfully fetched API data from https://www.leier.hu/hu/documents/api/documents/2883
2025-07-01 23:15:30,014 - INFO - Exploring folder: hu/Részletrajzok/Csomópontok/Kéregfal részletrajzok/dwg (ID: 2612)
2025-07-01 23:15:30,014 - INFO - Querying folder API: https://www.leier.hu/hu/documents/api/documents/2612
2025-07-01 23:15:30,474 - INFO - HTTP Request: GET https://www.leier.hu/hu/documents/api/documents/2612 "HTTP/1.1 200 OK"
2025-07-01 23:15:30,474 - INFO - Successfully fetched API data from https://www.leier.hu/hu/documents/api/documents/2612
2025-07-01 23:15:30,984 - INFO - Exploring folder: hu/Részletrajzok/Elemrajzok (DWG, PDF)/Mélyépítés/Tisztítóakna elemek/Szintbeállító gyűrűk (ID: 3194)
2025-07-01 23:15:30,984 - INFO - Querying folder API: https://www.leier.hu/hu/documents/api/documents/3194
2025-07-01 23:15:31,374 - INFO - HTTP Request: GET https://www.leier.hu/hu/documents/api/documents/3194 "HTTP/1.1 200 OK"
2025-07-01 23:15:31,375 - INFO - Successfully fetched API data from https://www.leier.hu/hu/documents/api/documents/3194
2025-07-01 23:15:31,888 - INFO - Exploring folder: hu/Teljesítménynyilatkozatok/Magasépítési termékek/Tégla termékek/Devecser - Teljesítménynyilatkozatok (ID: 1946)
2025-07-01 23:15:31,888 - INFO - Querying folder API: https://www.leier.hu/hu/documents/api/documents/1946
2025-07-01 23:15:32,659 - INFO - HTTP Request: GET https://www.leier.hu/hu/documents/api/documents/1946 "HTTP/1.1 200 OK"
2025-07-01 23:15:32,667 - INFO - Successfully fetched API data from https://www.leier.hu/hu/documents/api/documents/1946
2025-07-01 23:15:33,177 - INFO - Exploring folder: hu/Részletrajzok/Csomópontok/Kéregfal részletrajzok/pdf (ID: 2613)
2025-07-01 23:15:33,177 - INFO - Querying folder API: https://www.leier.hu/hu/documents/api/documents/2613
2025-07-01 23:15:33,600 - INFO - HTTP Request: GET https://www.leier.hu/hu/documents/api/documents/2613 "HTTP/1.1 200 OK"
2025-07-01 23:15:33,601 - INFO - Successfully fetched API data from https://www.leier.hu/hu/documents/api/documents/2613
2025-07-01 23:15:34,117 - INFO - Exploring folder: hu/Részletrajzok/Csomópontok/Tető részletrajzok/pln (ID: 2469)
2025-07-01 23:15:34,118 - INFO - Querying folder API: https://www.leier.hu/hu/documents/api/documents/2469
2025-07-01 23:15:34,606 - INFO - HTTP Request: GET https://www.leier.hu/hu/documents/api/documents/2469 "HTTP/1.1 200 OK"
2025-07-01 23:15:34,607 - INFO - Successfully fetched API data from https://www.leier.hu/hu/documents/api/documents/2469
2025-07-01 23:15:35,124 - INFO - Exploring folder: hu/Teljesítménynyilatkozatok/Magasépítési termékek/Tégla termékek/Turcin - Teljesítménynyilatkozatok (ID: 1950)
2025-07-01 23:15:35,124 - INFO - Querying folder API: https://www.leier.hu/hu/documents/api/documents/1950
2025-07-01 23:15:35,504 - INFO - HTTP Request: GET https://www.leier.hu/hu/documents/api/documents/1950 "HTTP/1.1 200 OK"
2025-07-01 23:15:35,504 - INFO - Successfully fetched API data from https://www.leier.hu/hu/documents/api/documents/1950
2025-07-01 23:15:36,016 - INFO - Exploring folder: hu/Részletrajzok/Elemrajzok (DWG, PDF)/Mélyépítés/Betoncsövek (ID: 2877)
2025-07-01 23:15:36,016 - INFO - Querying folder API: https://www.leier.hu/hu/documents/api/documents/2877
2025-07-01 23:15:36,520 - INFO - HTTP Request: GET https://www.leier.hu/hu/documents/api/documents/2877 "HTTP/1.1 200 OK"
2025-07-01 23:15:36,521 - INFO - Successfully fetched API data from https://www.leier.hu/hu/documents/api/documents/2877
2025-07-01 23:15:37,030 - INFO - Exploring folder: hu/Részletrajzok/Csomópontok/Tető részletrajzok/dxf (ID: 2470)
2025-07-01 23:15:37,030 - INFO - Querying folder API: https://www.leier.hu/hu/documents/api/documents/2470
2025-07-01 23:15:37,417 - INFO - HTTP Request: GET https://www.leier.hu/hu/documents/api/documents/2470 "HTTP/1.1 200 OK"
2025-07-01 23:15:37,417 - INFO - Successfully fetched API data from https://www.leier.hu/hu/documents/api/documents/2470
2025-07-01 23:15:37,934 - INFO - Exploring folder: hu/Részletrajzok/Csomópontok/Kéregfal részletrajzok/asc (ID: 2615)
2025-07-01 23:15:37,934 - INFO - Querying folder API: https://www.leier.hu/hu/documents/api/documents/2615
2025-07-01 23:15:38,308 - INFO - HTTP Request: GET https://www.leier.hu/hu/documents/api/documents/2615 "HTTP/1.1 200 OK"
2025-07-01 23:15:38,311 - INFO - Successfully fetched API data from https://www.leier.hu/hu/documents/api/documents/2615
2025-07-01 23:15:38,827 - INFO - Exploring folder: hu/Részletrajzok/Csomópontok/Kémény részletrajzok/pdf (ID: 2525)
2025-07-01 23:15:38,827 - INFO - Querying folder API: https://www.leier.hu/hu/documents/api/documents/2525
2025-07-01 23:15:39,298 - INFO - HTTP Request: GET https://www.leier.hu/hu/documents/api/documents/2525 "HTTP/1.1 200 OK"
2025-07-01 23:15:39,299 - INFO - Successfully fetched API data from https://www.leier.hu/hu/documents/api/documents/2525
2025-07-01 23:15:39,817 - INFO - Exploring folder: hu/Részletrajzok/Elemrajzok (DWG, PDF)/Mélyépítés/Árokburkoló- és árokelemek (ID: 2875)
2025-07-01 23:15:39,817 - INFO - Querying folder API: https://www.leier.hu/hu/documents/api/documents/2875
2025-07-01 23:15:40,332 - INFO - HTTP Request: GET https://www.leier.hu/hu/documents/api/documents/2875 "HTTP/1.1 200 OK"
2025-07-01 23:15:40,339 - INFO - Successfully fetched API data from https://www.leier.hu/hu/documents/api/documents/2875
2025-07-01 23:15:40,846 - INFO - Exploring folder: hu/Részletrajzok/Csomópontok/Födém részletrajzok/pln (ID: 2564)
2025-07-01 23:15:40,846 - INFO - Querying folder API: https://www.leier.hu/hu/documents/api/documents/2564
2025-07-01 23:15:41,231 - INFO - HTTP Request: GET https://www.leier.hu/hu/documents/api/documents/2564 "HTTP/1.1 200 OK"
2025-07-01 23:15:41,231 - INFO - Successfully fetched API data from https://www.leier.hu/hu/documents/api/documents/2564
2025-07-01 23:15:41,737 - INFO - Exploring folder: hu/Részletrajzok/Csomópontok/Kéregelemes födém részletrajzok/pln (ID: 2718)
2025-07-01 23:15:41,738 - INFO - Querying folder API: https://www.leier.hu/hu/documents/api/documents/2718
2025-07-01 23:15:42,133 - INFO - HTTP Request: GET https://www.leier.hu/hu/documents/api/documents/2718 "HTTP/1.1 200 OK"
2025-07-01 23:15:42,134 - INFO - Successfully fetched API data from https://www.leier.hu/hu/documents/api/documents/2718
2025-07-01 23:15:42,644 - INFO - Exploring folder: hu/Részletrajzok/Csomópontok/Kémény részletrajzok/dwg (ID: 2524)
2025-07-01 23:15:42,644 - INFO - Querying folder API: https://www.leier.hu/hu/documents/api/documents/2524
2025-07-01 23:15:43,042 - INFO - HTTP Request: GET https://www.leier.hu/hu/documents/api/documents/2524 "HTTP/1.1 200 OK"
2025-07-01 23:15:43,043 - INFO - Successfully fetched API data from https://www.leier.hu/hu/documents/api/documents/2524
2025-07-01 23:15:43,549 - INFO - Exploring folder: hu/Részletrajzok/Csomópontok/Leier Durisol zajárnyékoló falak/DWG (ID: 2430)
2025-07-01 23:15:43,549 - INFO - Querying folder API: https://www.leier.hu/hu/documents/api/documents/2430
2025-07-01 23:15:44,022 - INFO - HTTP Request: GET https://www.leier.hu/hu/documents/api/documents/2430 "HTTP/1.1 200 OK"
2025-07-01 23:15:44,023 - INFO - Successfully fetched API data from https://www.leier.hu/hu/documents/api/documents/2430
2025-07-01 23:15:44,541 - INFO - Exploring folder: hu/Részletrajzok/Csomópontok/Kémény részletrajzok/pln (ID: 2526)
2025-07-01 23:15:44,541 - INFO - Querying folder API: https://www.leier.hu/hu/documents/api/documents/2526
2025-07-01 23:15:44,946 - INFO - HTTP Request: GET https://www.leier.hu/hu/documents/api/documents/2526 "HTTP/1.1 200 OK"
2025-07-01 23:15:44,947 - INFO - Successfully fetched API data from https://www.leier.hu/hu/documents/api/documents/2526
2025-07-01 23:15:45,454 - INFO - Exploring folder: hu/Szerelési útmutatók/Mesterpanel | Elementdecke/Szerelési útmutató | Montageanleitung/HU (ID: 2838)
2025-07-01 23:15:45,454 - INFO - Querying folder API: https://www.leier.hu/hu/documents/api/documents/2838
2025-07-01 23:15:45,823 - INFO - HTTP Request: GET https://www.leier.hu/hu/documents/api/documents/2838 "HTTP/1.1 200 OK"
2025-07-01 23:15:45,823 - INFO - Successfully fetched API data from https://www.leier.hu/hu/documents/api/documents/2838
2025-07-01 23:15:46,341 - INFO - Exploring folder: hu/Teljesítménynyilatkozatok/Magasépítési termékek/Tégla termékek/Devecser - Teljesítménynyilatkozatok/Leiertherm (ID: 1975)
2025-07-01 23:15:46,341 - INFO - Querying folder API: https://www.leier.hu/hu/documents/api/documents/1975
2025-07-01 23:15:46,951 - INFO - HTTP Request: GET https://www.leier.hu/hu/documents/api/documents/1975 "HTTP/1.1 200 OK"
2025-07-01 23:15:46,952 - INFO - Successfully fetched API data from https://www.leier.hu/hu/documents/api/documents/1975
2025-07-01 23:15:47,468 - INFO - Exploring folder: hu/Szerelési útmutatók/Lépcső | Treppe/Teljesítménynyilatkozat | Leistungserklärung/HU (ID: 2867)
2025-07-01 23:15:47,468 - INFO - Querying folder API: https://www.leier.hu/hu/documents/api/documents/2867
2025-07-01 23:15:47,845 - INFO - HTTP Request: GET https://www.leier.hu/hu/documents/api/documents/2867 "HTTP/1.1 200 OK"
2025-07-01 23:15:47,847 - INFO - Successfully fetched API data from https://www.leier.hu/hu/documents/api/documents/2867
2025-07-01 23:15:48,356 - INFO - Exploring folder: hu/Részletrajzok/Elemrajzok (DWG, PDF)/Mélyépítés/Tisztítóakna elemek/Akna fenékelemek (ID: 3191)
2025-07-01 23:15:48,357 - INFO - Querying folder API: https://www.leier.hu/hu/documents/api/documents/3191
2025-07-01 23:15:48,905 - INFO - HTTP Request: GET https://www.leier.hu/hu/documents/api/documents/3191 "HTTP/1.1 200 OK"
2025-07-01 23:15:48,907 - INFO - Successfully fetched API data from https://www.leier.hu/hu/documents/api/documents/3191
2025-07-01 23:15:49,418 - INFO - Exploring folder: hu/Részletrajzok/Elemrajzok (DWG, PDF)/Mélyépítés/Tisztítóakna elemek (ID: 2882)
2025-07-01 23:15:49,419 - INFO - Querying folder API: https://www.leier.hu/hu/documents/api/documents/2882
2025-07-01 23:15:50,188 - INFO - HTTP Request: GET https://www.leier.hu/hu/documents/api/documents/2882 "HTTP/1.1 200 OK"
2025-07-01 23:15:50,205 - INFO - Successfully fetched API data from https://www.leier.hu/hu/documents/api/documents/2882
2025-07-01 23:15:50,730 - INFO - Exploring folder: hu/Részletrajzok/Elemrajzok (DWG, PDF)/Mélyépítés/Keretelemek (ID: 2881)
2025-07-01 23:15:50,730 - INFO - Querying folder API: https://www.leier.hu/hu/documents/api/documents/2881
2025-07-01 23:15:51,227 - INFO - HTTP Request: GET https://www.leier.hu/hu/documents/api/documents/2881 "HTTP/1.1 200 OK"
2025-07-01 23:15:51,231 - INFO - Successfully fetched API data from https://www.leier.hu/hu/documents/api/documents/2881
2025-07-01 23:15:51,745 - INFO - Exploring folder: hu/Részletrajzok/Elemrajzok (DWG, PDF)/Környezettechnika/Olajelválasztók PDF (ID: 3310)
2025-07-01 23:15:51,745 - INFO - Querying folder API: https://www.leier.hu/hu/documents/api/documents/3310
2025-07-01 23:15:52,382 - INFO - HTTP Request: GET https://www.leier.hu/hu/documents/api/documents/3310 "HTTP/1.1 200 OK"
2025-07-01 23:15:52,402 - INFO - Successfully fetched API data from https://www.leier.hu/hu/documents/api/documents/3310
2025-07-01 23:15:52,922 - INFO - Exploring folder: hu/Szerelési útmutatók/Üreges Födémpalló | Hohldiele/Szerelési útmutató | Montageanleitung/HU (ID: 2853)
2025-07-01 23:15:52,922 - INFO - Querying folder API: https://www.leier.hu/hu/documents/api/documents/2853
2025-07-01 23:15:53,302 - INFO - HTTP Request: GET https://www.leier.hu/hu/documents/api/documents/2853 "HTTP/1.1 200 OK"
2025-07-01 23:15:53,303 - INFO - Successfully fetched API data from https://www.leier.hu/hu/documents/api/documents/2853
2025-07-01 23:15:53,812 - INFO - Exploring folder: hu/Részletrajzok/Elemrajzok (DWG, PDF)/Mélyépítés/Átemelőakna elemek (ID: 2876)
2025-07-01 23:15:53,812 - INFO - Querying folder API: https://www.leier.hu/hu/documents/api/documents/2876
2025-07-01 23:15:54,335 - INFO - HTTP Request: GET https://www.leier.hu/hu/documents/api/documents/2876 "HTTP/1.1 200 OK"
2025-07-01 23:15:54,345 - INFO - Successfully fetched API data from https://www.leier.hu/hu/documents/api/documents/2876
2025-07-01 23:15:54,861 - INFO - Exploring folder: hu/Szerelési útmutatók/Lépcső | Treppe/Teljesítménynyilatkozat | Leistungserklärung/DE (ID: 2866)
2025-07-01 23:15:54,861 - INFO - Querying folder API: https://www.leier.hu/hu/documents/api/documents/2866
2025-07-01 23:15:55,248 - INFO - HTTP Request: GET https://www.leier.hu/hu/documents/api/documents/2866 "HTTP/1.1 200 OK"
2025-07-01 23:15:55,250 - INFO - Successfully fetched API data from https://www.leier.hu/hu/documents/api/documents/2866
2025-07-01 23:15:55,755 - INFO - Exploring folder: hu/Részletrajzok/Csomópontok/Térburkolat részletrajzok/pdf (ID: 2644)
2025-07-01 23:15:55,755 - INFO - Querying folder API: https://www.leier.hu/hu/documents/api/documents/2644
2025-07-01 23:15:56,143 - INFO - HTTP Request: GET https://www.leier.hu/hu/documents/api/documents/2644 "HTTP/1.1 200 OK"
2025-07-01 23:15:56,144 - INFO - Successfully fetched API data from https://www.leier.hu/hu/documents/api/documents/2644
2025-07-01 23:15:56,660 - INFO - Exploring folder: hu/Részletrajzok/Csomópontok/Tető részletrajzok/pdf (ID: 2467)
2025-07-01 23:15:56,661 - INFO - Querying folder API: https://www.leier.hu/hu/documents/api/documents/2467
2025-07-01 23:15:57,119 - INFO - HTTP Request: GET https://www.leier.hu/hu/documents/api/documents/2467 "HTTP/1.1 200 OK"
2025-07-01 23:15:57,120 - INFO - Successfully fetched API data from https://www.leier.hu/hu/documents/api/documents/2467
2025-07-01 23:15:57,625 - INFO - Exploring folder: hu/Részletrajzok/Csomópontok/Mélyépítési részletrajzok/pdf (ID: 2688)
2025-07-01 23:15:57,625 - INFO - Querying folder API: https://www.leier.hu/hu/documents/api/documents/2688
2025-07-01 23:15:58,046 - INFO - HTTP Request: GET https://www.leier.hu/hu/documents/api/documents/2688 "HTTP/1.1 200 OK"
2025-07-01 23:15:58,047 - INFO - Successfully fetched API data from https://www.leier.hu/hu/documents/api/documents/2688
2025-07-01 23:15:58,558 - INFO - Exploring folder: hu/Részletrajzok/Csomópontok/Kémény részletrajzok/asc (ID: 2527)
2025-07-01 23:15:58,558 - INFO - Querying folder API: https://www.leier.hu/hu/documents/api/documents/2527
2025-07-01 23:15:58,930 - INFO - HTTP Request: GET https://www.leier.hu/hu/documents/api/documents/2527 "HTTP/1.1 200 OK"
2025-07-01 23:15:58,931 - INFO - Successfully fetched API data from https://www.leier.hu/hu/documents/api/documents/2527
2025-07-01 23:15:59,438 - INFO - Exploring folder: hu/Részletrajzok/Elemrajzok (DWG, PDF)/Mélyépítés/Kábelcsatorna (ID: 2880)
2025-07-01 23:15:59,438 - INFO - Querying folder API: https://www.leier.hu/hu/documents/api/documents/2880
2025-07-01 23:15:59,962 - INFO - HTTP Request: GET https://www.leier.hu/hu/documents/api/documents/2880 "HTTP/1.1 200 OK"
2025-07-01 23:15:59,971 - INFO - Successfully fetched API data from https://www.leier.hu/hu/documents/api/documents/2880
2025-07-01 23:16:00,486 - INFO - Exploring folder: hu/Részletrajzok/Elemrajzok (DWG, PDF)/Mélyépítés/Tisztítóakna elemek/Aknagyűrűk (ID: 3192)
2025-07-01 23:16:00,486 - INFO - Querying folder API: https://www.leier.hu/hu/documents/api/documents/3192
2025-07-01 23:16:00,942 - INFO - HTTP Request: GET https://www.leier.hu/hu/documents/api/documents/3192 "HTTP/1.1 200 OK"
2025-07-01 23:16:00,943 - INFO - Successfully fetched API data from https://www.leier.hu/hu/documents/api/documents/3192
2025-07-01 23:16:01,461 - INFO - Exploring folder: hu/Részletrajzok/Csomópontok/Mélyépítési részletrajzok/dwg (ID: 2687)
2025-07-01 23:16:01,461 - INFO - Querying folder API: https://www.leier.hu/hu/documents/api/documents/2687
2025-07-01 23:16:01,880 - INFO - HTTP Request: GET https://www.leier.hu/hu/documents/api/documents/2687 "HTTP/1.1 200 OK"
2025-07-01 23:16:01,881 - INFO - Successfully fetched API data from https://www.leier.hu/hu/documents/api/documents/2687
2025-07-01 23:16:02,402 - INFO - Exploring folder: hu/Részletrajzok/Csomópontok/Kéregelemes födém részletrajzok/dwg (ID: 2716)
2025-07-01 23:16:02,402 - INFO - Querying folder API: https://www.leier.hu/hu/documents/api/documents/2716
2025-07-01 23:16:02,859 - INFO - HTTP Request: GET https://www.leier.hu/hu/documents/api/documents/2716 "HTTP/1.1 200 OK"
2025-07-01 23:16:02,859 - INFO - Successfully fetched API data from https://www.leier.hu/hu/documents/api/documents/2716
2025-07-01 23:16:03,377 - INFO - Exploring folder: hu/Részletrajzok/Elemrajzok (DWG, PDF)/Mélyépítés/Előfej támfalelemek (ID: 2879)
2025-07-01 23:16:03,377 - INFO - Querying folder API: https://www.leier.hu/hu/documents/api/documents/2879
2025-07-01 23:16:04,207 - INFO - HTTP Request: GET https://www.leier.hu/hu/documents/api/documents/2879 "HTTP/1.1 200 OK"
2025-07-01 23:16:04,217 - INFO - Successfully fetched API data from https://www.leier.hu/hu/documents/api/documents/2879
2025-07-01 23:16:04,735 - INFO - Exploring folder: hu/Részletrajzok/Csomópontok/Fal részletrajzok/dwg (ID: 2351)
2025-07-01 23:16:04,735 - INFO - Querying folder API: https://www.leier.hu/hu/documents/api/documents/2351
2025-07-01 23:16:05,192 - INFO - HTTP Request: GET https://www.leier.hu/hu/documents/api/documents/2351 "HTTP/1.1 200 OK"
2025-07-01 23:16:05,193 - INFO - Successfully fetched API data from https://www.leier.hu/hu/documents/api/documents/2351
2025-07-01 23:16:05,701 - INFO - Exploring folder: hu/Szerelési útmutatók/Előregyártott Falak | Wandelemente/Szerelési útmutató | Montageanleitung/HU (ID: 2825)
2025-07-01 23:16:05,701 - INFO - Querying folder API: https://www.leier.hu/hu/documents/api/documents/2825
2025-07-01 23:16:06,085 - INFO - HTTP Request: GET https://www.leier.hu/hu/documents/api/documents/2825 "HTTP/1.1 200 OK"
2025-07-01 23:16:06,086 - INFO - Successfully fetched API data from https://www.leier.hu/hu/documents/api/documents/2825
2025-07-01 23:16:06,603 - INFO - Exploring folder: hu/Részletrajzok/Elemrajzok (DWG, PDF)/Környezettechnika/Zsírleválasztók DWG (ID: 3311)
2025-07-01 23:16:06,603 - INFO - Querying folder API: https://www.leier.hu/hu/documents/api/documents/3311
2025-07-01 23:16:07,117 - INFO - HTTP Request: GET https://www.leier.hu/hu/documents/api/documents/3311 "HTTP/1.1 200 OK"
2025-07-01 23:16:07,118 - INFO - Successfully fetched API data from https://www.leier.hu/hu/documents/api/documents/3311
2025-07-01 23:16:07,637 - INFO - Exploring folder: hu/Részletrajzok/Csomópontok/Előregyártott lépcső részletrajzok/dwg (ID: 2777)
2025-07-01 23:16:07,637 - INFO - Querying folder API: https://www.leier.hu/hu/documents/api/documents/2777
2025-07-01 23:16:08,088 - INFO - HTTP Request: GET https://www.leier.hu/hu/documents/api/documents/2777 "HTTP/1.1 200 OK"
2025-07-01 23:16:08,089 - INFO - Successfully fetched API data from https://www.leier.hu/hu/documents/api/documents/2777
2025-07-01 23:16:08,603 - INFO - Exploring folder: hu/Részletrajzok/Csomópontok/Kéregfal részletrajzok/pln (ID: 2614)
2025-07-01 23:16:08,603 - INFO - Querying folder API: https://www.leier.hu/hu/documents/api/documents/2614
2025-07-01 23:16:08,980 - INFO - HTTP Request: GET https://www.leier.hu/hu/documents/api/documents/2614 "HTTP/1.1 200 OK"
2025-07-01 23:16:08,981 - INFO - Successfully fetched API data from https://www.leier.hu/hu/documents/api/documents/2614
2025-07-01 23:16:09,494 - INFO - Exploring folder: hu/Részletrajzok/Csomópontok/Kéregelemes födém részletrajzok/asc (ID: 2719)
2025-07-01 23:16:09,494 - INFO - Querying folder API: https://www.leier.hu/hu/documents/api/documents/2719
2025-07-01 23:16:09,925 - INFO - HTTP Request: GET https://www.leier.hu/hu/documents/api/documents/2719 "HTTP/1.1 200 OK"
2025-07-01 23:16:09,926 - INFO - Successfully fetched API data from https://www.leier.hu/hu/documents/api/documents/2719
2025-07-01 23:16:10,437 - INFO - Exploring folder: hu/Részletrajzok/Csomópontok/Mélyépítési részletrajzok/asc (ID: 2690)
2025-07-01 23:16:10,437 - INFO - Querying folder API: https://www.leier.hu/hu/documents/api/documents/2690
2025-07-01 23:16:10,835 - INFO - HTTP Request: GET https://www.leier.hu/hu/documents/api/documents/2690 "HTTP/1.1 200 OK"
2025-07-01 23:16:10,836 - INFO - Successfully fetched API data from https://www.leier.hu/hu/documents/api/documents/2690
2025-07-01 23:16:11,346 - INFO - Exploring folder: hu/Részletrajzok/Csomópontok/Kéregelemes födém részletrajzok/dxf (ID: 2720)
2025-07-01 23:16:11,346 - INFO - Querying folder API: https://www.leier.hu/hu/documents/api/documents/2720
2025-07-01 23:16:11,767 - INFO - HTTP Request: GET https://www.leier.hu/hu/documents/api/documents/2720 "HTTP/1.1 200 OK"
2025-07-01 23:16:11,768 - INFO - Successfully fetched API data from https://www.leier.hu/hu/documents/api/documents/2720
2025-07-01 23:16:12,286 - INFO - Exploring folder: hu/Részletrajzok/Csomópontok/Fal részletrajzok/pdf (ID: 2352)
2025-07-01 23:16:12,286 - INFO - Querying folder API: https://www.leier.hu/hu/documents/api/documents/2352
2025-07-01 23:16:12,736 - INFO - HTTP Request: GET https://www.leier.hu/hu/documents/api/documents/2352 "HTTP/1.1 200 OK"
2025-07-01 23:16:12,736 - INFO - Successfully fetched API data from https://www.leier.hu/hu/documents/api/documents/2352
2025-07-01 23:16:13,243 - INFO - Exploring folder: hu/Részletrajzok/Csomópontok/Tető részletrajzok/asc (ID: 2468)
2025-07-01 23:16:13,243 - INFO - Querying folder API: https://www.leier.hu/hu/documents/api/documents/2468
2025-07-01 23:16:13,652 - INFO - HTTP Request: GET https://www.leier.hu/hu/documents/api/documents/2468 "HTTP/1.1 200 OK"
2025-07-01 23:16:13,652 - INFO - Successfully fetched API data from https://www.leier.hu/hu/documents/api/documents/2468
2025-07-01 23:16:14,167 - INFO - Exploring folder: hu/Részletrajzok/Elemrajzok (DWG, PDF)/Mélyépítés/Betontartályok (ID: 2878)
2025-07-01 23:16:14,167 - INFO - Querying folder API: https://www.leier.hu/hu/documents/api/documents/2878
2025-07-01 23:16:14,603 - INFO - HTTP Request: GET https://www.leier.hu/hu/documents/api/documents/2878 "HTTP/1.1 200 OK"
2025-07-01 23:16:14,603 - INFO - Successfully fetched API data from https://www.leier.hu/hu/documents/api/documents/2878
2025-07-01 23:16:15,119 - INFO - Exploring folder: hu/Szerelési útmutatók/Üreges Födémpalló | Hohldiele/Teljesítménynyilatkozat | Leistungserklärung/DE (ID: 2856)
2025-07-01 23:16:15,119 - INFO - Querying folder API: https://www.leier.hu/hu/documents/api/documents/2856
2025-07-01 23:16:15,534 - INFO - HTTP Request: GET https://www.leier.hu/hu/documents/api/documents/2856 "HTTP/1.1 200 OK"
2025-07-01 23:16:15,535 - INFO - Successfully fetched API data from https://www.leier.hu/hu/documents/api/documents/2856
2025-07-01 23:16:16,053 - INFO - Exploring folder: hu/Részletrajzok/Elemrajzok (DWG, PDF)/Mélyépítés/Tisztítóakna elemek/Aknaszűkítő elemek (ID: 3193)
2025-07-01 23:16:16,053 - INFO - Querying folder API: https://www.leier.hu/hu/documents/api/documents/3193
2025-07-01 23:16:16,470 - INFO - HTTP Request: GET https://www.leier.hu/hu/documents/api/documents/3193 "HTTP/1.1 200 OK"
2025-07-01 23:16:16,471 - INFO - Successfully fetched API data from https://www.leier.hu/hu/documents/api/documents/3193
2025-07-01 23:16:16,977 - INFO - Exploring folder: hu/Részletrajzok/Elemrajzok (DWG, PDF)/Mélyépítés/Tisztítóakna elemek/150x150-es akna (ID: 3197)
2025-07-01 23:16:16,977 - INFO - Querying folder API: https://www.leier.hu/hu/documents/api/documents/3197
2025-07-01 23:16:17,338 - INFO - HTTP Request: GET https://www.leier.hu/hu/documents/api/documents/3197 "HTTP/1.1 200 OK"
2025-07-01 23:16:17,338 - INFO - Successfully fetched API data from https://www.leier.hu/hu/documents/api/documents/3197
2025-07-01 23:16:17,847 - INFO - Exploring folder: hu/Teljesítménynyilatkozatok/Magasépítési termékek/Tégla termékek/Devecser - CE-tanúsítványok (ID: 1945)
2025-07-01 23:16:17,847 - INFO - Querying folder API: https://www.leier.hu/hu/documents/api/documents/1945
2025-07-01 23:16:18,355 - INFO - HTTP Request: GET https://www.leier.hu/hu/documents/api/documents/1945 "HTTP/1.1 200 OK"
2025-07-01 23:16:18,356 - INFO - Successfully fetched API data from https://www.leier.hu/hu/documents/api/documents/1945
2025-07-01 23:16:18,863 - INFO - Exploring folder: hu/Részletrajzok/Elemrajzok (DWG, PDF)/Környezettechnika/Zsírleválasztók PDF (ID: 3312)
2025-07-01 23:16:18,863 - INFO - Querying folder API: https://www.leier.hu/hu/documents/api/documents/3312
2025-07-01 23:16:19,249 - INFO - HTTP Request: GET https://www.leier.hu/hu/documents/api/documents/3312 "HTTP/1.1 200 OK"
2025-07-01 23:16:19,249 - INFO - Successfully fetched API data from https://www.leier.hu/hu/documents/api/documents/3312
2025-07-01 23:16:19,763 - INFO - Exploring folder: hu/Részletrajzok/Elemrajzok (DWG, PDF)/Környezettechnika/Olajelválasztók DWG (ID: 3309)
2025-07-01 23:16:19,763 - INFO - Querying folder API: https://www.leier.hu/hu/documents/api/documents/3309
2025-07-01 23:16:20,435 - INFO - HTTP Request: GET https://www.leier.hu/hu/documents/api/documents/3309 "HTTP/1.1 200 OK"
2025-07-01 23:16:20,449 - INFO - Successfully fetched API data from https://www.leier.hu/hu/documents/api/documents/3309
2025-07-01 23:16:20,964 - INFO - Exploring folder: hu/Részletrajzok/Csomópontok/Fal részletrajzok/pln (ID: 2353)
2025-07-01 23:16:20,964 - INFO - Querying folder API: https://www.leier.hu/hu/documents/api/documents/2353
2025-07-01 23:16:21,517 - INFO - HTTP Request: GET https://www.leier.hu/hu/documents/api/documents/2353 "HTTP/1.1 200 OK"
2025-07-01 23:16:21,518 - INFO - Successfully fetched API data from https://www.leier.hu/hu/documents/api/documents/2353
2025-07-01 23:16:22,031 - INFO - Exploring folder: hu/Részletrajzok/Elemrajzok (DWG, PDF)/Mélyépítés/Vízelnyelőakna elemek (ID: 2884)
2025-07-01 23:16:22,032 - INFO - Querying folder API: https://www.leier.hu/hu/documents/api/documents/2884
2025-07-01 23:16:22,724 - INFO - HTTP Request: GET https://www.leier.hu/hu/documents/api/documents/2884 "HTTP/1.1 200 OK"
2025-07-01 23:16:22,724 - INFO - Successfully fetched API data from https://www.leier.hu/hu/documents/api/documents/2884
2025-07-01 23:16:23,240 - INFO - Exploring folder: hu/Szerelési útmutatók/Előregyártott Falak | Wandelemente/Teljesítménynyilatkozat | Leistungerklarung/HU (ID: 2829)
2025-07-01 23:16:23,240 - INFO - Querying folder API: https://www.leier.hu/hu/documents/api/documents/2829
2025-07-01 23:16:23,593 - INFO - HTTP Request: GET https://www.leier.hu/hu/documents/api/documents/2829 "HTTP/1.1 200 OK"
2025-07-01 23:16:23,594 - INFO - Successfully fetched API data from https://www.leier.hu/hu/documents/api/documents/2829
2025-07-01 23:16:24,106 - INFO - Exploring folder: hu/Részletrajzok/Csomópontok/Födém részletrajzok/asc (ID: 2565)
2025-07-01 23:16:24,106 - INFO - Querying folder API: https://www.leier.hu/hu/documents/api/documents/2565
2025-07-01 23:16:24,565 - INFO - HTTP Request: GET https://www.leier.hu/hu/documents/api/documents/2565 "HTTP/1.1 200 OK"
2025-07-01 23:16:24,566 - INFO - Successfully fetched API data from https://www.leier.hu/hu/documents/api/documents/2565
2025-07-01 23:16:25,078 - INFO - Exploring folder: hu/Teljesítménynyilatkozatok/Magasépítési termékek/Tégla termékek/Devecser - CE-tanúsítványok/Leiertherm (ID: 1952)
2025-07-01 23:16:25,078 - INFO - Querying folder API: https://www.leier.hu/hu/documents/api/documents/1952
2025-07-01 23:16:25,755 - INFO - HTTP Request: GET https://www.leier.hu/hu/documents/api/documents/1952 "HTTP/1.1 200 OK"
2025-07-01 23:16:25,756 - INFO - Successfully fetched API data from https://www.leier.hu/hu/documents/api/documents/1952
2025-07-01 23:16:26,266 - INFO - Exploring folder: hu/Részletrajzok/Elemrajzok (DWG, PDF)/Környezettechnika/Iszapfogók DWG (ID: 3307)
2025-07-01 23:16:26,266 - INFO - Querying folder API: https://www.leier.hu/hu/documents/api/documents/3307
2025-07-01 23:16:27,022 - INFO - HTTP Request: GET https://www.leier.hu/hu/documents/api/documents/3307 "HTTP/1.1 200 OK"
2025-07-01 23:16:27,023 - INFO - Successfully fetched API data from https://www.leier.hu/hu/documents/api/documents/3307
2025-07-01 23:16:27,533 - INFO - Exploring folder: hu/Részletrajzok/Elemrajzok (DWG, PDF)/Mélyépítés/Tisztítóakna elemek/Csatlakozó elemek (ID: 3196)
2025-07-01 23:16:27,533 - INFO - Querying folder API: https://www.leier.hu/hu/documents/api/documents/3196
2025-07-01 23:16:27,898 - INFO - HTTP Request: GET https://www.leier.hu/hu/documents/api/documents/3196 "HTTP/1.1 200 OK"
2025-07-01 23:16:27,898 - INFO - Successfully fetched API data from https://www.leier.hu/hu/documents/api/documents/3196
2025-07-01 23:16:28,403 - INFO - Exploring folder: hu/Részletrajzok/Csomópontok/Födém részletrajzok/dwg (ID: 2562)
2025-07-01 23:16:28,403 - INFO - Querying folder API: https://www.leier.hu/hu/documents/api/documents/2562
2025-07-01 23:16:28,807 - INFO - HTTP Request: GET https://www.leier.hu/hu/documents/api/documents/2562 "HTTP/1.1 200 OK"
2025-07-01 23:16:28,807 - INFO - Successfully fetched API data from https://www.leier.hu/hu/documents/api/documents/2562
2025-07-01 23:16:29,312 - INFO - Exploring folder: hu/Szerelési útmutatók/Mesterpanel | Elementdecke/Szerelési útmutató | Montageanleitung/DE (ID: 2837)
2025-07-01 23:16:29,312 - INFO - Querying folder API: https://www.leier.hu/hu/documents/api/documents/2837
2025-07-01 23:16:29,941 - INFO - HTTP Request: GET https://www.leier.hu/hu/documents/api/documents/2837 "HTTP/1.1 200 OK"
2025-07-01 23:16:29,942 - INFO - Successfully fetched API data from https://www.leier.hu/hu/documents/api/documents/2837
2025-07-01 23:16:30,446 - INFO - Exploring folder: hu/Szerelési útmutatók/Mesterpanel | Elementdecke/Teljesítménynilatkozat | Leistungserklärung/HU (ID: 2842)
2025-07-01 23:16:30,446 - INFO - Querying folder API: https://www.leier.hu/hu/documents/api/documents/2842
2025-07-01 23:16:30,862 - INFO - HTTP Request: GET https://www.leier.hu/hu/documents/api/documents/2842 "HTTP/1.1 200 OK"
2025-07-01 23:16:30,862 - INFO - Successfully fetched API data from https://www.leier.hu/hu/documents/api/documents/2842
2025-07-01 23:16:31,374 - INFO - Exploring folder: hu/Részletrajzok/Csomópontok/Térburkolat részletrajzok/asc (ID: 2646)
2025-07-01 23:16:31,374 - INFO - Querying folder API: https://www.leier.hu/hu/documents/api/documents/2646
2025-07-01 23:16:31,830 - INFO - HTTP Request: GET https://www.leier.hu/hu/documents/api/documents/2646 "HTTP/1.1 200 OK"
2025-07-01 23:16:31,831 - INFO - Successfully fetched API data from https://www.leier.hu/hu/documents/api/documents/2646
2025-07-01 23:16:32,335 - INFO - Exploring folder: hu/Részletrajzok/Csomópontok/Kéregelemes födém részletrajzok/pdf (ID: 2717)
2025-07-01 23:16:32,335 - INFO - Querying folder API: https://www.leier.hu/hu/documents/api/documents/2717
2025-07-01 23:16:33,350 - INFO - HTTP Request: GET https://www.leier.hu/hu/documents/api/documents/2717 "HTTP/1.1 200 OK"
2025-07-01 23:16:33,351 - INFO - Successfully fetched API data from https://www.leier.hu/hu/documents/api/documents/2717
2025-07-01 23:16:33,855 - INFO - Exploring folder: hu/Szerelési útmutatók/Üreges Födémpalló | Hohldiele/Teljesítménynyilatkozat | Leistungserklärung/HU (ID: 2857)
2025-07-01 23:16:33,855 - INFO - Querying folder API: https://www.leier.hu/hu/documents/api/documents/2857
2025-07-01 23:16:34,218 - INFO - HTTP Request: GET https://www.leier.hu/hu/documents/api/documents/2857 "HTTP/1.1 200 OK"
2025-07-01 23:16:34,218 - INFO - Successfully fetched API data from https://www.leier.hu/hu/documents/api/documents/2857
2025-07-01 23:16:34,736 - INFO - Exploring folder: hu/Részletrajzok/Elemrajzok (DWG, PDF)/Környezettechnika/Iszapfogók PDF (ID: 3308)
2025-07-01 23:16:34,736 - INFO - Querying folder API: https://www.leier.hu/hu/documents/api/documents/3308
2025-07-01 23:16:35,115 - INFO - HTTP Request: GET https://www.leier.hu/hu/documents/api/documents/3308 "HTTP/1.1 200 OK"
2025-07-01 23:16:35,115 - INFO - Successfully fetched API data from https://www.leier.hu/hu/documents/api/documents/3308
2025-07-01 23:16:35,618 - INFO - Exploring folder: hu/Teljesítménynyilatkozatok/Magasépítési termékek/Tégla termékek/Devecser - Teljesítménynyilatkozatok/LeierPLAN (ID: 1974)
2025-07-01 23:16:35,618 - INFO - Querying folder API: https://www.leier.hu/hu/documents/api/documents/1974
2025-07-01 23:16:36,076 - INFO - HTTP Request: GET https://www.leier.hu/hu/documents/api/documents/1974 "HTTP/1.1 200 OK"
2025-07-01 23:16:36,081 - INFO - Successfully fetched API data from https://www.leier.hu/hu/documents/api/documents/1974
2025-07-01 23:16:36,595 - INFO - Exploring folder: hu/Teljesítménynyilatkozatok/Magasépítési termékek/Tégla termékek/Petrovany - Teljesítménynyilatkozat (ID: 1949)
2025-07-01 23:16:36,595 - INFO - Querying folder API: https://www.leier.hu/hu/documents/api/documents/1949
2025-07-01 23:16:36,966 - INFO - HTTP Request: GET https://www.leier.hu/hu/documents/api/documents/1949 "HTTP/1.1 200 OK"
2025-07-01 23:16:36,967 - INFO - Successfully fetched API data from https://www.leier.hu/hu/documents/api/documents/1949
2025-07-01 23:16:37,479 - INFO - Exploring folder: hu/Részletrajzok/Csomópontok/Fal részletrajzok/asc (ID: 2354)
2025-07-01 23:16:37,479 - INFO - Querying folder API: https://www.leier.hu/hu/documents/api/documents/2354
2025-07-01 23:16:37,890 - INFO - HTTP Request: GET https://www.leier.hu/hu/documents/api/documents/2354 "HTTP/1.1 200 OK"
2025-07-01 23:16:37,890 - INFO - Successfully fetched API data from https://www.leier.hu/hu/documents/api/documents/2354
2025-07-01 23:16:38,399 - INFO - Exploring folder: hu/Részletrajzok/Csomópontok/Tető részletrajzok/dwg (ID: 2466)
2025-07-01 23:16:38,399 - INFO - Querying folder API: https://www.leier.hu/hu/documents/api/documents/2466
2025-07-01 23:16:38,816 - INFO - HTTP Request: GET https://www.leier.hu/hu/documents/api/documents/2466 "HTTP/1.1 200 OK"
2025-07-01 23:16:38,817 - INFO - Successfully fetched API data from https://www.leier.hu/hu/documents/api/documents/2466
2025-07-01 23:16:39,326 - INFO - Exploring folder: hu/Szerelési útmutatók/Lépcső | Treppe/Szerelési útmutató | Montageanleitung/HU (ID: 2863)
2025-07-01 23:16:39,326 - INFO - Querying folder API: https://www.leier.hu/hu/documents/api/documents/2863
2025-07-01 23:16:39,827 - INFO - HTTP Request: GET https://www.leier.hu/hu/documents/api/documents/2863 "HTTP/1.1 200 OK"
2025-07-01 23:16:39,827 - INFO - Successfully fetched API data from https://www.leier.hu/hu/documents/api/documents/2863
2025-07-01 23:16:40,333 - INFO - Exploring folder: hu/Részletrajzok/Csomópontok/Előregyártott lépcső részletrajzok/pln (ID: 2779)
2025-07-01 23:16:40,333 - INFO - Querying folder API: https://www.leier.hu/hu/documents/api/documents/2779
2025-07-01 23:16:40,724 - INFO - HTTP Request: GET https://www.leier.hu/hu/documents/api/documents/2779 "HTTP/1.1 200 OK"
2025-07-01 23:16:40,724 - INFO - Successfully fetched API data from https://www.leier.hu/hu/documents/api/documents/2779
2025-07-01 23:16:41,241 - INFO - Exploring folder: hu/Részletrajzok/Csomópontok/Mélyépítési részletrajzok/pln (ID: 2689)
2025-07-01 23:16:41,241 - INFO - Querying folder API: https://www.leier.hu/hu/documents/api/documents/2689
2025-07-01 23:16:41,615 - INFO - HTTP Request: GET https://www.leier.hu/hu/documents/api/documents/2689 "HTTP/1.1 200 OK"
2025-07-01 23:16:41,616 - INFO - Successfully fetched API data from https://www.leier.hu/hu/documents/api/documents/2689
2025-07-01 23:16:42,131 - INFO - Exploring folder: hu/Szerelési útmutatók/Előregyártott Falak | Wandelemente/Szerelési útmutató | Montageanleitung/DE (ID: 2824)
2025-07-01 23:16:42,131 - INFO - Querying folder API: https://www.leier.hu/hu/documents/api/documents/2824
2025-07-01 23:16:42,551 - INFO - HTTP Request: GET https://www.leier.hu/hu/documents/api/documents/2824 "HTTP/1.1 200 OK"
2025-07-01 23:16:42,552 - INFO - Successfully fetched API data from https://www.leier.hu/hu/documents/api/documents/2824
2025-07-01 23:16:43,055 - INFO - Exploring folder: hu/Részletrajzok/Csomópontok/Kémény részletrajzok/dxf (ID: 2528)
2025-07-01 23:16:43,055 - INFO - Querying folder API: https://www.leier.hu/hu/documents/api/documents/2528
2025-07-01 23:16:43,475 - INFO - HTTP Request: GET https://www.leier.hu/hu/documents/api/documents/2528 "HTTP/1.1 200 OK"
2025-07-01 23:16:43,476 - INFO - Successfully fetched API data from https://www.leier.hu/hu/documents/api/documents/2528
2025-07-01 23:16:43,980 - INFO - Exploring folder: hu/Részletrajzok/Csomópontok/Fal részletrajzok/dxf (ID: 2355)
2025-07-01 23:16:43,981 - INFO - Querying folder API: https://www.leier.hu/hu/documents/api/documents/2355
2025-07-01 23:16:44,396 - INFO - HTTP Request: GET https://www.leier.hu/hu/documents/api/documents/2355 "HTTP/1.1 200 OK"
2025-07-01 23:16:44,396 - INFO - Successfully fetched API data from https://www.leier.hu/hu/documents/api/documents/2355
2025-07-01 23:16:44,910 - INFO - Exploring folder: hu/Részletrajzok/Elemrajzok (DWG, PDF)/Mélyépítés/Tisztítóakna elemek/Vasbeton aknafedlapok (ID: 3195)
2025-07-01 23:16:44,910 - INFO - Querying folder API: https://www.leier.hu/hu/documents/api/documents/3195
2025-07-01 23:16:45,275 - INFO - HTTP Request: GET https://www.leier.hu/hu/documents/api/documents/3195 "HTTP/1.1 200 OK"
2025-07-01 23:16:45,276 - INFO - Successfully fetched API data from https://www.leier.hu/hu/documents/api/documents/3195
2025-07-01 23:16:45,786 - INFO - Exploring folder: hu/Teljesítménynyilatkozatok/Magasépítési termékek/Tégla termékek/Mátraderecske - Teljesítménynyilatkozatok (ID: 1948)
2025-07-01 23:16:45,786 - INFO - Querying folder API: https://www.leier.hu/hu/documents/api/documents/1948
2025-07-01 23:16:46,286 - INFO - HTTP Request: GET https://www.leier.hu/hu/documents/api/documents/1948 "HTTP/1.1 200 OK"
2025-07-01 23:16:46,290 - INFO - Successfully fetched API data from https://www.leier.hu/hu/documents/api/documents/1948
2025-07-01 23:16:46,805 - INFO - Exploring folder: hu/Részletrajzok/Csomópontok/Térburkolat részletrajzok/dwg (ID: 2643)
2025-07-01 23:16:46,805 - INFO - Querying folder API: https://www.leier.hu/hu/documents/api/documents/2643
2025-07-01 23:16:47,255 - INFO - HTTP Request: GET https://www.leier.hu/hu/documents/api/documents/2643 "HTTP/1.1 200 OK"
2025-07-01 23:16:47,256 - INFO - Successfully fetched API data from https://www.leier.hu/hu/documents/api/documents/2643
2025-07-01 23:16:47,765 - INFO - Exploring folder: hu/Teljesítménynyilatkozatok/Magasépítési termékek/Tégla termékek/Devecser - CE-tanúsítványok/LeierPLAN (ID: 1951)
2025-07-01 23:16:47,765 - INFO - Querying folder API: https://www.leier.hu/hu/documents/api/documents/1951
2025-07-01 23:16:48,194 - INFO - HTTP Request: GET https://www.leier.hu/hu/documents/api/documents/1951 "HTTP/1.1 200 OK"
2025-07-01 23:16:48,196 - INFO - Successfully fetched API data from https://www.leier.hu/hu/documents/api/documents/1951
2025-07-01 23:16:48,709 - INFO - Exploring folder: hu/Szerelési útmutatók/Lépcső | Treppe/Szerelési útmutató | Montageanleitung/DE (ID: 2862)
2025-07-01 23:16:48,709 - INFO - Querying folder API: https://www.leier.hu/hu/documents/api/documents/2862
2025-07-01 23:16:49,190 - INFO - HTTP Request: GET https://www.leier.hu/hu/documents/api/documents/2862 "HTTP/1.1 200 OK"
2025-07-01 23:16:49,191 - INFO - Successfully fetched API data from https://www.leier.hu/hu/documents/api/documents/2862
2025-07-01 23:16:49,699 - INFO - Exploring folder: hu/Részletrajzok/Csomópontok/Előregyártott lépcső részletrajzok/pdf (ID: 2778)
2025-07-01 23:16:49,699 - INFO - Querying folder API: https://www.leier.hu/hu/documents/api/documents/2778
2025-07-01 23:16:50,095 - INFO - HTTP Request: GET https://www.leier.hu/hu/documents/api/documents/2778 "HTTP/1.1 200 OK"
2025-07-01 23:16:50,096 - INFO - Successfully fetched API data from https://www.leier.hu/hu/documents/api/documents/2778
2025-07-01 23:16:50,608 - INFO - Exploring folder: hu/Részletrajzok/Csomópontok/Leier Durisol zajárnyékoló falak/PDF (ID: 2431)
2025-07-01 23:16:50,608 - INFO - Querying folder API: https://www.leier.hu/hu/documents/api/documents/2431
2025-07-01 23:16:51,052 - INFO - HTTP Request: GET https://www.leier.hu/hu/documents/api/documents/2431 "HTTP/1.1 200 OK"
2025-07-01 23:16:51,052 - INFO - Successfully fetched API data from https://www.leier.hu/hu/documents/api/documents/2431
2025-07-01 23:16:51,568 - INFO - Exploring folder: hu/Részletrajzok/Csomópontok/Térburkolat részletrajzok/pln (ID: 2645)
2025-07-01 23:16:51,568 - INFO - Querying folder API: https://www.leier.hu/hu/documents/api/documents/2645
2025-07-01 23:16:51,956 - INFO - HTTP Request: GET https://www.leier.hu/hu/documents/api/documents/2645 "HTTP/1.1 200 OK"
2025-07-01 23:16:51,956 - INFO - Successfully fetched API data from https://www.leier.hu/hu/documents/api/documents/2645
2025-07-01 23:16:52,467 - INFO - Exploring folder: hu/Szerelési útmutatók/Előregyártott Falak | Wandelemente/Teljesítménynyilatkozat | Leistungerklarung/DE (ID: 2828)
2025-07-01 23:16:52,467 - INFO - Querying folder API: https://www.leier.hu/hu/documents/api/documents/2828
2025-07-01 23:16:52,887 - INFO - HTTP Request: GET https://www.leier.hu/hu/documents/api/documents/2828 "HTTP/1.1 200 OK"
2025-07-01 23:16:52,888 - INFO - Successfully fetched API data from https://www.leier.hu/hu/documents/api/documents/2828
2025-07-01 23:16:53,394 - INFO - Exploring folder: hu/Részletrajzok/Csomópontok/Födém részletrajzok/dxf (ID: 2566)
2025-07-01 23:16:53,394 - INFO - Querying folder API: https://www.leier.hu/hu/documents/api/documents/2566
2025-07-01 23:16:53,814 - INFO - HTTP Request: GET https://www.leier.hu/hu/documents/api/documents/2566 "HTTP/1.1 200 OK"
2025-07-01 23:16:53,815 - INFO - Successfully fetched API data from https://www.leier.hu/hu/documents/api/documents/2566
2025-07-01 23:16:54,333 - INFO - Exploring folder: hu/Részletrajzok/Elemrajzok (DWG, PDF)/Mélyépítés/Vízóra akna (ID: 2885)
2025-07-01 23:16:54,333 - INFO - Querying folder API: https://www.leier.hu/hu/documents/api/documents/2885
2025-07-01 23:16:54,727 - INFO - HTTP Request: GET https://www.leier.hu/hu/documents/api/documents/2885 "HTTP/1.1 200 OK"
2025-07-01 23:16:54,728 - INFO - Successfully fetched API data from https://www.leier.hu/hu/documents/api/documents/2885
2025-07-01 23:16:55,242 - INFO - Exploring folder: hu/Részletrajzok/Csomópontok/Födém részletrajzok/pdf (ID: 2563)
2025-07-01 23:16:55,242 - INFO - Querying folder API: https://www.leier.hu/hu/documents/api/documents/2563
2025-07-01 23:16:55,702 - INFO - HTTP Request: GET https://www.leier.hu/hu/documents/api/documents/2563 "HTTP/1.1 200 OK"
2025-07-01 23:16:55,703 - INFO - Successfully fetched API data from https://www.leier.hu/hu/documents/api/documents/2563
2025-07-01 23:16:56,216 - INFO - Exploring folder: hu/Szerelési útmutatók/Mesterpanel | Elementdecke/Teljesítménynilatkozat | Leistungserklärung/DE (ID: 2841)
2025-07-01 23:16:56,216 - INFO - Querying folder API: https://www.leier.hu/hu/documents/api/documents/2841
2025-07-01 23:16:56,592 - INFO - HTTP Request: GET https://www.leier.hu/hu/documents/api/documents/2841 "HTTP/1.1 200 OK"
2025-07-01 23:16:56,593 - INFO - Successfully fetched API data from https://www.leier.hu/hu/documents/api/documents/2841
2025-07-01 23:16:57,098 - INFO - Exploring folder: hu/Teljesítménynyilatkozatok/Magasépítési termékek/Tégla termékek/Mátraderecske - CE-tanúsítványok (ID: 1947)
2025-07-01 23:16:57,098 - INFO - Querying folder API: https://www.leier.hu/hu/documents/api/documents/1947
2025-07-01 23:16:57,505 - INFO - HTTP Request: GET https://www.leier.hu/hu/documents/api/documents/1947 "HTTP/1.1 200 OK"
2025-07-01 23:16:57,506 - INFO - Successfully fetched API data from https://www.leier.hu/hu/documents/api/documents/1947
2025-07-01 23:16:58,021 - INFO - Exploring folder: hu/Szerelési útmutatók/Üreges Födémpalló | Hohldiele/Szerelési útmutató | Montageanleitung/DE (ID: 2852)
2025-07-01 23:16:58,021 - INFO - Querying folder API: https://www.leier.hu/hu/documents/api/documents/2852
2025-07-01 23:16:58,417 - INFO - HTTP Request: GET https://www.leier.hu/hu/documents/api/documents/2852 "HTTP/1.1 200 OK"
2025-07-01 23:16:58,419 - INFO - Successfully fetched API data from https://www.leier.hu/hu/documents/api/documents/2852
2025-07-01 23:16:58,929 - INFO - After recursive exploration: 1615 total documents discovered
2025-07-01 23:16:58,929 - INFO - --- Downloading 1615 documents ---
2025-07-01 23:17:01,332 - INFO - HTTP Request: GET https://www.leier.hu/hu/dokumentumtar/4095 "HTTP/1.1 200 OK"
2025-07-01 23:17:01,335 - INFO - HTTP Request: GET https://www.leier.hu/hu/dokumentumtar/2640 "HTTP/1.1 200 OK"
2025-07-01 23:17:01,348 - INFO - ✅ Downloaded: hu/Termékadatlapok/Magasépítési termékek/Tégla termékek/LeierPlan 12 NF adatlap.pdf/LeierPlan 12 NF adatlap.pdf
2025-07-01 23:17:01,623 - INFO - HTTP Request: GET https://www.leier.hu/hu/dokumentumtar/2244 "HTTP/1.1 200 OK"
2025-07-01 23:17:01,625 - INFO - HTTP Request: GET https://www.leier.hu/hu/dokumentumtar/2781 "HTTP/1.1 200 OK"
2025-07-01 23:17:01,626 - INFO - HTTP Request: GET https://www.leier.hu/hu/dokumentumtar/3924 "HTTP/1.1 200 OK"
2025-07-01 23:17:01,630 - INFO - ✅ Downloaded: hu/Részletrajzok/Csomópontok/Kéregfal részletrajzok/asc/leier-e04-keregfal-sarok/leier-e04-keregfal-sarok.pdf
2025-07-01 23:17:01,630 - INFO - ✅ Downloaded: hu/Részletrajzok/Csomópontok/Előregyártott lépcső részletrajzok/dwg/p09-egy-lepcso1/p09-egy-lepcso1.pdf
2025-07-01 23:17:02,191 - INFO - ✅ Downloaded: hu/Termékadatlapok/Magasépítési termékek/Durisol falazóelemek/Durisol falazóelem DSi 30/20 - Termékadatlap/Durisol falazóelem DSi 30_20 - Termékadatlap.pdf
2025-07-01 23:17:02,502 - INFO - ✅ Downloaded: at/Aufbauanleitungen/Aufbauanleitung Durisol Frühbeetaufsatz R-Form/Aufbauanleitung Durisol Frühbeetaufsatz R-Form.pdf
2025-07-01 23:17:02,771 - INFO - HTTP Request: GET https://www.leier.hu/hu/dokumentumtar/2917 "HTTP/1.1 200 OK"
2025-07-01 23:17:02,772 - INFO - HTTP Request: GET https://www.leier.hu/hu/dokumentumtar/3955 "HTTP/1.1 200 OK"
2025-07-01 23:17:02,773 - INFO - HTTP Request: GET https://www.leier.hu/hu/dokumentumtar/3800 "HTTP/1.1 200 OK"
2025-07-01 23:17:02,774 - INFO - HTTP Request: GET https://www.leier.hu/hu/dokumentumtar/3109 "HTTP/1.1 200 OK"
2025-07-01 23:17:02,777 - INFO - ✅ Downloaded: at/Verlegemuster/Verlegemuster Kartäuser Pflasterplatte/Verlegemuster Kartäuser Pflasterplatte.pdf
2025-07-01 23:17:03,048 - INFO - ✅ Downloaded: at/Allgemeine Hinweise/Allg. Hinweise zu Farbabweichungen/Allg. Hinweise zu Farbabweichungen
2025-07-01 23:17:03,366 - INFO - ✅ Downloaded: hu/Részletrajzok/Elemrajzok (DWG, PDF)/Mélyépítés/Árokburkoló- és árokelemek/ÁBE 40_50 - 200 L - árokburkoló elem - felülnézet/ÁBE 40_50 - 200 L - árokburkoló elem - felülnézet.pdf
2025-07-01 23:17:03,646 - INFO - ✅ Downloaded: hu/Részletrajzok/Elemrajzok (DWG, PDF)/Mélyépítés/Kábelcsatorna/KCS vályú teljes hosszmetszet/KCS vályú teljes hosszmetszet.pdf
2025-07-01 23:17:04,079 - INFO - HTTP Request: GET https://www.leier.hu/hu/dokumentumtar/2382 "HTTP/1.1 200 OK"
2025-07-01 23:17:04,083 - INFO - HTTP Request: GET https://www.leier.hu/hu/dokumentumtar/2290 "HTTP/1.1 200 OK"
2025-07-01 23:17:04,096 - INFO - HTTP Request: GET https://www.leier.hu/hu/dokumentumtar/3304 "HTTP/1.1 200 OK"
2025-07-01 23:17:04,104 - INFO - ✅ Downloaded: hu/Részletrajzok/Csomópontok/Fal részletrajzok/pdf/f04a-kulso-nyilaszaro1/f04a-kulso-nyilaszaro1.pdf
2025-07-01 23:17:04,361 - INFO - HTTP Request: GET https://www.leier.hu/hu/dokumentumtar/3039 "HTTP/1.1 200 OK"
2025-07-01 23:17:04,362 - INFO - HTTP Request: GET https://www.leier.hu/hu/dokumentumtar/3892 "HTTP/1.1 200 OK"
2025-07-01 23:17:04,367 - INFO - ✅ Downloaded: hu/Részletrajzok/Elemrajzok (DWG, PDF)/Mélyépítés/Vízelnyelőakna elemek/V AGY 50 50/V AGY 50 50.pdf
2025-07-01 23:17:04,628 - INFO - ✅ Downloaded: hu/Termékadatlapok/Kertépítés, díszburkolat/Kerti lapok/GAIA lapok termékadatlap/GAIA lapok termékadatlap.pdf
2025-07-01 23:17:04,893 - INFO - ✅ Downloaded: hu/Részletrajzok/Elemrajzok (DWG, PDF)/Mélyépítés/Betontartályok/LBT 4 akna melléklet/LBT 4 akna melle_klet.pdf
2025-07-01 23:17:04,894 - INFO - ✅ Downloaded: hu/Termékadatlapok/Kertépítés, díszburkolat/Szegélykövek/Folyóka szegélykő termékadatlap/Folyóka szegélykő termékadatlap.pdf
2025-07-01 23:17:05,561 - INFO - HTTP Request: GET https://www.leier.hu/hu/dokumentumtar/2708 "HTTP/1.1 200 OK"
2025-07-01 23:17:05,575 - INFO - HTTP Request: GET https://www.leier.hu/hu/dokumentumtar/2512 "HTTP/1.1 200 OK"
2025-07-01 23:17:05,580 - INFO - HTTP Request: GET https://www.leier.hu/hu/dokumentumtar/3236 "HTTP/1.1 200 OK"
2025-07-01 23:17:05,584 - INFO - HTTP Request: GET https://www.leier.hu/hu/dokumentumtar/3099 "HTTP/1.1 200 OK"
2025-07-01 23:17:05,588 - INFO - HTTP Request: GET https://www.leier.hu/hu/dokumentumtar/3319 "HTTP/1.1 200 OK"
2025-07-01 23:17:05,592 - INFO - ✅ Downloaded: hu/Részletrajzok/Csomópontok/Mélyépítési részletrajzok/pln/c01-100-csaphornyos/c01-100-csaphornyos.pdf
2025-07-01 23:17:05,969 - INFO - ✅ Downloaded: hu/Részletrajzok/Csomópontok/Tető részletrajzok/pln/t09b-falcsat-fem/t09b-falcsat-fem.pdf
2025-07-01 23:17:06,294 - INFO - ✅ Downloaded: hu/Részletrajzok/Elemrajzok (DWG, PDF)/Környezettechnika/Iszapfogók DWG/LIF 160 200L Iszapfogó - vízszintes metszet/LIF 160 200L Iszapfogó - vízszintes metszet.pdf
2025-07-01 23:17:06,868 - INFO - ✅ Downloaded: hu/Részletrajzok/Elemrajzok (DWG, PDF)/Mélyépítés/Előfej támfalelemek/LEF 100 1 1.5 előfej/LEF 100 1 1.5 előfej
2025-07-01 23:17:07,202 - INFO - ✅ Downloaded: hu/Részletrajzok/Elemrajzok (DWG, PDF)/Mélyépítés/Tisztítóakna elemek/Aknagyűrűk/AGY 100 - 100 LG - Aknagyűrű gumigyűrűs - függőleges metszet/AGY 100 - 100 LG - Aknagyűrű gumigyűrűs - függőleges metszet.pdf
2025-07-01 23:17:07,654 - INFO - HTTP Request: GET https://www.leier.hu/hu/dokumentumtar/3372 "HTTP/1.1 200 OK"
2025-07-01 23:17:07,666 - INFO - HTTP Request: GET https://www.leier.hu/hu/dokumentumtar/3549 "HTTP/1.1 200 OK"
2025-07-01 23:17:07,693 - INFO - ✅ Downloaded: hu/Részletrajzok/Elemrajzok (DWG, PDF)/Környezettechnika/Olajelválasztók DWG/LOL SUPER 100 max NF melléklet/LOL SUPER 100 max NF melle_klet.pdf
2025-07-01 23:17:08,008 - INFO - HTTP Request: GET https://www.leier.hu/hu/dokumentumtar/3579 "HTTP/1.1 200 OK"
2025-07-01 23:17:08,010 - INFO - HTTP Request: GET https://www.leier.hu/hu/dokumentumtar/2117 "HTTP/1.1 404 Not Found"
2025-07-01 23:17:08,012 - INFO - HTTP Request: GET https://www.leier.hu/hu/dokumentumtar/3896 "HTTP/1.1 200 OK"
2025-07-01 23:17:08,018 - ERROR - ❌ Failed to download https://www.leier.hu/hu/dokumentumtar/2117: Client error '404 Not Found' for url 'https://www.leier.hu/hu/dokumentumtar/2117'
For more information check: https://developer.mozilla.org/en-US/docs/Web/HTTP/Status/404
2025-07-01 23:17:08,306 - INFO - ✅ Downloaded: hu/Részletrajzok/Elemrajzok (DWG, PDF)/Környezettechnika/Olajelválasztók PDF/LOL SUPER 6 60 P zapor tulfolyoval melleklet PDF/LOL SUPER 6 60 P zapor tulfolyoval melleklet PDF.pdf
2025-07-01 23:17:08,587 - INFO - ✅ Downloaded: hu/Részletrajzok/Elemrajzok (DWG, PDF)/Durisol zajárnyékolás/Durisol panel 396 450 egyedi - Elölnézet/Durisol panel 396 450 egyedi - Elölnézet.pdf
2025-07-01 23:17:08,961 - INFO - ✅ Downloaded: at/Aufbauanleitungen/Einbauanleitung Kaminsystem-LSK/Einbauanleitung Kaminsystem-LSK.pdf
2025-07-01 23:17:09,298 - INFO - HTTP Request: GET https://www.leier.hu/hu/dokumentumtar/2377 "HTTP/1.1 200 OK"
2025-07-01 23:17:09,299 - INFO - HTTP Request: GET https://www.leier.hu/hu/dokumentumtar/3434 "HTTP/1.1 200 OK"
2025-07-01 23:17:09,299 - INFO - HTTP Request: GET https://www.leier.hu/hu/dokumentumtar/2039 "HTTP/1.1 200 OK"
2025-07-01 23:17:09,310 - ERROR - ❌ Failed to download https://www.leier.hu/hu/dokumentumtar/2039: [Errno 2] No such file or directory: 'C:\\Users\\Admin\\.cursor\\Lambda\\src\\backend\\src\\downloads\\leier_materials_api\\documents\\hu\\Teljesítménynyilatkozatok\\Magasépítési termékek\\Tégla termékek\\Mátraderecske - Teljesítménynyilatkozatok\\Teljesítménynyilatkozat - Leiertherm 250\\120\\Teljesítménynyilatkozat - Leiertherm 250_120_65 kevéslyukú - MD LE MD771-1-09-02.pdf'
2025-07-01 23:17:09,640 - INFO - ✅ Downloaded: hu/Részletrajzok/Elemrajzok (DWG, PDF)/Környezettechnika/Olajelválasztók DWG/LOL SUPER 10 max KF melléklet/LOL SUPER 10 max KF melle_klet.pdf
2025-07-01 23:17:09,640 - INFO - ✅ Downloaded: hu/Részletrajzok/Csomópontok/Fal részletrajzok/pdf/f07-belsofofal-alapoza/f07-belsofofal-alapoza.pdf
2025-07-01 23:17:10,327 - INFO - HTTP Request: GET https://www.leier.hu/hu/dokumentumtar/2009 "HTTP/1.1 200 OK"
2025-07-01 23:17:10,351 - ERROR - ❌ Failed to download https://www.leier.hu/hu/dokumentumtar/2009: [Errno 2] No such file or directory: 'C:\\Users\\Admin\\.cursor\\Lambda\\src\\backend\\src\\downloads\\leier_materials_api\\documents\\hu\\Teljesítménynyilatkozatok\\Magasépítési termékek\\Tégla termékek\\Devecser - Teljesítménynyilatkozatok\\Leiertherm\\Teljesítménynyilatkozat - Leiertherm Pro 30 - DE LE DE771-1-24-01.pdf'
2025-07-01 23:17:10,676 - INFO - HTTP Request: GET https://www.leier.hu/hu/dokumentumtar/2031 "HTTP/1.1 200 OK"
2025-07-01 23:17:10,677 - INFO - HTTP Request: GET https://www.leier.hu/hu/dokumentumtar/2982 "HTTP/1.1 200 OK"
2025-07-01 23:17:10,681 - INFO - ✅ Downloaded: hu/Teljesítménynyilatkozatok/Magasépítési termékek/Tégla termékek/Mátraderecske - Teljesítménynyilatkozatok/Teljesítménynyilatkozat - Leiertherm 30 N+F LE MD771-1-03-05/Teljesítménynyilatkozat - Leiertherm 30 N_F LE MD771-1-03-05.pdf
2025-07-01 23:17:10,968 - INFO - HTTP Request: GET https://www.leier.hu/hu/dokumentumtar/3915 "HTTP/1.1 200 OK"
2025-07-01 23:17:10,969 - INFO - HTTP Request: GET https://www.leier.hu/hu/dokumentumtar/2939 "HTTP/1.1 200 OK"
2025-07-01 23:17:10,973 - INFO - ✅ Downloaded: hu/Részletrajzok/Elemrajzok (DWG, PDF)/Mélyépítés/Betoncsövek/TOTA 80 200L - Tokos talpas betoncső keresztmetszet/TOTA 80 200L - Tokos talpas betoncső keresztmetszet.pdf
2025-07-01 23:17:11,232 - INFO - ✅ Downloaded: at/Aufbauanleitungen/Aufbauanleitung Durisol Hochbeet R-Form/Aufbauanleitung Durisol Hochbeet R-Form.pdf
2025-07-01 23:17:11,499 - INFO - ✅ Downloaded: hu/Részletrajzok/Elemrajzok (DWG, PDF)/Mélyépítés/Átemelőakna elemek/AGY_240_175 LG - Átemelő gyűrű gumigyűrűs/AGY_240_175 LG - Átemelő gyűrű gumigyűrűs.pdf
2025-07-01 23:17:11,767 - INFO - HTTP Request: GET https://www.leier.hu/hu/dokumentumtar/1994 "HTTP/1.1 200 OK"
2025-07-01 23:17:11,770 - ERROR - ❌ Failed to download https://www.leier.hu/hu/dokumentumtar/1994: [Errno 2] No such file or directory: 'C:\\Users\\Admin\\.cursor\\Lambda\\src\\backend\\src\\downloads\\leier_materials_api\\documents\\hu\\Teljesítménynyilatkozatok\\Magasépítési termékek\\Tégla termékek\\Devecser - Teljesítménynyilatkozatok\\LeierPLAN\\Teljesítménynyilatkozat - LeierPLAN 25 N_F - DE LE DE771-1-14-03.pdf'
2025-07-01 23:17:12,037 - INFO - HTTP Request: GET https://www.leier.hu/hu/dokumentumtar/3871 "HTTP/1.1 200 OK"
2025-07-01 23:17:12,045 - INFO - ✅ Downloaded: at/Preislisten/Preisliste Hochbau-Zustellgebiet Süd 2024/Preisliste Hochbau-Zustellgebiet Süd 2024.pdf
2025-07-01 23:17:12,306 - INFO - HTTP Request: GET https://www.leier.hu/hu/dokumentumtar/2476 "HTTP/1.1 200 OK"
2025-07-01 23:17:12,306 - INFO - HTTP Request: GET https://www.leier.hu/hu/dokumentumtar/3477 "HTTP/1.1 200 OK"
2025-07-01 23:17:12,310 - INFO - ✅ Downloaded: hu/Részletrajzok/Csomópontok/Tető részletrajzok/dwg/t072-tetoablak-vizsz/t072-tetoablak-vizsz.pdf
2025-07-01 23:17:12,573 - INFO - HTTP Request: GET https://www.leier.hu/hu/dokumentumtar/3429 "HTTP/1.1 200 OK"
2025-07-01 23:17:12,578 - INFO - ✅ Downloaded: hu/Részletrajzok/Elemrajzok (DWG, PDF)/Környezettechnika/Olajelválasztók DWG/LOL SUPER 15 KF melléklet/LOL SUPER 15 KF melle_klet.pdf
2025-07-01 23:17:12,848 - INFO - ✅ Downloaded: hu/Részletrajzok/Elemrajzok (DWG, PDF)/Környezettechnika/Olajelválasztók PDF/LOL SUPER 100 max NF melleklet PDF/LOL SUPER 100 max NF melleklet PDF.pdf
2025-07-01 23:17:13,107 - INFO - HTTP Request: GET https://www.leier.hu/hu/dokumentumtar/3269 "HTTP/1.1 200 OK"
2025-07-01 23:17:13,145 - INFO - ✅ Downloaded: hu/Részletrajzok/Elemrajzok (DWG, PDF)/Mélyépítés/Tisztítóakna elemek/Akna fenékelemek/AFE 100 LG K - Akna fenékelem gumigyűrűs künettel - vízszintes metszet/AFE 100 LG K - Akna fenékelem gumigyűrűs künettel - vízszintes metszet.pdf
2025-07-01 23:17:13,408 - INFO - HTTP Request: GET https://www.leier.hu/hu/dokumentumtar/3080 "HTTP/1.1 200 OK"
2025-07-01 23:17:13,409 - INFO - HTTP Request: GET https://www.leier.hu/hu/dokumentumtar/2122 "HTTP/1.1 404 Not Found"
2025-07-01 23:17:13,414 - ERROR - ❌ Failed to download https://www.leier.hu/hu/dokumentumtar/2122: Client error '404 Not Found' for url 'https://www.leier.hu/hu/dokumentumtar/2122'
For more information check: https://developer.mozilla.org/en-US/docs/Web/HTTP/Status/404
2025-07-01 23:17:13,678 - INFO - HTTP Request: GET https://www.leier.hu/hu/dokumentumtar/3226 "HTTP/1.1 200 OK"
2025-07-01 23:17:13,679 - INFO - HTTP Request: GET https://www.leier.hu/hu/dokumentumtar/1958 "HTTP/1.1 200 OK"
2025-07-01 23:17:13,683 - INFO - ✅ Downloaded: hu/Részletrajzok/Elemrajzok (DWG, PDF)/Mélyépítés/Előfej támfalelemek/LEF 50 - Tömbelőfej betoncsőhöz - elölnézet/LEF 50 - Tömbelőfej betoncsőhöz - elölnézet.pdf
2025-07-01 23:17:13,683 - INFO - ✅ Downloaded: hu/Teljesítménynyilatkozatok/Magasépítési termékek/Tégla termékek/Devecser - CE-tanúsítványok/LeierPLAN/CE - LeierPLAN 44 iSO+ - DE/CE - LeierPLAN 44 iSO_ - DE.pdf
2025-07-01 23:17:14,255 - INFO - ✅ Downloaded: hu/Részletrajzok/Elemrajzok (DWG, PDF)/Mélyépítés/Tisztítóakna elemek/Aknagyűrűk/AGY 100 - 75 L - Aknagyűrű - függőleges metszet/AGY 100 - 75 L - Aknagyűrű - függőleges metszet.pdf
2025-07-01 23:17:14,515 - INFO - HTTP Request: GET https://www.leier.hu/hu/dokumentumtar/2106 "HTTP/1.1 404 Not Found"
2025-07-01 23:17:14,526 - ERROR - ❌ Failed to download https://www.leier.hu/hu/dokumentumtar/2106: Client error '404 Not Found' for url 'https://www.leier.hu/hu/dokumentumtar/2106'
For more information check: https://developer.mozilla.org/en-US/docs/Web/HTTP/Status/404
2025-07-01 23:17:14,791 - INFO - HTTP Request: GET https://www.leier.hu/hu/dokumentumtar/2918 "HTTP/1.1 200 OK"
2025-07-01 23:17:14,824 - INFO - ✅ Downloaded: hu/Részletrajzok/Elemrajzok (DWG, PDF)/Mélyépítés/Árokburkoló- és árokelemek/ÁBE 40_50 - 200L - árokburkoló elem - elölnézet/ÁBE 40_50 - 200L - árokburkoló elem - elölnézet.pdf
2025-07-01 23:17:15,158 - INFO - HTTP Request: GET https://www.leier.hu/hu/dokumentumtar/3071 "HTTP/1.1 200 OK"
2025-07-01 23:17:15,159 - INFO - HTTP Request: GET https://www.leier.hu/hu/dokumentumtar/2040 "HTTP/1.1 200 OK"
2025-07-01 23:17:15,160 - INFO - HTTP Request: GET https://www.leier.hu/hu/dokumentumtar/3081 "HTTP/1.1 200 OK"
2025-07-01 23:17:15,164 - ERROR - ❌ Failed to download https://www.leier.hu/hu/dokumentumtar/2040: [Errno 2] No such file or directory: 'C:\\Users\\Admin\\.cursor\\Lambda\\src\\backend\\src\\downloads\\leier_materials_api\\documents\\hu\\Teljesítménynyilatkozatok\\Magasépítési termékek\\Tégla termékek\\Mátraderecske - Teljesítménynyilatkozatok\\Teljesítménynyilatkozat - Leiertherm 250\\120\\Teljesítménynyilatkozat - Leiertherm 250_120_65 kisméretű - MD LE MD771-1-08-02.pdf'
2025-07-01 23:17:15,459 - INFO - HTTP Request: GET https://www.leier.hu/hu/dokumentumtar/3011 "HTTP/1.1 200 OK"
2025-07-01 23:17:15,463 - INFO - ✅ Downloaded: hu/Részletrajzok/Elemrajzok (DWG, PDF)/Mélyépítés/Előfej támfalelemek/TFE 100 - Támfalelem - elölnézet/TFE 100 - Támfalelem - elölnézet.pdf
2025-07-01 23:17:15,872 - INFO - ✅ Downloaded: hu/Részletrajzok/Elemrajzok (DWG, PDF)/Mélyépítés/Előfej támfalelemek/LEF 50 - Előfej betoncsőhöz - hosszmetszet/LEF 50 - Előfej betoncsőhöz - hosszmetszet.pdf
2025-07-01 23:17:16,150 - INFO - ✅ Downloaded: hu/Részletrajzok/Elemrajzok (DWG, PDF)/Mélyépítés/Betoncsövek/TA 60 100 - Talpas betoncső hosszmetszet/TA 60 100 - Talpas betoncső hosszmetszet.pdf
2025-07-01 23:17:16,417 - INFO - HTTP Request: GET https://www.leier.hu/hu/dokumentumtar/3883 "HTTP/1.1 200 OK"
2025-07-01 23:17:16,420 - INFO - ✅ Downloaded: hu/Termékadatlapok/Kertépítés, díszburkolat/Térkövek/Leier Kaiserstein TAVERNA térkő termékadatlap/Leier Kaiserstein TAVERNA térkő termékadatlap.pdf
2025-07-01 23:17:16,694 - INFO - HTTP Request: GET https://www.leier.hu/hu/dokumentumtar/1875 "HTTP/1.1 200 OK"
2025-07-01 23:17:16,728 - INFO - ✅ Downloaded: hu/Gép- és formagyártás Ács/Gép- és formagyártás Ács.pdf
2025-07-01 23:17:16,995 - INFO - HTTP Request: GET https://www.leier.hu/hu/dokumentumtar/3098 "HTTP/1.1 200 OK"
2025-07-01 23:17:16,996 - INFO - HTTP Request: GET https://www.leier.hu/hu/dokumentumtar/3590 "HTTP/1.1 200 OK"
2025-07-01 23:17:16,997 - INFO - HTTP Request: GET https://www.leier.hu/hu/dokumentumtar/2370 "HTTP/1.1 200 OK"
2025-07-01 23:17:17,000 - INFO - ✅ Downloaded: hu/Részletrajzok/Csomópontok/Fal részletrajzok/dwg/f01-vfal-bekotes/f01-vfal-bekotes.pdf
2025-07-01 23:17:17,271 - INFO - HTTP Request: GET https://www.leier.hu/hu/dokumentumtar/3153 "HTTP/1.1 200 OK"
2025-07-01 23:17:17,275 - INFO - ✅ Downloaded: hu/Részletrajzok/Elemrajzok (DWG, PDF)/Mélyépítés/Előfej támfalelemek/LEF 100 - Előfej betoncsőhöz - elölnézet/LEF 100 - Előfej betoncsőhöz - elölnézet.pdf
2025-07-01 23:17:17,541 - INFO - ✅ Downloaded: hu/Részletrajzok/Elemrajzok (DWG, PDF)/Mélyépítés/Kábelcsatorna/KCS vályú könnyített oldalkitörés/KCS va_lyu_ ko_nnyi_tett oldalkito_re_s.pdf
2025-07-01 23:17:17,805 - INFO - ✅ Downloaded: hu/Részletrajzok/Elemrajzok (DWG, PDF)/Durisol zajárnyékolás/Durisol panel 296 450 hálós - Elölnézet/Durisol panel 296 450 hálós - Elölnézet.pdf
2025-07-01 23:17:18,068 - INFO - HTTP Request: GET https://www.leier.hu/hu/dokumentumtar/3254 "HTTP/1.1 200 OK"
2025-07-01 23:17:18,092 - INFO - ✅ Downloaded: hu/Részletrajzok/Elemrajzok (DWG, PDF)/Mélyépítés/Tisztítóakna elemek/Akna fenékelemek/AFE 100 - 75 LG KN - Akna fenékelem gumigyűrűs künet nélkül - függőleges metszet/AFE 100 - 75 LG KN - Akna fenékelem gumigyűrűs künet nélkül - függőleges metszet.pdf
2025-07-01 23:17:18,369 - INFO - HTTP Request: GET https://www.leier.hu/hu/dokumentumtar/3036 "HTTP/1.1 200 OK"
2025-07-01 23:17:18,372 - INFO - ✅ Downloaded: hu/Részletrajzok/Elemrajzok (DWG, PDF)/Mélyépítés/Betontartályok/LBT 7 akna melléklet/LBT 7 akna melle_klet.pdf
2025-07-01 23:17:18,636 - INFO - HTTP Request: GET https://www.leier.hu/hu/dokumentumtar/3000 "HTTP/1.1 200 OK"
2025-07-01 23:17:18,637 - INFO - HTTP Request: GET https://www.leier.hu/hu/dokumentumtar/2611 "HTTP/1.1 200 OK"
2025-07-01 23:17:18,638 - INFO - HTTP Request: GET https://www.leier.hu/hu/dokumentumtar/2599 "HTTP/1.1 200 OK"
2025-07-01 23:17:18,641 - INFO - ✅ Downloaded: hu/Részletrajzok/Csomópontok/Födém részletrajzok/dxf/leier-m01-mesterf-koszoru1/leier-m01-mesterf-koszoru1.pdf
2025-07-01 23:17:18,905 - INFO - ✅ Downloaded: hu/Részletrajzok/Csomópontok/Födém részletrajzok/asc/leier-m031-mesterf-belsokosz/leier-m031-mesterf-belsokosz.pdf
2025-07-01 23:17:19,191 - INFO - ✅ Downloaded: hu/Részletrajzok/Elemrajzok (DWG, PDF)/Mélyépítés/Betoncsövek/TOTA 100 200L - Tokos talpas betoncső csaposmetszet/TOTA 100 200L - Tokos talpas betoncső csaposmetszet.pdf
2025-07-01 23:17:19,191 - INFO - HTTP Request: GET https://www.leier.hu/hu/dokumentumtar/3515 "HTTP/1.1 200 OK"
2025-07-01 23:17:19,455 - INFO - ✅ Downloaded: hu/Részletrajzok/Elemrajzok (DWG, PDF)/Környezettechnika/Olajelválasztók PDF/LOL SUPER 30 KF melleklet PDF/LOL SUPER 30 KF melleklet PDF.pdf
2025-07-01 23:17:19,720 - INFO - HTTP Request: GET https://www.leier.hu/hu/dokumentumtar/3033 "HTTP/1.1 200 OK"
2025-07-01 23:17:19,747 - INFO - ✅ Downloaded: hu/Részletrajzok/Elemrajzok (DWG, PDF)/Mélyépítés/Betontartályok/LBT 10 - Betontartály függőleges metszet/LBT 10 - Betontartály függőleges metszet.pdf
2025-07-01 23:17:20,008 - INFO - HTTP Request: GET https://www.leier.hu/hu/dokumentumtar/2921 "HTTP/1.1 200 OK"
2025-07-01 23:17:20,009 - INFO - HTTP Request: GET https://www.leier.hu/hu/dokumentumtar/3588 "HTTP/1.1 200 OK"
2025-07-01 23:17:20,029 - INFO - ✅ Downloaded: hu/Részletrajzok/Elemrajzok (DWG, PDF)/Mélyépítés/Árokburkoló- és árokelemek/ÁBE 30_40 - 200L - árokburkoló elem - keresztmetszet/ÁBE 30_40 - 200L - árokburkoló elem - keresztmetszet.pdf
2025-07-01 23:17:20,291 - INFO - ✅ Downloaded: hu/Részletrajzok/Elemrajzok (DWG, PDF)/Durisol zajárnyékolás/Durisol panel 396 100 DSI 25 13 W - Metszet/Durisol panel 396 100 DSI 25 13 W - Metszet.pdf
2025-07-01 23:17:20,293 - INFO - HTTP Request: GET https://www.leier.hu/hu/dokumentumtar/1967 "HTTP/1.1 200 OK"
2025-07-01 23:17:20,294 - INFO - HTTP Request: GET https://www.leier.hu/hu/dokumentumtar/3943 "HTTP/1.1 200 OK"
2025-07-01 23:17:20,562 - INFO - ✅ Downloaded: at/Verarbeitungsinfos/Verarbeitungsinfo Poolumrandungen/Verarbeitungsinfo Poolumrandungen.pdf
2025-07-01 23:17:20,822 - INFO - HTTP Request: GET https://www.leier.hu/hu/dokumentumtar/2006 "HTTP/1.1 200 OK"
2025-07-01 23:17:20,824 - ERROR - ❌ Failed to download https://www.leier.hu/hu/dokumentumtar/2006: [Errno 2] No such file or directory: 'C:\\Users\\Admin\\.cursor\\Lambda\\src\\backend\\src\\downloads\\leier_materials_api\\documents\\hu\\Teljesítménynyilatkozatok\\Magasépítési termékek\\Tégla termékek\\Devecser - Teljesítménynyilatkozatok\\Leiertherm\\Teljesítménynyilatkozat - Leiertherm 45 N_F LE DE771-1-01-04.pdf'
2025-07-01 23:17:21,101 - INFO - ✅ Downloaded: hu/Teljesítménynyilatkozatok/Magasépítési termékek/Tégla termékek/Devecser - CE-tanúsítványok/Leiertherm/CE - Leiertherm 38 N+F - DE/CE - Leiertherm 38 N_F - DE.pdf
2025-07-01 23:17:21,483 - INFO - HTTP Request: GET https://www.leier.hu/hu/dokumentumtar/3569 "HTTP/1.1 200 OK"
2025-07-01 23:17:21,489 - INFO - HTTP Request: GET https://www.leier.hu/hu/dokumentumtar/3090 "HTTP/1.1 200 OK"
2025-07-01 23:17:21,498 - INFO - HTTP Request: GET https://www.leier.hu/hu/dokumentumtar/2529 "HTTP/1.1 200 OK"
2025-07-01 23:17:21,503 - INFO - HTTP Request: GET https://www.leier.hu/hu/dokumentumtar/2027 "HTTP/1.1 200 OK"
2025-07-01 23:17:21,510 - INFO - HTTP Request: GET https://www.leier.hu/hu/dokumentumtar/3129 "HTTP/1.1 200 OK"
2025-07-01 23:17:21,540 - ERROR - ❌ Failed to download https://www.leier.hu/hu/dokumentumtar/2027: [Errno 2] No such file or directory: 'C:\\Users\\Admin\\.cursor\\Lambda\\src\\backend\\src\\downloads\\leier_materials_api\\documents\\hu\\Teljesítménynyilatkozatok\\Magasépítési termékek\\Tégla termékek\\Mátraderecske - Teljesítménynyilatkozatok\\Teljesítménynyilatkozat - Leiertherm 25 Objekt LE MD771-1-12-03.pdf'
2025-07-01 23:17:21,838 - INFO - ✅ Downloaded: hu/Részletrajzok/Elemrajzok (DWG, PDF)/Durisol zajárnyékolás/Durisol panel 496 125 egyedi - Elölnézet/Durisol panel 496 125 egyedi - Elölnézet.pdf
2025-07-01 23:17:22,113 - INFO - ✅ Downloaded: hu/Részletrajzok/Csomópontok/Kémény részletrajzok/dwg/k042-kemeny-tetoatvez2/k042-kemeny-tetoatvez2.pdf
2025-07-01 23:17:22,408 - INFO - ✅ Downloaded: hu/Részletrajzok/Elemrajzok (DWG, PDF)/Mélyépítés/Előfej támfalelemek/LEF 30 - Tömbelőfej betoncsőhöz - hosszmetszet/LEF 30 - Tömbelőfej betoncsőhöz - hosszmetszet.pdf
2025-07-01 23:17:22,666 - INFO - ✅ Downloaded: hu/Részletrajzok/Elemrajzok (DWG, PDF)/Mélyépítés/Kábelcsatorna/KCS vályú irt bal hátul/KCS vályú irt bal hátul.pdf
2025-07-01 23:17:23,050 - INFO - HTTP Request: GET https://www.leier.hu/hu/dokumentumtar/2045 "HTTP/1.1 200 OK"
2025-07-01 23:17:23,053 - INFO - HTTP Request: GET https://www.leier.hu/hu/dokumentumtar/4135 "HTTP/1.1 200 OK"
2025-07-01 23:17:23,067 - INFO - ✅ Downloaded: hu/Termékadatlapok/Magasépítési termékek/Nyílásáthidalók/Leier MDE nyílásáthidaló adatlap.pdf/Leier MDE nyílásáthidaló adatlap.pdf
2025-07-01 23:17:23,329 - INFO - HTTP Request: GET https://www.leier.hu/hu/dokumentumtar/2268 "HTTP/1.1 200 OK"
2025-07-01 23:17:23,330 - INFO - HTTP Request: GET https://www.leier.hu/hu/dokumentumtar/2785 "HTTP/1.1 200 OK"
2025-07-01 23:17:23,331 - INFO - HTTP Request: GET https://www.leier.hu/hu/dokumentumtar/2445 "HTTP/1.1 200 OK"
2025-07-01 23:17:23,333 - ERROR - ❌ Failed to download https://www.leier.hu/hu/dokumentumtar/2045: [Errno 2] No such file or directory: 'C:\\Users\\Admin\\.cursor\\Lambda\\src\\backend\\src\\downloads\\leier_materials_api\\documents\\hu\\Teljesítménynyilatkozatok\\Magasépítési termékek\\Tégla termékek\\Mátraderecske - Teljesítménynyilatkozatok\\Teljesítménynyilatkozat - Leiertherm 17_5 N_F - MD LE MD771-1-06-01.pdf'
2025-07-01 23:17:23,607 - INFO - ✅ Downloaded: hu/Részletrajzok/Csomópontok/Előregyártott lépcső részletrajzok/pln/p09-egy-lepcso1/p09-egy-lepcso1.pdf
2025-07-01 23:17:23,873 - INFO - ✅ Downloaded: hu/Termékadatlapok/Kertépítés, díszburkolat/Térkövek/Leier Kaiserstein DOM térkő termékadatlap/Leier Kaiserstein DOM térkő termékadatlap.pdf
2025-07-01 23:17:24,157 - INFO - ✅ Downloaded: hu/Részletrajzok/Csomópontok/Leier Durisol zajárnyékoló falak/PDF/Leier Durisol mintafalak/Leier Durisol mintafalak.pdf
2025-07-01 23:17:24,424 - INFO - HTTP Request: GET https://www.leier.hu/hu/dokumentumtar/3456 "HTTP/1.1 200 OK"
2025-07-01 23:17:24,436 - INFO - ✅ Downloaded: hu/Részletrajzok/Elemrajzok (DWG, PDF)/Környezettechnika/Olajelválasztók PDF/LOL SUPER 200 max P melleklet PDF/LOL SUPER 200 max P melleklet PDF.pdf
2025-07-01 23:17:24,908 - INFO - HTTP Request: GET https://www.leier.hu/hu/dokumentumtar/3123 "HTTP/1.1 200 OK"
2025-07-01 23:17:24,922 - INFO - HTTP Request: GET https://www.leier.hu/hu/dokumentumtar/2588 "HTTP/1.1 200 OK"
2025-07-01 23:17:24,930 - INFO - HTTP Request: GET https://www.leier.hu/hu/dokumentumtar/2702 "HTTP/1.1 200 OK"
2025-07-01 23:17:24,940 - INFO - HTTP Request: GET https://www.leier.hu/hu/dokumentumtar/3564 "HTTP/1.1 200 OK"
2025-07-01 23:17:24,941 - INFO - HTTP Request: GET https://www.leier.hu/hu/dokumentumtar/3103 "HTTP/1.1 200 OK"
2025-07-01 23:17:24,945 - INFO - ✅ Downloaded: hu/Részletrajzok/Csomópontok/Mélyépítési részletrajzok/pdf/c01-100-csaphornyos/c01-100-csaphornyos.pdf
2025-07-01 23:17:25,220 - INFO - ✅ Downloaded: hu/Részletrajzok/Csomópontok/Födém részletrajzok/pln/m04-mesterf-valaszfal/m04-mesterf-valaszfal.pdf
2025-07-01 23:17:25,490 - INFO - ✅ Downloaded: hu/Részletrajzok/Elemrajzok (DWG, PDF)/Mélyépítés/Kábelcsatorna/KCS vályú könnyített oldalkitörés elöl/KCS vályú könnyített oldalkitörés elöl.pdf
2025-07-01 23:17:25,771 - INFO - ✅ Downloaded: hu/Részletrajzok/Elemrajzok (DWG, PDF)/Durisol zajárnyékolás/Durisol panel 496 450 hálós - Elölnézet/Durisol panel 496 450 hálós - Elölnézet.pdf
2025-07-01 23:17:26,048 - INFO - ✅ Downloaded: hu/Részletrajzok/Elemrajzok (DWG, PDF)/Mélyépítés/Előfej támfalelemek/LEF 50 1 1 tömbelőfej/LEF 50 1 1 tömbelőfej.pdf
2025-07-01 23:17:26,465 - INFO - HTTP Request: GET https://www.leier.hu/hu/dokumentumtar/3801 "HTTP/1.1 200 OK"
2025-07-01 23:17:26,471 - INFO - ✅ Downloaded: at/Verlegemuster/Verlegemuster Piazza Pflaster/Verlegemuster Piazza Pflaster.pdf
2025-07-01 23:17:26,743 - INFO - HTTP Request: GET https://www.leier.hu/hu/dokumentumtar/2261 "HTTP/1.1 200 OK"
2025-07-01 23:17:26,744 - INFO - HTTP Request: GET https://www.leier.hu/hu/dokumentumtar/3423 "HTTP/1.1 200 OK"
2025-07-01 23:17:26,745 - INFO - HTTP Request: GET https://www.leier.hu/hu/dokumentumtar/3447 "HTTP/1.1 200 OK"
2025-07-01 23:17:26,746 - INFO - HTTP Request: GET https://www.leier.hu/hu/dokumentumtar/2294 "HTTP/1.1 200 OK"
2025-07-01 23:17:26,751 - INFO - ✅ Downloaded: hu/Részletrajzok/Elemrajzok (DWG, PDF)/Környezettechnika/Olajelválasztók DWG/LOL SUPER 6 KF melléklet/LOL SUPER 6 KF melle_klet.pdf
2025-07-01 23:17:27,090 - INFO - ✅ Downloaded: hu/Termékadatlapok/Kertépítés, díszburkolat/Kerti lapok/PALAIS lapok termékadatlap/PALAIS lapok termékadatlap.pdf
2025-07-01 23:17:27,391 - INFO - ✅ Downloaded: hu/Részletrajzok/Elemrajzok (DWG, PDF)/Környezettechnika/Olajelválasztók DWG/LOL SUPER 15 75 max KF zápor túlfolyóval melléklet/LOL SUPER 15 75 max KF zápor túlfolyóval melléklet.pdf
2025-07-01 23:17:27,683 - INFO - ✅ Downloaded: hu/Termékadatlapok/Liftakna elem - Terméktájékoztató/Liftakna elem - Terméktájékoztató.pdf
2025-07-01 23:17:28,100 - INFO - HTTP Request: GET https://www.leier.hu/hu/dokumentumtar/3339 "HTTP/1.1 200 OK"
2025-07-01 23:17:28,118 - INFO - HTTP Request: GET https://www.leier.hu/hu/dokumentumtar/2678 "HTTP/1.1 200 OK"
2025-07-01 23:17:28,127 - INFO - HTTP Request: GET https://www.leier.hu/hu/dokumentumtar/3972 "HTTP/1.1 200 OK"
2025-07-01 23:17:28,131 - INFO - ✅ Downloaded: hu/Részletrajzok/Elemrajzok (DWG, PDF)/Környezettechnika/Iszapfogók PDF/LIF 200 175 melleklet PDF/LIF 200 175 melleklet PDF.pdf
2025-07-01 23:17:28,494 - INFO - ✅ Downloaded: hu/Arculati elemek/Új Leier logó/Logo_Leier-blue NEW 2024.png/Logo_Leier-blue NEW 2024.png
2025-07-01 23:17:28,496 - INFO - HTTP Request: GET https://www.leier.hu/hu/dokumentumtar/4054 "HTTP/1.1 200 OK"
2025-07-01 23:17:28,803 - INFO - HTTP Request: GET https://www.leier.hu/hu/dokumentumtar/4106 "HTTP/1.1 200 OK"
2025-07-01 23:17:28,809 - INFO - ✅ Downloaded: hu/Termékadatlapok/Magasépítési termékek/Tégla termékek/Leiertherm 20 NF adatlap.pdf/Leiertherm 20 NF adatlap.pdf
2025-07-01 23:17:29,090 - INFO - ✅ Downloaded: hu/Részletrajzok/Csomópontok/Térburkolat részletrajzok/asc/leier-b07b-tereplepcso2/leier-b07b-tereplepcso2.pdf
2025-07-01 23:17:29,387 - INFO - ✅ Downloaded: hu/Szerelési útmutatók/Előregyártott Falak | Wandelemente/Szerelési útmutató | Montageanleitung/HU/Leier előregyártott falak beépítési útmutató/Leier előregyártott falak beépítési útmutató.pdf
2025-07-01 23:17:29,812 - INFO - HTTP Request: GET https://www.leier.hu/hu/dokumentumtar/2500 "HTTP/1.1 200 OK"
2025-07-01 23:17:29,820 - INFO - HTTP Request: GET https://www.leier.hu/hu/dokumentumtar/2591 "HTTP/1.1 200 OK"
2025-07-01 23:17:29,832 - INFO - ✅ Downloaded: hu/Részletrajzok/Csomópontok/Födém részletrajzok/pln/m02a-mesterf-koszoru2/m02a-mesterf-koszoru2.pdf
2025-07-01 23:17:30,151 - INFO - HTTP Request: GET https://www.leier.hu/hu/dokumentumtar/2105 "HTTP/1.1 404 Not Found"
2025-07-01 23:17:30,154 - INFO - HTTP Request: GET https://www.leier.hu/hu/dokumentumtar/2999 "HTTP/1.1 200 OK"
2025-07-01 23:17:30,157 - INFO - HTTP Request: GET https://www.leier.hu/hu/dokumentumtar/3019 "HTTP/1.1 200 OK"
2025-07-01 23:17:30,163 - ERROR - ❌ Failed to download https://www.leier.hu/hu/dokumentumtar/2105: Client error '404 Not Found' for url 'https://www.leier.hu/hu/dokumentumtar/2105'
For more information check: https://developer.mozilla.org/en-US/docs/Web/HTTP/Status/404
2025-07-01 23:17:30,456 - INFO - ✅ Downloaded: hu/Részletrajzok/Csomópontok/Tető részletrajzok/asc/leier-t08a-orom-cserep/leier-t08a-orom-cserep.pdf
2025-07-01 23:17:30,737 - INFO - ✅ Downloaded: hu/Részletrajzok/Elemrajzok (DWG, PDF)/Mélyépítés/Betoncsövek/TA 100 100 - Talpas betoncső hosszmetszet/TA 100 100 - Talpas betoncső hosszmetszet.pdf
2025-07-01 23:17:31,006 - INFO - ✅ Downloaded: hu/Részletrajzok/Elemrajzok (DWG, PDF)/Mélyépítés/Betoncsövek/TOTA 100 200L - Tokos talpas betoncső hosszmetszet függőleges/TOTA 100 200L - Tokos talpas betoncső hosszmetszet függőleges.pdf
2025-07-01 23:17:31,422 - INFO - HTTP Request: GET https://www.leier.hu/hu/dokumentumtar/3885 "HTTP/1.1 200 OK"
2025-07-01 23:17:31,431 - INFO - HTTP Request: GET https://www.leier.hu/hu/dokumentumtar/3761 "HTTP/1.1 200 OK"
2025-07-01 23:17:31,444 - INFO - ✅ Downloaded: hu/Teljesítménynyilatkozatok/Magasépítési termékek/Beton falazóelemek/Zsaluzóelem - Hajdúszoboszló - Teljesítménynyilatkozat LE HA15435-02/Zsaluzóelem - Hajdúszoboszló - Teljesítménynyilatkozat LE HA15435-02.pdf
2025-07-01 23:17:31,732 - INFO - HTTP Request: GET https://www.leier.hu/hu/dokumentumtar/3555 "HTTP/1.1 200 OK"
2025-07-01 23:17:31,734 - INFO - HTTP Request: GET https://www.leier.hu/hu/dokumentumtar/3437 "HTTP/1.1 200 OK"
2025-07-01 23:17:31,735 - INFO - HTTP Request: GET https://www.leier.hu/hu/dokumentumtar/3291 "HTTP/1.1 200 OK"
2025-07-01 23:17:31,739 - INFO - ✅ Downloaded: hu/Termékadatlapok/Kertépítés, díszburkolat/Térkövek/Leier Kaiserstein BALNEUM térkő termékadatlap/Leier Kaiserstein BALNEUM térkő termékadatlap.pdf
2025-07-01 23:17:32,000 - INFO - ✅ Downloaded: hu/Részletrajzok/Elemrajzok (DWG, PDF)/Környezettechnika/Olajelválasztók DWG/LOL SUPER 8 P melléklet/LOL SUPER 8 P melle_klet.pdf
2025-07-01 23:17:32,277 - INFO - ✅ Downloaded: hu/Részletrajzok/Elemrajzok (DWG, PDF)/Környezettechnika/Olajelválasztók PDF/LOL SUPER 6 KF melleklet PDF/LOL SUPER 6 KF melleklet PDF.pdf
2025-07-01 23:17:32,585 - INFO - ✅ Downloaded: hu/Részletrajzok/Elemrajzok (DWG, PDF)/Mélyépítés/Vízelnyelőakna elemek/V AGY 50 10-25-50 L - Víznyelő aknagyűrű vízszintes metszet/V AGY 50 10-25-50 L - Víznyelő aknagyűrű vízszintes metszet.pdf
2025-07-01 23:17:32,876 - INFO - HTTP Request: GET https://www.leier.hu/hu/dokumentumtar/2384 "HTTP/1.1 200 OK"
2025-07-01 23:17:32,879 - INFO - ✅ Downloaded: hu/Részletrajzok/Csomópontok/Fal részletrajzok/pdf/f02-vfal-t-csatlakozas/f02-vfal-t-csatlakozas.pdf
2025-07-01 23:17:33,228 - INFO - HTTP Request: GET https://www.leier.hu/hu/dokumentumtar/2490 "HTTP/1.1 200 OK"
2025-07-01 23:17:33,282 - INFO - ✅ Downloaded: hu/Részletrajzok/Csomópontok/Tető részletrajzok/pdf/t071-tetoablak-fugg/t071-tetoablak-fugg.pdf
2025-07-01 23:17:33,890 - INFO - HTTP Request: GET https://www.leier.hu/hu/dokumentumtar/2630 "HTTP/1.1 200 OK"
2025-07-01 23:17:33,891 - INFO - HTTP Request: GET https://www.leier.hu/hu/dokumentumtar/1976 "HTTP/1.1 200 OK"
2025-07-01 23:17:33,895 - ERROR - ❌ Failed to download https://www.leier.hu/hu/dokumentumtar/1976: [Errno 2] No such file or directory: 'C:\\Users\\Admin\\.cursor\\Lambda\\src\\backend\\src\\downloads\\leier_materials_api\\documents\\hu\\Teljesítménynyilatkozatok\\Magasépítési termékek\\Tégla termékek\\Devecser - Teljesítménynyilatkozatok\\LeierPLAN\\Teljesítménynyilatkozat - LeierFIX univerzális építési ragasztóhab LE HUA148-01.pdf'
2025-07-01 23:17:34,218 - INFO - HTTP Request: GET https://www.leier.hu/hu/dokumentumtar/4011 "HTTP/1.1 200 OK"
2025-07-01 23:17:34,220 - INFO - HTTP Request: GET https://www.leier.hu/hu/dokumentumtar/2995 "HTTP/1.1 200 OK"
2025-07-01 23:17:34,221 - INFO - ✅ Downloaded: hu/Részletrajzok/Csomópontok/Kéregfal részletrajzok/pdf/e03a-falcsatl-szig/e03a-falcsatl-szig.pdf
2025-07-01 23:17:34,562 - INFO - ✅ Downloaded: hu/Részletrajzok/Elemrajzok (DWG, PDF)/Mélyépítés/Betoncsövek/TOTA 40 200L - Tokos talpas betoncső csaposmetszet/TOTA 40 200L - Tokos talpas betoncső csaposmetszet.pdf
2025-07-01 23:17:34,840 - INFO - ✅ Downloaded: hu/Teljesítménynyilatkozatok/Transzportbeton/Transzportbeton - Horitschon -Teljesítménynyilatkozat - LE HOMSZ4798-01/Transzportbeton - Horitschon -Teljesítménynyilatkozat - LE HOMSZ4798-01.pdf
2025-07-01 23:17:35,118 - INFO - HTTP Request: GET https://www.leier.hu/hu/dokumentumtar/2923 "HTTP/1.1 200 OK"
2025-07-01 23:17:35,147 - INFO - ✅ Downloaded: hu/Részletrajzok/Elemrajzok (DWG, PDF)/Mélyépítés/Árokburkoló- és árokelemek/ÁBE 30_40 - 200L - árokburkoló elem - felülnézet/ÁBE 30_40 - 200L - árokburkoló elem - felülnézet.pdf
2025-07-01 23:17:35,422 - INFO - HTTP Request: GET https://www.leier.hu/hu/dokumentumtar/2859 "HTTP/1.1 200 OK"
2025-07-01 23:17:35,423 - INFO - HTTP Request: GET https://www.leier.hu/hu/dokumentumtar/2315 "HTTP/1.1 200 OK"
2025-07-01 23:17:35,424 - INFO - HTTP Request: GET https://www.leier.hu/hu/dokumentumtar/3467 "HTTP/1.1 200 OK"
2025-07-01 23:17:35,429 - INFO - ✅ Downloaded: hu/Termékadatlapok/Kertépítés, díszburkolat/Falazóelemek, kerítéskövek, fedlapok/ANTIK kerítéskő termékadatlap/ANTIK kerítéskő termékadatlap.pdf
2025-07-01 23:17:35,699 - INFO - ✅ Downloaded: hu/Szerelési útmutatók/Üreges Födémpalló | Hohldiele/Teljesítménynyilatkozat | Leistungserklärung/HU/Üreges födémpalló Jánossomorja Teljesítménynyilatkozat/Üreges födémpalló Jánossomorja Teljesítménynyilatkozat.pdf
2025-07-01 23:17:36,019 - INFO - HTTP Request: GET https://www.leier.hu/hu/dokumentumtar/3130 "HTTP/1.1 200 OK"
2025-07-01 23:17:36,021 - INFO - ✅ Downloaded: hu/Részletrajzok/Elemrajzok (DWG, PDF)/Környezettechnika/Olajelválasztók PDF/LOL SUPER 125 P melleklet PDF/LOL SUPER 125 P melleklet PDF.pdf
2025-07-01 23:17:36,296 - INFO - ✅ Downloaded: hu/Részletrajzok/Elemrajzok (DWG, PDF)/Mélyépítés/Kábelcsatorna/KCS vályú irt bal felül/KCS vályú irt bal felül.pdf
2025-07-01 23:17:36,564 - INFO - HTTP Request: GET https://www.leier.hu/hu/dokumentumtar/3409 "HTTP/1.1 200 OK"
2025-07-01 23:17:36,574 - INFO - ✅ Downloaded: hu/Részletrajzok/Elemrajzok (DWG, PDF)/Környezettechnika/Olajelválasztók DWG/LOL SUPER 25 125 max KF zápor túlfolyóval melléklet/LOL SUPER 25 125 max KF zápor túlfolyóval melléklet.pdf
2025-07-01 23:17:36,843 - INFO - HTTP Request: GET https://www.leier.hu/hu/dokumentumtar/2964 "HTTP/1.1 200 OK"
2025-07-01 23:17:36,844 - INFO - HTTP Request: GET https://www.leier.hu/hu/dokumentumtar/3112 "HTTP/1.1 200 OK"
2025-07-01 23:17:36,861 - INFO - ✅ Downloaded: hu/Részletrajzok/Elemrajzok (DWG, PDF)/Mélyépítés/Átemelőakna elemek/AGY_160_115 LG V- Átemelő gyűrű gumigyűrűs végelem/AGY_160_115 LG V- Átemelő gyűrű gumigyűrűs végelem.pdf
2025-07-01 23:17:37,127 - INFO - HTTP Request: GET https://www.leier.hu/hu/dokumentumtar/3340 "HTTP/1.1 200 OK"
2025-07-01 23:17:37,132 - INFO - ✅ Downloaded: hu/Részletrajzok/Elemrajzok (DWG, PDF)/Környezettechnika/Iszapfogók PDF/LIF 160 200 melléklet PDF/LIF 160 200 melléklet PDF.pdf
2025-07-01 23:17:37,132 - INFO - ✅ Downloaded: hu/Részletrajzok/Elemrajzok (DWG, PDF)/Mélyépítés/Kábelcsatorna/KCS vályú teli osztott oldal/KCS vályú teli osztott oldal.pdf
2025-07-01 23:17:37,681 - INFO - HTTP Request: GET https://www.leier.hu/hu/dokumentumtar/4129 "HTTP/1.1 200 OK"
2025-07-01 23:17:37,687 - INFO - ✅ Downloaded: hu/Termékadatlapok/Magasépítési termékek/Beton falazóelemek/Leier beton ZS30 adatlap.pdf/Leier beton ZS30 adatlap.pdf
2025-07-01 23:17:38,090 - INFO - HTTP Request: GET https://www.leier.hu/hu/dokumentumtar/2922 "HTTP/1.1 200 OK"
2025-07-01 23:17:38,146 - INFO - ✅ Downloaded: hu/Részletrajzok/Elemrajzok (DWG, PDF)/Mélyépítés/Árokburkoló- és árokelemek/ÁBE 30_40 - 200L - árokburkoló elem - hosszmetszet/ÁBE 30_40 - 200L - árokburkoló elem - hosszmetszet.pdf
2025-07-01 23:17:38,429 - INFO - HTTP Request: GET https://www.leier.hu/hu/dokumentumtar/2712 "HTTP/1.1 200 OK"
2025-07-01 23:17:38,430 - INFO - HTTP Request: GET https://www.leier.hu/hu/dokumentumtar/3615 "HTTP/1.1 200 OK"
2025-07-01 23:17:38,431 - INFO - HTTP Request: GET https://www.leier.hu/hu/dokumentumtar/2887 "HTTP/1.1 200 OK"
2025-07-01 23:17:38,436 - INFO - ✅ Downloaded: hu/Teljesítménynyilatkozatok/Kertépítés, díszburkolat/Kerti termékek - Jánosháza - Teljesítménynyilatkozat - LE JH13198-01/Kerti termékek - Jánosháza - Teljesítménynyilatkozat - LE JH13198-01.pdf
2025-07-01 23:17:38,436 - INFO - ✅ Downloaded: hu/Részletrajzok/Csomópontok/Mélyépítési részletrajzok/asc/leier-c04-vegyes-csaphornyos/leier-c04-vegyes-csaphornyos.pdf
2025-07-01 23:17:39,019 - INFO - ✅ Downloaded: hu/Részletrajzok/Elemrajzok (DWG, PDF)/Mélyépítés/Árokburkoló- és árokelemek/ÁE 60_35 - 40L - árokburkoló elem - keresztmetszet/ÁE 60_35 - 40L - árokburkoló elem - keresztmetszet.pdf
2025-07-01 23:17:39,369 - INFO - HTTP Request: GET https://www.leier.hu/hu/dokumentumtar/3167 "HTTP/1.1 200 OK"
2025-07-01 23:17:39,406 - INFO - ✅ Downloaded: hu/Részletrajzok/Elemrajzok (DWG, PDF)/Mélyépítés/Keretelemek/LKE 200 - 200 - 100 - Keretelem - hosszmetszet/LKE 200 - 200 - 100 - Keretelem - hosszmetszet.pdf
2025-07-01 23:17:39,837 - INFO - HTTP Request: GET https://www.leier.hu/hu/dokumentumtar/4105 "HTTP/1.1 200 OK"
2025-07-01 23:17:39,838 - INFO - HTTP Request: GET https://www.leier.hu/hu/dokumentumtar/3108 "HTTP/1.1 200 OK"
2025-07-01 23:17:39,845 - INFO - HTTP Request: GET https://www.leier.hu/hu/dokumentumtar/3427 "HTTP/1.1 200 OK"
2025-07-01 23:17:39,846 - INFO - HTTP Request: GET https://www.leier.hu/hu/dokumentumtar/2697 "HTTP/1.1 200 OK"
2025-07-01 23:17:39,851 - INFO - ✅ Downloaded: hu/Termékadatlapok/Magasépítési termékek/Tégla termékek/Leiertherm 10 NF adatlap.pdf/Leiertherm 10 NF adatlap.pdf
2025-07-01 23:17:39,851 - INFO - ✅ Downloaded: hu/Részletrajzok/Elemrajzok (DWG, PDF)/Környezettechnika/Olajelválasztók DWG/LOL SUPER 15 max NF melléklet/LOL SUPER 15 max NF melle_klet.pdf
2025-07-01 23:17:40,464 - INFO - ✅ Downloaded: hu/Részletrajzok/Csomópontok/Mélyépítési részletrajzok/dwg/c01-100-csaphornyos/c01-100-csaphornyos.pdf
2025-07-01 23:17:40,465 - INFO - ✅ Downloaded: hu/Részletrajzok/Elemrajzok (DWG, PDF)/Mélyépítés/Kábelcsatorna/KCS vályú teljes oldal/KCS vályú teljes oldal.pdf
2025-07-01 23:17:41,123 - INFO - HTTP Request: GET https://www.leier.hu/hu/dokumentumtar/3438 "HTTP/1.1 200 OK"
2025-07-01 23:17:41,135 - INFO - HTTP Request: GET https://www.leier.hu/hu/dokumentumtar/3104 "HTTP/1.1 200 OK"
2025-07-01 23:17:41,139 - INFO - HTTP Request: GET https://www.leier.hu/hu/dokumentumtar/3451 "HTTP/1.1 200 OK"
2025-07-01 23:17:41,147 - INFO - ✅ Downloaded: hu/Részletrajzok/Elemrajzok (DWG, PDF)/Környezettechnika/Olajelválasztók DWG/LOL SUPER 8 max P melléklet/LOL SUPER 8 max P melle_klet.pdf
2025-07-01 23:17:41,414 - INFO - HTTP Request: GET https://www.leier.hu/hu/dokumentumtar/1970 "HTTP/1.1 200 OK"
2025-07-01 23:17:41,415 - INFO - HTTP Request: GET https://www.leier.hu/hu/dokumentumtar/3132 "HTTP/1.1 200 OK"
2025-07-01 23:17:41,420 - INFO - ✅ Downloaded: hu/Részletrajzok/Elemrajzok (DWG, PDF)/Környezettechnika/Olajelválasztók DWG/LOL SUPER 3 KF melléklet/LOL SUPER 3 KF melle_klet.pdf
2025-07-01 23:17:41,684 - INFO - ✅ Downloaded: hu/Részletrajzok/Elemrajzok (DWG, PDF)/Mélyépítés/Kábelcsatorna/KCS fedlap irt jobb oldal/KCS fedlap irt jobb oldal.pdf
2025-07-01 23:17:41,955 - INFO - ✅ Downloaded: hu/Teljesítménynyilatkozatok/Magasépítési termékek/Tégla termékek/Devecser - CE-tanúsítványok/Leiertherm/CE - Leiertherm 10 N+F - DE/CE - Leiertherm 10 N_F - DE.pdf
2025-07-01 23:17:42,220 - INFO - HTTP Request: GET https://www.leier.hu/hu/dokumentumtar/2057 "HTTP/1.1 200 OK"
2025-07-01 23:17:42,220 - INFO - ✅ Downloaded: hu/Részletrajzok/Elemrajzok (DWG, PDF)/Mélyépítés/Előfej támfalelemek/LEF 40 1 1.5 előfej/LEF 40 1 1.5 előfej
2025-07-01 23:17:42,493 - INFO - ✅ Downloaded: hu/Teljesítménynyilatkozatok/Magasépítési termékek/Födémrendszerek/Kéregfödém - Kiskunlacháza - Teljesítménynyilatkozat  LE KL13747-03/Kéregfödém - Kiskunlacháza - Teljesítménynyilatkozat  LE KL13747-03.pdf
2025-07-01 23:17:42,867 - INFO - HTTP Request: GET https://www.leier.hu/hu/dokumentumtar/2647 "HTTP/1.1 200 OK"
2025-07-01 23:17:42,872 - INFO - HTTP Request: GET https://www.leier.hu/hu/dokumentumtar/2642 "HTTP/1.1 200 OK"
2025-07-01 23:17:42,892 - INFO - HTTP Request: GET https://www.leier.hu/hu/dokumentumtar/2004 "HTTP/1.1 200 OK"
2025-07-01 23:17:42,899 - INFO - HTTP Request: GET https://www.leier.hu/hu/dokumentumtar/3369 "HTTP/1.1 200 OK"
2025-07-01 23:17:42,900 - INFO - HTTP Request: GET https://www.leier.hu/hu/dokumentumtar/2448 "HTTP/1.1 200 OK"
2025-07-01 23:17:42,903 - INFO - ✅ Downloaded: hu/Részletrajzok/Csomópontok/Kéregfal részletrajzok/asc/leier-e03a-falcsatl-szig/leier-e03a-falcsatl-szig.pdf
2025-07-01 23:17:43,183 - INFO - ✅ Downloaded: hu/Részletrajzok/Elemrajzok (DWG, PDF)/Környezettechnika/Olajelválasztók DWG/LOL SUPER 100 P melléklet/LOL SUPER 100 P melle_klet.pdf
2025-07-01 23:17:43,446 - INFO - ✅ Downloaded: hu/Részletrajzok/Csomópontok/Térburkolat részletrajzok/dwg/b08-tamfal/b08-tamfal.pdf
2025-07-01 23:17:43,714 - ERROR - ❌ Failed to download https://www.leier.hu/hu/dokumentumtar/2004: [Errno 2] No such file or directory: 'C:\\Users\\Admin\\.cursor\\Lambda\\src\\backend\\src\\downloads\\leier_materials_api\\documents\\hu\\Teljesítménynyilatkozatok\\Magasépítési termékek\\Tégla termékek\\Devecser - Teljesítménynyilatkozatok\\Leiertherm\\Teljesítménynyilatkozat - Leiertherm 38 Pro LE DE771-1-23-02.pdf'
2025-07-01 23:17:44,000 - INFO - ✅ Downloaded: hu/Részletrajzok/Csomópontok/Leier Durisol zajárnyékoló falak/PDF/Leier Durisol fal hossz szelvény metszettel/Leier Durisol fal hossz szelvény metszettel.pdf
2025-07-01 23:17:44,267 - INFO - HTTP Request: GET https://www.leier.hu/hu/dokumentumtar/2952 "HTTP/1.1 200 OK"
2025-07-01 23:17:44,419 - INFO - ✅ Downloaded: hu/Részletrajzok/Elemrajzok (DWG, PDF)/Mélyépítés/Átemelőakna elemek/AGY_200_150 LG - Átemelő gyűrű gumigyűrűs/AGY_200_150 LG - Átemelő gyűrű gumigyűrűs.pdf
2025-07-01 23:17:44,827 - INFO - HTTP Request: GET https://www.leier.hu/hu/dokumentumtar/2568 "HTTP/1.1 200 OK"
2025-07-01 23:17:44,847 - INFO - ✅ Downloaded: hu/Részletrajzok/Csomópontok/Födém részletrajzok/dwg/m05b-mesterf-terasz2/m05b-mesterf-terasz2.pdf
2025-07-01 23:17:45,110 - INFO - HTTP Request: GET https://www.leier.hu/hu/dokumentumtar/3937 "HTTP/1.1 200 OK"
2025-07-01 23:17:45,319 - INFO - HTTP Request: GET https://www.leier.hu/hu/dokumentumtar/3277 "HTTP/1.1 200 OK"
2025-07-01 23:17:45,548 - INFO - HTTP Request: GET https://www.leier.hu/hu/dokumentumtar/4126 "HTTP/1.1 200 OK"
2025-07-01 23:17:45,576 - INFO - ✅ Downloaded: hu/Termékadatlapok/Magasépítési termékek/Beton falazóelemek/Leier beton ZS15 adatlap.pdf/Leier beton ZS15 adatlap.pdf
2025-07-01 23:17:46,051 - INFO - ✅ Downloaded: hu/Részletrajzok/Elemrajzok (DWG, PDF)/Mélyépítés/Vasúti peronelemek/Vasúti peronelem - Oldalnézet/Vasúti peronelem - Oldalnézet.pdf
2025-07-01 23:17:46,353 - INFO - HTTP Request: GET https://www.leier.hu/hu/dokumentumtar/3038 "HTTP/1.1 200 OK"
2025-07-01 23:17:46,356 - INFO - ✅ Downloaded: hu/Részletrajzok/Elemrajzok (DWG, PDF)/Mélyépítés/Betontartályok/LBT 5 akna melléklet/LBT 5 akna melle_klet.pdf
2025-07-01 23:17:46,777 - INFO - HTTP Request: GET https://www.leier.hu/hu/dokumentumtar/2609 "HTTP/1.1 200 OK"
2025-07-01 23:17:46,783 - INFO - ✅ Downloaded: hu/Részletrajzok/Csomópontok/Födém részletrajzok/dxf/leier-m02b-mesterf-koszoru3/leier-m02b-mesterf-koszoru3.pdf
2025-07-01 23:17:47,095 - INFO - HTTP Request: GET https://www.leier.hu/hu/dokumentumtar/2513 "HTTP/1.1 200 OK"
2025-07-01 23:17:47,096 - INFO - HTTP Request: GET https://www.leier.hu/hu/dokumentumtar/3083 "HTTP/1.1 200 OK"
2025-07-01 23:17:47,097 - INFO - HTTP Request: GET https://www.leier.hu/hu/dokumentumtar/3966 "HTTP/1.1 200 OK"
2025-07-01 23:17:47,102 - INFO - ✅ Downloaded: hu/Részletrajzok/Csomópontok/Tető részletrajzok/pln/t08a-orom-cserep/t08a-orom-cserep.pdf
2025-07-01 23:17:47,376 - INFO - ✅ Downloaded: hu/Részletrajzok/Elemrajzok (DWG, PDF)/Mélyépítés/Előfej támfalelemek/LEF 50 - Előfej betoncsőhöz - elölnézet/LEF 50 - Előfej betoncsőhöz - elölnézet.pdf
2025-07-01 23:17:47,678 - INFO - ✅ Downloaded: at/Verarbeitungsinfos/Verarbeitungsinfo Sickerpflaster-Systeme/Verarbeitungsinfo Sickerpflaster-Systeme.pdf
2025-07-01 23:17:47,985 - INFO - HTTP Request: GET https://www.leier.hu/hu/dokumentumtar/2543 "HTTP/1.1 200 OK"
2025-07-01 23:17:47,991 - INFO - ✅ Downloaded: hu/Részletrajzok/Csomópontok/Kémény részletrajzok/pln/k05-kemenyatvez-lapost/k05-kemenyatvez-lapost.pdf
2025-07-01 23:17:48,268 - INFO - HTTP Request: GET https://www.leier.hu/hu/dokumentumtar/3186 "HTTP/1.1 200 OK"
2025-07-01 23:17:48,269 - INFO - ✅ Downloaded: at/Verarbeitungsinfos/Verarbeitungsinfo Durchwurfbriefkasten/Verarbeitungsinfo Durchwurfbriefkasten.pdf
2025-07-01 23:17:48,539 - INFO - ✅ Downloaded: hu/Részletrajzok/Elemrajzok (DWG, PDF)/Mélyépítés/Keretelemek/LKE 100 - 100 - 190 - Keret előfej - hosszmetszet/LKE 100 - 100 - 190 - Keret előfej - hosszmetszet.pdf
2025-07-01 23:17:48,800 - INFO - HTTP Request: GET https://www.leier.hu/hu/dokumentumtar/2696 "HTTP/1.1 200 OK"
2025-07-01 23:17:48,809 - INFO - ✅ Downloaded: hu/Részletrajzok/Csomópontok/Mélyépítési részletrajzok/dwg/c02-100-gumigyurus/c02-100-gumigyurus.pdf
2025-07-01 23:17:49,075 - INFO - HTTP Request: GET https://www.leier.hu/hu/dokumentumtar/3804 "HTTP/1.1 200 OK"
2025-07-01 23:17:49,080 - INFO - ✅ Downloaded: at/Verlegemuster/Verlegemuster Parma Pflaster/Verlegemuster Parma Pflaster.pdf
2025-07-01 23:17:49,340 - INFO - HTTP Request: GET https://www.leier.hu/hu/dokumentumtar/3298 "HTTP/1.1 200 OK"
2025-07-01 23:17:49,341 - INFO - HTTP Request: GET https://www.leier.hu/hu/dokumentumtar/2389 "HTTP/1.1 200 OK"
2025-07-01 23:17:49,345 - INFO - ✅ Downloaded: hu/Részletrajzok/Csomópontok/Fal részletrajzok/pln/f09b-zsaluko-alap-tn/f09b-zsaluko-alap-tn.pdf
2025-07-01 23:17:49,671 - INFO - HTTP Request: GET https://www.leier.hu/hu/dokumentumtar/3454 "HTTP/1.1 200 OK"
2025-07-01 23:17:49,676 - INFO - ✅ Downloaded: hu/Részletrajzok/Elemrajzok (DWG, PDF)/Mélyépítés/Vízelnyelőakna elemek/V AFE 50 50 L - Víznyelő akna fenékelem vég függőleges metszet/V AFE 50 50 L - Víznyelő akna fenékelem vég függőleges metszet.pdf
2025-07-01 23:17:49,676 - INFO - ✅ Downloaded: hu/Részletrajzok/Elemrajzok (DWG, PDF)/Környezettechnika/Olajelválasztók DWG/LOL SUPER 1,5 KF melléklet/LOL SUPER 1_5 KF melle_klet.pdf
2025-07-01 23:17:50,540 - INFO - HTTP Request: GET https://www.leier.hu/hu/dokumentumtar/2737 "HTTP/1.1 200 OK"
2025-07-01 23:17:50,545 - INFO - ✅ Downloaded: hu/Részletrajzok/Csomópontok/Kéregelemes födém részletrajzok/pdf/p05a-kpanel-terasz1/p05a-kpanel-terasz1.pdf
2025-07-01 23:17:50,853 - INFO - HTTP Request: GET https://www.leier.hu/hu/dokumentumtar/3573 "HTTP/1.1 200 OK"
2025-07-01 23:17:50,879 - INFO - ✅ Downloaded: hu/Részletrajzok/Elemrajzok (DWG, PDF)/Durisol zajárnyékolás/Durisol panel 496 100 DSI 30 13 W - Metszet/Durisol panel 496 100 DSI 30 13 W - Metszet.pdf
2025-07-01 23:17:51,155 - INFO - HTTP Request: GET https://www.leier.hu/hu/dokumentumtar/2705 "HTTP/1.1 200 OK"
2025-07-01 23:17:51,156 - INFO - HTTP Request: GET https://www.leier.hu/hu/dokumentumtar/2416 "HTTP/1.1 200 OK"
2025-07-01 23:17:51,157 - INFO - HTTP Request: GET https://www.leier.hu/hu/dokumentumtar/3541 "HTTP/1.1 200 OK"
2025-07-01 23:17:51,161 - INFO - ✅ Downloaded: hu/Részletrajzok/Csomópontok/Mélyépítési részletrajzok/pln/c05-nagyatmero-csaphor/c05-nagyatmero-csaphor.pdf
2025-07-01 23:17:51,430 - INFO - HTTP Request: GET https://www.leier.hu/hu/dokumentumtar/3015 "HTTP/1.1 200 OK"
2025-07-01 23:17:51,433 - INFO - ✅ Downloaded: hu/Részletrajzok/Elemrajzok (DWG, PDF)/Környezettechnika/Olajelválasztók PDF/LOL SUPER 10 max P melleklet PDF/LOL SUPER 10 max P melleklet PDF.pdf
2025-07-01 23:17:51,719 - INFO - ✅ Downloaded: hu/Részletrajzok/Csomópontok/Fal részletrajzok/asc/leier-f06b-zsaluko-labazat/leier-f06b-zsaluko-labazat.pdf
2025-07-01 23:17:52,001 - INFO - ✅ Downloaded: hu/Részletrajzok/Elemrajzok (DWG, PDF)/Mélyépítés/Betoncsövek/TA 40 100 - Talpas betoncső hosszmetszet/TA 40 100 - Talpas betoncső hosszmetszet.pdf
2025-07-01 23:17:52,267 - INFO - HTTP Request: GET https://www.leier.hu/hu/dokumentumtar/2301 "HTTP/1.1 200 OK"
2025-07-01 23:17:52,316 - INFO - ✅ Downloaded: hu/Termékadatlapok/Kertépítés, díszburkolat/Rézsűkövek, kiegészítők, virágtartók/Kiemelt szegélykő - Termékadatlap/Kiemelt szegélykő - Termékadatlap.pdf
2025-07-01 23:17:52,589 - INFO - HTTP Request: GET https://www.leier.hu/hu/dokumentumtar/3457 "HTTP/1.1 200 OK"
2025-07-01 23:17:52,591 - INFO - HTTP Request: GET https://www.leier.hu/hu/dokumentumtar/3042 "HTTP/1.1 200 OK"
2025-07-01 23:17:52,592 - INFO - HTTP Request: GET https://www.leier.hu/hu/dokumentumtar/3503 "HTTP/1.1 200 OK"
2025-07-01 23:17:52,598 - INFO - ✅ Downloaded: hu/Részletrajzok/Elemrajzok (DWG, PDF)/Környezettechnika/Olajelválasztók PDF/LOL SUPER 200 max KF melleklet PDF/LOL SUPER 200 max KF melleklet PDF.pdf
2025-07-01 23:17:52,876 - INFO - HTTP Request: GET https://www.leier.hu/hu/dokumentumtar/3128 "HTTP/1.1 200 OK"
2025-07-01 23:17:52,882 - INFO - ✅ Downloaded: hu/Részletrajzok/Elemrajzok (DWG, PDF)/Környezettechnika/Olajelválasztók PDF/LOL SUPER 40 P melleklet PDF/LOL SUPER 40 P melleklet PDF.pdf
2025-07-01 23:17:53,171 - INFO - ✅ Downloaded: hu/Részletrajzok/Elemrajzok (DWG, PDF)/Mélyépítés/Előfej támfalelemek/TFE 80 - Támfalelem oldalnézet/TFE 80 - Támfalelem oldalnézet.pdf
2025-07-01 23:17:53,512 - INFO - ✅ Downloaded: hu/Részletrajzok/Elemrajzok (DWG, PDF)/Mélyépítés/Kábelcsatorna/KCS vályú irt bal oldal/KCS vályú irt bal oldal.pdf
2025-07-01 23:17:53,824 - INFO - HTTP Request: GET https://www.leier.hu/hu/dokumentumtar/2392 "HTTP/1.1 200 OK"
2025-07-01 23:17:53,836 - INFO - ✅ Downloaded: hu/Részletrajzok/Csomópontok/Fal részletrajzok/pln/f07-belsofofal-alapozas/f07-belsofofal-alapozas.pdf
2025-07-01 23:17:54,129 - INFO - HTTP Request: GET https://www.leier.hu/hu/dokumentumtar/2035 "HTTP/1.1 200 OK"
2025-07-01 23:17:54,132 - ERROR - ❌ Failed to download https://www.leier.hu/hu/dokumentumtar/2035: [Errno 2] No such file or directory: 'C:\\Users\\Admin\\.cursor\\Lambda\\src\\backend\\src\\downloads\\leier_materials_api\\documents\\hu\\Teljesítménynyilatkozatok\\Magasépítési termékek\\Tégla termékek\\Mátraderecske - Teljesítménynyilatkozatok\\Teljesítménynyilatkozat - Leiertherm 250\\120\\Teljesítménynyilatkozat - Leiertherm 250_120_65 kevéslyukú LE MD771-1-09-03.pdf'
2025-07-01 23:17:54,395 - INFO - HTTP Request: GET https://www.leier.hu/hu/dokumentumtar/3031 "HTTP/1.1 200 OK"
2025-07-01 23:17:54,419 - INFO - ✅ Downloaded: hu/Részletrajzok/Elemrajzok (DWG, PDF)/Mélyépítés/Betontartályok/LBT 2 - Betontartály függőleges metszet/LBT 2 - Betontartály függőleges metszet.pdf
2025-07-01 23:17:54,767 - INFO - HTTP Request: GET https://www.leier.hu/hu/dokumentumtar/3389 "HTTP/1.1 200 OK"
2025-07-01 23:17:54,769 - INFO - HTTP Request: GET https://www.leier.hu/hu/dokumentumtar/3091 "HTTP/1.1 200 OK"
2025-07-01 23:17:54,770 - INFO - HTTP Request: GET https://www.leier.hu/hu/dokumentumtar/4122 "HTTP/1.1 200 OK"
2025-07-01 23:17:54,774 - INFO - ✅ Downloaded: hu/Termékadatlapok/Magasépítési termékek/Beton falazóelemek/Leier beton pillérzsalu 30 adatlap.pdf/Leier beton pillérzsalu 30 adatlap.pdf
2025-07-01 23:17:55,041 - INFO - HTTP Request: GET https://www.leier.hu/hu/dokumentumtar/3051 "HTTP/1.1 200 OK"
2025-07-01 23:17:55,045 - INFO - ✅ Downloaded: hu/Részletrajzok/Elemrajzok (DWG, PDF)/Környezettechnika/Olajelválasztók DWG/LOL SUPER 50 250 P zápor túlfolyóval melléklet/LOL SUPER 50 250 P zápor túlfolyóval melléklet.pdf
2025-07-01 23:17:55,311 - INFO - ✅ Downloaded: hu/Részletrajzok/Elemrajzok (DWG, PDF)/Mélyépítés/Előfej támfalelemek/LEF 30 - Tömbelőfej betoncsőhöz - hátulnézet/LEF 30 - Tömbelőfej betoncsőhöz - hátulnézet.pdf
2025-07-01 23:17:55,577 - INFO - ✅ Downloaded: hu/Részletrajzok/Elemrajzok (DWG, PDF)/Mélyépítés/Előfej támfalelemek/TFE 60 - Támfalelem elölnézet/TFE 60 - Támfalelem elölnézet.pdf
2025-07-01 23:17:55,848 - INFO - HTTP Request: GET https://www.leier.hu/hu/dokumentumtar/3394 "HTTP/1.1 200 OK"
2025-07-01 23:17:55,858 - INFO - ✅ Downloaded: hu/Részletrajzok/Elemrajzok (DWG, PDF)/Környezettechnika/Olajelválasztók DWG/LOL SUPER 50 max NF melléklet/LOL SUPER 50 max NF melle_klet.pdf
2025-07-01 23:17:56,147 - INFO - HTTP Request: GET https://www.leier.hu/hu/dokumentumtar/3524 "HTTP/1.1 200 OK"
2025-07-01 23:17:56,160 - INFO - ✅ Downloaded: hu/Részletrajzok/Elemrajzok (DWG, PDF)/Környezettechnika/Olajelválasztók PDF/LOL SUPER 20 NF melleklet PDF/LOL SUPER 20 NF melleklet PDF.pdf
2025-07-01 23:17:56,436 - INFO - HTTP Request: GET https://www.leier.hu/hu/dokumentumtar/4099 "HTTP/1.1 200 OK"
2025-07-01 23:17:56,437 - INFO - HTTP Request: GET https://www.leier.hu/hu/dokumentumtar/3077 "HTTP/1.1 200 OK"
2025-07-01 23:17:56,441 - INFO - ✅ Downloaded: hu/Termékadatlapok/Magasépítési termékek/Tégla termékek/LeierPlan 30 Pro adatlap.pdf/LeierPlan 30 Pro adatlap.pdf
2025-07-01 23:17:56,771 - INFO - HTTP Request: GET https://www.leier.hu/hu/dokumentumtar/4123 "HTTP/1.1 200 OK"
2025-07-01 23:17:56,784 - INFO - ✅ Downloaded: hu/Részletrajzok/Elemrajzok (DWG, PDF)/Mélyépítés/Előfej támfalelemek/LEF 60 - Előfej betoncsőhöz - elölnézet/LEF 60 - Előfej betoncsőhöz - elölnézet.pdf
2025-07-01 23:17:56,784 - INFO - ✅ Downloaded: hu/Termékadatlapok/Magasépítési termékek/Beton falazóelemek/Leier beton pillérzsalu 40 adatlap.pdf/Leier beton pillérzsalu 40 adatlap.pdf
2025-07-01 23:17:57,447 - INFO - HTTP Request: GET https://www.leier.hu/hu/dokumentumtar/2934 "HTTP/1.1 200 OK"
2025-07-01 23:17:57,469 - INFO - ✅ Downloaded: hu/Részletrajzok/Elemrajzok (DWG, PDF)/Mélyépítés/Átemelőakna elemek/AGY_240_200 LG V- Átemelő gyűrű gumigyűrűs végelem/AGY_240_200 LG V- Átemelő gyűrű gumigyűrűs végelem.pdf
2025-07-01 23:17:57,750 - INFO - HTTP Request: GET https://www.leier.hu/hu/dokumentumtar/2846 "HTTP/1.1 200 OK"
2025-07-01 23:17:57,751 - INFO - HTTP Request: GET https://www.leier.hu/hu/dokumentumtar/3006 "HTTP/1.1 200 OK"
2025-07-01 23:17:57,767 - INFO - ✅ Downloaded: hu/Szerelési útmutatók/Mesterpanel | Elementdecke/Teljesítménynilatkozat | Leistungserklärung/DE/Elementdecke Horitschon Leistungserklärung/Elementdecke Horitschon Leistungserklärung.pdf
2025-07-01 23:17:58,093 - INFO - HTTP Request: GET https://www.leier.hu/hu/dokumentumtar/3243 "HTTP/1.1 200 OK"
2025-07-01 23:17:58,097 - INFO - ✅ Downloaded: hu/Részletrajzok/Elemrajzok (DWG, PDF)/Mélyépítés/Betoncsövek/TO 30 200L - Tokos betoncső hosszmetszet/TO 30 200L - Tokos betoncső hosszmetszet.pdf
2025-07-01 23:17:58,366 - INFO - ✅ Downloaded: hu/Részletrajzok/Elemrajzok (DWG, PDF)/Mélyépítés/Tisztítóakna elemek/Aknagyűrűk/AGY 100 LG/AGY 100 LG.pdf
2025-07-01 23:17:58,647 - INFO - HTTP Request: GET https://www.leier.hu/hu/dokumentumtar/2864 "HTTP/1.1 200 OK"
2025-07-01 23:17:58,690 - INFO - ✅ Downloaded: hu/Szerelési útmutatók/Lépcső | Treppe/Szerelési útmutató | Montageanleitung/DE/Leier Stahbetontreppe Montageanleitung/Leier Stahbetontreppe Montageanleitung.pdf
2025-07-01 23:17:58,970 - INFO - HTTP Request: GET https://www.leier.hu/hu/dokumentumtar/2238 "HTTP/1.1 200 OK"
2025-07-01 23:17:58,971 - INFO - HTTP Request: GET https://www.leier.hu/hu/dokumentumtar/2641 "HTTP/1.1 200 OK"
2025-07-01 23:17:58,977 - INFO - ✅ Downloaded: hu/Részletrajzok/Csomópontok/Kéregfal részletrajzok/asc/leier-e03b-pincefal-szig/leier-e03b-pincefal-szig.pdf
2025-07-01 23:17:59,246 - INFO - HTTP Request: GET https://www.leier.hu/hu/dokumentumtar/1963 "HTTP/1.1 200 OK"
2025-07-01 23:17:59,247 - INFO - HTTP Request: GET https://www.leier.hu/hu/dokumentumtar/2032 "HTTP/1.1 200 OK"
2025-07-01 23:17:59,251 - INFO - ✅ Downloaded: hu/Teljesítménynyilatkozatok/Magasépítési termékek/Tégla termékek/Devecser - CE-tanúsítványok/LeierPLAN/CE- LeierPLAN 10 N+F - DE/CE- LeierPLAN 10 N_F - DE.pdf
2025-07-01 23:17:59,518 - INFO - ✅ Downloaded: hu/Teljesítménynyilatkozatok/Magasépítési termékek/Tégla termékek/Mátraderecske - Teljesítménynyilatkozatok/Teljesítménynyilatkozat - Leiertherm 38 N+F LE MD771-1-02-04/Teljesítménynyilatkozat - Leiertherm 38 N_F LE MD771-1-02-04.pdf
2025-07-01 23:17:59,830 - INFO - ✅ Downloaded: hu/Termékadatlapok/Magasépítési termékek/Durisol falazóelemek/Durisol hőszigetelt falazóelem DM 15/9 Dr - Termékadatlap/Durisol hőszigetelt falazóelem DM 15_9 Dr - Termékadatlap.pdf
2025-07-01 23:18:00,218 - INFO - HTTP Request: GET https://www.leier.hu/hu/dokumentumtar/2669 "HTTP/1.1 200 OK"
2025-07-01 23:18:00,227 - INFO - HTTP Request: GET https://www.leier.hu/hu/dokumentumtar/3161 "HTTP/1.1 200 OK"
2025-07-01 23:18:00,235 - INFO - ✅ Downloaded: hu/Részletrajzok/Csomópontok/Térburkolat részletrajzok/pln/b07b-tereplepcso2/b07b-tereplepcso2.pdf
2025-07-01 23:18:00,495 - INFO - HTTP Request: GET https://www.leier.hu/hu/dokumentumtar/3060 "HTTP/1.1 200 OK"
2025-07-01 23:18:00,496 - INFO - HTTP Request: GET https://www.leier.hu/hu/dokumentumtar/3117 "HTTP/1.1 200 OK"
2025-07-01 23:18:00,497 - INFO - HTTP Request: GET https://www.leier.hu/hu/dokumentumtar/3256 "HTTP/1.1 200 OK"
2025-07-01 23:18:00,502 - INFO - ✅ Downloaded: hu/Részletrajzok/Elemrajzok (DWG, PDF)/Mélyépítés/Kábelcsatorna/KCS elválasztó egyenes/KCS elva_laszto_ egyenes.pdf
2025-07-01 23:18:00,801 - INFO - ✅ Downloaded: hu/Részletrajzok/Elemrajzok (DWG, PDF)/Mélyépítés/Kábelcsatorna/KCS vályú könnyített hosszmetszet/KCS vályú könnyített hosszmetszet.pdf
2025-07-01 23:18:00,801 - INFO - ✅ Downloaded: hu/Részletrajzok/Elemrajzok (DWG, PDF)/Mélyépítés/Előfej támfalelemek/TFE 40 - Támfalelem felülnézet/TFE 40 - Támfalelem felülnézet.pdf
2025-07-01 23:18:01,407 - INFO - ✅ Downloaded: hu/Részletrajzok/Elemrajzok (DWG, PDF)/Mélyépítés/Tisztítóakna elemek/Akna fenékelemek/AFE 100 - 75 L KN - Akna fenékelem künet nélkül - függőleges metszet/AFE 100 - 75 L KN - Akna fenékelem künet nélkül - függőleges metszet.pdf
2025-07-01 23:18:01,782 - INFO - HTTP Request: GET https://www.leier.hu/hu/dokumentumtar/3420 "HTTP/1.1 200 OK"
2025-07-01 23:18:01,789 - INFO - ✅ Downloaded: hu/Részletrajzok/Elemrajzok (DWG, PDF)/Környezettechnika/Olajelválasztók DWG/LOL SUPER 20 max KF melléklet/LOL SUPER 20 max KF melle_klet.pdf
2025-07-01 23:18:02,249 - INFO - HTTP Request: GET https://www.leier.hu/hu/dokumentumtar/3941 "HTTP/1.1 200 OK"
2025-07-01 23:18:02,255 - INFO - HTTP Request: GET https://www.leier.hu/hu/dokumentumtar/2998 "HTTP/1.1 200 OK"
2025-07-01 23:18:02,260 - INFO - HTTP Request: GET https://www.leier.hu/hu/dokumentumtar/3314 "HTTP/1.1 200 OK"
2025-07-01 23:18:02,282 - INFO - HTTP Request: GET https://www.leier.hu/hu/dokumentumtar/2553 "HTTP/1.1 200 OK"
2025-07-01 23:18:02,294 - INFO - HTTP Request: GET https://www.leier.hu/hu/dokumentumtar/3902 "HTTP/1.1 200 OK"
2025-07-01 23:18:02,309 - INFO - ✅ Downloaded: at/Verarbeitungsinfos/Verarbeitungsinfo Mauern + Abdeckplatten/Verarbeitungsinfo Mauern _ Abdeckplatten.pdf
2025-07-01 23:18:02,617 - INFO - ✅ Downloaded: hu/Részletrajzok/Elemrajzok (DWG, PDF)/Mélyépítés/Betoncsövek/TOTA 100 200L - Tokos talpas betoncső hosszmetszet vízszintes/TOTA 100 200L - Tokos talpas betoncső hosszmetszet vízszintes.pdf
2025-07-01 23:18:02,912 - INFO - ✅ Downloaded: hu/Részletrajzok/Csomópontok/Kémény részletrajzok/asc/leier-k02b-kemeny-fodemattor2/leier-k02b-kemeny-fodemattor2.pdf
2025-07-01 23:18:03,252 - INFO - ✅ Downloaded: hu/Részletrajzok/Elemrajzok (DWG, PDF)/Környezettechnika/Iszapfogók DWG/LIF 240 215L Iszapfogó - függőleges metszet/LIF 240 215L Iszapfogó - függőleges metszet.pdf
2025-07-01 23:18:03,702 - INFO - HTTP Request: GET https://www.leier.hu/hu/dokumentumtar/3483 "HTTP/1.1 200 OK"
2025-07-01 23:18:03,725 - INFO - HTTP Request: GET https://www.leier.hu/hu/dokumentumtar/2636 "HTTP/1.1 200 OK"
2025-07-01 23:18:03,733 - INFO - HTTP Request: GET https://www.leier.hu/hu/dokumentumtar/3382 "HTTP/1.1 200 OK"
2025-07-01 23:18:03,748 - INFO - ✅ Downloaded: hu/Részletrajzok/Csomópontok/Kéregfal részletrajzok/pln/e03b-pincefal-szig/e03b-pincefal-szig.pdf
2025-07-01 23:18:04,102 - INFO - HTTP Request: GET https://www.leier.hu/hu/dokumentumtar/4111 "HTTP/1.1 200 OK"
2025-07-01 23:18:04,102 - INFO - ✅ Downloaded: hu/Részletrajzok/Elemrajzok (DWG, PDF)/Környezettechnika/Olajelválasztók PDF/LOL SUPER 80 max NF melleklet PDF/LOL SUPER 80 max NF melleklet PDF.pdf
2025-07-01 23:18:04,403 - INFO - ✅ Downloaded: hu/Termékadatlapok/Magasépítési termékek/Tégla termékek/Leiertherm 30 NF AKU adatlap.pdf/Leiertherm 30 NF AKU adatlap.pdf
2025-07-01 23:18:04,670 - INFO - ✅ Downloaded: hu/Részletrajzok/Elemrajzok (DWG, PDF)/Környezettechnika/Olajelválasztók DWG/LOL SUPER 60 300 KF zápor túlfolyóval melléklet/LOL SUPER 60 300 KF zápor túlfolyóval melléklet.pdf
2025-07-01 23:18:05,003 - INFO - ✅ Downloaded: hu/Prospektusok/Leier kémények - Prospektus/Leier kémények - Prospektus.pdf
2025-07-01 23:18:05,282 - INFO - HTTP Request: GET https://www.leier.hu/hu/dokumentumtar/3518 "HTTP/1.1 200 OK"
2025-07-01 23:18:05,289 - INFO - ✅ Downloaded: hu/Részletrajzok/Elemrajzok (DWG, PDF)/Környezettechnika/Olajelválasztók PDF/LOL SUPER 25 NF melleklet PDF/LOL SUPER 25 NF melleklet PDF.pdf
2025-07-01 23:18:05,551 - INFO - HTTP Request: GET https://www.leier.hu/hu/dokumentumtar/3650 "HTTP/1.1 200 OK"
2025-07-01 23:18:05,645 - INFO - HTTP Request: GET https://www.leier.hu/hu/dokumentumtar/2421 "HTTP/1.1 200 OK"
2025-07-01 23:18:05,660 - INFO - ✅ Downloaded: hu/Részletrajzok/Csomópontok/Fal részletrajzok/dxf/Leier f10b-belso-zsalu-alap1/Leier f10b-belso-zsalu-alap1.pdf
2025-07-01 23:18:05,921 - INFO - HTTP Request: GET https://www.leier.hu/hu/dokumentumtar/2541 "HTTP/1.1 200 OK"
2025-07-01 23:18:05,922 - INFO - HTTP Request: GET https://www.leier.hu/hu/dokumentumtar/2959 "HTTP/1.1 200 OK"
2025-07-01 23:18:05,923 - INFO - HTTP Request: GET https://www.leier.hu/hu/dokumentumtar/2363 "HTTP/1.1 200 OK"
2025-07-01 23:18:05,929 - INFO - ✅ Downloaded: hu/Részletrajzok/Csomópontok/Kémény részletrajzok/pdf/k02a-kemeny-fodemattor1/k02a-kemeny-fodemattor1.pdf
2025-07-01 23:18:06,190 - INFO - ✅ Downloaded: hu/Részletrajzok/Csomópontok/Fal részletrajzok/dwg/f06b-zsaluko-labazat/f06b-zsaluko-labazat.pdf
2025-07-01 23:18:06,460 - INFO - ✅ Downloaded: hu/Részletrajzok/Elemrajzok (DWG, PDF)/Mélyépítés/Átemelőakna elemek/AGY_160_175 LG V- Átemelő gyűrű gumigyűrűs végelem/AGY_160_175 LG V- Átemelő gyűrű gumigyűrűs végelem.pdf
2025-07-01 23:18:06,896 - INFO - HTTP Request: GET https://www.leier.hu/hu/dokumentumtar/2729 "HTTP/1.1 200 OK"
2025-07-01 23:18:06,914 - INFO - HTTP Request: GET https://www.leier.hu/hu/dokumentumtar/3124 "HTTP/1.1 200 OK"
2025-07-01 23:18:06,923 - INFO - ✅ Downloaded: hu/Részletrajzok/Csomópontok/Kéregelemes födém részletrajzok/dwg/p02c-kpanel-koszoru4/p02c-kpanel-koszoru4.pdf
2025-07-01 23:18:07,264 - INFO - HTTP Request: GET https://www.leier.hu/hu/dokumentumtar/3840 "HTTP/1.1 200 OK"
2025-07-01 23:18:07,266 - INFO - HTTP Request: GET https://www.leier.hu/hu/dokumentumtar/3248 "HTTP/1.1 200 OK"
2025-07-01 23:18:07,272 - INFO - ✅ Downloaded: hu/Teljesítménynyilatkozatok/Magasépítési termékek/Beton falazóelemek/UNI pincefalazó - Jánosháza - Teljesítménynyilatkozat LE JH771-3-UNI-02/UNI pincefalazó - Jánosháza - Teljesítménynyilatkozat LE JH771-3-UNI-02.pdf
2025-07-01 23:18:07,554 - INFO - ✅ Downloaded: hu/Részletrajzok/Elemrajzok (DWG, PDF)/Mélyépítés/Kábelcsatorna/KCS vályú irt jobb oldal/KCS vályú irt jobb oldal.pdf
2025-07-01 23:18:07,821 - INFO - ✅ Downloaded: hu/Részletrajzok/Elemrajzok (DWG, PDF)/Mélyépítés/Tisztítóakna elemek/Akna fenékelemek/AFE 80 - 50 L K - Akna fenékelem künettel - függőleges metszet/AFE 80 - 50 L K - Akna fenékelem künettel - függőleges metszet.pdf
2025-07-01 23:18:08,220 - INFO - HTTP Request: GET https://www.leier.hu/hu/dokumentumtar/3583 "HTTP/1.1 200 OK"
2025-07-01 23:18:08,233 - INFO - HTTP Request: GET https://www.leier.hu/hu/dokumentumtar/4165 "HTTP/1.1 200 OK"
2025-07-01 23:18:08,261 - INFO - HTTP Request: GET https://www.leier.hu/hu/dokumentumtar/3858 "HTTP/1.1 200 OK"
2025-07-01 23:18:08,271 - INFO - HTTP Request: GET https://www.leier.hu/hu/dokumentumtar/1903 "HTTP/1.1 200 OK"
2025-07-01 23:18:08,274 - INFO - ✅ Downloaded: hu/Éves energetikai szakreferensi riportok/Éves energetikai szakreferensi riport 2024 LCC/Éves energetikai szakreferensi riport 2024 LCC.pdf
2025-07-01 23:18:08,548 - INFO - ✅ Downloaded: hu/Részletrajzok/Elemrajzok (DWG, PDF)/Durisol zajárnyékolás/Durisol panel 396 100 hálós - Elölnézet/Durisol panel 396 100 hálós - Elölnézet.pdf
2025-07-01 23:18:08,911 - INFO - ✅ Downloaded: hu/Teljesítménynyilatkozatok/Kertépítés, díszburkolat/Kerti termékek - Pécs - Teljesítménynyilatkozat - LE PE13198-01/Kerti termékek - Pécs - Teljesítménynyilatkozat - LE PE13198-01.pdf
2025-07-01 23:18:09,317 - INFO - ✅ Downloaded: hu/Prospektusok/Leier előregyártott sorompó kapcsolóház - Prospektus/Leier előregyártott sorompó kapcsolóház - Prospektus.pdf
2025-07-01 23:18:09,799 - INFO - HTTP Request: GET https://www.leier.hu/hu/dokumentumtar/3593 "HTTP/1.1 200 OK"
2025-07-01 23:18:09,809 - INFO - HTTP Request: GET https://www.leier.hu/hu/dokumentumtar/3544 "HTTP/1.1 200 OK"
2025-07-01 23:18:09,812 - INFO - HTTP Request: GET https://www.leier.hu/hu/dokumentumtar/2902 "HTTP/1.1 200 OK"
2025-07-01 23:18:09,818 - INFO - HTTP Request: GET https://www.leier.hu/hu/dokumentumtar/2582 "HTTP/1.1 200 OK"
2025-07-01 23:18:09,864 - INFO - ✅ Downloaded: hu/Részletrajzok/Csomópontok/Födém részletrajzok/pdf/m02b-mesterf-koszoru3/m02b-mesterf-koszoru3.pdf
2025-07-01 23:18:10,240 - INFO - ✅ Downloaded: hu/Részletrajzok/Elemrajzok (DWG, PDF)/Környezettechnika/Olajelválasztók PDF/LOL SUPER 8 80 KF zapor tulfolyoval melleklet PDF/LOL SUPER 8 80 KF zapor tulfolyoval melleklet PDF.pdf
2025-07-01 23:18:10,549 - INFO - ✅ Downloaded: hu/Részletrajzok/Elemrajzok (DWG, PDF)/Durisol zajárnyékolás/Durisol panel 296 125 hálós - Elölnézet/Durisol panel 296 125 hálós - Elölnézet.pdf
2025-07-01 23:18:11,173 - INFO - ✅ Downloaded: hu/Részletrajzok/Elemrajzok (DWG, PDF)/Mélyépítés/Árokburkoló- és árokelemek/ÁBE F 30_40 - 50L - fedlap - felülnézet/ÁBE F 30_40 - 50L - fedlap - felülnézet.pdf
2025-07-01 23:18:11,629 - INFO - HTTP Request: GET https://www.leier.hu/hu/dokumentumtar/3258 "HTTP/1.1 200 OK"
2025-07-01 23:18:11,647 - INFO - HTTP Request: GET https://www.leier.hu/hu/dokumentumtar/1996 "HTTP/1.1 200 OK"
2025-07-01 23:18:11,666 - INFO - HTTP Request: GET https://www.leier.hu/hu/dokumentumtar/2130 "HTTP/1.1 404 Not Found"
2025-07-01 23:18:11,687 - INFO - HTTP Request: GET https://www.leier.hu/hu/dokumentumtar/2624 "HTTP/1.1 200 OK"
2025-07-01 23:18:11,690 - ERROR - ❌ Failed to download https://www.leier.hu/hu/dokumentumtar/1996: [Errno 2] No such file or directory: 'C:\\Users\\Admin\\.cursor\\Lambda\\src\\backend\\src\\downloads\\leier_materials_api\\documents\\hu\\Teljesítménynyilatkozatok\\Magasépítési termékek\\Tégla termékek\\Devecser - Teljesítménynyilatkozatok\\LeierPLAN\\Teljesítménynyilatkozat - LeierPLAN 10\\Teljesítménynyilatkozat - LeierPLAN 10_50 N_F - DE LE DE771-1-16-03.pdf'
2025-07-01 23:18:12,222 - INFO - ✅ Downloaded: hu/Részletrajzok/Elemrajzok (DWG, PDF)/Mélyépítés/Tisztítóakna elemek/Akna fenékelemek/AFE 100 - 50 LG K - Akna fenékelem gumigyűrűs künettel - függőleges metszet/AFE 100 - 50 LG K - Akna fenékelem gumigyűrűs künettel - függőleges metszet.pdf
2025-07-01 23:18:12,621 - ERROR - ❌ Failed to download https://www.leier.hu/hu/dokumentumtar/2130: Client error '404 Not Found' for url 'https://www.leier.hu/hu/dokumentumtar/2130'
For more information check: https://developer.mozilla.org/en-US/docs/Web/HTTP/Status/404
2025-07-01 23:18:13,037 - INFO - HTTP Request: GET https://www.leier.hu/hu/dokumentumtar/4102 "HTTP/1.1 200 OK"
2025-07-01 23:18:13,040 - INFO - HTTP Request: GET https://www.leier.hu/hu/dokumentumtar/3925 "HTTP/1.1 200 OK"
2025-07-01 23:18:13,058 - INFO - ✅ Downloaded: hu/Termékadatlapok/Magasépítési termékek/Tégla termékek/LeierPlan 45 NF adatlap.pdf/LeierPlan 45 NF adatlap.pdf
2025-07-01 23:18:13,384 - INFO - HTTP Request: GET https://www.leier.hu/hu/dokumentumtar/2495 "HTTP/1.1 200 OK"
2025-07-01 23:18:13,392 - INFO - ✅ Downloaded: hu/Részletrajzok/Csomópontok/Tető részletrajzok/pdf/t02-gerinc/t02-gerinc.pdf
2025-07-01 23:18:13,713 - INFO - ✅ Downloaded: at/Aufbauanleitungen/Aufbauanleitung Architektur Hochbeet Set Basilikum/Aufbauanleitung Architektur Hochbeet Set Basilikum.pdf
2025-07-01 23:18:14,126 - INFO - HTTP Request: GET https://www.leier.hu/hu/dokumentumtar/2241 "HTTP/1.1 200 OK"
2025-07-01 23:18:14,135 - INFO - HTTP Request: GET https://www.leier.hu/hu/dokumentumtar/3492 "HTTP/1.1 200 OK"
2025-07-01 23:18:14,136 - INFO - HTTP Request: GET https://www.leier.hu/hu/dokumentumtar/2534 "HTTP/1.1 200 OK"
2025-07-01 23:18:14,202 - INFO - ✅ Downloaded: hu/Részletrajzok/Csomópontok/Kémény részletrajzok/dwg/k02a-kemeny-fodemattor1/k02a-kemeny-fodemattor1.pdf
2025-07-01 23:18:14,512 - INFO - ✅ Downloaded: hu/Részletrajzok/Elemrajzok (DWG, PDF)/Környezettechnika/Olajelválasztók PDF/LOL SUPER 60 max KF melleklet PDF/LOL SUPER 60 max KF melleklet PDF.pdf
2025-07-01 23:18:14,779 - INFO - ✅ Downloaded: hu/Termékadatlapok/Magasépítési termékek/Durisol falazóelemek/Durisol hanggátló falazóelem DMi 25/18 - Termékadatlap/Durisol hanggátló falazóelem DMi 25_18 - Termékadatlap.pdf
2025-07-01 23:18:15,228 - INFO - HTTP Request: GET https://www.leier.hu/hu/dokumentumtar/2251 "HTTP/1.1 200 OK"
2025-07-01 23:18:15,233 - INFO - HTTP Request: GET https://www.leier.hu/hu/dokumentumtar/2685 "HTTP/1.1 200 OK"
2025-07-01 23:18:15,257 - INFO - HTTP Request: GET https://www.leier.hu/hu/dokumentumtar/3242 "HTTP/1.1 200 OK"
2025-07-01 23:18:15,293 - INFO - ✅ Downloaded: hu/Részletrajzok/Csomópontok/Térburkolat részletrajzok/asc/leier-b02-szegely2/leier-b02-szegely2.pdf
2025-07-01 23:18:15,610 - INFO - ✅ Downloaded: hu/Termékadatlapok/Kéményrendszerek/Multikeram kéményrendszer - Termékadatlap/Multikeram kéményrendszer - Termékadatlap.pdf
2025-07-01 23:18:15,886 - INFO - ✅ Downloaded: hu/Részletrajzok/Elemrajzok (DWG, PDF)/Mélyépítés/Tisztítóakna elemek/Aknagyűrűk/AGY 100 L - Aknagyűrű - vízszintes metszet/AGY 100 L - Aknagyűrű - vízszintes metszet.pdf
2025-07-01 23:18:16,313 - INFO - HTTP Request: GET https://www.leier.hu/hu/dokumentumtar/3026 "HTTP/1.1 200 OK"
2025-07-01 23:18:16,343 - INFO - HTTP Request: GET https://www.leier.hu/hu/dokumentumtar/2693 "HTTP/1.1 200 OK"
2025-07-01 23:18:16,344 - INFO - HTTP Request: GET https://www.leier.hu/hu/dokumentumtar/3181 "HTTP/1.1 200 OK"
2025-07-01 23:18:16,402 - INFO - ✅ Downloaded: hu/Részletrajzok/Csomópontok/Mélyépítési részletrajzok/dwg/c05-nagyatmero-csaphor/c05-nagyatmero-csaphor.pdf
2025-07-01 23:18:16,673 - INFO - ✅ Downloaded: hu/Részletrajzok/Elemrajzok (DWG, PDF)/Mélyépítés/Keretelemek/LKE 120 - 120 - 110 - Keret előfej végelem - felülnézet/LKE 120 - 120 - 110 - Keret előfej végelem - felülnézet.pdf
2025-07-01 23:18:16,931 - INFO - ✅ Downloaded: hu/Részletrajzok/Elemrajzok (DWG, PDF)/Mélyépítés/Betontartályok/LBT 4 - Betontartály vízszintes metszet/LBT 4 - Betontartály vízszintes metszet.pdf
2025-07-01 23:18:17,188 - INFO - ✅ Downloaded: hu/Részletrajzok/Csomópontok/Kéregfal részletrajzok/pdf/e01-keregfal-alaplemez-j/e01-keregfal-alaplemez-j.pdf
2025-07-01 23:18:17,572 - INFO - HTTP Request: GET https://www.leier.hu/hu/dokumentumtar/3365 "HTTP/1.1 200 OK"
2025-07-01 23:18:17,588 - INFO - HTTP Request: GET https://www.leier.hu/hu/dokumentumtar/3094 "HTTP/1.1 200 OK"
2025-07-01 23:18:17,595 - INFO - HTTP Request: GET https://www.leier.hu/hu/dokumentumtar/2508 "HTTP/1.1 200 OK"
2025-07-01 23:18:17,599 - INFO - HTTP Request: GET https://www.leier.hu/hu/dokumentumtar/2893 "HTTP/1.1 200 OK"
2025-07-01 23:18:17,615 - INFO - ✅ Downloaded: hu/Részletrajzok/Elemrajzok (DWG, PDF)/Környezettechnika/Olajelválasztók DWG/LOL SUPER 125 max NF melléklet/LOL SUPER 125 max NF melle_klet.pdf
2025-07-01 23:18:17,882 - INFO - ✅ Downloaded: hu/Részletrajzok/Csomópontok/Tető részletrajzok/asc/leier-t01-eresz/leier-t01-eresz.pdf
2025-07-01 23:18:18,144 - INFO - ✅ Downloaded: hu/Részletrajzok/Elemrajzok (DWG, PDF)/Mélyépítés/Előfej támfalelemek/LEF 30 - Előfej betoncsőhöz - felülnézet/LEF 30 - Előfej betoncsőhöz - felülnézet.pdf
2025-07-01 23:18:18,406 - INFO - ✅ Downloaded: hu/Részletrajzok/Elemrajzok (DWG, PDF)/Mélyépítés/Árokburkoló- és árokelemek/ÁE 40_35 - 50L - árokburkoló elem - felülnézet/ÁE 40_35 - 50L - árokburkoló elem - felülnézet.pdf
2025-07-01 23:18:18,777 - INFO - HTTP Request: GET https://www.leier.hu/hu/dokumentumtar/3178 "HTTP/1.1 200 OK"
2025-07-01 23:18:18,811 - INFO - HTTP Request: GET https://www.leier.hu/hu/dokumentumtar/3276 "HTTP/1.1 200 OK"
2025-07-01 23:18:18,815 - INFO - HTTP Request: GET https://www.leier.hu/hu/dokumentumtar/2308 "HTTP/1.1 200 OK"
2025-07-01 23:18:18,819 - INFO - HTTP Request: GET https://www.leier.hu/hu/dokumentumtar/2764 "HTTP/1.1 200 OK"
2025-07-01 23:18:18,842 - INFO - ✅ Downloaded: hu/Termékadatlapok/Kertépítés, díszburkolat/Falazóelemek, kerítéskövek, fedlapok/KAISERSTEIN térkő és falazó termékadatlap/KAISERSTEIN térkő és falazó termékadatlap.pdf
2025-07-01 23:18:19,111 - INFO - ✅ Downloaded: hu/Részletrajzok/Elemrajzok (DWG, PDF)/Mélyépítés/Keretelemek/LKE 150 - 150 - 100 - Keretelem - keresztmetszet/LKE 150 - 150 - 100 - Keretelem - keresztmetszet.pdf
2025-07-01 23:18:19,374 - INFO - ✅ Downloaded: hu/Részletrajzok/Csomópontok/Kéregelemes födém részletrajzok/asc/leier-p02b-kpanel-koszoru3/leier-p02b-kpanel-koszoru3.pdf
2025-07-01 23:18:19,374 - INFO - ✅ Downloaded: hu/Részletrajzok/Elemrajzok (DWG, PDF)/Mélyépítés/Vasúti peronelemek/Vasúti peronelem - Vízszintes metszet/Vasúti peronelem - Vízszintes metszet.pdf
2025-07-01 23:18:20,060 - INFO - HTTP Request: GET https://www.leier.hu/hu/dokumentumtar/2024 "HTTP/1.1 200 OK"
2025-07-01 23:18:20,064 - INFO - HTTP Request: GET https://www.leier.hu/hu/dokumentumtar/2739 "HTTP/1.1 200 OK"
2025-07-01 23:18:20,067 - INFO - HTTP Request: GET https://www.leier.hu/hu/dokumentumtar/3514 "HTTP/1.1 200 OK"
2025-07-01 23:18:20,085 - INFO - HTTP Request: GET https://www.leier.hu/hu/dokumentumtar/3024 "HTTP/1.1 200 OK"
2025-07-01 23:18:20,089 - INFO - ✅ Downloaded: hu/Részletrajzok/Csomópontok/Kéregelemes födém részletrajzok/pdf/p04-kpanel-valaszfal.pdf/p04-kpanel-valaszfal.pdf
2025-07-01 23:18:20,360 - INFO - ✅ Downloaded: hu/Részletrajzok/Elemrajzok (DWG, PDF)/Környezettechnika/Olajelválasztók PDF/LOL SUPER 30 max KF melleklet PDF/LOL SUPER 30 max KF melleklet PDF.pdf
2025-07-01 23:18:20,360 - INFO - ✅ Downloaded: hu/Teljesítménynyilatkozatok/Magasépítési termékek/Tégla termékek/Mátraderecske - CE-tanúsítványok/CE - Leiertherm 10 N+F - MD/CE - Leiertherm 10 N_F - MD.pdf
2025-07-01 23:18:20,883 - INFO - ✅ Downloaded: hu/Részletrajzok/Elemrajzok (DWG, PDF)/Mélyépítés/Betontartályok/LBT 5 - Betontartály vízszintes metszet/LBT 5 - Betontartály vízszintes metszet.pdf
2025-07-01 23:18:21,257 - INFO - HTTP Request: GET https://www.leier.hu/hu/dokumentumtar/2262 "HTTP/1.1 200 OK"
2025-07-01 23:18:21,290 - INFO - HTTP Request: GET https://www.leier.hu/hu/dokumentumtar/2916 "HTTP/1.1 200 OK"
2025-07-01 23:18:21,298 - INFO - HTTP Request: GET https://www.leier.hu/hu/dokumentumtar/3565 "HTTP/1.1 200 OK"
2025-07-01 23:18:21,300 - INFO - HTTP Request: GET https://www.leier.hu/hu/dokumentumtar/1886 "HTTP/1.1 200 OK"
2025-07-01 23:18:21,308 - INFO - ✅ Downloaded: hu/Termékadatlapok/Kertépítés, díszburkolat/Térkövek/Leier VERDE gyeprács termékadatlap/Leier VERDE gyeprács termékadatlap.pdf
2025-07-01 23:18:21,609 - INFO - ✅ Downloaded: hu/Részletrajzok/Elemrajzok (DWG, PDF)/Durisol zajárnyékolás/Durisol panel 496 450 félkötés - Elölnézet/Durisol panel 496 450 félkötés - Elölnézet.pdf
2025-07-01 23:18:21,880 - INFO - ✅ Downloaded: hu/Részletrajzok/Elemrajzok (DWG, PDF)/Mélyépítés/Árokburkoló- és árokelemek/ÁBE 40_50 - 200L - árokburkoló elem - hosszmetszet/ÁBE 40_50 - 200L - árokburkoló elem - hosszmetszet.pdf
2025-07-01 23:18:22,167 - INFO - ✅ Downloaded: hu/Prospektusok/Leier Durisol - Egy építőanyag számos felhasználási lehetőséggel/Leier Durisol - Egy építőanyag számos felhasználási lehetőséggel.pdf
2025-07-01 23:18:22,426 - INFO - HTTP Request: GET https://www.leier.hu/hu/dokumentumtar/1919 "HTTP/1.1 200 OK"
2025-07-01 23:18:22,427 - INFO - HTTP Request: GET https://www.leier.hu/hu/dokumentumtar/2016 "HTTP/1.1 200 OK"
2025-07-01 23:18:22,441 - INFO - ✅ Downloaded: hu/Teljesítménynyilatkozatok/Magasépítési termékek/Tégla termékek/Mátraderecske - CE-tanúsítványok/CE - Leiertherm 25 N+F - MD/CE - Leiertherm 25 N_F - MD.pdf
2025-07-01 23:18:22,706 - INFO - HTTP Request: GET https://www.leier.hu/hu/dokumentumtar/1925 "HTTP/1.1 200 OK"
2025-07-01 23:18:22,711 - INFO - ✅ Downloaded: hu/Alkalmazástechnikák, Beépítési útmutatók/Kéregelemes födémek - beépítési útmutató/Kéregelemes födémek - beépítési útmutató.pdf
2025-07-01 23:18:23,051 - INFO - HTTP Request: GET https://www.leier.hu/hu/dokumentumtar/2471 "HTTP/1.1 200 OK"
2025-07-01 23:18:23,069 - INFO - HTTP Request: GET https://www.leier.hu/hu/dokumentumtar/2709 "HTTP/1.1 200 OK"
2025-07-01 23:18:23,089 - INFO - ✅ Downloaded: hu/Részletrajzok/Csomópontok/Tető részletrajzok/dwg/t10-szellozo/t10-szellozo.pdf
2025-07-01 23:18:23,349 - INFO - HTTP Request: GET https://www.leier.hu/hu/dokumentumtar/4041 "HTTP/1.1 200 OK"
2025-07-01 23:18:23,353 - INFO - ✅ Downloaded: hu/Részletrajzok/Csomópontok/Mélyépítési részletrajzok/pln/c02-100-gumigyurus/c02-100-gumigyurus.pdf
2025-07-01 23:18:23,628 - INFO - ✅ Downloaded: hu/Teljesítménynyilatkozatok/Magasépítési termékek/Tégla termékek/Mátraderecske - Teljesítménynyilatkozatok/Teljesítménynyilatkozat - Leiertherm AKU 30 N+F tégla/Teljesítménynyilatkozat - Leiertherm AKU 30 N_F tégla.pdf
2025-07-01 23:18:24,000 - INFO - ✅ Downloaded: hu/Alkalmazástechnikák, Beépítési útmutatók/Multikeram LAS P1 kéményrendszerek - Beépítési útmutató/Multikeram LAS P1 kéményrendszerek - Beépítési útmutató.pdf
2025-07-01 23:18:24,259 - INFO - HTTP Request: GET https://www.leier.hu/hu/dokumentumtar/3707 "HTTP/1.1 200 OK"
2025-07-01 23:18:24,260 - INFO - HTTP Request: GET https://www.leier.hu/hu/dokumentumtar/2456 "HTTP/1.1 200 OK"
2025-07-01 23:18:24,261 - INFO - HTTP Request: GET https://www.leier.hu/hu/dokumentumtar/4174 "HTTP/1.1 200 OK"
2025-07-01 23:18:24,266 - INFO - ✅ Downloaded: hu/Biztonságtechnikai adatlapok/Leier kémény béléscső ragasztó biztonságtechnikai adatlap/Leier kémény béléscső ragasztó biztonságtechnikai adatlap.pdf
2025-07-01 23:18:24,541 - INFO - ✅ Downloaded: hu/Részletrajzok/Csomópontok/Leier Durisol zajárnyékoló falak/PDF/DSi 25 13 - N alap/DSi 25 13 - N alap.pdf
2025-07-01 23:18:24,844 - INFO - ✅ Downloaded: hu/Árlisták viszonteladók részére/Tetőfedés árlista viszonteladók részére - Érvényes: 2025.04.01-től/Tetőfedés árlista viszonteladók részére - Érvényes_ 2025.04.01-től
2025-07-01 23:18:25,207 - INFO - HTTP Request: GET https://www.leier.hu/hu/dokumentumtar/3216 "HTTP/1.1 200 OK"
2025-07-01 23:18:25,208 - INFO - HTTP Request: GET https://www.leier.hu/hu/dokumentumtar/3037 "HTTP/1.1 200 OK"
2025-07-01 23:18:25,217 - INFO - ✅ Downloaded: hu/Részletrajzok/Elemrajzok (DWG, PDF)/Mélyépítés/Betontartályok/LBT 6 akna melléklet/LBT 6 akna melle_klet.pdf
2025-07-01 23:18:25,512 - INFO - HTTP Request: GET https://www.leier.hu/hu/dokumentumtar/3584 "HTTP/1.1 200 OK"
2025-07-01 23:18:25,513 - INFO - ✅ Downloaded: hu/Részletrajzok/Elemrajzok (DWG, PDF)/Mélyépítés/Tisztítóakna elemek/Aknaszűkítő elemek/ASZ 100 PÉCS/ASZ 100 PE_CS.pdf
2025-07-01 23:18:25,789 - INFO - ✅ Downloaded: hu/Részletrajzok/Elemrajzok (DWG, PDF)/Durisol zajárnyékolás/Durisol panel 396 100 félkötés - Elölnézet/Durisol panel 396 100 félkötés - Elölnézet.pdf
2025-07-01 23:18:26,187 - INFO - HTTP Request: GET https://www.leier.hu/hu/dokumentumtar/3403 "HTTP/1.1 200 OK"
2025-07-01 23:18:26,194 - INFO - HTTP Request: GET https://www.leier.hu/hu/dokumentumtar/4181 "HTTP/1.1 200 OK"
2025-07-01 23:18:26,195 - INFO - HTTP Request: GET https://www.leier.hu/hu/dokumentumtar/2724 "HTTP/1.1 200 OK"
2025-07-01 23:18:26,196 - INFO - HTTP Request: GET https://www.leier.hu/hu/dokumentumtar/2020 "HTTP/1.1 200 OK"
2025-07-01 23:18:26,216 - INFO - ✅ Downloaded: hu/Részletrajzok/Csomópontok/Kéregelemes födém részletrajzok/dwg/p06-kpanel-lepcso/p06-kpanel-lepcso.pdf
2025-07-01 23:18:26,518 - INFO - ✅ Downloaded: hu/Teljesítménynyilatkozatok/Magasépítési termékek/Tégla termékek/Mátraderecske - CE-tanúsítványok/CE - Leiertherm 25/30 AKU - MD/CE - Leiertherm 25_30 AKU - MD.pdf
2025-07-01 23:18:26,519 - INFO - ✅ Downloaded: hu/Részletrajzok/Elemrajzok (DWG, PDF)/Környezettechnika/Olajelválasztók DWG/LOL SUPER 30 P melléklet/LOL SUPER 30 P melle_klet.pdf
2025-07-01 23:18:27,043 - INFO - ✅ Downloaded: hu/Betoncserepes dokumentumtár: Termékadatlap - Teljesítménynyilatkozat - Beépítési útmutató/Termékadatlapok/Leier Granite tetőcserép termékadatlap/Leier Granite tetőcserép termékadatlap.pdf
2025-07-01 23:18:27,431 - INFO - HTTP Request: GET https://www.leier.hu/hu/dokumentumtar/3231 "HTTP/1.1 200 OK"
2025-07-01 23:18:27,482 - INFO - HTTP Request: GET https://www.leier.hu/hu/dokumentumtar/3294 "HTTP/1.1 200 OK"
2025-07-01 23:18:27,494 - INFO - HTTP Request: GET https://www.leier.hu/hu/dokumentumtar/3032 "HTTP/1.1 200 OK"
2025-07-01 23:18:27,497 - INFO - HTTP Request: GET https://www.leier.hu/hu/dokumentumtar/2062 "HTTP/1.1 200 OK"
2025-07-01 23:18:27,525 - INFO - ✅ Downloaded: hu/Részletrajzok/Elemrajzok (DWG, PDF)/Mélyépítés/Tisztítóakna elemek/Aknagyűrűk/AGY 100 - 25 LG+H - Aknagyűrű gumigyűrűs hágcsóval - függőleges metszet/AGY 100 - 25 LG_H - Aknagyűrű gumigyűrűs hágcsóval - függőleges metszet.pdf
2025-07-01 23:18:27,793 - INFO - ✅ Downloaded: hu/Teljesítménynyilatkozatok/Magasépítési termékek/Födémrendszerek/Kéregfödém - Jánossomorja - Teljesítménynyilatkozat LE JS13747-02/Kéregfödém - Jánossomorja - Teljesítménynyilatkozat LE JS13747-02.pdf
2025-07-01 23:18:28,060 - INFO - ✅ Downloaded: hu/Részletrajzok/Elemrajzok (DWG, PDF)/Mélyépítés/Vízelnyelőakna elemek/V AFE 50 80 L - Víznyelő akna fenékelem vég függőleges metszet/V AFE 50 80 L - Víznyelő akna fenékelem vég függőleges metszet.pdf
2025-07-01 23:18:28,339 - INFO - ✅ Downloaded: hu/Részletrajzok/Elemrajzok (DWG, PDF)/Mélyépítés/Betontartályok/LBT 10 - Betontartály vízszintes metszet/LBT 10 - Betontartály vízszintes metszet.pdf
2025-07-01 23:18:28,688 - INFO - HTTP Request: GET https://www.leier.hu/hu/dokumentumtar/3330 "HTTP/1.1 200 OK"
2025-07-01 23:18:28,692 - INFO - HTTP Request: GET https://www.leier.hu/hu/dokumentumtar/2805 "HTTP/1.1 200 OK"
2025-07-01 23:18:28,702 - INFO - ✅ Downloaded: hu/Arculati elemek/Leier logó (JPG)/Leier logó _JPG_.pdf
2025-07-01 23:18:28,972 - INFO - HTTP Request: GET https://www.leier.hu/hu/dokumentumtar/3562 "HTTP/1.1 200 OK"
2025-07-01 23:18:28,974 - INFO - HTTP Request: GET https://www.leier.hu/hu/dokumentumtar/2665 "HTTP/1.1 200 OK"
2025-07-01 23:18:28,980 - INFO - ✅ Downloaded: hu/Részletrajzok/Csomópontok/Térburkolat részletrajzok/pdf/b02-szegely2/b02-szegely2.pdf
2025-07-01 23:18:29,253 - INFO - ✅ Downloaded: hu/Részletrajzok/Elemrajzok (DWG, PDF)/Környezettechnika/Zsírleválasztók DWG/LZS 2 Zsírleválasztó - függőleges metszet/LZS 2 Zsírleválasztó - függőleges metszet.pdf
2025-07-01 23:18:29,253 - INFO - ✅ Downloaded: hu/Részletrajzok/Elemrajzok (DWG, PDF)/Durisol zajárnyékolás/LSA 50 12 25 - Durisol blokkelem - Felülnézet/LSA 50 12 25 - Durisol blokkelem - Felülnézet.pdf
2025-07-01 23:18:29,866 - INFO - HTTP Request: GET https://www.leier.hu/hu/dokumentumtar/2305 "HTTP/1.1 200 OK"
2025-07-01 23:18:29,881 - INFO - HTTP Request: GET https://www.leier.hu/hu/dokumentumtar/3414 "HTTP/1.1 200 OK"
2025-07-01 23:18:29,891 - INFO - HTTP Request: GET https://www.leier.hu/hu/dokumentumtar/2906 "HTTP/1.1 200 OK"
2025-07-01 23:18:29,897 - INFO - HTTP Request: GET https://www.leier.hu/hu/dokumentumtar/3110 "HTTP/1.1 200 OK"
2025-07-01 23:18:29,898 - INFO - ✅ Downloaded: hu/Termékadatlapok/Kertépítés, díszburkolat/Falazóelemek, kerítéskövek, fedlapok/MODERN natúr/finomszórt kerítéskő termékadatlap/MODERN natúr_finomszórt kerítéskő termékadatlap.pdf
2025-07-01 23:18:30,189 - INFO - ✅ Downloaded: hu/Részletrajzok/Elemrajzok (DWG, PDF)/Környezettechnika/Olajelválasztók DWG/LOL SUPER 25 max KF melléklet/LOL SUPER 25 max KF melle_klet.pdf
2025-07-01 23:18:30,460 - INFO - ✅ Downloaded: hu/Részletrajzok/Elemrajzok (DWG, PDF)/Mélyépítés/Árokburkoló- és árokelemek/ÁBE F 30_40 - 100 - fedlap - felülnézet/ÁBE F 30_40 - 100 - fedlap - felülnézet.pdf
2025-07-01 23:18:30,729 - INFO - ✅ Downloaded: hu/Részletrajzok/Elemrajzok (DWG, PDF)/Mélyépítés/Kábelcsatorna/KCS vályú teljes felül/KCS vályú teljes felül.pdf
2025-07-01 23:18:30,997 - INFO - HTTP Request: GET https://www.leier.hu/hu/dokumentumtar/3188 "HTTP/1.1 200 OK"
2025-07-01 23:18:31,020 - INFO - ✅ Downloaded: hu/Részletrajzok/Elemrajzok (DWG, PDF)/Mélyépítés/Keretelemek/LKE 100 - 100 - 100 - Keretelem - keresztmetszet/LKE 100 - 100 - 100 - Keretelem - keresztmetszet.pdf
2025-07-01 23:18:31,297 - INFO - HTTP Request: GET https://www.leier.hu/hu/dokumentumtar/2440 "HTTP/1.1 200 OK"
2025-07-01 23:18:31,301 - INFO - ✅ Downloaded: hu/Részletrajzok/Csomópontok/Leier Durisol zajárnyékoló falak/DWG/Leier Durisol Menekülőkapu/Leier Durisol Menekülőkapu.pdf
2025-07-01 23:18:31,568 - INFO - HTTP Request: GET https://www.leier.hu/hu/dokumentumtar/2511 "HTTP/1.1 200 OK"
2025-07-01 23:18:31,574 - INFO - ✅ Downloaded: hu/Részletrajzok/Csomópontok/Tető részletrajzok/pln/t09a-falcsat-szegely/t09a-falcsat-szegely.pdf
2025-07-01 23:18:31,842 - INFO - HTTP Request: GET https://www.leier.hu/hu/dokumentumtar/3534 "HTTP/1.1 200 OK"
2025-07-01 23:18:31,854 - INFO - ✅ Downloaded: hu/Részletrajzok/Elemrajzok (DWG, PDF)/Környezettechnika/Olajelválasztók PDF/LOL SUPER 15 max NF melleklet PDF/LOL SUPER 15 max NF melleklet PDF.pdf
2025-07-01 23:18:32,229 - INFO - HTTP Request: GET https://www.leier.hu/hu/dokumentumtar/2374 "HTTP/1.1 200 OK"
2025-07-01 23:18:32,234 - INFO - HTTP Request: GET https://www.leier.hu/hu/dokumentumtar/2481 "HTTP/1.1 200 OK"
2025-07-01 23:18:32,253 - INFO - HTTP Request: GET https://www.leier.hu/hu/dokumentumtar/3404 "HTTP/1.1 200 OK"
2025-07-01 23:18:32,259 - INFO - HTTP Request: GET https://www.leier.hu/hu/dokumentumtar/2994 "HTTP/1.1 200 OK"
2025-07-01 23:18:32,275 - INFO - ✅ Downloaded: hu/Részletrajzok/Csomópontok/Fal részletrajzok/pdf/f09b-zsaluko-alap-tn/f09b-zsaluko-alap-tn.pdf
2025-07-01 23:18:32,550 - INFO - ✅ Downloaded: hu/Részletrajzok/Csomópontok/Tető részletrajzok/dwg/t02-gerinc/t02-gerinc.pdf
2025-07-01 23:18:32,816 - INFO - ✅ Downloaded: hu/Részletrajzok/Elemrajzok (DWG, PDF)/Környezettechnika/Olajelválasztók DWG/LOL SUPER 30 NF melléklet/LOL SUPER 30 NF melle_klet.pdf
2025-07-01 23:18:33,080 - INFO - ✅ Downloaded: hu/Részletrajzok/Elemrajzok (DWG, PDF)/Mélyépítés/Betoncsövek/TOTA 40 200L - Tokos talpas betoncső hosszmetszet függőleges/TOTA 40 200L - Tokos talpas betoncső hosszmetszet függőleges.pdf
2025-07-01 23:18:33,440 - INFO - HTTP Request: GET https://www.leier.hu/hu/dokumentumtar/3170 "HTTP/1.1 200 OK"
2025-07-01 23:18:33,446 - INFO - HTTP Request: GET https://www.leier.hu/hu/dokumentumtar/2094 "HTTP/1.1 200 OK"
2025-07-01 23:18:33,470 - INFO - HTTP Request: GET https://www.leier.hu/hu/dokumentumtar/3302 "HTTP/1.1 200 OK"
2025-07-01 23:18:33,474 - INFO - ✅ Downloaded: hu/Teljesítménynyilatkozatok/Kéményrendszerek/Teljesítménynyilatkozat Multikeram LAS kéményrendszer NR: LE KLETA-12-0491-MULTIKERAM LAS-02/Teljesítménynyilatkozat Multikeram LAS kéményrendszer NR_ LE KLETA-12-0491-MULTIKERAM LAS-02.pdf
2025-07-01 23:18:33,760 - INFO - HTTP Request: GET https://www.leier.hu/hu/dokumentumtar/2444 "HTTP/1.1 200 OK"
2025-07-01 23:18:33,765 - INFO - ✅ Downloaded: hu/Részletrajzok/Elemrajzok (DWG, PDF)/Mélyépítés/Vízelnyelőakna elemek/VFE/VFE.pdf
2025-07-01 23:18:34,134 - INFO - ✅ Downloaded: hu/Részletrajzok/Elemrajzok (DWG, PDF)/Mélyépítés/Keretelemek/LKE 180 - 180 - 150 - Keret előfej végelem - hosszmetszet/LKE 180 - 180 - 150 - Keret előfej végelem - hosszmetszet.pdf
2025-07-01 23:18:34,494 - INFO - ✅ Downloaded: hu/Részletrajzok/Csomópontok/Leier Durisol zajárnyékoló falak/DWG/Leier Durisol fal hosszszelveny metszettel/Leier Durisol fal hosszszelveny metszettel.pdf
2025-07-01 23:18:34,760 - INFO - HTTP Request: GET https://www.leier.hu/hu/dokumentumtar/2666 "HTTP/1.1 200 OK"
2025-07-01 23:18:34,763 - INFO - HTTP Request: GET https://www.leier.hu/hu/dokumentumtar/3547 "HTTP/1.1 200 OK"
2025-07-01 23:18:34,763 - INFO - HTTP Request: GET https://www.leier.hu/hu/dokumentumtar/3810 "HTTP/1.1 200 OK"
2025-07-01 23:18:34,769 - INFO - ✅ Downloaded: hu/Részletrajzok/Csomópontok/Térburkolat részletrajzok/pdf/b01-szegely1/b01-szegely1.pdf
2025-07-01 23:18:35,044 - INFO - ✅ Downloaded: hu/Részletrajzok/Elemrajzok (DWG, PDF)/Környezettechnika/Olajelválasztók PDF/LOL SUPER 8 max KF melleklet PDF/LOL SUPER 8 max KF melleklet PDF.pdf
2025-07-01 23:18:35,558 - INFO - HTTP Request: GET https://www.leier.hu/hu/dokumentumtar/2362 "HTTP/1.1 200 OK"
2025-07-01 23:18:35,735 - INFO - HTTP Request: GET https://www.leier.hu/hu/dokumentumtar/3111 "HTTP/1.1 200 OK"
2025-07-01 23:18:35,741 - INFO - ✅ Downloaded: hu/Részletrajzok/Csomópontok/Fal részletrajzok/dwg/f07-belsofofal-alapozas/f07-belsofofal-alapozas.pdf
2025-07-01 23:18:36,004 - INFO - ✅ Downloaded: hu/Leier-Graphisoft Archicad programbővítmény/Leier Építőelem Gyűjtemény/Leier Építőelem Gyűjtemény.pdf
2025-07-01 23:18:36,264 - INFO - ✅ Downloaded: hu/Részletrajzok/Elemrajzok (DWG, PDF)/Mélyépítés/Kábelcsatorna/KCS vályú teljes elöl/KCS vályú teljes elöl.pdf
2025-07-01 23:18:36,581 - INFO - HTTP Request: GET https://www.leier.hu/hu/dokumentumtar/2452 "HTTP/1.1 200 OK"
2025-07-01 23:18:36,604 - INFO - ✅ Downloaded: hu/Részletrajzok/Csomópontok/Leier Durisol zajárnyékoló falak/PDF/Emelési szerkezetek részletrajzai/Emelési szerkezetek részletrajzai.pdf
2025-07-01 23:18:36,869 - INFO - HTTP Request: GET https://www.leier.hu/hu/dokumentumtar/2840 "HTTP/1.1 200 OK"
2025-07-01 23:18:36,870 - INFO - HTTP Request: GET https://www.leier.hu/hu/dokumentumtar/3297 "HTTP/1.1 200 OK"
2025-07-01 23:18:36,876 - INFO - ✅ Downloaded: at/Prospekte/Leier Plattensortiment 2022/Leier Plattensortiment 2022.pdf
2025-07-01 23:18:37,139 - INFO - ✅ Downloaded: hu/Szerelési útmutatók/Mesterpanel | Elementdecke/Szerelési útmutató | Montageanleitung/HU/Leier Mesterpanel beépítési útmutató/Leier Mesterpanel beépítési útmutató.pdf
2025-07-01 23:18:37,400 - INFO - ✅ Downloaded: hu/Részletrajzok/Elemrajzok (DWG, PDF)/Mélyépítés/Vízelnyelőakna elemek/V AFE 50 50 L - Víznyelő akna fenékelem vég vízszintes metszet/V AFE 50 50 L - Víznyelő akna fenékelem vég vízszintes metszet.pdf
2025-07-01 23:18:37,744 - INFO - HTTP Request: GET https://www.leier.hu/hu/dokumentumtar/2849 "HTTP/1.1 200 OK"
2025-07-01 23:18:37,766 - INFO - ✅ Downloaded: hu/Szerelési útmutatók/Mesterpanel | Elementdecke/Teljesítménynilatkozat | Leistungserklärung/HU/Mesterpanel Győr Teljesítménynyilatkozat/Mesterpanel Győr Teljesítménynyilatkozat.pdf
2025-07-01 23:18:38,034 - INFO - HTTP Request: GET https://www.leier.hu/hu/dokumentumtar/2991 "HTTP/1.1 200 OK"
2025-07-01 23:18:38,035 - INFO - HTTP Request: GET https://www.leier.hu/hu/dokumentumtar/2395 "HTTP/1.1 200 OK"
2025-07-01 23:18:38,036 - INFO - HTTP Request: GET https://www.leier.hu/hu/dokumentumtar/4048 "HTTP/1.1 200 OK"
2025-07-01 23:18:38,036 - INFO - HTTP Request: GET https://www.leier.hu/hu/dokumentumtar/3142 "HTTP/1.1 200 OK"
2025-07-01 23:18:38,043 - INFO - ✅ Downloaded: hu/Részletrajzok/Csomópontok/Fal részletrajzok/pln/f06a-uni-labazat/f06a-uni-labazat.pdf
2025-07-01 23:18:38,306 - INFO - ✅ Downloaded: hu/Részletrajzok/Elemrajzok (DWG, PDF)/Mélyépítés/Betoncsövek/TOTA 40 200L - Tokos talpas betoncső tokosmetszet/TOTA 40 200L - Tokos talpas betoncső tokosmetszet.pdf
2025-07-01 23:18:38,562 - INFO - ✅ Downloaded: hu/Részletrajzok/Elemrajzok (DWG, PDF)/Mélyépítés/Kábelcsatorna/KCS elválasztó ív nagy felül/KCS elválasztó ív nagy felül.pdf
2025-07-01 23:18:38,882 - INFO - ✅ Downloaded: at/Datenblätter/easyblock Technische-Richtlinie/easyblock Technische-Richtlinie.pdf
2025-07-01 23:18:39,141 - INFO - HTTP Request: GET https://www.leier.hu/hu/dokumentumtar/4116 "HTTP/1.1 200 OK"
2025-07-01 23:18:39,142 - INFO - HTTP Request: GET https://www.leier.hu/hu/dokumentumtar/2966 "HTTP/1.1 200 OK"
2025-07-01 23:18:39,143 - INFO - HTTP Request: GET https://www.leier.hu/hu/dokumentumtar/2477 "HTTP/1.1 200 OK"
2025-07-01 23:18:39,143 - INFO - HTTP Request: GET https://www.leier.hu/hu/dokumentumtar/2598 "HTTP/1.1 200 OK"
2025-07-01 23:18:39,148 - INFO - ✅ Downloaded: hu/Termékadatlapok/Magasépítési termékek/Tégla termékek/Leiertherm 45 NF adatlap.pdf/Leiertherm 45 NF adatlap.pdf
2025-07-01 23:18:39,148 - INFO - ✅ Downloaded: hu/Részletrajzok/Csomópontok/Tető részletrajzok/dwg/t071-tetoablak-fugg/t071-tetoablak-fugg.pdf
2025-07-01 23:18:39,677 - INFO - ✅ Downloaded: hu/Részletrajzok/Csomópontok/Födém részletrajzok/asc/leier-m032-mesterf-belsokosz/leier-m032-mesterf-belsokosz.pdf
2025-07-01 23:18:39,944 - INFO - ✅ Downloaded: hu/Részletrajzok/Elemrajzok (DWG, PDF)/Mélyépítés/Átemelőakna elemek/AFE_240_255 L - Átemelő fenékelem/AFE_240_255 L - Átemelő fenékelem.pdf
2025-07-01 23:18:40,317 - INFO - HTTP Request: GET https://www.leier.hu/hu/dokumentumtar/2029 "HTTP/1.1 200 OK"
2025-07-01 23:18:40,323 - INFO - HTTP Request: GET https://www.leier.hu/hu/dokumentumtar/3305 "HTTP/1.1 200 OK"
2025-07-01 23:18:40,327 - INFO - HTTP Request: GET https://www.leier.hu/hu/dokumentumtar/4127 "HTTP/1.1 200 OK"
2025-07-01 23:18:40,333 - INFO - HTTP Request: GET https://www.leier.hu/hu/dokumentumtar/2954 "HTTP/1.1 200 OK"
2025-07-01 23:18:40,347 - INFO - ✅ Downloaded: hu/Részletrajzok/Elemrajzok (DWG, PDF)/Mélyépítés/Vízelnyelőakna elemek/V AGY 50 25/V AGY 50 25.pdf
2025-07-01 23:18:40,644 - INFO - ✅ Downloaded: hu/Teljesítménynyilatkozatok/Magasépítési termékek/Tégla termékek/Mátraderecske - Teljesítménynyilatkozatok/Teljesítménynyilatkozat - Leiertherm 20 N+F LE MD771-1-05-03/Teljesítménynyilatkozat - Leiertherm 20 N_F LE MD771-1-05-03.pdf
2025-07-01 23:18:40,912 - INFO - HTTP Request: GET https://www.leier.hu/hu/dokumentumtar/3202 "HTTP/1.1 200 OK"
2025-07-01 23:18:40,913 - INFO - ✅ Downloaded: hu/Termékadatlapok/Magasépítési termékek/Beton falazóelemek/Leier beton ZS20 adatlap.pdf/Leier beton ZS20 adatlap.pdf
2025-07-01 23:18:41,204 - INFO - ✅ Downloaded: hu/Részletrajzok/Elemrajzok (DWG, PDF)/Mélyépítés/Átemelőakna elemek/AGY_160_230 LG V- Átemelő gyűrű gumigyűrűs végelem/AGY_160_230 LG V- Átemelő gyűrű gumigyűrűs végelem.pdf
2025-07-01 23:18:41,477 - INFO - ✅ Downloaded: hu/Részletrajzok/Elemrajzok (DWG, PDF)/Mélyépítés/Tisztítóakna elemek/Aknaszűkítő elemek/ASZ 80 - 60 - 30 L - Akna szűkítő - függőleges metszet/ASZ 80 - 60 - 30 L - Akna szűkítő - függőleges metszet.pdf
2025-07-01 23:18:41,834 - INFO - HTTP Request: GET https://www.leier.hu/hu/dokumentumtar/3998 "HTTP/1.1 200 OK"
2025-07-01 23:18:41,835 - INFO - HTTP Request: GET https://www.leier.hu/hu/dokumentumtar/2554 "HTTP/1.1 200 OK"
2025-07-01 23:18:41,859 - INFO - HTTP Request: GET https://www.leier.hu/hu/dokumentumtar/4137 "HTTP/1.1 200 OK"
2025-07-01 23:18:41,868 - INFO - HTTP Request: GET https://www.leier.hu/hu/dokumentumtar/3421 "HTTP/1.1 200 OK"
2025-07-01 23:18:41,879 - INFO - ✅ Downloaded: hu/Részletrajzok/Csomópontok/Kémény részletrajzok/asc/leier-k02a-kemeny-fodemattor1/leier-k02a-kemeny-fodemattor1.pdf
2025-07-01 23:18:42,146 - INFO - ✅ Downloaded: at/Datenblätter/Ziegel-Datenblatt 06-2024/Ziegel-Datenblatt 06-2024.pdf
2025-07-01 23:18:42,147 - INFO - HTTP Request: GET https://www.leier.hu/hu/dokumentumtar/2912 "HTTP/1.1 200 OK"
2025-07-01 23:18:42,411 - INFO - ✅ Downloaded: hu/Termékadatlapok/Magasépítési termékek/Nyílásáthidalók/Leier MDVA nyílásáthidaló adatlap.pdf/Leier MDVA nyílásáthidaló adatlap.pdf
2025-07-01 23:18:42,679 - INFO - ✅ Downloaded: hu/Részletrajzok/Elemrajzok (DWG, PDF)/Környezettechnika/Olajelválasztók DWG/LOL SUPER 20 KF melléklet/LOL SUPER 20 KF melle_klet.pdf
2025-07-01 23:18:42,950 - INFO - ✅ Downloaded: hu/Részletrajzok/Elemrajzok (DWG, PDF)/Mélyépítés/Árokburkoló- és árokelemek/ÁBE F 20_30 - 100L - fedlap - keresztmetszet/ÁBE F 20_30 - 100L - fedlap - keresztmetszet.pdf
2025-07-01 23:18:43,332 - INFO - HTTP Request: GET https://www.leier.hu/hu/dokumentumtar/3771 "HTTP/1.1 200 OK"
2025-07-01 23:18:43,338 - INFO - HTTP Request: GET https://www.leier.hu/hu/dokumentumtar/2544 "HTTP/1.1 200 OK"
2025-07-01 23:18:43,339 - INFO - HTTP Request: GET https://www.leier.hu/hu/dokumentumtar/3580 "HTTP/1.1 200 OK"
2025-07-01 23:18:43,340 - INFO - HTTP Request: GET https://www.leier.hu/hu/dokumentumtar/3333 "HTTP/1.1 200 OK"
2025-07-01 23:18:43,346 - INFO - HTTP Request: GET https://www.leier.hu/hu/dokumentumtar/2371 "HTTP/1.1 200 OK"
2025-07-01 23:18:43,358 - INFO - ✅ Downloaded: hu/Termékadatlapok/Kertépítés, díszburkolat/Térkövek/Leier SOLIDO térkő termékadatlap/Leier SOLIDO térkő termékadatlap.pdf
2025-07-01 23:18:43,633 - INFO - ✅ Downloaded: hu/Részletrajzok/Elemrajzok (DWG, PDF)/Környezettechnika/Zsírleválasztók DWG/LZS 10 melléklet rajz/LZS 10 melle_klet rajz.pdf
2025-07-01 23:18:43,891 - INFO - ✅ Downloaded: hu/Részletrajzok/Csomópontok/Kémény részletrajzok/pln/k042-kemeny-tetoatvez2/k042-kemeny-tetoatvez2.pdf
2025-07-01 23:18:43,892 - INFO - ✅ Downloaded: hu/Részletrajzok/Csomópontok/Fal részletrajzok/pdf/f10a-belso-uni-alapozas/f10a-belso-uni-alapozas.pdf
2025-07-01 23:18:44,471 - INFO - ✅ Downloaded: hu/Részletrajzok/Elemrajzok (DWG, PDF)/Durisol zajárnyékolás/Durisol panel 396 125 hálós - Elölnézet/Durisol panel 396 125 hálós - Elölnézet.pdf
2025-07-01 23:18:44,842 - INFO - HTTP Request: GET https://www.leier.hu/hu/dokumentumtar/3014 "HTTP/1.1 200 OK"
2025-07-01 23:18:44,851 - INFO - HTTP Request: GET https://www.leier.hu/hu/dokumentumtar/3508 "HTTP/1.1 200 OK"
2025-07-01 23:18:44,867 - INFO - HTTP Request: GET https://www.leier.hu/hu/dokumentumtar/3835 "HTTP/1.1 200 OK"
2025-07-01 23:18:44,869 - INFO - HTTP Request: GET https://www.leier.hu/hu/dokumentumtar/3493 "HTTP/1.1 200 OK"
2025-07-01 23:18:44,887 - INFO - ✅ Downloaded: hu/Részletrajzok/Elemrajzok (DWG, PDF)/Környezettechnika/Olajelválasztók PDF/LOL SUPER 40 KF melleklet PDF/LOL SUPER 40 KF melleklet PDF.pdf
2025-07-01 23:18:45,170 - INFO - HTTP Request: GET https://www.leier.hu/hu/dokumentumtar/2424 "HTTP/1.1 200 OK"
2025-07-01 23:18:45,177 - INFO - ✅ Downloaded: hu/Részletrajzok/Csomópontok/Fal részletrajzok/dxf/Leier f09a-uni-alapozas-tn1/Leier f09a-uni-alapozas-tn1.pdf
2025-07-01 23:18:45,462 - INFO - ✅ Downloaded: hu/Részletrajzok/Elemrajzok (DWG, PDF)/Mélyépítés/Betoncsövek/TA 40 100 - Talpas betoncső keresztmetszet/TA 40 100 - Talpas betoncső keresztmetszet.pdf
2025-07-01 23:18:45,739 - INFO - ✅ Downloaded: hu/Részletrajzok/Elemrajzok (DWG, PDF)/Környezettechnika/Olajelválasztók PDF/LOL SUPER 60 KF melleklet PDF/LOL SUPER 60 KF melleklet PDF.pdf
2025-07-01 23:18:46,120 - INFO - HTTP Request: GET https://www.leier.hu/hu/dokumentumtar/3385 "HTTP/1.1 200 OK"
2025-07-01 23:18:46,123 - INFO - HTTP Request: GET https://www.leier.hu/hu/dokumentumtar/2833 "HTTP/1.1 200 OK"
2025-07-01 23:18:46,124 - INFO - HTTP Request: GET https://www.leier.hu/hu/dokumentumtar/3013 "HTTP/1.1 200 OK"
2025-07-01 23:18:46,153 - INFO - ✅ Downloaded: hu/Szerelési útmutatók/Előregyártott Falak | Wandelemente/Teljesítménynyilatkozat | Leistungerklarung/HU/Előregyártott falak Győr Teljesítménynyilatkozat/Előregyártott falak Győr Teljesítménynyilatkozat.pdf
2025-07-01 23:18:46,421 - INFO - HTTP Request: GET https://www.leier.hu/hu/dokumentumtar/3263 "HTTP/1.1 200 OK"
2025-07-01 23:18:46,426 - INFO - ✅ Downloaded: hu/Részletrajzok/Elemrajzok (DWG, PDF)/Környezettechnika/Olajelválasztók DWG/LOL SUPER 60 max P melléklet/LOL SUPER 60 max P melle_klet.pdf
2025-07-01 23:18:46,694 - INFO - ✅ Downloaded: hu/Részletrajzok/Elemrajzok (DWG, PDF)/Mélyépítés/Betoncsövek/TA 50 100 - Talpas betoncső hosszmetszet/TA 50 100 - Talpas betoncső hosszmetszet.pdf
2025-07-01 23:18:46,962 - INFO - ✅ Downloaded: hu/Részletrajzok/Elemrajzok (DWG, PDF)/Mélyépítés/Tisztítóakna elemek/Akna fenékelemek/AFE 100 - 130 L KN - Akna fenékelem künet nélkül - függőleges metszet/AFE 100 - 130 L KN - Akna fenékelem künet nélkül - függőleges metszet.pdf
2025-07-01 23:18:47,260 - INFO - ✅ Downloaded: at/Prospekte/Leier Press 2023/Leier Press 2023.pdf
2025-07-01 23:18:47,525 - INFO - HTTP Request: GET https://www.leier.hu/hu/dokumentumtar/2590 "HTTP/1.1 200 OK"
2025-07-01 23:18:47,526 - INFO - HTTP Request: GET https://www.leier.hu/hu/dokumentumtar/3342 "HTTP/1.1 200 OK"
2025-07-01 23:18:47,531 - INFO - ✅ Downloaded: hu/Részletrajzok/Elemrajzok (DWG, PDF)/Környezettechnika/Zsírleválasztók PDF/LZS 7 melleklet PDF/LZS 7 melleklet PDF.pdf
2025-07-01 23:18:47,792 - INFO - HTTP Request: GET https://www.leier.hu/hu/dokumentumtar/3267 "HTTP/1.1 200 OK"
2025-07-01 23:18:47,817 - INFO - HTTP Request: GET https://www.leier.hu/hu/dokumentumtar/2547 "HTTP/1.1 200 OK"
2025-07-01 23:18:47,820 - INFO - ✅ Downloaded: hu/Részletrajzok/Csomópontok/Födém részletrajzok/pln/m031-mesterf-belsokosz/m031-mesterf-belsokosz.pdf
2025-07-01 23:18:48,084 - INFO - ✅ Downloaded: hu/Részletrajzok/Csomópontok/Kémény részletrajzok/pln/k02b-kemeny-fodemattor2/k02b-kemeny-fodemattor2.pdf
2025-07-01 23:18:48,084 - INFO - ✅ Downloaded: hu/Részletrajzok/Elemrajzok (DWG, PDF)/Mélyépítés/Tisztítóakna elemek/Akna fenékelemek/AFE 100 - 100 L K - Akna fenékelem künettel - függőleges metszet/AFE 100 - 100 L K - Akna fenékelem künettel - függőleges metszet.pdf
2025-07-01 23:18:48,610 - INFO - HTTP Request: GET https://www.leier.hu/hu/dokumentumtar/2977 "HTTP/1.1 200 OK"
2025-07-01 23:18:48,635 - INFO - ✅ Downloaded: hu/Részletrajzok/Elemrajzok (DWG, PDF)/Mélyépítés/Átemelőakna elemek/AFE_200_160 LG - Átemelő fenékelem gumigyűrűs/AFE_200_160 LG - Átemelő fenékelem gumigyűrűs.pdf
2025-07-01 23:18:48,891 - INFO - HTTP Request: GET https://www.leier.hu/hu/dokumentumtar/2748 "HTTP/1.1 200 OK"
2025-07-01 23:18:48,892 - INFO - HTTP Request: GET https://www.leier.hu/hu/dokumentumtar/2975 "HTTP/1.1 200 OK"
2025-07-01 23:18:48,896 - INFO - ✅ Downloaded: hu/Részletrajzok/Csomópontok/Kéregelemes födém részletrajzok/pln/p05b-kpanel-terasz2/p05b-kpanel-terasz2.pdf
2025-07-01 23:18:49,156 - INFO - HTTP Request: GET https://www.leier.hu/hu/dokumentumtar/4183 "HTTP/1.1 200 OK"
2025-07-01 23:18:49,157 - INFO - HTTP Request: GET https://www.leier.hu/hu/dokumentumtar/3371 "HTTP/1.1 200 OK"
2025-07-01 23:18:49,161 - INFO - ✅ Downloaded: hu/Részletrajzok/Elemrajzok (DWG, PDF)/Mélyépítés/Átemelőakna elemek/AFE_200_175 L - Átemelő fenékelem/AFE_200_175 L - Átemelő fenékelem.pdf
2025-07-01 23:18:49,420 - INFO - ✅ Downloaded: hu/Részletrajzok/Elemrajzok (DWG, PDF)/Környezettechnika/Olajelválasztók DWG/LOL SUPER 100 max P melléklet/LOL SUPER 100 max P melle_klet.pdf
2025-07-01 23:18:49,678 - INFO - HTTP Request: GET https://www.leier.hu/hu/dokumentumtar/2497 "HTTP/1.1 200 OK"
2025-07-01 23:18:49,684 - INFO - ✅ Downloaded: hu/Részletrajzok/Csomópontok/Tető részletrajzok/asc/leier-t10-szellozo/leier-t10-szellozo.pdf
2025-07-01 23:18:49,943 - INFO - HTTP Request: GET https://www.leier.hu/hu/dokumentumtar/2728 "HTTP/1.1 200 OK"
2025-07-01 23:18:49,949 - INFO - ✅ Downloaded: hu/Részletrajzok/Csomópontok/Kéregelemes födém részletrajzok/dwg/p032-kpanel-belsokoszo/p032-kpanel-belsokoszo.pdf
2025-07-01 23:18:50,214 - INFO - HTTP Request: GET https://www.leier.hu/hu/dokumentumtar/2664 "HTTP/1.1 200 OK"
2025-07-01 23:18:50,226 - INFO - ✅ Downloaded: hu/Részletrajzok/Csomópontok/Térburkolat részletrajzok/pdf/b03-szegely3/b03-szegely3.pdf
2025-07-01 23:18:50,491 - INFO - HTTP Request: GET https://www.leier.hu/hu/dokumentumtar/2427 "HTTP/1.1 200 OK"
2025-07-01 23:18:50,501 - INFO - ✅ Downloaded: hu/Részletrajzok/Csomópontok/Fal részletrajzok/dxf/Leier f06b-zsaluko-labazat1/Leier f06b-zsaluko-labazat1.pdf
2025-07-01 23:18:50,773 - INFO - HTTP Request: GET https://www.leier.hu/hu/dokumentumtar/3495 "HTTP/1.1 200 OK"
2025-07-01 23:18:50,780 - INFO - ✅ Downloaded: hu/Részletrajzok/Elemrajzok (DWG, PDF)/Környezettechnika/Olajelválasztók PDF/LOL SUPER 50 250 KF zapor tulfolyoval melleklet PDF/LOL SUPER 50 250 KF zapor tulfolyoval melleklet PDF.pdf
2025-07-01 23:18:51,039 - INFO - HTTP Request: GET https://www.leier.hu/hu/dokumentumtar/3490 "HTTP/1.1 200 OK"
2025-07-01 23:18:51,059 - INFO - ✅ Downloaded: hu/Részletrajzok/Elemrajzok (DWG, PDF)/Környezettechnika/Olajelválasztók PDF/LOL SUPER 60 max P melleklet PDF/LOL SUPER 60 max P melleklet PDF.pdf
2025-07-01 23:18:51,321 - INFO - HTTP Request: GET https://www.leier.hu/hu/dokumentumtar/3709 "HTTP/1.1 200 OK"
2025-07-01 23:18:51,325 - INFO - ✅ Downloaded: hu/Biztonságtechnikai adatlapok/Sikosító glettanyag Leier mélyépítő elemekhez/Sikosító glettanyag Leier mélyépítő elemekhez.pdf
2025-07-01 23:18:51,590 - INFO - HTTP Request: GET https://www.leier.hu/hu/dokumentumtar/3087 "HTTP/1.1 200 OK"
2025-07-01 23:18:51,591 - INFO - HTTP Request: GET https://www.leier.hu/hu/dokumentumtar/3286 "HTTP/1.1 200 OK"
2025-07-01 23:18:51,614 - INFO - ✅ Downloaded: hu/Részletrajzok/Elemrajzok (DWG, PDF)/Mélyépítés/Vízelnyelőakna elemek/V FE 50 5 L - Víznyelő felsőelem felülnézet/V FE 50 5 L - Víznyelő felsőelem felülnézet.pdf
2025-07-01 23:18:51,877 - INFO - HTTP Request: GET https://www.leier.hu/hu/dokumentumtar/2928 "HTTP/1.1 200 OK"
2025-07-01 23:18:51,882 - INFO - ✅ Downloaded: hu/Részletrajzok/Elemrajzok (DWG, PDF)/Mélyépítés/Előfej támfalelemek/LEF 40 - Előfej betoncsőhöz - hosszmetszet/LEF 40 - Előfej betoncsőhöz - hosszmetszet.pdf
2025-07-01 23:18:52,152 - INFO - ✅ Downloaded: hu/Részletrajzok/Elemrajzok (DWG, PDF)/Mélyépítés/Árokburkoló- és árokelemek/ÁBE 20_30 - 200 L - árokburkoló elem - felülnézet/ÁBE 20_30 - 200 L - árokburkoló elem - felülnézet.pdf
2025-07-01 23:18:52,409 - INFO - HTTP Request: GET https://www.leier.hu/hu/dokumentumtar/3055 "HTTP/1.1 200 OK"
2025-07-01 23:18:52,429 - INFO - ✅ Downloaded: hu/Részletrajzok/Elemrajzok (DWG, PDF)/Mélyépítés/Előfej támfalelemek/TFE 50 - Támfalelem felülnézet/TFE 50 - Támfalelem felülnézet.pdf
2025-07-01 23:18:52,693 - INFO - HTTP Request: GET https://www.leier.hu/hu/dokumentumtar/2356 "HTTP/1.1 200 OK"
2025-07-01 23:18:52,698 - INFO - ✅ Downloaded: hu/Részletrajzok/Csomópontok/Fal részletrajzok/dwg/f10b-belso-zsalu-alap/f10b-belso-zsalu-alap.pdf
2025-07-01 23:18:52,958 - INFO - HTTP Request: GET https://www.leier.hu/hu/dokumentumtar/3775 "HTTP/1.1 200 OK"
2025-07-01 23:18:52,962 - INFO - ✅ Downloaded: hu/Termékadatlapok/Kertépítés, díszburkolat/Térkövek/Leier PIAZZA 20x20 térkő termékadatlap/Leier PIAZZA 20x20 térkő termékadatlap.pdf
2025-07-01 23:18:53,228 - INFO - HTTP Request: GET https://www.leier.hu/hu/dokumentumtar/2589 "HTTP/1.1 200 OK"
2025-07-01 23:18:53,232 - INFO - ✅ Downloaded: hu/Részletrajzok/Csomópontok/Födém részletrajzok/pln/m032-mesterf-belsokosz/m032-mesterf-belsokosz.pdf
2025-07-01 23:18:53,499 - INFO - HTTP Request: GET https://www.leier.hu/hu/dokumentumtar/2757 "HTTP/1.1 200 OK"
2025-07-01 23:18:53,504 - INFO - ✅ Downloaded: hu/Részletrajzok/Csomópontok/Kéregelemes födém részletrajzok/asc/Leier_p06-kpanel-lepcso/Leier_p06-kpanel-lepcso.pdf
2025-07-01 23:18:53,766 - INFO - HTTP Request: GET https://www.leier.hu/hu/dokumentumtar/3444 "HTTP/1.1 200 OK"
2025-07-01 23:18:53,770 - INFO - ✅ Downloaded: hu/Részletrajzok/Elemrajzok (DWG, PDF)/Környezettechnika/Olajelválasztók DWG/LOL SUPER 6 P melléklet/LOL SUPER 6 P melle_klet.pdf
2025-07-01 23:18:54,036 - INFO - HTTP Request: GET https://www.leier.hu/hu/dokumentumtar/3975 "HTTP/1.1 200 OK"
2025-07-01 23:18:54,040 - INFO - ✅ Downloaded: hu/Arculati elemek/Új Leier logó/Logo_Leier-white NEW 2024.png/Logo_Leier-white NEW 2024.png
2025-07-01 23:18:54,313 - INFO - HTTP Request: GET https://www.leier.hu/hu/dokumentumtar/2438 "HTTP/1.1 200 OK"
2025-07-01 23:18:54,345 - INFO - ✅ Downloaded: hu/Részletrajzok/Csomópontok/Leier Durisol zajárnyékoló falak/DWG/DSi 25 13 - N típusrajz/DSi 25 13 - N típusrajz.pdf
2025-07-01 23:18:54,615 - INFO - HTTP Request: GET https://www.leier.hu/hu/dokumentumtar/2310 "HTTP/1.1 200 OK"
2025-07-01 23:18:54,617 - INFO - HTTP Request: GET https://www.leier.hu/hu/dokumentumtar/2372 "HTTP/1.1 200 OK"
2025-07-01 23:18:54,622 - INFO - ✅ Downloaded: hu/Termékadatlapok/Kertépítés, díszburkolat/Falazóelemek, kerítéskövek, fedlapok/CASTRUM falazókő termékadatlap/CASTRUM falazókő termékadatlap.pdf
2025-07-01 23:18:54,881 - INFO - ✅ Downloaded: hu/Részletrajzok/Csomópontok/Fal részletrajzok/pdf/f10b-belso-zsalu-alap/f10b-belso-zsalu-alap.pdf
2025-07-01 23:18:55,143 - INFO - HTTP Request: GET https://www.leier.hu/hu/dokumentumtar/3762 "HTTP/1.1 200 OK"
2025-07-01 23:18:55,147 - INFO - ✅ Downloaded: hu/Termékadatlapok/Kertépítés, díszburkolat/Térkövek/Leier Kaiserstein CASTRUM térkő termékadatlap/Leier Kaiserstein CASTRUM térkő termékadatlap.pdf
2025-07-01 23:18:55,533 - INFO - HTTP Request: GET https://www.leier.hu/hu/dokumentumtar/3217 "HTTP/1.1 200 OK"
2025-07-01 23:18:55,548 - INFO - HTTP Request: GET https://www.leier.hu/hu/dokumentumtar/4158 "HTTP/1.1 200 OK"
2025-07-01 23:18:55,564 - INFO - ✅ Downloaded: hu/Részletrajzok/Elemrajzok (DWG, PDF)/Mélyépítés/Tisztítóakna elemek/Aknaszűkítő elemek/ASZ 80 100 L JS/ASZ 80 100 L JS.pdf
2025-07-01 23:18:55,860 - INFO - HTTP Request: GET https://www.leier.hu/hu/dokumentumtar/3190 "HTTP/1.1 200 OK"
2025-07-01 23:18:55,862 - INFO - HTTP Request: GET https://www.leier.hu/hu/dokumentumtar/3183 "HTTP/1.1 200 OK"
2025-07-01 23:18:55,868 - INFO - ✅ Downloaded: hu/Termékadatlapok/Kertépítés, díszburkolat/Térkövek/Leier TAKTILIS térkő termékadatlap/Leier TAKTILIS térkő termékadatlap.pdf
2025-07-01 23:18:56,133 - INFO - ✅ Downloaded: hu/Részletrajzok/Elemrajzok (DWG, PDF)/Mélyépítés/Keretelemek/LKE 120 - 120 - 110 - Keret előfej kezdőelem - felülnézet/LKE 120 - 120 - 110 - Keret előfej kezdőelem - felülnézet.pdf
2025-07-01 23:18:56,435 - INFO - ✅ Downloaded: hu/Részletrajzok/Elemrajzok (DWG, PDF)/Mélyépítés/Keretelemek/Előregyártott keretelemek/Előregyártott keretelemek.pdf
2025-07-01 23:18:56,723 - INFO - HTTP Request: GET https://www.leier.hu/hu/dokumentumtar/2990 "HTTP/1.1 200 OK"
2025-07-01 23:18:56,725 - INFO - HTTP Request: GET https://www.leier.hu/hu/dokumentumtar/2766 "HTTP/1.1 200 OK"
2025-07-01 23:18:56,738 - INFO - ✅ Downloaded: hu/Részletrajzok/Csomópontok/Kéregelemes födém részletrajzok/asc/leier-p01-kpanel-koszoru1/leier-p01-kpanel-koszoru1.pdf
2025-07-01 23:18:57,007 - INFO - HTTP Request: GET https://www.leier.hu/hu/dokumentumtar/2707 "HTTP/1.1 200 OK"
2025-07-01 23:18:57,011 - INFO - ✅ Downloaded: hu/Részletrajzok/Csomópontok/Mélyépítési részletrajzok/pln/c03-80-csaphornyos/c03-80-csaphornyos.pdf
2025-07-01 23:18:57,011 - INFO - ✅ Downloaded: hu/Részletrajzok/Elemrajzok (DWG, PDF)/Mélyépítés/Betoncsövek/TOTA 50 200L - Tokos talpas betoncső csaposmetszet/TOTA 50 200L - Tokos talpas betoncső csaposmetszet.pdf
2025-07-01 23:18:57,574 - INFO - ✅ Downloaded: hu/Betoncserepes dokumentumtár: Termékadatlap - Teljesítménynyilatkozat - Beépítési útmutató/Beépítési útmutató - Alkalmazástechnika/Tetőfedés alkalmazástechnika/Tetőfedés alkalmazástechnika.pdf
2025-07-01 23:18:57,839 - INFO - HTTP Request: GET https://www.leier.hu/hu/dokumentumtar/3244 "HTTP/1.1 200 OK"
2025-07-01 23:18:57,841 - INFO - HTTP Request: GET https://www.leier.hu/hu/dokumentumtar/2295 "HTTP/1.1 200 OK"
2025-07-01 23:18:57,844 - INFO - ✅ Downloaded: hu/Termékadatlapok/Kertépítés, díszburkolat/Kerti lapok/CLASSIC LINE lapok termékadatlap/CLASSIC LINE lapok termékadatlap.pdf
2025-07-01 23:18:58,127 - INFO - HTTP Request: GET https://www.leier.hu/hu/dokumentumtar/2608 "HTTP/1.1 200 OK"
2025-07-01 23:18:58,128 - INFO - ✅ Downloaded: hu/Részletrajzok/Elemrajzok (DWG, PDF)/Mélyépítés/Tisztítóakna elemek/Aknagyűrűk/AGY 80 100 L/AGY 80 100 L.pdf
2025-07-01 23:18:58,128 - INFO - HTTP Request: GET https://www.leier.hu/hu/dokumentumtar/3293 "HTTP/1.1 200 OK"
2025-07-01 23:18:58,404 - INFO - ✅ Downloaded: hu/Részletrajzok/Csomópontok/Födém részletrajzok/dxf/leier-m031-mesterf-belsok/leier-m031-mesterf-belsok.pdf
2025-07-01 23:18:58,668 - INFO - ✅ Downloaded: hu/Részletrajzok/Elemrajzok (DWG, PDF)/Mélyépítés/Vízelnyelőakna elemek/V AFE 50 80 L - Víznyelő akna fenékelem vég vízszintes metszet/V AFE 50 80 L - Víznyelő akna fenékelem vég vízszintes metszet.pdf
2025-07-01 23:18:58,942 - INFO - HTTP Request: GET https://www.leier.hu/hu/dokumentumtar/2539 "HTTP/1.1 200 OK"
2025-07-01 23:18:58,947 - INFO - ✅ Downloaded: hu/Részletrajzok/Csomópontok/Kémény részletrajzok/pdf/k03-kemeny-fodemattor3/k03-kemeny-fodemattor3.pdf
2025-07-01 23:18:59,236 - INFO - HTTP Request: GET https://www.leier.hu/hu/dokumentumtar/3913 "HTTP/1.1 200 OK"
2025-07-01 23:18:59,238 - INFO - HTTP Request: GET https://www.leier.hu/hu/dokumentumtar/3401 "HTTP/1.1 200 OK"
2025-07-01 23:18:59,241 - INFO - ✅ Downloaded: at/Aufbauanleitungen/Aufbauanleitung Durisol Hochbeet K-Form/Aufbauanleitung Durisol Hochbeet K-Form.pdf
2025-07-01 23:18:59,511 - INFO - HTTP Request: GET https://www.leier.hu/hu/dokumentumtar/3375 "HTTP/1.1 200 OK"
2025-07-01 23:18:59,513 - INFO - ✅ Downloaded: hu/Részletrajzok/Elemrajzok (DWG, PDF)/Környezettechnika/Olajelválasztók DWG/LOL SUPER 40 max KF melléklet/LOL SUPER 40 max KF melle_klet.pdf
2025-07-01 23:18:59,774 - INFO - HTTP Request: GET https://www.leier.hu/hu/dokumentumtar/3306 "HTTP/1.1 200 OK"
2025-07-01 23:18:59,777 - INFO - ✅ Downloaded: hu/Részletrajzok/Elemrajzok (DWG, PDF)/Környezettechnika/Olajelválasztók DWG/LOL SUPER 80 P melléklet/LOL SUPER 80 P melle_klet.pdf
2025-07-01 23:19:00,039 - INFO - ✅ Downloaded: hu/Részletrajzok/Elemrajzok (DWG, PDF)/Mélyépítés/Vízelnyelőakna elemek/V AGY 50 10/V AGY 50 10.pdf
2025-07-01 23:19:00,040 - INFO - HTTP Request: GET https://www.leier.hu/hu/dokumentumtar/2799 "HTTP/1.1 200 OK"
2025-07-01 23:19:00,380 - INFO - ✅ Downloaded: hu/LeierPress/Leier Újság 2004/Leier Újság 2004.pdf
2025-07-01 23:19:00,641 - INFO - HTTP Request: GET https://www.leier.hu/hu/dokumentumtar/4110 "HTTP/1.1 200 OK"
2025-07-01 23:19:00,643 - INFO - HTTP Request: GET https://www.leier.hu/hu/dokumentumtar/1924 "HTTP/1.1 200 OK"
2025-07-01 23:19:00,644 - INFO - HTTP Request: GET https://www.leier.hu/hu/dokumentumtar/2653 "HTTP/1.1 200 OK"
2025-07-01 23:19:00,645 - INFO - HTTP Request: GET https://www.leier.hu/hu/dokumentumtar/4012 "HTTP/1.1 200 OK"
2025-07-01 23:19:00,649 - INFO - ✅ Downloaded: hu/Termékadatlapok/Magasépítési termékek/Tégla termékek/Leiertherm 30 NF adatlap.pdf/Leiertherm 30 NF adatlap.pdf
2025-07-01 23:19:00,950 - INFO - ✅ Downloaded: hu/Részletrajzok/Csomópontok/Térburkolat részletrajzok/dwg/b04-szegely4/b04-szegely4.pdf
2025-07-01 23:19:01,207 - INFO - HTTP Request: GET https://www.leier.hu/hu/dokumentumtar/3154 "HTTP/1.1 200 OK"
2025-07-01 23:19:01,212 - INFO - ✅ Downloaded: hu/Részletrajzok/Elemrajzok (DWG, PDF)/Mélyépítés/Kábelcsatorna/KCS vályú irt. jobb/KCS va_lyu_ irt. jobb
2025-07-01 23:19:01,583 - INFO - HTTP Request: GET https://www.leier.hu/hu/dokumentumtar/2897 "HTTP/1.1 200 OK"
2025-07-01 23:19:01,620 - INFO - HTTP Request: GET https://www.leier.hu/hu/dokumentumtar/4021 "HTTP/1.1 200 OK"
2025-07-01 23:19:01,640 - INFO - HTTP Request: GET https://www.leier.hu/hu/dokumentumtar/2962 "HTTP/1.1 200 OK"
2025-07-01 23:19:01,647 - INFO - ✅ Downloaded: hu/Részletrajzok/Elemrajzok (DWG, PDF)/Mélyépítés/Árokburkoló- és árokelemek/ÁE 30_30 - 50L - árokburkoló elem - felülnézet/ÁE 30_30 - 50L - árokburkoló elem - felülnézet.pdf
2025-07-01 23:19:01,911 - INFO - ✅ Downloaded: at/Verarbeitungsinfos/Verarbeitungsinfo Kaiserstein- + Block-Mauersteine/Verarbeitungsinfo Kaiserstein- _ Block-Mauersteine.pdf
2025-07-01 23:19:02,185 - INFO - ✅ Downloaded: hu/Részletrajzok/Elemrajzok (DWG, PDF)/Mélyépítés/Átemelőakna elemek/AGY_160_150 LG - Átemelő gyűrű gumigyűrűs/AGY_160_150 LG - Átemelő gyűrű gumigyűrűs.pdf
2025-07-01 23:19:02,470 - INFO - ✅ Downloaded: hu/Prospektusok/Leier őszi termékkínálat 2024/Leier őszi termékkínálat 2024.pdf
2025-07-01 23:19:02,736 - INFO - HTTP Request: GET https://www.leier.hu/hu/dokumentumtar/3359 "HTTP/1.1 200 OK"
2025-07-01 23:19:02,736 - INFO - ✅ Downloaded: hu/Alkalmazástechnikák, Beépítési útmutatók/Durisol zajárnyékoló rendszer, vasútépítés - Alkalmazástechnika/Durisol zajárnyékoló rendszer_ vasútépítés - Alkalmazástechnika.pdf
2025-07-01 23:19:03,018 - INFO - ✅ Downloaded: hu/Részletrajzok/Elemrajzok (DWG, PDF)/Környezettechnika/Olajelválasztók DWG/LOL SUPER 150 max NF melléklet/LOL SUPER 150 max NF melle_klet.pdf
2025-07-01 23:19:03,283 - INFO - HTTP Request: GET https://www.leier.hu/hu/dokumentumtar/3931 "HTTP/1.1 200 OK"
2025-07-01 23:19:03,325 - INFO - ✅ Downloaded: at/Aufbauanleitungen/Aufbauanleitung Gartenbank Set/Aufbauanleitung Gartenbank Set.pdf
2025-07-01 23:19:03,596 - INFO - HTTP Request: GET https://www.leier.hu/hu/dokumentumtar/3938 "HTTP/1.1 200 OK"
2025-07-01 23:19:03,597 - INFO - HTTP Request: GET https://www.leier.hu/hu/dokumentumtar/3368 "HTTP/1.1 200 OK"
2025-07-01 23:19:03,598 - INFO - HTTP Request: GET https://www.leier.hu/hu/dokumentumtar/2546 "HTTP/1.1 200 OK"
2025-07-01 23:19:03,601 - INFO - ✅ Downloaded: hu/Részletrajzok/Csomópontok/Kémény részletrajzok/pln/k03-kemeny-fodemattor3/k03-kemeny-fodemattor3.pdf
2025-07-01 23:19:03,869 - INFO - HTTP Request: GET https://www.leier.hu/hu/dokumentumtar/1959 "HTTP/1.1 200 OK"
2025-07-01 23:19:03,872 - INFO - ✅ Downloaded: hu/Részletrajzok/Elemrajzok (DWG, PDF)/Környezettechnika/Olajelválasztók DWG/LOL SUPER 100 500 P zápor túlfolyóval melléklet/LOL SUPER 100 500 P zápor túlfolyóval melléklet.pdf
2025-07-01 23:19:04,145 - INFO - ✅ Downloaded: at/Verarbeitungsinfos/Verarbeitungsinfo Hochbeete Individuell/Verarbeitungsinfo Hochbeete Individuell.pdf
2025-07-01 23:19:04,412 - INFO - ✅ Downloaded: hu/Teljesítménynyilatkozatok/Magasépítési termékek/Tégla termékek/Devecser - CE-tanúsítványok/LeierPLAN/CE - LeierPLAN 38 Pro - DE/CE - LeierPLAN 38 Pro - DE.pdf
2025-07-01 23:19:04,680 - INFO - HTTP Request: GET https://www.leier.hu/hu/dokumentumtar/3572 "HTTP/1.1 200 OK"
2025-07-01 23:19:04,707 - INFO - ✅ Downloaded: hu/Részletrajzok/Elemrajzok (DWG, PDF)/Durisol zajárnyékolás/Durisol panel 496 100 egyedi - Elölnézet/Durisol panel 496 100 egyedi - Elölnézet.pdf
2025-07-01 23:19:04,968 - INFO - HTTP Request: GET https://www.leier.hu/hu/dokumentumtar/3996 "HTTP/1.1 200 OK"
2025-07-01 23:19:04,971 - INFO - HTTP Request: GET https://www.leier.hu/hu/dokumentumtar/2457 "HTTP/1.1 200 OK"
2025-07-01 23:19:04,973 - INFO - ✅ Downloaded: hu/Részletrajzok/Csomópontok/Leier Durisol Magasépítő falazórendszer/Térdfal kialakítása DSs 37,5-12/Térdfal kialakítása DSs 37_5-12.pdf
2025-07-01 23:19:05,247 - INFO - HTTP Request: GET https://www.leier.hu/hu/dokumentumtar/3958 "HTTP/1.1 200 OK"
2025-07-01 23:19:05,248 - INFO - HTTP Request: GET https://www.leier.hu/hu/dokumentumtar/3165 "HTTP/1.1 200 OK"
2025-07-01 23:19:05,253 - INFO - ✅ Downloaded: at/Verarbeitungsinfos/VÖB-FQP/FQP_Pflege-Instandhaltung-Wartung-Pflasterflächen_12- 2016.pdf/FQP_Pflege-Instandhaltung-Wartung-Pflasterfla_chen_12- 2016.pdf
2025-07-01 23:19:05,522 - INFO - ✅ Downloaded: hu/Részletrajzok/Elemrajzok (DWG, PDF)/Mélyépítés/Keretelemek/LKE 200 - 200 - 150 - Keret előfej végelem - felülnézet/LKE 200 - 200 - 150 - Keret előfej végelem - felülnézet.pdf
2025-07-01 23:19:05,791 - INFO - HTTP Request: GET https://www.leier.hu/hu/dokumentumtar/2914 "HTTP/1.1 200 OK"
2025-07-01 23:19:05,815 - INFO - ✅ Downloaded: hu/Részletrajzok/Elemrajzok (DWG, PDF)/Mélyépítés/Árokburkoló- és árokelemek/ÁBE 40_50 - 200L - árokburkoló elem - oldalnézet/ÁBE 40_50 - 200L - árokburkoló elem - oldalnézet.pdf
2025-07-01 23:19:06,098 - INFO - HTTP Request: GET https://www.leier.hu/hu/dokumentumtar/3355 "HTTP/1.1 200 OK"
2025-07-01 23:19:06,099 - INFO - HTTP Request: GET https://www.leier.hu/hu/dokumentumtar/3146 "HTTP/1.1 200 OK"
2025-07-01 23:19:06,122 - INFO - ✅ Downloaded: hu/Részletrajzok/Elemrajzok (DWG, PDF)/Környezettechnika/Olajelválasztók DWG/LOL SUPER 150 300 P zápor túlfolyóval melléklet/LOL SUPER 150 300 P zápor túlfolyóval melléklet.pdf
2025-07-01 23:19:06,387 - INFO - ✅ Downloaded: hu/Részletrajzok/Elemrajzok (DWG, PDF)/Mélyépítés/Kábelcsatorna/KCS elválasztó ív kicsi elöl/KCS elválasztó ív kicsi elöl.pdf
2025-07-01 23:19:06,647 - INFO - HTTP Request: GET https://www.leier.hu/hu/dokumentumtar/2005 "HTTP/1.1 200 OK"
2025-07-01 23:19:06,653 - ERROR - ❌ Failed to download https://www.leier.hu/hu/dokumentumtar/2005: [Errno 2] No such file or directory: 'C:\\Users\\Admin\\.cursor\\Lambda\\src\\backend\\src\\downloads\\leier_materials_api\\documents\\hu\\Teljesítménynyilatkozatok\\Magasépítési termékek\\Tégla termékek\\Devecser - Teljesítménynyilatkozatok\\Leiertherm\\Teljesítménynyilatkozat - Leiertherm 44 Pro LE DE771-1-22-02.pdf'
2025-07-01 23:19:07,044 - INFO - HTTP Request: GET https://www.leier.hu/hu/dokumentumtar/2487 "HTTP/1.1 200 OK"
2025-07-01 23:19:07,054 - INFO - HTTP Request: GET https://www.leier.hu/hu/dokumentumtar/2710 "HTTP/1.1 200 OK"
2025-07-01 23:19:07,076 - INFO - HTTP Request: GET https://www.leier.hu/hu/dokumentumtar/2475 "HTTP/1.1 200 OK"
2025-07-01 23:19:07,077 - INFO - HTTP Request: GET https://www.leier.hu/hu/dokumentumtar/3608 "HTTP/1.1 200 OK"
2025-07-01 23:19:07,080 - INFO - ✅ Downloaded: hu/Részletrajzok/Csomópontok/Tető részletrajzok/pdf/t09a-falcsat-szegely/t09a-falcsat-szegely.pdf
2025-07-01 23:19:07,346 - INFO - ✅ Downloaded: at/Prospekte/Leier Gartenkatalog/Leier Gartenkatalog.pdf
2025-07-01 23:19:07,608 - INFO - ✅ Downloaded: hu/Részletrajzok/Csomópontok/Tető részletrajzok/dwg/t08a-orom-cserep/t08a-orom-cserep.pdf
2025-07-01 23:19:07,609 - INFO - ✅ Downloaded: hu/Részletrajzok/Csomópontok/Mélyépítési részletrajzok/asc/leier-c06-nagyatmero-gumigy/leier-c06-nagyatmero-gumigy.pdf
2025-07-01 23:19:08,138 - INFO - ✅ Downloaded: hu/Részletrajzok/Elemrajzok (DWG, PDF)/Durisol zajárnyékolás/DSI 20 13 N - Durisol blokkelem - Felülnézet/DSI 20 13 N - Durisol blokkelem - Felülnézet.pdf
2025-07-01 23:19:08,525 - INFO - HTTP Request: GET https://www.leier.hu/hu/dokumentumtar/3992 "HTTP/1.1 200 OK"
2025-07-01 23:19:08,529 - INFO - HTTP Request: GET https://www.leier.hu/hu/dokumentumtar/2606 "HTTP/1.1 200 OK"
2025-07-01 23:19:08,530 - INFO - ✅ Downloaded: hu/Részletrajzok/Csomópontok/Födém részletrajzok/dxf/leier-m04-mesterf-valaszfal/leier-m04-mesterf-valaszfal.pdf
2025-07-01 23:19:08,789 - INFO - HTTP Request: GET https://www.leier.hu/hu/dokumentumtar/3424 "HTTP/1.1 200 OK"
2025-07-01 23:19:08,790 - INFO - HTTP Request: GET https://www.leier.hu/hu/dokumentumtar/3247 "HTTP/1.1 200 OK"
2025-07-01 23:19:08,799 - INFO - HTTP Request: GET https://www.leier.hu/hu/dokumentumtar/3370 "HTTP/1.1 200 OK"
2025-07-01 23:19:08,804 - INFO - ✅ Downloaded: hu/Részletrajzok/Elemrajzok (DWG, PDF)/Környezettechnika/Olajelválasztók DWG/LOL SUPER 15 P melléklet/LOL SUPER 15 P melle_klet.pdf
2025-07-01 23:19:09,064 - INFO - ✅ Downloaded: hu/Részletrajzok/Elemrajzok (DWG, PDF)/Környezettechnika/Olajelválasztók DWG/LOL SUPER 100 NF melléklet/LOL SUPER 100 NF melle_klet.pdf
2025-07-01 23:19:09,338 - INFO - ✅ Downloaded: hu/Részletrajzok/Elemrajzok (DWG, PDF)/Mélyépítés/Tisztítóakna elemek/Akna fenékelemek/AFE 80 - 50 L KN - Akna fenékelem künet nélkül - függőleges metszet/AFE 80 - 50 L KN - Akna fenékelem künet nélkül - függőleges metszet.pdf
2025-07-01 23:19:09,598 - INFO - ✅ Downloaded: hu/Teljesítménynyilatkozatok/Magasépítési termékek/Födémrendszerek/Födémbéléstest - Jánossomorja - Teljesítménynyilatkozat LE JS15037-2-02/Födémbéléstest - Jánossomorja - Teljesítménynyilatkozat LE JS15037-2-02.pdf
2025-07-01 23:19:09,996 - INFO - HTTP Request: GET https://www.leier.hu/hu/dokumentumtar/3436 "HTTP/1.1 200 OK"
2025-07-01 23:19:10,031 - INFO - ✅ Downloaded: hu/Részletrajzok/Elemrajzok (DWG, PDF)/Környezettechnika/Olajelválasztók DWG/LOL SUPER 8 80 KF zápor túlfolyóval melléklet/LOL SUPER 8 80 KF zápor túlfolyóval melléklet.pdf
2025-07-01 23:19:10,326 - INFO - HTTP Request: GET https://www.leier.hu/hu/dokumentumtar/3735 "HTTP/1.1 200 OK"
2025-07-01 23:19:10,328 - INFO - HTTP Request: GET https://www.leier.hu/hu/dokumentumtar/2580 "HTTP/1.1 200 OK"
2025-07-01 23:19:10,328 - INFO - HTTP Request: GET https://www.leier.hu/hu/dokumentumtar/2843 "HTTP/1.1 200 OK"
2025-07-01 23:19:10,330 - INFO - HTTP Request: GET https://www.leier.hu/hu/dokumentumtar/2648 "HTTP/1.1 200 OK"
2025-07-01 23:19:10,335 - INFO - ✅ Downloaded: hu/Részletrajzok/Csomópontok/Födém részletrajzok/pdf/m032-mesterf-belsokosz/m032-mesterf-belsokosz.pdf
2025-07-01 23:19:10,673 - INFO - ✅ Downloaded: hu/Szerelési útmutatók/Mesterpanel | Elementdecke/Teljesítménynilatkozat | Leistungserklärung/DE/Elementdecke Jánossomorja Leistungserklärung/Elementdecke Jánossomorja Leistungserklärung.pdf
2025-07-01 23:19:10,982 - INFO - ✅ Downloaded: hu/Részletrajzok/Csomópontok/Térburkolat részletrajzok/dwg/b07b-tereplepcso2/b07b-tereplepcso2.pdf
2025-07-01 23:19:11,390 - INFO - ✅ Downloaded: hu/Prospektusok/Leier előregyártott betonelemek prospektus/Leier előregyártott betonelemek prospektus.pdf
2025-07-01 23:19:11,661 - INFO - HTTP Request: GET https://www.leier.hu/hu/dokumentumtar/3048 "HTTP/1.1 200 OK"
2025-07-01 23:19:11,661 - INFO - HTTP Request: GET https://www.leier.hu/hu/dokumentumtar/2501 "HTTP/1.1 200 OK"
2025-07-01 23:19:11,662 - INFO - HTTP Request: GET https://www.leier.hu/hu/dokumentumtar/2434 "HTTP/1.1 200 OK"
2025-07-01 23:19:11,663 - INFO - HTTP Request: GET https://www.leier.hu/hu/dokumentumtar/2488 "HTTP/1.1 200 OK"
2025-07-01 23:19:11,667 - INFO - ✅ Downloaded: hu/Részletrajzok/Csomópontok/Tető részletrajzok/asc/leier-t072-tetoablak-vizsz/leier-t072-tetoablak-vizsz.pdf
2025-07-01 23:19:11,929 - INFO - ✅ Downloaded: hu/Részletrajzok/Csomópontok/Tető részletrajzok/pdf/t08a-orom-cserep/t08a-orom-cserep.pdf
2025-07-01 23:19:12,208 - INFO - ✅ Downloaded: hu/Részletrajzok/Elemrajzok (DWG, PDF)/Mélyépítés/Előfej támfalelemek/TFE 60 - Támfalelem metszet/TFE 60 - Támfalelem metszet.pdf
2025-07-01 23:19:12,477 - INFO - ✅ Downloaded: hu/Részletrajzok/Csomópontok/Leier Durisol zajárnyékoló falak/DWG/Durisol részletrajzok/Durisol részletrajzok.pdf
2025-07-01 23:19:12,833 - INFO - HTTP Request: GET https://www.leier.hu/hu/dokumentumtar/3056 "HTTP/1.1 200 OK"
2025-07-01 23:19:12,858 - INFO - HTTP Request: GET https://www.leier.hu/hu/dokumentumtar/3296 "HTTP/1.1 200 OK"
2025-07-01 23:19:12,867 - INFO - HTTP Request: GET https://www.leier.hu/hu/dokumentumtar/4121 "HTTP/1.1 200 OK"
2025-07-01 23:19:12,882 - INFO - HTTP Request: GET https://www.leier.hu/hu/dokumentumtar/3262 "HTTP/1.1 200 OK"
2025-07-01 23:19:12,886 - INFO - HTTP Request: GET https://www.leier.hu/hu/dokumentumtar/3288 "HTTP/1.1 200 OK"
2025-07-01 23:19:12,888 - INFO - ✅ Downloaded: hu/Részletrajzok/Elemrajzok (DWG, PDF)/Mélyépítés/Előfej támfalelemek/TFE 50 - Támfalelem elölnézet/TFE 50 - Támfalelem elölnézet.pdf
2025-07-01 23:19:13,155 - INFO - ✅ Downloaded: hu/Termékadatlapok/Magasépítési termékek/Beton falazóelemek/Leier beton pillérzsalu 25 adatlap.pdf/Leier beton pillérzsalu 25 adatlap.pdf
2025-07-01 23:19:13,420 - INFO - ✅ Downloaded: hu/Részletrajzok/Elemrajzok (DWG, PDF)/Mélyépítés/Vízelnyelőakna elemek/V AFE 50 80 L - Víznyelő akna fenékelem átfolyós függőleges metszet/V AFE 50 80 L - Víznyelő akna fenékelem átfolyós függőleges metszet.pdf
2025-07-01 23:19:13,686 - INFO - ✅ Downloaded: hu/Részletrajzok/Elemrajzok (DWG, PDF)/Mélyépítés/Vízelnyelőakna elemek/V FE 50 10 L - Víznyelő felsőelem felülnézet/V FE 50 10 L - Víznyelő felsőelem felülnézet.pdf
2025-07-01 23:19:13,946 - INFO - ✅ Downloaded: hu/Részletrajzok/Elemrajzok (DWG, PDF)/Mélyépítés/Tisztítóakna elemek/Akna fenékelemek/AFE 100 - 130 LG KN - Akna fenékelem gumigyűrűs künet nélkül - függőleges metszet/AFE 100 - 130 LG KN - Akna fenékelem gumigyűrűs künet nélkül - függőleges metszet.pdf
2025-07-01 23:19:14,309 - INFO - HTTP Request: GET https://www.leier.hu/hu/dokumentumtar/3274 "HTTP/1.1 200 OK"
2025-07-01 23:19:14,332 - INFO - ✅ Downloaded: hu/Részletrajzok/Elemrajzok (DWG, PDF)/Mélyépítés/Tisztítóakna elemek/Akna fenékelemek/AFE 100 L/AFE 100 L.pdf
2025-07-01 23:19:14,598 - INFO - HTTP Request: GET https://www.leier.hu/hu/dokumentumtar/2386 "HTTP/1.1 200 OK"
2025-07-01 23:19:14,599 - INFO - HTTP Request: GET https://www.leier.hu/hu/dokumentumtar/3121 "HTTP/1.1 200 OK"
2025-07-01 23:19:14,600 - INFO - HTTP Request: GET https://www.leier.hu/hu/dokumentumtar/2684 "HTTP/1.1 200 OK"
2025-07-01 23:19:14,601 - INFO - HTTP Request: GET https://www.leier.hu/hu/dokumentumtar/2432 "HTTP/1.1 200 OK"
2025-07-01 23:19:14,605 - INFO - ✅ Downloaded: hu/Részletrajzok/Csomópontok/Fal részletrajzok/pln/f10b-belso-zsalu-alap/f10b-belso-zsalu-alap.pdf
2025-07-01 23:19:14,873 - INFO - ✅ Downloaded: hu/Részletrajzok/Elemrajzok (DWG, PDF)/Mélyépítés/Kábelcsatorna/KCS vályú könnyített oldalkitörés hosszmetszet/KCS vályú könnyített oldalkitörés hosszmetszet.pdf
2025-07-01 23:19:15,132 - INFO - ✅ Downloaded: hu/Részletrajzok/Csomópontok/Térburkolat részletrajzok/asc/leier-b03-szegely3/leier-b03-szegely3.pdf
2025-07-01 23:19:15,405 - INFO - ✅ Downloaded: hu/Részletrajzok/Csomópontok/Leier Durisol zajárnyékoló falak/DWG/LSA 50 12 25 - W típusrajz/LSA 50 12 25 - W típusrajz.pdf
2025-07-01 23:19:15,748 - INFO - HTTP Request: GET https://www.leier.hu/hu/dokumentumtar/2420 "HTTP/1.1 200 OK"
2025-07-01 23:19:15,762 - INFO - ✅ Downloaded: hu/Részletrajzok/Csomópontok/Fal részletrajzok/dxf/Leier f10a-belso-uni-alapoz1/Leier f10a-belso-uni-alapoz1.pdf
2025-07-01 23:19:16,037 - INFO - HTTP Request: GET https://www.leier.hu/hu/dokumentumtar/2426 "HTTP/1.1 200 OK"
2025-07-01 23:19:16,038 - INFO - HTTP Request: GET https://www.leier.hu/hu/dokumentumtar/2537 "HTTP/1.1 200 OK"
2025-07-01 23:19:16,039 - INFO - HTTP Request: GET https://www.leier.hu/hu/dokumentumtar/2376 "HTTP/1.1 200 OK"
2025-07-01 23:19:16,039 - INFO - HTTP Request: GET https://www.leier.hu/hu/dokumentumtar/4005 "HTTP/1.1 200 OK"
2025-07-01 23:19:16,044 - INFO - ✅ Downloaded: hu/Részletrajzok/Csomópontok/Fal részletrajzok/dxf/Leier f07-belsofofal-alapoz1/Leier f07-belsofofal-alapoz1.pdf
2025-07-01 23:19:16,045 - INFO - ✅ Downloaded: hu/Részletrajzok/Csomópontok/Fal részletrajzok/pdf/f08-vfal-alapozas/f08-vfal-alapozas.pdf
2025-07-01 23:19:16,580 - INFO - ✅ Downloaded: hu/Részletrajzok/Csomópontok/Kémény részletrajzok/pdf/k05-kemenyatvez-lapost/k05-kemenyatvez-lapost.pdf
2025-07-01 23:19:16,854 - INFO - ✅ Downloaded: hu/Teljesítménynyilatkozatok/Magasépítési termékek/Előregyártott falak/Falelem - Kiskunlacháza - Teljesítménynyilatkozat LE KL14992-04/Falelem - Kiskunlacháza - Teljesítménynyilatkozat LE KL14992-04.pdf
2025-07-01 23:19:17,111 - INFO - HTTP Request: GET https://www.leier.hu/hu/dokumentumtar/3189 "HTTP/1.1 200 OK"
2025-07-01 23:19:17,135 - INFO - ✅ Downloaded: hu/Részletrajzok/Elemrajzok (DWG, PDF)/Mélyépítés/Keretelemek/LKE 100 - 100 - 100 - Keretelem - hosszmetszet/LKE 100 - 100 - 100 - Keretelem - hosszmetszet.pdf
2025-07-01 23:19:17,430 - INFO - HTTP Request: GET https://www.leier.hu/hu/dokumentumtar/2291 "HTTP/1.1 200 OK"
2025-07-01 23:19:17,431 - INFO - HTTP Request: GET https://www.leier.hu/hu/dokumentumtar/2676 "HTTP/1.1 200 OK"
2025-07-01 23:19:17,434 - INFO - ✅ Downloaded: hu/Termékadatlapok/Kertépítés, díszburkolat/Kerti lapok/REGNUM elagant lapok termékadatlap/REGNUM elagant lapok termékadatlap.pdf
2025-07-01 23:19:17,696 - INFO - ✅ Downloaded: hu/Részletrajzok/Csomópontok/Térburkolat részletrajzok/pln/b01-szegely1/b01-szegely1.pdf
2025-07-01 23:19:17,982 - INFO - HTTP Request: GET https://www.leier.hu/hu/dokumentumtar/3843 "HTTP/1.1 200 OK"
2025-07-01 23:19:17,983 - INFO - HTTP Request: GET https://www.leier.hu/hu/dokumentumtar/3995 "HTTP/1.1 200 OK"
2025-07-01 23:19:17,987 - INFO - ✅ Downloaded: hu/Teljesítménynyilatkozatok/Magasépítési termékek/Beton falazóelemek/VF10 válaszfalelem - Jánossomorja - Teljesítménynyilatkozat LE JS771-3-VF10-03/VF10 válaszfalelem - Jánossomorja - Teljesítménynyilatkozat LE JS771-3-VF10-03.pdf
2025-07-01 23:19:18,422 - INFO - ✅ Downloaded: hu/Teljesítménynyilatkozatok/Magasépítési termékek/Födémrendszerek/LMF-gerenda - Pécs - Teljesítménynyilatkozat LE PE15037-1-02/LMF-gerenda - Pécs - Teljesítménynyilatkozat LE PE15037-1-02.pdf
2025-07-01 23:19:18,690 - INFO - HTTP Request: GET https://www.leier.hu/hu/dokumentumtar/3344 "HTTP/1.1 200 OK"
2025-07-01 23:19:18,700 - INFO - ✅ Downloaded: hu/Részletrajzok/Elemrajzok (DWG, PDF)/Környezettechnika/Zsírleválasztók PDF/LZS 2 melleklet PDF/LZS 2 melleklet PDF.pdf
2025-07-01 23:19:18,962 - INFO - HTTP Request: GET https://www.leier.hu/hu/dokumentumtar/2868 "HTTP/1.1 200 OK"
2025-07-01 23:19:18,964 - INFO - HTTP Request: GET https://www.leier.hu/hu/dokumentumtar/3443 "HTTP/1.1 200 OK"
2025-07-01 23:19:18,968 - INFO - ✅ Downloaded: hu/Szerelési útmutatók/Lépcső | Treppe/Teljesítménynyilatkozat | Leistungserklärung/DE/Stahlbetontreppe Jánossomorja Leistungserklärung/Stahlbetontreppe Jánossomorja Leistungserklärung.pdf
2025-07-01 23:19:19,241 - INFO - HTTP Request: GET https://www.leier.hu/hu/dokumentumtar/3548 "HTTP/1.1 200 OK"
2025-07-01 23:19:19,242 - INFO - ✅ Downloaded: hu/Részletrajzok/Elemrajzok (DWG, PDF)/Környezettechnika/Olajelválasztók DWG/LOL SUPER 6 30 P zápor túlfolyóval melléklet/LOL SUPER 6 30 P zápor túlfolyóval melléklet.pdf
2025-07-01 23:19:19,525 - INFO - HTTP Request: GET https://www.leier.hu/hu/dokumentumtar/2269 "HTTP/1.1 200 OK"
2025-07-01 23:19:19,528 - INFO - ✅ Downloaded: hu/Részletrajzok/Elemrajzok (DWG, PDF)/Környezettechnika/Olajelválasztók PDF/LOL SUPER 8 KF melleklet PDF/LOL SUPER 8 KF melleklet PDF.pdf
2025-07-01 23:19:19,841 - INFO - HTTP Request: GET https://www.leier.hu/hu/dokumentumtar/1998 "HTTP/1.1 200 OK"
2025-07-01 23:19:19,842 - INFO - ✅ Downloaded: hu/Termékadatlapok/Kertépítés, díszburkolat/Térkövek/Leier Kaiserstein KANT univerzális térkő adatlap/Leier Kaiserstein KANT univerzális térkő adatlap.pdf
2025-07-01 23:19:20,197 - ERROR - ❌ Failed to download https://www.leier.hu/hu/dokumentumtar/1998: [Errno 2] No such file or directory: 'C:\\Users\\Admin\\.cursor\\Lambda\\src\\backend\\src\\downloads\\leier_materials_api\\documents\\hu\\Teljesítménynyilatkozatok\\Magasépítési termékek\\Tégla termékek\\Devecser - Teljesítménynyilatkozatok\\Leiertherm\\Teljesítménynyilatkozat - Leiertherm 12 N_F LE DE771-1-05-04.pdf'
2025-07-01 23:19:20,458 - INFO - HTTP Request: GET https://www.leier.hu/hu/dokumentumtar/3227 "HTTP/1.1 200 OK"
2025-07-01 23:19:20,481 - INFO - ✅ Downloaded: hu/Részletrajzok/Elemrajzok (DWG, PDF)/Mélyépítés/Tisztítóakna elemek/Aknagyűrűk/AGY 100 - 50 LG+H - Aknagyűrű gumigyűrűs hágcsóval - függőleges metszet/AGY 100 - 50 LG_H - Aknagyűrű gumigyűrűs hágcsóval - függőleges metszet.pdf
2025-07-01 23:19:20,751 - INFO - HTTP Request: GET https://www.leier.hu/hu/dokumentumtar/2242 "HTTP/1.1 200 OK"
2025-07-01 23:19:20,752 - INFO - HTTP Request: GET https://www.leier.hu/hu/dokumentumtar/2453 "HTTP/1.1 200 OK"
2025-07-01 23:19:20,763 - INFO - ✅ Downloaded: hu/Részletrajzok/Csomópontok/Leier Durisol zajárnyékoló falak/PDF/DSi 30 13 - W alap/DSi 30 13 - W alap.pdf
2025-07-01 23:19:21,064 - INFO - HTTP Request: GET https://www.leier.hu/hu/dokumentumtar/3545 "HTTP/1.1 200 OK"
2025-07-01 23:19:21,066 - INFO - HTTP Request: GET https://www.leier.hu/hu/dokumentumtar/3784 "HTTP/1.1 200 OK"
2025-07-01 23:19:21,077 - INFO - ✅ Downloaded: hu/Termékadatlapok/Magasépítési termékek/Durisol falazóelemek/Durisol hanggátló falazóelem DMi 20/13 - Termékadatlap/Durisol hanggátló falazóelem DMi 20_13 - Termékadatlap.pdf
2025-07-01 23:19:21,345 - INFO - ✅ Downloaded: hu/Részletrajzok/Elemrajzok (DWG, PDF)/Környezettechnika/Olajelválasztók PDF/LOL SUPER 8 P melleklet PDF/LOL SUPER 8 P melleklet PDF.pdf
2025-07-01 23:19:21,604 - INFO - HTTP Request: GET https://www.leier.hu/hu/dokumentumtar/2300 "HTTP/1.1 200 OK"
2025-07-01 23:19:21,611 - INFO - ✅ Downloaded: hu/Termékadatlapok/Kertépítés, díszburkolat/Rézsűkövek, kiegészítők, virágtartók/CASTRUM paliszád termékadatlap/CASTRUM paliszád termékadatlap.pdf
2025-07-01 23:19:21,884 - INFO - HTTP Request: GET https://www.leier.hu/hu/dokumentumtar/3035 "HTTP/1.1 200 OK"
2025-07-01 23:19:21,888 - INFO - ✅ Downloaded: hu/Részletrajzok/Elemrajzok (DWG, PDF)/Mélyépítés/Betontartályok/LBT 10 akna melléklet/LBT 10 akna melle_klet.pdf
2025-07-01 23:19:21,888 - INFO - ✅ Downloaded: hu/Teljesítménynyilatkozatok/Magasépítési termékek/Tégla termékek/Petrovany - Teljesítménynyilatkozat/Teljesítménynyilatkozat  - Petrovany - téglák/Teljesítménynyilatkozat  - Petrovany - téglák.pdf
2025-07-01 23:19:22,555 - INFO - HTTP Request: GET https://www.leier.hu/hu/dokumentumtar/3163 "HTTP/1.1 200 OK"
2025-07-01 23:19:22,572 - INFO - HTTP Request: GET https://www.leier.hu/hu/dokumentumtar/3822 "HTTP/1.1 200 OK"
2025-07-01 23:19:22,582 - INFO - HTTP Request: GET https://www.leier.hu/hu/dokumentumtar/3527 "HTTP/1.1 200 OK"
2025-07-01 23:19:22,598 - INFO - HTTP Request: GET https://www.leier.hu/hu/dokumentumtar/3607 "HTTP/1.1 200 OK"
2025-07-01 23:19:22,603 - ERROR - ❌ Failed to download https://www.leier.hu/hu/dokumentumtar/3822: [Errno 2] No such file or directory: 'C:\\Users\\Admin\\.cursor\\Lambda\\src\\backend\\src\\downloads\\leier_materials_api\\documents\\hu\\Teljesítménynyilatkozatok\\Mély- és vasútépítés_ környezettechnika\\Felszíni vízelvezetés\\Előregyártott beton árokelemek - Pécs - Teljesítménynyilatkozat LE PE1340-01-ÁE.pdf'
2025-07-01 23:19:22,908 - INFO - HTTP Request: GET https://www.leier.hu/hu/dokumentumtar/3884 "HTTP/1.1 200 OK"
2025-07-01 23:19:22,910 - INFO - ✅ Downloaded: hu/Részletrajzok/Elemrajzok (DWG, PDF)/Mélyépítés/Keretelemek/LKE 200 - 200 - 197 - Keret előfej kezdőelem - felülnézet/LKE 200 - 200 - 197 - Keret előfej kezdőelem - felülnézet.pdf
2025-07-01 23:19:23,216 - INFO - ✅ Downloaded: hu/Teljesítménynyilatkozatok/Tetőfedő rendszerek/Betoncserép - Hajdúszoboszló - Teljesítménynyilatkozat LE HA490-04/Betoncserép - Hajdúszoboszló - Teljesítménynyilatkozat LE HA490-04.pdf
2025-07-01 23:19:23,485 - INFO - ✅ Downloaded: hu/Részletrajzok/Elemrajzok (DWG, PDF)/Környezettechnika/Olajelválasztók PDF/LOL SUPER 20 max KF melleklet PDF/LOL SUPER 20 max KF melleklet PDF.pdf
2025-07-01 23:19:23,748 - INFO - ✅ Downloaded: hu/Részletrajzok/Elemrajzok (DWG, PDF)/Durisol zajárnyékolás/DSI 25 13 N - Durisol blokkelem - Felülnézet/DSI 25 13 N - Durisol blokkelem - Felülnézet.pdf
2025-07-01 23:19:24,164 - INFO - HTTP Request: GET https://www.leier.hu/hu/dokumentumtar/3574 "HTTP/1.1 200 OK"
2025-07-01 23:19:24,169 - INFO - HTTP Request: GET https://www.leier.hu/hu/dokumentumtar/3596 "HTTP/1.1 200 OK"
2025-07-01 23:19:24,205 - INFO - ✅ Downloaded: hu/Részletrajzok/Elemrajzok (DWG, PDF)/Durisol zajárnyékolás/Durisol panel 496 100 DSI 30 13 N - Metszet/Durisol panel 496 100 DSI 30 13 N - Metszet.pdf
2025-07-01 23:19:24,476 - INFO - ✅ Downloaded: hu/Részletrajzok/Elemrajzok (DWG, PDF)/Durisol zajárnyékolás/Durisol panel 296 100 hálós - Elölnézet/Durisol panel 296 100 hálós - Elölnézet.pdf
2025-07-01 23:19:24,742 - INFO - HTTP Request: GET https://www.leier.hu/hu/dokumentumtar/3057 "HTTP/1.1 200 OK"
2025-07-01 23:19:24,762 - INFO - HTTP Request: GET https://www.leier.hu/hu/dokumentumtar/2622 "HTTP/1.1 200 OK"
2025-07-01 23:19:24,763 - INFO - HTTP Request: GET https://www.leier.hu/hu/dokumentumtar/3030 "HTTP/1.1 200 OK"
2025-07-01 23:19:24,767 - INFO - ✅ Downloaded: hu/Részletrajzok/Csomópontok/Kéregfal részletrajzok/dwg/e03a-falcsatl-szig/e03a-falcsatl-szig.pdf
2025-07-01 23:19:25,026 - INFO - ✅ Downloaded: hu/Részletrajzok/Elemrajzok (DWG, PDF)/Mélyépítés/Betontartályok/LBT 2 - Betontartály vízszintes metszet/LBT 2 - Betontartály vízszintes metszet.pdf
2025-07-01 23:19:25,300 - INFO - ✅ Downloaded: hu/Részletrajzok/Elemrajzok (DWG, PDF)/Mélyépítés/Előfej támfalelemek/TFE 40 - Támfalelem oldalnézet/TFE 40 - Támfalelem oldalnézet.pdf
2025-07-01 23:19:25,765 - INFO - HTTP Request: GET https://www.leier.hu/hu/dokumentumtar/3714 "HTTP/1.1 200 OK"
2025-07-01 23:19:25,798 - INFO - HTTP Request: GET https://www.leier.hu/hu/dokumentumtar/1993 "HTTP/1.1 200 OK"
2025-07-01 23:19:25,800 - INFO - HTTP Request: GET https://www.leier.hu/hu/dokumentumtar/1986 "HTTP/1.1 200 OK"
2025-07-01 23:19:25,802 - INFO - HTTP Request: GET https://www.leier.hu/hu/dokumentumtar/1916 "HTTP/1.1 200 OK"
2025-07-01 23:19:25,816 - INFO - HTTP Request: GET https://www.leier.hu/hu/dokumentumtar/2743 "HTTP/1.1 200 OK"
2025-07-01 23:19:25,828 - ERROR - ❌ Failed to download https://www.leier.hu/hu/dokumentumtar/1993: [Errno 2] No such file or directory: 'C:\\Users\\Admin\\.cursor\\Lambda\\src\\backend\\src\\downloads\\leier_materials_api\\documents\\hu\\Teljesítménynyilatkozatok\\Magasépítési termékek\\Tégla termékek\\Devecser - Teljesítménynyilatkozatok\\LeierPLAN\\Teljesítménynyilatkozat - LeierPLAN 44 iSO_ - DE LE DE771-1-18-02.pdf'
2025-07-01 23:19:26,126 - ERROR - ❌ Failed to download https://www.leier.hu/hu/dokumentumtar/1986: [Errno 2] No such file or directory: 'C:\\Users\\Admin\\.cursor\\Lambda\\src\\backend\\src\\downloads\\leier_materials_api\\documents\\hu\\Teljesítménynyilatkozatok\\Magasépítési termékek\\Tégla termékek\\Devecser - Teljesítménynyilatkozatok\\LeierPLAN\\Teljesítménynyilatkozat - LeierPLAN 44 Pro LE DE771-1-21-02.pdf'
2025-07-01 23:19:26,408 - INFO - ✅ Downloaded: hu/Részletrajzok/Csomópontok/Kéregelemes födém részletrajzok/pdf/p02b-kpanel-koszoru3/p02b-kpanel-koszoru3.pdf
2025-07-01 23:19:26,673 - INFO - ✅ Downloaded: at/Prospekte/Leier Pflaster-Logische und ökologische Aspekte für Pflastersteine/Leier Pflaster-Logische und ökologische Aspekte für Pflastersteine.pdf
2025-07-01 23:19:27,000 - INFO - ✅ Downloaded: hu/Alkalmazástechnikák, Beépítési útmutatók/Kerítéselemek beépítési útmutatója/Kerítéselemek beépítési útmutatója.pdf
2025-07-01 23:19:27,264 - INFO - HTTP Request: GET https://www.leier.hu/hu/dokumentumtar/2957 "HTTP/1.1 200 OK"
2025-07-01 23:19:27,265 - INFO - HTTP Request: GET https://www.leier.hu/hu/dokumentumtar/2419 "HTTP/1.1 200 OK"
2025-07-01 23:19:27,278 - INFO - ✅ Downloaded: hu/Részletrajzok/Csomópontok/Fal részletrajzok/asc/leier-f04b-kulso-nyilaszaro2/leier-f04b-kulso-nyilaszaro2.pdf
2025-07-01 23:19:27,581 - INFO - HTTP Request: GET https://www.leier.hu/hu/dokumentumtar/2414 "HTTP/1.1 200 OK"
2025-07-01 23:19:27,582 - INFO - HTTP Request: GET https://www.leier.hu/hu/dokumentumtar/3180 "HTTP/1.1 200 OK"
2025-07-01 23:19:27,587 - INFO - ✅ Downloaded: hu/Részletrajzok/Elemrajzok (DWG, PDF)/Mélyépítés/Átemelőakna elemek/AGY_160_200 LG - Átemelő gyűrű gumigyűrűs/AGY_160_200 LG - Átemelő gyűrű gumigyűrűs.pdf
2025-07-01 23:19:27,866 - INFO - ✅ Downloaded: hu/Részletrajzok/Elemrajzok (DWG, PDF)/Mélyépítés/Keretelemek/LKE 120 - 120 - 110 - Keret előfej végelem - hosszmetszet/LKE 120 - 120 - 110 - Keret előfej végelem - hosszmetszet.pdf
2025-07-01 23:19:28,127 - INFO - HTTP Request: GET https://www.leier.hu/hu/dokumentumtar/3214 "HTTP/1.1 200 OK"
2025-07-01 23:19:28,127 - INFO - ✅ Downloaded: hu/Részletrajzok/Csomópontok/Fal részletrajzok/asc/leier-f09a-uni-alapozas-tn/leier-f09a-uni-alapozas-tn.pdf
2025-07-01 23:19:28,417 - INFO - ✅ Downloaded: hu/Részletrajzok/Elemrajzok (DWG, PDF)/Mélyépítés/Tisztítóakna elemek/Aknaszűkítő elemek/ASZ 200 L/ASZ 200 L.pdf
2025-07-01 23:19:28,714 - INFO - HTTP Request: GET https://www.leier.hu/hu/dokumentumtar/2806 "HTTP/1.1 200 OK"
2025-07-01 23:19:28,717 - INFO - ✅ Downloaded: hu/Arculati elemek/Leier logó (CMYK)/Leier logó _CMYK_.pdf
2025-07-01 23:19:29,004 - INFO - HTTP Request: GET https://www.leier.hu/hu/dokumentumtar/2855 "HTTP/1.1 200 OK"
2025-07-01 23:19:29,058 - INFO - ✅ Downloaded: hu/Szerelési útmutatók/Üreges Födémpalló | Hohldiele/Szerelési útmutató | Montageanleitung/HU/Üreges födémpalló beépítési útmutató/Üreges födémpalló beépítési útmutató.pdf
2025-07-01 23:19:29,320 - INFO - HTTP Request: GET https://www.leier.hu/hu/dokumentumtar/3260 "HTTP/1.1 200 OK"
2025-07-01 23:19:29,321 - INFO - HTTP Request: GET https://www.leier.hu/hu/dokumentumtar/3069 "HTTP/1.1 200 OK"
2025-07-01 23:19:29,323 - INFO - HTTP Request: GET https://www.leier.hu/hu/dokumentumtar/2721 "HTTP/1.1 200 OK"
2025-07-01 23:19:29,323 - INFO - HTTP Request: GET https://www.leier.hu/hu/dokumentumtar/2797 "HTTP/1.1 200 OK"
2025-07-01 23:19:29,326 - INFO - ✅ Downloaded: hu/Részletrajzok/Csomópontok/Kéregelemes födém részletrajzok/dwg/p07-kpanel-gerenda/p07-kpanel-gerenda.pdf
2025-07-01 23:19:29,599 - INFO - ✅ Downloaded: hu/Részletrajzok/Elemrajzok (DWG, PDF)/Mélyépítés/Tisztítóakna elemek/Akna fenékelemek/AFE 100 - 50 L KN - Akna fenékelem künet nélkül - függőleges metszet/AFE 100 - 50 L KN - Akna fenékelem künet nélkül - függőleges metszet.pdf
2025-07-01 23:19:29,861 - INFO - ✅ Downloaded: hu/Részletrajzok/Elemrajzok (DWG, PDF)/Mélyépítés/Előfej támfalelemek/TFE 100 - Támfalelem - hátulnézet/TFE 100 - Támfalelem - hátulnézet.pdf
2025-07-01 23:19:30,190 - INFO - ✅ Downloaded: hu/LeierPress/Leier Újság 2007/Leier Újság 2007.pdf
2025-07-01 23:19:30,448 - INFO - HTTP Request: GET https://www.leier.hu/hu/dokumentumtar/3168 "HTTP/1.1 200 OK"
2025-07-01 23:19:30,450 - INFO - HTTP Request: GET https://www.leier.hu/hu/dokumentumtar/2700 "HTTP/1.1 200 OK"
2025-07-01 23:19:30,451 - INFO - HTTP Request: GET https://www.leier.hu/hu/dokumentumtar/3095 "HTTP/1.1 200 OK"
2025-07-01 23:19:30,452 - INFO - HTTP Request: GET https://www.leier.hu/hu/dokumentumtar/3559 "HTTP/1.1 200 OK"
2025-07-01 23:19:30,455 - INFO - ✅ Downloaded: hu/Részletrajzok/Csomópontok/Mélyépítési részletrajzok/pdf/c04-vegyes-csaphornyos/c04-vegyes-csaphornyos.pdf
2025-07-01 23:19:30,717 - INFO - ✅ Downloaded: hu/Részletrajzok/Elemrajzok (DWG, PDF)/Környezettechnika/Olajelválasztók PDF/LOL SUPER 3 KF melleklet PDF/LOL SUPER 3 KF melleklet PDF.pdf
2025-07-01 23:19:30,986 - INFO - ✅ Downloaded: hu/Részletrajzok/Elemrajzok (DWG, PDF)/Mélyépítés/Keretelemek/LKE 180 - 180 - 170 - Keret előfej kezdőelem - hosszmetszet/LKE 180 - 180 - 170 - Keret előfej kezdőelem - hosszmetszet.pdf
2025-07-01 23:19:30,986 - INFO - ✅ Downloaded: hu/Részletrajzok/Elemrajzok (DWG, PDF)/Mélyépítés/Előfej támfalelemek/LEF 30 - Előfej betoncsőhöz - elölnézet/LEF 30 - Előfej betoncsőhöz - elölnézet.pdf
2025-07-01 23:19:31,626 - INFO - HTTP Request: GET https://www.leier.hu/hu/dokumentumtar/3376 "HTTP/1.1 200 OK"
2025-07-01 23:19:31,644 - INFO - HTTP Request: GET https://www.leier.hu/hu/dokumentumtar/2891 "HTTP/1.1 200 OK"
2025-07-01 23:19:31,661 - INFO - ✅ Downloaded: hu/Részletrajzok/Elemrajzok (DWG, PDF)/Környezettechnika/Olajelválasztók DWG/LOL SUPER 80 NF melléklet/LOL SUPER 80 NF melle_klet.pdf
2025-07-01 23:19:31,926 - INFO - HTTP Request: GET https://www.leier.hu/hu/dokumentumtar/2950 "HTTP/1.1 200 OK"
2025-07-01 23:19:31,928 - INFO - HTTP Request: GET https://www.leier.hu/hu/dokumentumtar/2976 "HTTP/1.1 200 OK"
2025-07-01 23:19:31,929 - INFO - HTTP Request: GET https://www.leier.hu/hu/dokumentumtar/3144 "HTTP/1.1 200 OK"
2025-07-01 23:19:31,933 - INFO - ✅ Downloaded: hu/Részletrajzok/Elemrajzok (DWG, PDF)/Mélyépítés/Árokburkoló- és árokelemek/ÁE 40_35 - 50L - árokburkoló elem - keresztmetszet/ÁE 40_35 - 50L - árokburkoló elem - keresztmetszet.pdf
2025-07-01 23:19:32,201 - INFO - ✅ Downloaded: hu/Részletrajzok/Elemrajzok (DWG, PDF)/Mélyépítés/Átemelőakna elemek/AFE_160_230 L - Átemelő fenékelem/AFE_160_230 L - Átemelő fenékelem.pdf
2025-07-01 23:19:32,463 - INFO - ✅ Downloaded: hu/Részletrajzok/Elemrajzok (DWG, PDF)/Mélyépítés/Kábelcsatorna/KCS elválasztó ív kicsi oldal/KCS elválasztó ív kicsi oldal.pdf
2025-07-01 23:19:32,463 - INFO - ✅ Downloaded: hu/Részletrajzok/Elemrajzok (DWG, PDF)/Mélyépítés/Átemelőakna elemek/AGY_200_150 LG V- Átemelő gyűrű gumigyűrűs végelem/AGY_200_150 LG V- Átemelő gyűrű gumigyűrűs végelem.pdf
2025-07-01 23:19:33,116 - INFO - HTTP Request: GET https://www.leier.hu/hu/dokumentumtar/2889 "HTTP/1.1 200 OK"
2025-07-01 23:19:33,122 - INFO - HTTP Request: GET https://www.leier.hu/hu/dokumentumtar/2038 "HTTP/1.1 200 OK"
2025-07-01 23:19:33,136 - INFO - HTTP Request: GET https://www.leier.hu/hu/dokumentumtar/2907 "HTTP/1.1 200 OK"
2025-07-01 23:19:33,148 - ERROR - ❌ Failed to download https://www.leier.hu/hu/dokumentumtar/2038: [Errno 2] No such file or directory: 'C:\\Users\\Admin\\.cursor\\Lambda\\src\\backend\\src\\downloads\\leier_materials_api\\documents\\hu\\Teljesítménynyilatkozatok\\Magasépítési termékek\\Tégla termékek\\Mátraderecske - Teljesítménynyilatkozatok\\Teljesítménynyilatkozat - LeierPLAN vékonyágyas falazóhabarcs LE HU998-2-02.pdf'
2025-07-01 23:19:33,416 - INFO - HTTP Request: GET https://www.leier.hu/hu/dokumentumtar/3595 "HTTP/1.1 200 OK"
2025-07-01 23:19:33,418 - INFO - HTTP Request: GET https://www.leier.hu/hu/dokumentumtar/4014 "HTTP/1.1 200 OK"
2025-07-01 23:19:33,422 - INFO - ✅ Downloaded: hu/Részletrajzok/Elemrajzok (DWG, PDF)/Mélyépítés/Árokburkoló- és árokelemek/ÁE 60_35 - 40L - árokburkoló elem - felülnézet/ÁE 60_35 - 40L - árokburkoló elem - felülnézet.pdf
2025-07-01 23:19:33,728 - INFO - ✅ Downloaded: hu/Részletrajzok/Elemrajzok (DWG, PDF)/Durisol zajárnyékolás/Durisol panel 296 125 egyedi - Elölnézet/Durisol panel 296 125 egyedi - Elölnézet.pdf
2025-07-01 23:19:33,729 - INFO - ✅ Downloaded: hu/Részletrajzok/Elemrajzok (DWG, PDF)/Mélyépítés/Árokburkoló- és árokelemek/ÁBE F 30_40 - 100 - fedlap - keresztmetszet/ÁBE F 30_40 - 100 - fedlap - keresztmetszet.pdf
2025-07-01 23:19:34,351 - INFO - ✅ Downloaded: at/Prospekte/Aktionen Herbst 2024 - Gültig bis 31.12.2024/Aktionen Herbst 2024 - Gültig bis 31.12.2024
2025-07-01 23:19:34,616 - INFO - HTTP Request: GET https://www.leier.hu/hu/dokumentumtar/3535 "HTTP/1.1 200 OK"
2025-07-01 23:19:34,624 - INFO - HTTP Request: GET https://www.leier.hu/hu/dokumentumtar/3107 "HTTP/1.1 200 OK"
2025-07-01 23:19:34,626 - INFO - HTTP Request: GET https://www.leier.hu/hu/dokumentumtar/2357 "HTTP/1.1 200 OK"
2025-07-01 23:19:34,627 - INFO - HTTP Request: GET https://www.leier.hu/hu/dokumentumtar/2756 "HTTP/1.1 200 OK"
2025-07-01 23:19:34,632 - INFO - ✅ Downloaded: hu/Részletrajzok/Csomópontok/Fal részletrajzok/dwg/f10a-belso-uni-alapozas/f10a-belso-uni-alapozas.pdf
2025-07-01 23:19:34,633 - INFO - ✅ Downloaded: hu/Részletrajzok/Csomópontok/Kéregelemes födém részletrajzok/pln/p01-kpanel-koszoru1/p01-kpanel-koszoru1.pdf
2025-07-01 23:19:35,154 - INFO - ✅ Downloaded: hu/Részletrajzok/Elemrajzok (DWG, PDF)/Környezettechnika/Olajelválasztók PDF/LOL SUPER 15 max KF melleklet PDF/LOL SUPER 15 max KF melleklet PDF.pdf
2025-07-01 23:19:35,421 - INFO - ✅ Downloaded: hu/Részletrajzok/Elemrajzok (DWG, PDF)/Mélyépítés/Előfej támfalelemek/LEF 30 1 1 tömbelőfej/LEF 30 1 1 tömbelőfej.pdf
2025-07-01 23:19:35,815 - INFO - HTTP Request: GET https://www.leier.hu/hu/dokumentumtar/2243 "HTTP/1.1 200 OK"
2025-07-01 23:19:35,820 - INFO - HTTP Request: GET https://www.leier.hu/hu/dokumentumtar/1918 "HTTP/1.1 200 OK"
2025-07-01 23:19:35,839 - INFO - HTTP Request: GET https://www.leier.hu/hu/dokumentumtar/3556 "HTTP/1.1 200 OK"
2025-07-01 23:19:35,846 - INFO - HTTP Request: GET https://www.leier.hu/hu/dokumentumtar/2454 "HTTP/1.1 200 OK"
2025-07-01 23:19:35,878 - INFO - ✅ Downloaded: hu/Részletrajzok/Elemrajzok (DWG, PDF)/Környezettechnika/Olajelválasztók PDF/LOL SUPER 3 P melleklet PDF/LOL SUPER 3 P melleklet PDF.pdf
2025-07-01 23:19:36,138 - INFO - HTTP Request: GET https://www.leier.hu/hu/dokumentumtar/2786 "HTTP/1.1 200 OK"
2025-07-01 23:19:36,144 - INFO - ✅ Downloaded: hu/Termékadatlapok/Magasépítési termékek/Durisol falazóelemek/Durisol hanggátló falazóelem DMi 17/12 - Termékadatlap/Durisol hanggátló falazóelem DMi 17_12 - Termékadatlap.pdf
2025-07-01 23:19:36,144 - INFO - ✅ Downloaded: hu/Részletrajzok/Csomópontok/Leier Durisol zajárnyékoló falak/PDF/DSi 30 13 - N alap/DSi 30 13 - N alap.pdf
2025-07-01 23:19:36,798 - INFO - HTTP Request: GET https://www.leier.hu/hu/dokumentumtar/3265 "HTTP/1.1 200 OK"
2025-07-01 23:19:36,799 - INFO - ✅ Downloaded: hu/Részletrajzok/Csomópontok/Előregyártott betonelemek tervezési segédlet - részletrajzok/Előregyártott betonelemek tervezési segédlet - részletrajzok.pdf
2025-07-01 23:19:37,060 - INFO - HTTP Request: GET https://www.leier.hu/hu/dokumentumtar/4046 "HTTP/1.1 200 OK"
2025-07-01 23:19:37,061 - INFO - HTTP Request: GET https://www.leier.hu/hu/dokumentumtar/2886 "HTTP/1.1 200 OK"
2025-07-01 23:19:37,076 - INFO - ✅ Downloaded: hu/Részletrajzok/Elemrajzok (DWG, PDF)/Mélyépítés/Tisztítóakna elemek/Akna fenékelemek/AFE 100 - 100 LG K - Akna fenékelem gumigyűrűs künettel - függőleges metszet/AFE 100 - 100 LG K - Akna fenékelem gumigyűrűs künettel - függőleges metszet.pdf
2025-07-01 23:19:37,342 - INFO - ✅ Downloaded: hu/Részletrajzok/Elemrajzok (DWG, PDF)/Mélyépítés/Árokburkoló- és árokelemek/ÁE 60_35 - 40L - árokburkoló elem - oldalnézet/ÁE 60_35 - 40L - árokburkoló elem - oldalnézet.pdf
2025-07-01 23:19:37,604 - INFO - ✅ Downloaded: hu/Teljesítménynyilatkozatok/Kertépítés, díszburkolat/Leier kertépitesi szegélykövek teljesítménynyilatkozat-NR LE HU1340(K) 01/Leier kertépitesi szegélykövek teljesítménynyilatkozat-NR LE HU1340_K_ 01.pdf
2025-07-01 23:19:37,962 - INFO - HTTP Request: GET https://www.leier.hu/hu/dokumentumtar/3316 "HTTP/1.1 200 OK"
2025-07-01 23:19:37,973 - INFO - HTTP Request: GET https://www.leier.hu/hu/dokumentumtar/2021 "HTTP/1.1 200 OK"
2025-07-01 23:19:38,002 - ERROR - ❌ Failed to download https://www.leier.hu/hu/dokumentumtar/2021: [Errno 2] No such file or directory: 'C:\\Users\\Admin\\.cursor\\Lambda\\src\\backend\\src\\downloads\\leier_materials_api\\documents\\hu\\Teljesítménynyilatkozatok\\Magasépítési termékek\\Tégla termékek\\Mátraderecske - CE-tanúsítványok\\CE - Leiertherm 250\\120\\CE - Leiertherm 250_120_65 Kisméretű kevéslyukú - MD.pdf'
2025-07-01 23:19:38,270 - INFO - HTTP Request: GET https://www.leier.hu/hu/dokumentumtar/2628 "HTTP/1.1 200 OK"
2025-07-01 23:19:38,275 - INFO - ✅ Downloaded: hu/Részletrajzok/Csomópontok/Kéregfal részletrajzok/pdf/e04-keregfal-sarok/e04-keregfal-sarok.pdf
2025-07-01 23:19:38,541 - INFO - ✅ Downloaded: hu/Részletrajzok/Elemrajzok (DWG, PDF)/Környezettechnika/Iszapfogók DWG/LIF 200 230L Iszapfogó - függőleges metszet/LIF 200 230L Iszapfogó - függőleges metszet.pdf
2025-07-01 23:19:38,542 - INFO - HTTP Request: GET https://www.leier.hu/hu/dokumentumtar/2967 "HTTP/1.1 200 OK"
2025-07-01 23:19:38,815 - INFO - ✅ Downloaded: hu/Részletrajzok/Elemrajzok (DWG, PDF)/Mélyépítés/Átemelőakna elemek/AFE_240_230 L -Átemelő fenékelem/AFE_240_230 L -Átemelő fenékelem.pdf
2025-07-01 23:19:39,198 - INFO - HTTP Request: GET https://www.leier.hu/hu/dokumentumtar/2559 "HTTP/1.1 200 OK"
2025-07-01 23:19:39,214 - INFO - ✅ Downloaded: hu/Részletrajzok/Csomópontok/Kémény részletrajzok/dxf/leier-k02b-kemeny-fodem21/leier-k02b-kemeny-fodem21.pdf
2025-07-01 23:19:39,477 - INFO - HTTP Request: GET https://www.leier.hu/hu/dokumentumtar/2361 "HTTP/1.1 200 OK"
2025-07-01 23:19:39,479 - INFO - HTTP Request: GET https://www.leier.hu/hu/dokumentumtar/3203 "HTTP/1.1 200 OK"
2025-07-01 23:19:39,480 - INFO - HTTP Request: GET https://www.leier.hu/hu/dokumentumtar/2425 "HTTP/1.1 200 OK"
2025-07-01 23:19:39,485 - INFO - ✅ Downloaded: hu/Részletrajzok/Csomópontok/Fal részletrajzok/dxf/Leier f08-vfal-alapozas1/Leier f08-vfal-alapozas1.pdf
2025-07-01 23:19:39,757 - INFO - ✅ Downloaded: hu/Részletrajzok/Csomópontok/Fal részletrajzok/dwg/f08-vfal-alapozas/f08-vfal-alapozas.pdf
2025-07-01 23:19:40,018 - INFO - ✅ Downloaded: hu/Részletrajzok/Elemrajzok (DWG, PDF)/Mélyépítés/Tisztítóakna elemek/Aknaszűkítő elemek/ASZ 80 - 60 - 30 L - Akna szűkítő - felülnézet/ASZ 80 - 60 - 30 L - Akna szűkítő - felülnézet.pdf
2025-07-01 23:19:40,376 - INFO - HTTP Request: GET https://www.leier.hu/hu/dokumentumtar/3397 "HTTP/1.1 200 OK"
2025-07-01 23:19:40,397 - INFO - HTTP Request: GET https://www.leier.hu/hu/dokumentumtar/3343 "HTTP/1.1 200 OK"
2025-07-01 23:19:40,399 - INFO - HTTP Request: GET https://www.leier.hu/hu/dokumentumtar/2776 "HTTP/1.1 200 OK"
2025-07-01 23:19:40,422 - INFO - ✅ Downloaded: hu/Részletrajzok/Csomópontok/Kéregelemes födém részletrajzok/dxf/leier-p01-kpanel-koszoru1/leier-p01-kpanel-koszoru1.pdf
2025-07-01 23:19:40,423 - INFO - HTTP Request: GET https://www.leier.hu/hu/dokumentumtar/2464 "HTTP/1.1 200 OK"
2025-07-01 23:19:40,685 - INFO - ✅ Downloaded: hu/Részletrajzok/Elemrajzok (DWG, PDF)/Környezettechnika/Olajelválasztók DWG/LOL SUPER 40 P melléklet/LOL SUPER 40 P melle_klet.pdf
2025-07-01 23:19:40,951 - INFO - ✅ Downloaded: hu/Alkalmazástechnikák, Beépítési útmutatók/Durisol Falazóelemek - Alkalmazástechnika és tervezési segédlet/Durisol Falazóelemek - Alkalmazástechnika és tervezési segédlet.pdf
2025-07-01 23:19:41,226 - INFO - ✅ Downloaded: hu/Részletrajzok/Elemrajzok (DWG, PDF)/Környezettechnika/Zsírleválasztók PDF/LZS 4 melleklet PDF/LZS 4 melleklet PDF.pdf
2025-07-01 23:19:41,519 - INFO - ✅ Downloaded: hu/Részletrajzok/Csomópontok/Leier Durisol Magasépítő falazórendszer/50 cm magas áthidaló kialakítása DSs 37,5-12/50 cm magas áthidaló kialakítása DSs 37_5-12.pdf
2025-07-01 23:19:41,876 - INFO - HTTP Request: GET https://www.leier.hu/hu/dokumentumtar/2437 "HTTP/1.1 200 OK"
2025-07-01 23:19:41,905 - INFO - HTTP Request: GET https://www.leier.hu/hu/dokumentumtar/3228 "HTTP/1.1 200 OK"
2025-07-01 23:19:41,917 - INFO - HTTP Request: GET https://www.leier.hu/hu/dokumentumtar/2102 "HTTP/1.1 200 OK"
2025-07-01 23:19:41,925 - INFO - ✅ Downloaded: hu/Részletrajzok/Csomópontok/Leier Durisol zajárnyékoló falak/DWG/DSi 30 13 - N típusrajz/DSi 30 13 - N típusrajz.pdf
2025-07-01 23:19:42,298 - INFO - HTTP Request: GET https://www.leier.hu/hu/dokumentumtar/2932 "HTTP/1.1 200 OK"
2025-07-01 23:19:42,301 - INFO - HTTP Request: GET https://www.leier.hu/hu/dokumentumtar/2662 "HTTP/1.1 200 OK"
2025-07-01 23:19:42,305 - INFO - ✅ Downloaded: hu/Teljesítménynyilatkozatok/Kéményrendszerek/Teljesítménynyilatkozat MULTIKERAM kéményrendszer LE KLETA-12-0491-MULTIKERAM-01/Teljesítménynyilatkozat MULTIKERAM kéményrendszer LE KLETA-12-0491-MULTIKERAM-01.pdf
2025-07-01 23:19:42,591 - INFO - ✅ Downloaded: hu/Részletrajzok/Csomópontok/Térburkolat részletrajzok/pdf/b05-szegely5/b05-szegely5.pdf
2025-07-01 23:19:42,856 - INFO - ✅ Downloaded: hu/Részletrajzok/Elemrajzok (DWG, PDF)/Mélyépítés/Átemelőakna elemek/AGY_240_230 LG V- Átemelő gyűrű gumigyűrűs végelem/AGY_240_230 LG V- Átemelő gyűrű gumigyűrűs végelem.pdf
2025-07-01 23:19:42,856 - INFO - ✅ Downloaded: hu/Részletrajzok/Elemrajzok (DWG, PDF)/Mélyépítés/Tisztítóakna elemek/Aknagyűrűk/AGY 100 - 50 LG - Aknagyűrű gumigyűrűs - függőleges metszet/AGY 100 - 50 LG - Aknagyűrű gumigyűrűs - függőleges metszet.pdf
2025-07-01 23:19:43,494 - INFO - HTTP Request: GET https://www.leier.hu/hu/dokumentumtar/4093 "HTTP/1.1 200 OK"
2025-07-01 23:19:43,508 - INFO - ✅ Downloaded: hu/Termékadatlapok/Magasépítési termékek/Tégla termékek/Leier pincefalazó UNI adatlap.pdf/Leier pincefalazó UNI adatlap.pdf
2025-07-01 23:19:43,829 - INFO - HTTP Request: GET https://www.leier.hu/hu/dokumentumtar/2132 "HTTP/1.1 200 OK"
2025-07-01 23:19:43,837 - INFO - HTTP Request: GET https://www.leier.hu/hu/dokumentumtar/3476 "HTTP/1.1 200 OK"
2025-07-01 23:19:43,839 - INFO - HTTP Request: GET https://www.leier.hu/hu/dokumentumtar/1973 "HTTP/1.1 200 OK"
2025-07-01 23:19:43,840 - INFO - HTTP Request: GET https://www.leier.hu/hu/dokumentumtar/2557 "HTTP/1.1 200 OK"
2025-07-01 23:19:43,849 - INFO - ✅ Downloaded: hu/Részletrajzok/Csomópontok/Kémény részletrajzok/dxf/leier-k042-kemeny-tetoat21/leier-k042-kemeny-tetoat21.pdf
2025-07-01 23:19:44,266 - INFO - ✅ Downloaded: hu/Részletrajzok/Elemrajzok (DWG, PDF)/Környezettechnika/Olajelválasztók PDF/LOL SUPER 100 max P melleklet PDF/LOL SUPER 100 max P melleklet PDF.pdf
2025-07-01 23:19:44,606 - INFO - ✅ Downloaded: hu/Teljesítménynyilatkozatok/Kertépítés, díszburkolat/Kerti termékek - Gönyű - Teljesítménynyilatkozat - LE GO13198-01/Kerti termékek - Gönyű - Teljesítménynyilatkozat - LE GO13198-01.pdf
2025-07-01 23:19:44,909 - INFO - ✅ Downloaded: hu/Teljesítménynyilatkozatok/Magasépítési termékek/Tégla termékek/Devecser - CE-tanúsítványok/Leiertherm/CE - Leiertherm 30 Pro - DE/CE - Leiertherm 30 Pro - DE.pdf
2025-07-01 23:19:45,287 - INFO - HTTP Request: GET https://www.leier.hu/hu/dokumentumtar/3455 "HTTP/1.1 200 OK"
2025-07-01 23:19:45,312 - INFO - HTTP Request: GET https://www.leier.hu/hu/dokumentumtar/4023 "HTTP/1.1 200 OK"
2025-07-01 23:19:45,318 - INFO - HTTP Request: GET https://www.leier.hu/hu/dokumentumtar/3377 "HTTP/1.1 200 OK"
2025-07-01 23:19:45,327 - INFO - ✅ Downloaded: hu/Részletrajzok/Elemrajzok (DWG, PDF)/Környezettechnika/Olajelválasztók PDF/LOL SUPER 200 P melleklet PDF/LOL SUPER 200 P melleklet PDF.pdf
2025-07-01 23:19:45,627 - INFO - HTTP Request: GET https://www.leier.hu/hu/dokumentumtar/2920 "HTTP/1.1 200 OK"
2025-07-01 23:19:45,628 - INFO - HTTP Request: GET https://www.leier.hu/hu/dokumentumtar/2248 "HTTP/1.1 200 OK"
2025-07-01 23:19:45,632 - INFO - ✅ Downloaded: at/Verarbeitungsinfos/Verarbeitungsinfo Zaunsteine/Verarbeitungsinfo Zaunsteine.pdf
2025-07-01 23:19:45,891 - INFO - ✅ Downloaded: hu/Részletrajzok/Elemrajzok (DWG, PDF)/Környezettechnika/Olajelválasztók DWG/LOL SUPER 80 max P melléklet/LOL SUPER 80 max P melle_klet.pdf
2025-07-01 23:19:46,156 - INFO - ✅ Downloaded: hu/Részletrajzok/Elemrajzok (DWG, PDF)/Mélyépítés/Árokburkoló- és árokelemek/ÁBE 30_40 - 200L - árokburkoló elem - oldalnézet/ÁBE 30_40 - 200L - árokburkoló elem - oldalnézet.pdf
2025-07-01 23:19:46,444 - INFO - ✅ Downloaded: hu/Termékadatlapok/Magasépítési termékek/Durisol falazóelemek/Durisol falazóelem DM 15/9 Termékadatlap/Durisol falazóelem DM 15_9 Termékadatlap.pdf
2025-07-01 23:19:46,802 - INFO - HTTP Request: GET https://www.leier.hu/hu/dokumentumtar/3509 "HTTP/1.1 200 OK"
2025-07-01 23:19:46,837 - INFO - HTTP Request: GET https://www.leier.hu/hu/dokumentumtar/3591 "HTTP/1.1 200 OK"
2025-07-01 23:19:46,840 - INFO - ✅ Downloaded: hu/Részletrajzok/Elemrajzok (DWG, PDF)/Környezettechnika/Olajelválasztók PDF/LOL SUPER 30 150 KF zapor tulfolyoval melleklet PDF/LOL SUPER 30 150 KF zapor tulfolyoval melleklet PDF.pdf
2025-07-01 23:19:47,112 - INFO - HTTP Request: GET https://www.leier.hu/hu/dokumentumtar/3338 "HTTP/1.1 200 OK"
2025-07-01 23:19:47,114 - INFO - HTTP Request: GET https://www.leier.hu/hu/dokumentumtar/3611 "HTTP/1.1 200 OK"
2025-07-01 23:19:47,123 - INFO - HTTP Request: GET https://www.leier.hu/hu/dokumentumtar/2732 "HTTP/1.1 200 OK"
2025-07-01 23:19:47,129 - INFO - ✅ Downloaded: hu/Részletrajzok/Csomópontok/Kéregelemes födém részletrajzok/dwg/p01-kpanel-koszoru1/p01-kpanel-koszoru1.pdf
2025-07-01 23:19:47,430 - INFO - ✅ Downloaded: hu/Részletrajzok/Elemrajzok (DWG, PDF)/Durisol zajárnyékolás/Durisol panel 296 450 félkötés - Elölnézet/Durisol panel 296 450 félkötés - Elölnézet.pdf
2025-07-01 23:19:47,766 - INFO - ✅ Downloaded: hu/Részletrajzok/Elemrajzok (DWG, PDF)/Környezettechnika/Iszapfogók PDF/LIF 200 230 melleklet PDF/LIF 200 230 melleklet PDF.pdf
2025-07-01 23:19:48,173 - INFO - HTTP Request: GET https://www.leier.hu/hu/dokumentumtar/2571 "HTTP/1.1 200 OK"
2025-07-01 23:19:48,177 - INFO - ✅ Downloaded: hu/Prospektusok/Toscana szellőzőcserép szórólap/Toscana szellőzőcserép szórólap.pdf
2025-07-01 23:19:48,448 - INFO - HTTP Request: GET https://www.leier.hu/hu/dokumentumtar/2947 "HTTP/1.1 200 OK"
2025-07-01 23:19:48,448 - INFO - HTTP Request: GET https://www.leier.hu/hu/dokumentumtar/2963 "HTTP/1.1 200 OK"
2025-07-01 23:19:48,450 - INFO - HTTP Request: GET https://www.leier.hu/hu/dokumentumtar/3093 "HTTP/1.1 200 OK"
2025-07-01 23:19:48,454 - INFO - ✅ Downloaded: hu/Részletrajzok/Csomópontok/Födém részletrajzok/dwg/m032-mesterf-belsokosz/m032-mesterf-belsokosz.pdf
2025-07-01 23:19:48,754 - INFO - ✅ Downloaded: hu/Részletrajzok/Elemrajzok (DWG, PDF)/Mélyépítés/Előfej támfalelemek/LEF 30 - Előfej betoncsőhöz - hosszmetszet/LEF 30 - Előfej betoncsőhöz - hosszmetszet.pdf
2025-07-01 23:19:48,755 - INFO - ✅ Downloaded: hu/Részletrajzok/Elemrajzok (DWG, PDF)/Mélyépítés/Átemelőakna elemek/AGY_200_200 LG - Átemelő gyűrű gumigyűrűs/AGY_200_200 LG - Átemelő gyűrű gumigyűrűs.pdf
2025-07-01 23:19:48,755 - INFO - ✅ Downloaded: hu/Részletrajzok/Elemrajzok (DWG, PDF)/Mélyépítés/Átemelőakna elemek/AGY_160_100 LG - Átemelő gyűrű gumigyűrűs/AGY_160_100 LG - Átemelő gyűrű gumigyűrűs.pdf
2025-07-01 23:19:49,633 - INFO - HTTP Request: GET https://www.leier.hu/hu/dokumentumtar/1972 "HTTP/1.1 200 OK"
2025-07-01 23:19:49,661 - INFO - ✅ Downloaded: hu/Teljesítménynyilatkozatok/Magasépítési termékek/Tégla termékek/Devecser - CE-tanúsítványok/Leiertherm/CE - Leiertherm 20 N+F - DE/CE - Leiertherm 20 N_F - DE.pdf
2025-07-01 23:19:49,932 - INFO - HTTP Request: GET https://www.leier.hu/hu/dokumentumtar/2531 "HTTP/1.1 200 OK"
2025-07-01 23:19:49,933 - INFO - HTTP Request: GET https://www.leier.hu/hu/dokumentumtar/2677 "HTTP/1.1 200 OK"
2025-07-01 23:19:49,935 - INFO - HTTP Request: GET https://www.leier.hu/hu/dokumentumtar/3125 "HTTP/1.1 200 OK"
2025-07-01 23:19:49,936 - INFO - HTTP Request: GET https://www.leier.hu/hu/dokumentumtar/2801 "HTTP/1.1 200 OK"
2025-07-01 23:19:49,940 - INFO - ✅ Downloaded: hu/Részletrajzok/Csomópontok/Térburkolat részletrajzok/asc/leier-b08-tamfal/leier-b08-tamfal.pdf
2025-07-01 23:19:50,211 - INFO - ✅ Downloaded: hu/Részletrajzok/Csomópontok/Kémény részletrajzok/dwg/k041-kemeny-tetoatvez1/k041-kemeny-tetoatvez1.pdf
2025-07-01 23:19:50,475 - INFO - ✅ Downloaded: hu/Részletrajzok/Elemrajzok (DWG, PDF)/Mélyépítés/Kábelcsatorna/KCS vályú irt jobb hátul/KCS vályú irt jobb hátul.pdf
2025-07-01 23:19:50,757 - INFO - HTTP Request: GET https://www.leier.hu/hu/dokumentumtar/2139 "HTTP/1.1 200 OK"
2025-07-01 23:19:50,762 - INFO - ✅ Downloaded: hu/Teljesítménynyilatkozatok/Mély- és vasútépítés, környezettechnika/Mélyépítés/Betoncső - Jánossomorja - Teljesítménynyilatkozat LE JS1916-01/Betoncső - Jánossomorja - Teljesítménynyilatkozat LE JS1916-01.pdf
2025-07-01 23:19:51,108 - INFO - ✅ Downloaded: hu/LeierPress/Leier Újság 2002/Leier Újság 2002.pdf
2025-07-01 23:19:51,451 - INFO - HTTP Request: GET https://www.leier.hu/hu/dokumentumtar/3398 "HTTP/1.1 200 OK"
2025-07-01 23:19:51,452 - INFO - HTTP Request: GET https://www.leier.hu/hu/dokumentumtar/2703 "HTTP/1.1 200 OK"
2025-07-01 23:19:51,453 - INFO - HTTP Request: GET https://www.leier.hu/hu/dokumentumtar/2245 "HTTP/1.1 200 OK"
2025-07-01 23:19:51,456 - INFO - ✅ Downloaded: hu/Részletrajzok/Csomópontok/Mélyépítési részletrajzok/pdf/c02-100-gumigyurus/c02-100-gumigyurus.pdf
2025-07-01 23:19:51,773 - INFO - ✅ Downloaded: hu/Részletrajzok/Elemrajzok (DWG, PDF)/Környezettechnika/Olajelválasztók DWG/LOL SUPER 40 NF melléklet/LOL SUPER 40 NF melle_klet.pdf
2025-07-01 23:19:51,773 - INFO - HTTP Request: GET https://www.leier.hu/hu/dokumentumtar/2247 "HTTP/1.1 200 OK"
2025-07-01 23:19:52,042 - INFO - ✅ Downloaded: hu/Termékadatlapok/Magasépítési termékek/Durisol falazóelemek/Durisol falazóelem DS 35/20 - Termékadatlap/Durisol falazóelem DS 35_20 - Termékadatlap.pdf
2025-07-01 23:19:52,309 - INFO - ✅ Downloaded: hu/Termékadatlapok/Magasépítési termékek/Durisol falazóelemek/Durisol falazóelem DM 25/16 - Termékadatlap/Durisol falazóelem DM 25_16 - Termékadatlap.pdf
2025-07-01 23:19:52,573 - INFO - HTTP Request: GET https://www.leier.hu/hu/dokumentumtar/3926 "HTTP/1.1 200 OK"
2025-07-01 23:19:52,582 - INFO - ✅ Downloaded: at/Aufbauanleitungen/Aufbauanleitung Architektur Hochbeet Set Rosmarin/Aufbauanleitung Architektur Hochbeet Set Rosmarin.pdf
2025-07-01 23:19:52,850 - INFO - HTTP Request: GET https://www.leier.hu/hu/dokumentumtar/2997 "HTTP/1.1 200 OK"
2025-07-01 23:19:52,853 - INFO - HTTP Request: GET https://www.leier.hu/hu/dokumentumtar/3506 "HTTP/1.1 200 OK"
2025-07-01 23:19:52,862 - INFO - ✅ Downloaded: hu/Részletrajzok/Elemrajzok (DWG, PDF)/Környezettechnika/Olajelválasztók PDF/lol-super-40-max-p-melleklet-pdf-6347f41197f8d.pdf/lol-super-40-max-p-melleklet-pdf-6347f41197f8d.pdf
2025-07-01 23:19:53,126 - INFO - HTTP Request: GET https://www.leier.hu/hu/dokumentumtar/2839 "HTTP/1.1 200 OK"
2025-07-01 23:19:53,130 - INFO - ✅ Downloaded: hu/Részletrajzok/Elemrajzok (DWG, PDF)/Mélyépítés/Betoncsövek/TOTA 100 200L - Tokos talpas betoncső keresztmetszet/TOTA 100 200L - Tokos talpas betoncső keresztmetszet.pdf
2025-07-01 23:19:53,396 - INFO - HTTP Request: GET https://www.leier.hu/hu/dokumentumtar/3841 "HTTP/1.1 200 OK"
2025-07-01 23:19:53,400 - INFO - ✅ Downloaded: hu/Teljesítménynyilatkozatok/Magasépítési termékek/Beton falazóelemek/UNI pincefalazó - Jánossomorja - Teljesítménynyilatkozat LE JS771-3-UNI-03/UNI pincefalazó - Jánossomorja - Teljesítménynyilatkozat LE JS771-3-UNI-03.pdf
2025-07-01 23:19:53,667 - INFO - HTTP Request: GET https://www.leier.hu/hu/dokumentumtar/3088 "HTTP/1.1 200 OK"
2025-07-01 23:19:53,673 - INFO - ✅ Downloaded: hu/Szerelési útmutatók/Mesterpanel | Elementdecke/Szerelési útmutató | Montageanleitung/DE/Leier Elementdecke Montageanleitung/Leier Elementdecke Montageanleitung.pdf
2025-07-01 23:19:53,967 - INFO - HTTP Request: GET https://www.leier.hu/hu/dokumentumtar/2335 "HTTP/1.1 200 OK"
2025-07-01 23:19:53,971 - INFO - ✅ Downloaded: hu/Részletrajzok/Elemrajzok (DWG, PDF)/Mélyépítés/Előfej támfalelemek/LEF 40 - Előfej betoncsőhöz - felülnézet/LEF 40 - Előfej betoncsőhöz - felülnézet.pdf
2025-07-01 23:19:54,319 - INFO - HTTP Request: GET https://www.leier.hu/hu/dokumentumtar/2327 "HTTP/1.1 200 OK"
2025-07-01 23:19:54,359 - INFO - ✅ Downloaded: hu/Termékadatlapok/Előregyártott termékek/Tűzvédelmi segédlet/Tűzvédelmi segédlet.pdf
2025-07-01 23:19:54,639 - INFO - HTTP Request: GET https://www.leier.hu/hu/dokumentumtar/2472 "HTTP/1.1 200 OK"
2025-07-01 23:19:54,640 - INFO - HTTP Request: GET https://www.leier.hu/hu/dokumentumtar/3949 "HTTP/1.1 200 OK"
2025-07-01 23:19:54,644 - INFO - ✅ Downloaded: hu/Részletrajzok/Csomópontok/Tető részletrajzok/dwg/t09b-alcsat-fem/t09b-alcsat-fem.pdf
2025-07-01 23:19:54,912 - INFO - ✅ Downloaded: at/Allgemeine Hinweise/Projekt-Tipps/Projekt-Tipps.pdf
2025-07-01 23:19:55,185 - INFO - HTTP Request: GET https://www.leier.hu/hu/dokumentumtar/2945 "HTTP/1.1 200 OK"
2025-07-01 23:19:55,186 - INFO - ✅ Downloaded: hu/Alkalmazástechnikák, Beépítési útmutatók/Kémény szélnyomás elleni védelem/Kémény szélnyomás elleni védelem.pdf
2025-07-01 23:19:55,453 - INFO - ✅ Downloaded: hu/Részletrajzok/Elemrajzok (DWG, PDF)/Mélyépítés/Átemelőakna elemek/AGY_200_200 LG - Átemelő gyűrű vágóélhez gumigyűrűs/AGY_200_200 LG - Átemelő gyűrű vágóélhez gumigyűrűs.pdf
2025-07-01 23:19:55,839 - INFO - HTTP Request: GET https://www.leier.hu/hu/dokumentumtar/2783 "HTTP/1.1 200 OK"
2025-07-01 23:19:55,847 - INFO - HTTP Request: GET https://www.leier.hu/hu/dokumentumtar/2979 "HTTP/1.1 200 OK"
2025-07-01 23:19:55,853 - INFO - ✅ Downloaded: hu/Részletrajzok/Csomópontok/Előregyártott lépcső részletrajzok/pdf/p10-egy-lepcso2/p10-egy-lepcso2.pdf
2025-07-01 23:19:56,118 - INFO - HTTP Request: GET https://www.leier.hu/hu/dokumentumtar/3794 "HTTP/1.1 200 OK"
2025-07-01 23:19:56,118 - INFO - HTTP Request: GET https://www.leier.hu/hu/dokumentumtar/3219 "HTTP/1.1 200 OK"
2025-07-01 23:19:56,119 - INFO - HTTP Request: GET https://www.leier.hu/hu/dokumentumtar/3935 "HTTP/1.1 200 OK"
2025-07-01 23:19:56,124 - INFO - ✅ Downloaded: at/Verlegemuster/Verlegemuster Dom Pflaster/Verlegemuster Dom Pflaster.pdf
2025-07-01 23:19:56,393 - INFO - ✅ Downloaded: hu/Részletrajzok/Elemrajzok (DWG, PDF)/Mélyépítés/Átemelőakna elemek/AFE_160_175 L - Átemelő fenékelem/AFE_160_175 L - Átemelő fenékelem.pdf
2025-07-01 23:19:56,727 - INFO - ✅ Downloaded: hu/Részletrajzok/Elemrajzok (DWG, PDF)/Mélyépítés/Tisztítóakna elemek/Aknagyűrűk/AGY 80 - 50 L - Aknagyűrű - függőleges metszet/AGY 80 - 50 L - Aknagyűrű - függőleges metszet.pdf
2025-07-01 23:19:57,025 - INFO - ✅ Downloaded: at/Verarbeitungsinfos/Verarbeitungsinfo Betonplatten/Verarbeitungsinfo Betonplatten.pdf
2025-07-01 23:19:57,511 - INFO - HTTP Request: GET https://www.leier.hu/hu/dokumentumtar/2715 "HTTP/1.1 200 OK"
2025-07-01 23:19:57,515 - INFO - ✅ Downloaded: hu/Részletrajzok/Csomópontok/Mélyépítési részletrajzok/asc/leier-c01-100-csaphornyos/leier-c01-100-csaphornyos.pdf
2025-07-01 23:19:57,808 - INFO - HTTP Request: GET https://www.leier.hu/hu/dokumentumtar/3485 "HTTP/1.1 200 OK"
2025-07-01 23:19:57,818 - INFO - ✅ Downloaded: hu/Részletrajzok/Elemrajzok (DWG, PDF)/Környezettechnika/Olajelválasztók PDF/LOL SUPER 80 KF melleklet PDF/LOL SUPER 80 KF melleklet PDF.pdf
2025-07-01 23:19:58,087 - INFO - HTTP Request: GET https://www.leier.hu/hu/dokumentumtar/3855 "HTTP/1.1 200 OK"
2025-07-01 23:19:58,088 - INFO - HTTP Request: GET https://www.leier.hu/hu/dokumentumtar/3768 "HTTP/1.1 200 OK"
2025-07-01 23:19:58,093 - INFO - ✅ Downloaded: hu/Termékadatlapok/Kertépítés, díszburkolat/Térkövek/Leier QUADRO térkő termékadatlap/Leier QUADRO térkő termékadatlap.pdf
2025-07-01 23:19:58,365 - INFO - HTTP Request: GET https://www.leier.hu/hu/dokumentumtar/3374 "HTTP/1.1 200 OK"
2025-07-01 23:19:58,369 - INFO - ✅ Downloaded: at/Aufbauanleitungen/Aufbauanleitung Architektur Trockenmauerstein Hochbeet/Aufbauanleitung Architektur Trockenmauerstein Hochbeet.pdf
2025-07-01 23:19:58,643 - INFO - HTTP Request: GET https://www.leier.hu/hu/dokumentumtar/2901 "HTTP/1.1 200 OK"
2025-07-01 23:19:58,646 - INFO - ✅ Downloaded: hu/Részletrajzok/Elemrajzok (DWG, PDF)/Környezettechnika/Olajelválasztók DWG/LOL SUPER 100 KF melléklet/LOL SUPER 100 KF melle_klet.pdf
2025-07-01 23:19:58,920 - INFO - HTTP Request: GET https://www.leier.hu/hu/dokumentumtar/3706 "HTTP/1.1 200 OK"
2025-07-01 23:19:58,923 - INFO - ✅ Downloaded: hu/Részletrajzok/Elemrajzok (DWG, PDF)/Mélyépítés/Árokburkoló- és árokelemek/ÁBE F 30_40 - 50L - fedlap - keresztmetszet/ÁBE F 30_40 - 50L - fedlap - keresztmetszet.pdf
2025-07-01 23:19:59,186 - INFO - HTTP Request: GET https://www.leier.hu/hu/dokumentumtar/3799 "HTTP/1.1 200 OK"
2025-07-01 23:19:59,189 - INFO - ✅ Downloaded: at/Verlegemuster/Verlegemuster Kaiserstein Mauerstein als Pflaster/Verlegemuster Kaiserstein Mauerstein als Pflaster.pdf
2025-07-01 23:19:59,458 - INFO - HTTP Request: GET https://www.leier.hu/hu/dokumentumtar/1953 "HTTP/1.1 200 OK"
2025-07-01 23:19:59,504 - INFO - ✅ Downloaded: hu/Teljesítménynyilatkozatok/Magasépítési termékek/Tégla termékek/Devecser - CE-tanúsítványok/CE - Leiertherm 38 Pro - DE/CE - Leiertherm 38 Pro - DE.pdf
2025-07-01 23:19:59,773 - INFO - HTTP Request: GET https://www.leier.hu/hu/dokumentumtar/2010 "HTTP/1.1 200 OK"
2025-07-01 23:19:59,774 - INFO - HTTP Request: GET https://www.leier.hu/hu/dokumentumtar/2364 "HTTP/1.1 200 OK"
2025-07-01 23:19:59,778 - ERROR - ❌ Failed to download https://www.leier.hu/hu/dokumentumtar/2010: [Errno 2] No such file or directory: 'C:\\Users\\Admin\\.cursor\\Lambda\\src\\backend\\src\\downloads\\leier_materials_api\\documents\\hu\\Teljesítménynyilatkozatok\\Magasépítési termékek\\Tégla termékek\\Devecser - Teljesítménynyilatkozatok\\Leiertherm\\Teljesítménynyilatkozat - Leiertherm 45 N_F - DE LE DE771-1-01-03.pdf'
2025-07-01 23:20:00,063 - INFO - HTTP Request: GET https://www.leier.hu/hu/dokumentumtar/3586 "HTTP/1.1 200 OK"
2025-07-01 23:20:00,069 - INFO - ✅ Downloaded: hu/Részletrajzok/Csomópontok/Fal részletrajzok/dwg/f06a-uni-labazat/f06a-uni-labazat.pdf
2025-07-01 23:20:00,371 - INFO - ✅ Downloaded: hu/Biztonságtechnikai adatlapok/LeierFIX univerzális ragasztóhab - Biztonságtechnikai adatlap/LeierFIX univerzális ragasztóhab - Biztonságtechnikai adatlap.pdf
2025-07-01 23:20:00,641 - INFO - HTTP Request: GET https://www.leier.hu/hu/dokumentumtar/3561 "HTTP/1.1 200 OK"
2025-07-01 23:20:00,643 - INFO - ✅ Downloaded: hu/Részletrajzok/Elemrajzok (DWG, PDF)/Durisol zajárnyékolás/Durisol panel 396 100 DSI 30 13 W - Metszet/Durisol panel 396 100 DSI 30 13 W - Metszet.pdf
2025-07-01 23:20:00,903 - INFO - HTTP Request: GET https://www.leier.hu/hu/dokumentumtar/3380 "HTTP/1.1 200 OK"
2025-07-01 23:20:00,907 - INFO - ✅ Downloaded: hu/Részletrajzok/Elemrajzok (DWG, PDF)/Környezettechnika/Olajelválasztók PDF/LOL SUPER 1,5 KF melleklet PDF/LOL SUPER 1_5 KF melleklet PDF.pdf
2025-07-01 23:20:01,178 - INFO - HTTP Request: GET https://www.leier.hu/hu/dokumentumtar/2985 "HTTP/1.1 200 OK"
2025-07-01 23:20:01,187 - INFO - ✅ Downloaded: hu/Részletrajzok/Elemrajzok (DWG, PDF)/Környezettechnika/Olajelválasztók DWG/LOL SUPER 80 KF melléklet/LOL SUPER 80 KF melle_klet.pdf
2025-07-01 23:20:01,503 - INFO - ✅ Downloaded: hu/Részletrajzok/Elemrajzok (DWG, PDF)/Mélyépítés/Betoncsövek/TOTA 80 200L - Tokos talpas betoncső csaposmetszet/TOTA 80 200L - Tokos talpas betoncső csaposmetszet.pdf
2025-07-01 23:20:01,877 - INFO - HTTP Request: GET https://www.leier.hu/hu/dokumentumtar/2762 "HTTP/1.1 200 OK"
2025-07-01 23:20:01,883 - INFO - HTTP Request: GET https://www.leier.hu/hu/dokumentumtar/2480 "HTTP/1.1 200 OK"
2025-07-01 23:20:01,892 - INFO - HTTP Request: GET https://www.leier.hu/hu/dokumentumtar/1966 "HTTP/1.1 200 OK"
2025-07-01 23:20:01,910 - INFO - HTTP Request: GET https://www.leier.hu/hu/dokumentumtar/1980 "HTTP/1.1 200 OK"
2025-07-01 23:20:01,914 - INFO - ✅ Downloaded: hu/Részletrajzok/Csomópontok/Tető részletrajzok/dwg/t04-felnyereg-gerinc/t04-felnyereg-gerinc.pdf
2025-07-01 23:20:02,270 - INFO - HTTP Request: GET https://www.leier.hu/hu/dokumentumtar/3891 "HTTP/1.1 200 OK"
2025-07-01 23:20:02,274 - ERROR - ❌ Failed to download https://www.leier.hu/hu/dokumentumtar/1980: [Errno 2] No such file or directory: 'C:\\Users\\Admin\\.cursor\\Lambda\\src\\backend\\src\\downloads\\leier_materials_api\\documents\\hu\\Teljesítménynyilatkozatok\\Magasépítési termékek\\Tégla termékek\\Devecser - Teljesítménynyilatkozatok\\LeierPLAN\\Teljesítménynyilatkozat - LeierPLAN 30 N_F LE DE771-1-13-04.pdf'
2025-07-01 23:20:02,680 - INFO - ✅ Downloaded: hu/Részletrajzok/Csomópontok/Kéregelemes födém részletrajzok/asc/leier-p031-kpanel-belsokoszo/leier-p031-kpanel-belsokoszo.pdf
2025-07-01 23:20:03,003 - INFO - ✅ Downloaded: hu/Teljesítménynyilatkozatok/Magasépítési termékek/Tégla termékek/Devecser - CE-tanúsítványok/Leiertherm/CE - Leiertherm 30 N+F - DE/CE - Leiertherm 30 N_F - DE.pdf
2025-07-01 23:20:03,003 - INFO - ✅ Downloaded: hu/Termékadatlapok/Kertépítés, díszburkolat/Szegélykövek/Leier kerti szegélykő termékadatlap/Leier kerti szegélykő termékadatlap.pdf
2025-07-01 23:20:03,769 - INFO - HTTP Request: GET https://www.leier.hu/hu/dokumentumtar/3052 "HTTP/1.1 200 OK"
2025-07-01 23:20:03,813 - INFO - HTTP Request: GET https://www.leier.hu/hu/dokumentumtar/2723 "HTTP/1.1 200 OK"
2025-07-01 23:20:03,818 - INFO - HTTP Request: GET https://www.leier.hu/hu/dokumentumtar/2784 "HTTP/1.1 200 OK"
2025-07-01 23:20:03,820 - INFO - HTTP Request: GET https://www.leier.hu/hu/dokumentumtar/4113 "HTTP/1.1 200 OK"
2025-07-01 23:20:03,824 - INFO - HTTP Request: GET https://www.leier.hu/hu/dokumentumtar/2514 "HTTP/1.1 200 OK"
2025-07-01 23:20:03,847 - INFO - ✅ Downloaded: hu/Részletrajzok/Csomópontok/Előregyártott lépcső részletrajzok/pln/p10-egy-lepcso2/p10-egy-lepcso2.pdf
2025-07-01 23:20:04,164 - INFO - ✅ Downloaded: hu/Részletrajzok/Csomópontok/Kéregelemes födém részletrajzok/dwg/p05b-kpanel-terasz2/p05b-kpanel-terasz2.pdf
2025-07-01 23:20:04,164 - INFO - ✅ Downloaded: hu/Termékadatlapok/Magasépítési termékek/Tégla termékek/Leiertherm 30 Pro adatlap.pdf/Leiertherm 30 Pro adatlap.pdf
2025-07-01 23:20:04,738 - INFO - ✅ Downloaded: hu/Részletrajzok/Csomópontok/Tető részletrajzok/pln/t08b-orom-fem/t08b-orom-fem.pdf
2025-07-01 23:20:05,004 - INFO - ✅ Downloaded: hu/Részletrajzok/Elemrajzok (DWG, PDF)/Mélyépítés/Előfej támfalelemek/TFE 50 - Támfalelem oldalnézet/TFE 50 - Támfalelem oldalnézet.pdf
2025-07-01 23:20:05,429 - INFO - HTTP Request: GET https://www.leier.hu/hu/dokumentumtar/2047 "HTTP/1.1 200 OK"
2025-07-01 23:20:05,441 - INFO - HTTP Request: GET https://www.leier.hu/hu/dokumentumtar/2763 "HTTP/1.1 200 OK"
2025-07-01 23:20:05,446 - INFO - HTTP Request: GET https://www.leier.hu/hu/dokumentumtar/2649 "HTTP/1.1 200 OK"
2025-07-01 23:20:05,459 - INFO - HTTP Request: GET https://www.leier.hu/hu/dokumentumtar/3160 "HTTP/1.1 200 OK"
2025-07-01 23:20:05,476 - INFO - ✅ Downloaded: hu/Részletrajzok/Elemrajzok (DWG, PDF)/Mélyépítés/Kábelcsatorna/KCS elválasztó ív kicsi/KCS elva_laszto_ i_v kicsi.pdf
2025-07-01 23:20:05,748 - INFO - HTTP Request: GET https://www.leier.hu/hu/dokumentumtar/4038 "HTTP/1.1 200 OK"
2025-07-01 23:20:05,753 - ERROR - ❌ Failed to download https://www.leier.hu/hu/dokumentumtar/2047: [Errno 2] No such file or directory: 'C:\\Users\\Admin\\.cursor\\Lambda\\src\\backend\\src\\downloads\\leier_materials_api\\documents\\hu\\Teljesítménynyilatkozatok\\Magasépítési termékek\\Tégla termékek\\Petrovany - Teljesítménynyilatkozat\\Teljesítménynyilatkozat - Égetett agyag falazóelem - Petrovany LE PE 771-1-01.pdf'
2025-07-01 23:20:06,054 - INFO - ✅ Downloaded: hu/Részletrajzok/Csomópontok/Kéregelemes födém részletrajzok/asc/leier-p02c-kpanel-koszoru4/leier-p02c-kpanel-koszoru4.pdf
2025-07-01 23:20:06,324 - INFO - ✅ Downloaded: hu/Részletrajzok/Csomópontok/Térburkolat részletrajzok/dwg/b07a-tereplepcso1/b07a-tereplepcso1.pdf
2025-07-01 23:20:06,618 - ERROR - ❌ Failed to download https://www.leier.hu/hu/dokumentumtar/4038: [Errno 2] No such file or directory: 'C:\\Users\\Admin\\.cursor\\Lambda\\src\\backend\\src\\downloads\\leier_materials_api\\documents\\hu\\Teljesítménynyilatkozatok\\Mély- és vasútépítés_ környezettechnika\\Durisol zajárnyékoló falrendszer\\Leier Durisol zajárnyékoló fal teljesítménynyilatkozat LE HU14388-01.pdf'
2025-07-01 23:20:06,922 - INFO - HTTP Request: GET https://www.leier.hu/hu/dokumentumtar/2807 "HTTP/1.1 200 OK"
2025-07-01 23:20:06,924 - INFO - ✅ Downloaded: hu/Arculati elemek/Leier logó (vektoros)/Leier logó _vektoros_.pdf
2025-07-01 23:20:07,275 - INFO - HTTP Request: GET https://www.leier.hu/hu/dokumentumtar/3517 "HTTP/1.1 200 OK"
2025-07-01 23:20:07,284 - INFO - HTTP Request: GET https://www.leier.hu/hu/dokumentumtar/3914 "HTTP/1.1 200 OK"
2025-07-01 23:20:07,293 - INFO - HTTP Request: GET https://www.leier.hu/hu/dokumentumtar/2101 "HTTP/1.1 200 OK"
2025-07-01 23:20:07,298 - INFO - HTTP Request: GET https://www.leier.hu/hu/dokumentumtar/3449 "HTTP/1.1 200 OK"
2025-07-01 23:20:07,306 - INFO - HTTP Request: GET https://www.leier.hu/hu/dokumentumtar/2071 "HTTP/1.1 200 OK"
2025-07-01 23:20:07,312 - INFO - ✅ Downloaded: hu/Részletrajzok/Elemrajzok (DWG, PDF)/Környezettechnika/Olajelválasztók PDF/LOL SUPER 25 P melleklet PDF/LOL SUPER 25 P melleklet PDF.pdf
2025-07-01 23:20:07,611 - INFO - ✅ Downloaded: at/Aufbauanleitungen/Aufbauanleitung Durisol Hochbeet L-Form/Aufbauanleitung Durisol Hochbeet L-Form.pdf
2025-07-01 23:20:07,891 - INFO - ✅ Downloaded: hu/Teljesítménynyilatkozatok/Kéményrendszerek/Teljesítménynyilatkozat MULTIKERAM LAS kéményrendszer LE KLETA-12-0491-MULTIKERAM LAS-01/Teljesítménynyilatkozat MULTIKERAM LAS kéményrendszer LE KLETA-12-0491-MULTIKERAM LAS-01.pdf
2025-07-01 23:20:08,186 - INFO - ✅ Downloaded: hu/Részletrajzok/Elemrajzok (DWG, PDF)/Környezettechnika/Olajelválasztók DWG/LOL SUPER 3 max P melléklet/LOL SUPER 3 max P melle_klet.pdf
2025-07-01 23:20:08,481 - INFO - ✅ Downloaded: hu/Teljesítménynyilatkozatok/Magasépítési termékek/Beton falazóelemek/Zsaluzóelem - Jánossomorja - Teljesítménynyilatkozat LE JS15435-01/Zsaluzóelem - Jánossomorja - Teljesítménynyilatkozat LE JS15435-01.pdf
2025-07-01 23:20:08,883 - INFO - HTTP Request: GET https://www.leier.hu/hu/dokumentumtar/2000 "HTTP/1.1 200 OK"
2025-07-01 23:20:08,887 - INFO - HTTP Request: GET https://www.leier.hu/hu/dokumentumtar/3802 "HTTP/1.1 200 OK"
2025-07-01 23:20:08,889 - INFO - ✅ Downloaded: at/Verlegemuster/Verlegemuster Via Romana Pflaster/Verlegemuster Via Romana Pflaster.pdf
2025-07-01 23:20:09,231 - INFO - HTTP Request: GET https://www.leier.hu/hu/dokumentumtar/2042 "HTTP/1.1 200 OK"
2025-07-01 23:20:09,233 - INFO - HTTP Request: GET https://www.leier.hu/hu/dokumentumtar/2220 "HTTP/1.1 200 OK"
2025-07-01 23:20:09,237 - INFO - HTTP Request: GET https://www.leier.hu/hu/dokumentumtar/2989 "HTTP/1.1 200 OK"
2025-07-01 23:20:09,240 - ERROR - ❌ Failed to download https://www.leier.hu/hu/dokumentumtar/2000: [Errno 2] No such file or directory: 'C:\\Users\\Admin\\.cursor\\Lambda\\src\\backend\\src\\downloads\\leier_materials_api\\documents\\hu\\Teljesítménynyilatkozatok\\Magasépítési termékek\\Tégla termékek\\Devecser - Teljesítménynyilatkozatok\\Leiertherm\\Teljesítménynyilatkozat - Leiertherm 25 N_F LE DE771-1-04-04.pdf'
2025-07-01 23:20:09,590 - ERROR - ❌ Failed to download https://www.leier.hu/hu/dokumentumtar/2042: [Errno 2] No such file or directory: 'C:\\Users\\Admin\\.cursor\\Lambda\\src\\backend\\src\\downloads\\leier_materials_api\\documents\\hu\\Teljesítménynyilatkozatok\\Magasépítési termékek\\Tégla termékek\\Mátraderecske - Teljesítménynyilatkozatok\\Teljesítménynyilatkozat - Leiertherm 38 N_F - MD LE MD771-1-02-03.pdf'
2025-07-01 23:20:09,899 - INFO - ✅ Downloaded: hu/Termékadatlapok/Magasépítési termékek/Nyílásáthidalók/MDA terhelési táblázat/MDA terhelési táblázat.pdf
2025-07-01 23:20:10,230 - INFO - ✅ Downloaded: hu/Részletrajzok/Elemrajzok (DWG, PDF)/Mélyépítés/Betoncsövek/TOTA 50 200L - Tokos talpas betoncső hosszmetszet függőleges/TOTA 50 200L - Tokos talpas betoncső hosszmetszet függőleges.pdf
2025-07-01 23:20:10,576 - INFO - HTTP Request: GET https://www.leier.hu/hu/dokumentumtar/2812 "HTTP/1.1 200 OK"
2025-07-01 23:20:10,584 - INFO - ✅ Downloaded: hu/Előregyártott elemek tervezési segédlet/Vasalasi-adatszolgaltatas_LKF_MINTA.pdf/Vasalasi-adatszolgaltatas_LKF_MINTA.pdf
2025-07-01 23:20:10,861 - INFO - HTTP Request: GET https://www.leier.hu/hu/dokumentumtar/2107 "HTTP/1.1 404 Not Found"
2025-07-01 23:20:10,870 - ERROR - ❌ Failed to download https://www.leier.hu/hu/dokumentumtar/2107: Client error '404 Not Found' for url 'https://www.leier.hu/hu/dokumentumtar/2107'
For more information check: https://developer.mozilla.org/en-US/docs/Web/HTTP/Status/404
2025-07-01 23:20:11,243 - INFO - HTTP Request: GET https://www.leier.hu/hu/dokumentumtar/1965 "HTTP/1.1 200 OK"
2025-07-01 23:20:11,253 - INFO - ✅ Downloaded: hu/Teljesítménynyilatkozatok/Magasépítési termékek/Tégla termékek/Devecser - CE-tanúsítványok/Leiertherm/CE - Leiertherm 25 N+F - DE/CE - Leiertherm 25 N_F - DE.pdf
2025-07-01 23:20:11,656 - INFO - HTTP Request: GET https://www.leier.hu/hu/dokumentumtar/2411 "HTTP/1.1 200 OK"
2025-07-01 23:20:11,658 - INFO - HTTP Request: GET https://www.leier.hu/hu/dokumentumtar/2296 "HTTP/1.1 200 OK"
2025-07-01 23:20:11,669 - INFO - ✅ Downloaded: hu/Termékadatlapok/Kertépítés, díszburkolat/Kerti lapok/CENTRUM lapok termékadatlap/CENTRUM lapok termékadatlap.pdf
2025-07-01 23:20:12,041 - INFO - HTTP Request: GET https://www.leier.hu/hu/dokumentumtar/3364 "HTTP/1.1 200 OK"
2025-07-01 23:20:12,043 - INFO - ✅ Downloaded: hu/Részletrajzok/Csomópontok/Fal részletrajzok/asc/leier-f10b-belso-zsalu-alap/leier-f10b-belso-zsalu-alap.pdf
2025-07-01 23:20:12,371 - INFO - ✅ Downloaded: hu/Részletrajzok/Elemrajzok (DWG, PDF)/Környezettechnika/Olajelválasztók DWG/LOL SUPER 125 max P melléklet/LOL SUPER 125 max P melle_klet.pdf
2025-07-01 23:20:12,744 - INFO - HTTP Request: GET https://www.leier.hu/hu/dokumentumtar/2313 "HTTP/1.1 200 OK"
2025-07-01 23:20:12,749 - INFO - ✅ Downloaded: hu/Termékadatlapok/Kertépítés, díszburkolat/Falazóelemek, kerítéskövek, fedlapok/ARCHITEKTURA kerítéskő termékadatlap/ARCHITEKTURA kerítéskő termékadatlap.pdf
2025-07-01 23:20:13,124 - INFO - HTTP Request: GET https://www.leier.hu/hu/dokumentumtar/3084 "HTTP/1.1 200 OK"
2025-07-01 23:20:13,153 - INFO - ✅ Downloaded: hu/Részletrajzok/Elemrajzok (DWG, PDF)/Mélyépítés/Előfej támfalelemek/LEF 40 - Tömbelőfej betoncsőhöz - hosszmetszet/LEF 40 - Tömbelőfej betoncsőhöz - hosszmetszet.pdf
2025-07-01 23:20:13,515 - INFO - HTTP Request: GET https://www.leier.hu/hu/dokumentumtar/3501 "HTTP/1.1 200 OK"
2025-07-01 23:20:13,516 - INFO - HTTP Request: GET https://www.leier.hu/hu/dokumentumtar/4115 "HTTP/1.1 200 OK"
2025-07-01 23:20:13,518 - INFO - HTTP Request: GET https://www.leier.hu/hu/dokumentumtar/3230 "HTTP/1.1 200 OK"
2025-07-01 23:20:13,523 - INFO - ✅ Downloaded: hu/Termékadatlapok/Magasépítési termékek/Tégla termékek/Leiertherm 38 Pro adatlap.pdf/Leiertherm 38 Pro adatlap.pdf
2025-07-01 23:20:14,126 - INFO - ✅ Downloaded: hu/Részletrajzok/Elemrajzok (DWG, PDF)/Környezettechnika/Olajelválasztók PDF/LOL SUPER 50 KF melleklet PDF/LOL SUPER 50 KF melleklet PDF.pdf
2025-07-01 23:20:14,128 - INFO - HTTP Request: GET https://www.leier.hu/hu/dokumentumtar/3250 "HTTP/1.1 200 OK"
2025-07-01 23:20:14,609 - INFO - ✅ Downloaded: hu/Részletrajzok/Elemrajzok (DWG, PDF)/Mélyépítés/Tisztítóakna elemek/Aknagyűrűk/AGY 100 - 50 L - Aknagyűrű - függőleges metszet/AGY 100 - 50 L - Aknagyűrű - függőleges metszet.pdf
2025-07-01 23:20:14,980 - INFO - ✅ Downloaded: hu/Részletrajzok/Elemrajzok (DWG, PDF)/Mélyépítés/Tisztítóakna elemek/Akna fenékelemek/AFE 80 - 100 L K - Akna fenékelem künettel - függőleges metszet/AFE 80 - 100 L K - Akna fenékelem künettel - függőleges metszet.pdf
2025-07-01 23:20:15,325 - INFO - HTTP Request: GET https://www.leier.hu/hu/dokumentumtar/3253 "HTTP/1.1 200 OK"
2025-07-01 23:20:15,350 - INFO - ✅ Downloaded: hu/Részletrajzok/Elemrajzok (DWG, PDF)/Mélyépítés/Tisztítóakna elemek/Akna fenékelemek/AFE 100 - 75 LG K - Akna fenékelem gumigyűrűs künettel - függőleges metszet/AFE 100 - 75 LG K - Akna fenékelem gumigyűrűs künettel - függőleges metszet.pdf
2025-07-01 23:20:15,654 - INFO - HTTP Request: GET https://www.leier.hu/hu/dokumentumtar/3402 "HTTP/1.1 200 OK"
2025-07-01 23:20:15,656 - INFO - HTTP Request: GET https://www.leier.hu/hu/dokumentumtar/2535 "HTTP/1.1 200 OK"
2025-07-01 23:20:15,660 - INFO - ✅ Downloaded: hu/Részletrajzok/Csomópontok/Kémény részletrajzok/dwg/k01-kemeny-alapozas/k01-kemeny-alapozas.pdf
2025-07-01 23:20:15,978 - INFO - ✅ Downloaded: hu/Részletrajzok/Elemrajzok (DWG, PDF)/Környezettechnika/Olajelválasztók DWG/LOL SUPER 40 KF melléklet/LOL SUPER 40 KF melle_klet.pdf
2025-07-01 23:20:16,272 - INFO - HTTP Request: GET https://www.leier.hu/hu/dokumentumtar/2751 "HTTP/1.1 200 OK"
2025-07-01 23:20:16,274 - INFO - HTTP Request: GET https://www.leier.hu/hu/dokumentumtar/4112 "HTTP/1.1 200 OK"
2025-07-01 23:20:16,278 - INFO - ✅ Downloaded: hu/Termékadatlapok/Magasépítési termékek/Tégla termékek/Leiertherm 30 U koszorúelem adatlap.pdf/Leiertherm 30 U koszorúelem adatlap.pdf
2025-07-01 23:20:16,627 - INFO - ✅ Downloaded: hu/Részletrajzok/Csomópontok/Kéregelemes födém részletrajzok/pln/p032-kpanel-belsokoszo/p032-kpanel-belsokoszo.pdf
2025-07-01 23:20:17,150 - INFO - HTTP Request: GET https://www.leier.hu/hu/dokumentumtar/2984 "HTTP/1.1 200 OK"
2025-07-01 23:20:17,184 - INFO - ✅ Downloaded: hu/Részletrajzok/Elemrajzok (DWG, PDF)/Mélyépítés/Betoncsövek/TOTA 80 200L - Tokos talpas betoncső hosszmetszet függőleges/TOTA 80 200L - Tokos talpas betoncső hosszmetszet függőleges.pdf
2025-07-01 23:20:17,904 - INFO - HTTP Request: GET https://www.leier.hu/hu/dokumentumtar/2602 "HTTP/1.1 200 OK"
2025-07-01 23:20:17,914 - INFO - HTTP Request: GET https://www.leier.hu/hu/dokumentumtar/4124 "HTTP/1.1 200 OK"
2025-07-01 23:20:17,915 - INFO - HTTP Request: GET https://www.leier.hu/hu/dokumentumtar/2808 "HTTP/1.1 200 OK"
2025-07-01 23:20:17,920 - INFO - ✅ Downloaded: hu/Termékadatlapok/Magasépítési termékek/Beton falazóelemek/Leier beton VF10 adatlap.pdf/Leier beton VF10 adatlap.pdf
2025-07-01 23:20:18,271 - INFO - HTTP Request: GET https://www.leier.hu/hu/dokumentumtar/2503 "HTTP/1.1 200 OK"
2025-07-01 23:20:18,272 - INFO - ✅ Downloaded: hu/Előregyártott elemek tervezési segédlet/Leier-eloregyartott-elemek-tervezesi-segedlet.pdf/Leier-eloregyartott-elemek-tervezesi-segedlet.pdf
2025-07-01 23:20:18,634 - INFO - ✅ Downloaded: hu/Részletrajzok/Csomópontok/Födém részletrajzok/asc/leier-m01-mesterf-koszoru1/leier-m01-mesterf-koszoru1.pdf
2025-07-01 23:20:18,954 - INFO - ✅ Downloaded: hu/Részletrajzok/Csomópontok/Tető részletrajzok/asc/leier-t06-vapa/leier-t06-vapa.pdf
2025-07-01 23:20:19,338 - INFO - HTTP Request: GET https://www.leier.hu/hu/dokumentumtar/3246 "HTTP/1.1 200 OK"
2025-07-01 23:20:19,350 - INFO - HTTP Request: GET https://www.leier.hu/hu/dokumentumtar/2070 "HTTP/1.1 200 OK"
2025-07-01 23:20:19,372 - INFO - HTTP Request: GET https://www.leier.hu/hu/dokumentumtar/3927 "HTTP/1.1 200 OK"
2025-07-01 23:20:19,380 - INFO - ✅ Downloaded: hu/Teljesítménynyilatkozatok/Magasépítési termékek/Beton falazóelemek/Zsaluzóelem - Gönyű - Teljesítménynyilatkozat LE GO15435-02/Zsaluzóelem - Gönyű - Teljesítménynyilatkozat LE GO15435-02.pdf
2025-07-01 23:20:19,652 - INFO - HTTP Request: GET https://www.leier.hu/hu/dokumentumtar/3280 "HTTP/1.1 200 OK"
2025-07-01 23:20:19,654 - INFO - HTTP Request: GET https://www.leier.hu/hu/dokumentumtar/2479 "HTTP/1.1 200 OK"
2025-07-01 23:20:19,657 - INFO - ✅ Downloaded: hu/Részletrajzok/Elemrajzok (DWG, PDF)/Mélyépítés/Tisztítóakna elemek/Akna fenékelemek/AFE 80 - 75 L KN - Akna fenékelem künet nélkül - függőleges metszet/AFE 80 - 75 L KN - Akna fenékelem künet nélkül - függőleges metszet.pdf
2025-07-01 23:20:19,952 - INFO - ✅ Downloaded: hu/Részletrajzok/Csomópontok/Tető részletrajzok/dwg/t05-elgerinc/t05-elgerinc.pdf
2025-07-01 23:20:20,256 - INFO - ✅ Downloaded: at/Aufbauanleitungen/Aufbauanleitung Architektur Hochbeet Set Thymian/Aufbauanleitung Architektur Hochbeet Set Thymian.pdf
2025-07-01 23:20:20,558 - INFO - ✅ Downloaded: hu/Részletrajzok/Elemrajzok (DWG, PDF)/Mélyépítés/Vízóra akna/VA 100 62.5 120 L+H - Vízóraakna hágcsóval vízszintes metszet/VA 100 62.5 120 L_H - Vízóraakna hágcsóval vízszintes metszet
2025-07-01 23:20:20,880 - INFO - HTTP Request: GET https://www.leier.hu/hu/dokumentumtar/3894 "HTTP/1.1 200 OK"
2025-07-01 23:20:20,911 - INFO - ✅ Downloaded: hu/Termékadatlapok/Kertépítés, díszburkolat/Szegélykövek/Döntött szegélykő - Termékadatlap/Döntött szegélykő - Termékadatlap.pdf
2025-07-01 23:20:21,304 - INFO - HTTP Request: GET https://www.leier.hu/hu/dokumentumtar/2937 "HTTP/1.1 200 OK"
2025-07-01 23:20:21,307 - INFO - HTTP Request: GET https://www.leier.hu/hu/dokumentumtar/2518 "HTTP/1.1 200 OK"
2025-07-01 23:20:21,315 - INFO - ✅ Downloaded: hu/Részletrajzok/Csomópontok/Tető részletrajzok/pln/t05-elgerinc/t05-elgerinc.pdf
2025-07-01 23:20:22,014 - INFO - HTTP Request: GET https://www.leier.hu/hu/dokumentumtar/2090 "HTTP/1.1 200 OK"
2025-07-01 23:20:22,014 - INFO - HTTP Request: GET https://www.leier.hu/hu/dokumentumtar/2489 "HTTP/1.1 200 OK"
2025-07-01 23:20:22,018 - INFO - ✅ Downloaded: hu/Részletrajzok/Csomópontok/Tető részletrajzok/pdf/t072-tetoablak-vizsz/t072-tetoablak-vizsz.pdf
2025-07-01 23:20:22,633 - INFO - ✅ Downloaded: hu/Részletrajzok/Elemrajzok (DWG, PDF)/Mélyépítés/Átemelőakna elemek/AGY_240_175 LG V- Átemelő gyűrű gumigyűrűs végelem/AGY_240_175 LG V- Átemelő gyűrű gumigyűrűs végelem.pdf
2025-07-01 23:20:22,633 - INFO - ✅ Downloaded: hu/Teljesítménynyilatkozatok/Magasépítési termékek/Beton falazóelemek/Zsaluzóelem - Jánosháza - Teljesítménynyilatkozat LE JH15435-01/Zsaluzóelem - Jánosháza - Teljesítménynyilatkozat LE JH15435-01.pdf
2025-07-01 23:20:23,353 - INFO - HTTP Request: GET https://www.leier.hu/hu/dokumentumtar/3184 "HTTP/1.1 200 OK"
2025-07-01 23:20:23,356 - INFO - HTTP Request: GET https://www.leier.hu/hu/dokumentumtar/3889 "HTTP/1.1 200 OK"
2025-07-01 23:20:23,357 - INFO - HTTP Request: GET https://www.leier.hu/hu/dokumentumtar/3776 "HTTP/1.1 200 OK"
2025-07-01 23:20:23,359 - INFO - HTTP Request: GET https://www.leier.hu/hu/dokumentumtar/3599 "HTTP/1.1 200 OK"
2025-07-01 23:20:23,385 - INFO - HTTP Request: GET https://www.leier.hu/hu/dokumentumtar/3815 "HTTP/1.1 200 OK"
2025-07-01 23:20:23,400 - INFO - ✅ Downloaded: hu/Termékadatlapok/Kertépítés, díszburkolat/Szegélykövek/Leier kiemelet szegélykő termékadatlap/Leier kiemelet szegélykő termékadatlap.pdf
2025-07-01 23:20:23,401 - INFO - ✅ Downloaded: hu/Termékadatlapok/Kertépítés, díszburkolat/Térkövek/Leier PIAZZA 30x20 térkő termékadatlap/Leier PIAZZA 30x20 térkő termékadatlap.pdf
2025-07-01 23:20:24,157 - INFO - ✅ Downloaded: hu/Részletrajzok/Elemrajzok (DWG, PDF)/Durisol zajárnyékolás/Durisol panel 296 100 DSI 30_13 W - Metszet/Durisol panel 296 100 DSI 30_13 W - Metszet.pdf
2025-07-01 23:20:24,434 - INFO - ✅ Downloaded: hu/Részletrajzok/Elemrajzok (DWG, PDF)/Mélyépítés/Keretelemek/LKE 120 - 120 - 100 - Keretelem - keresztmetszet/LKE 120 - 120 - 100 - Keretelem - keresztmetszet.pdf
2025-07-01 23:20:24,435 - INFO - ✅ Downloaded: hu/Teljesítménynyilatkozatok/Mély- és vasútépítés, környezettechnika/Mélyépítés/Beton aknaelem - Pécs - Teljesítménynyilatkozat LE PE1917-01/Beton aknaelem - Pécs - Teljesítménynyilatkozat LE PE1917-01.pdf
2025-07-01 23:20:25,105 - INFO - HTTP Request: GET https://www.leier.hu/hu/dokumentumtar/3469 "HTTP/1.1 200 OK"
2025-07-01 23:20:25,122 - INFO - HTTP Request: GET https://www.leier.hu/hu/dokumentumtar/2980 "HTTP/1.1 200 OK"
2025-07-01 23:20:25,142 - INFO - HTTP Request: GET https://www.leier.hu/hu/dokumentumtar/1955 "HTTP/1.1 200 OK"
2025-07-01 23:20:25,162 - INFO - HTTP Request: GET https://www.leier.hu/hu/dokumentumtar/3519 "HTTP/1.1 200 OK"
2025-07-01 23:20:25,177 - INFO - HTTP Request: GET https://www.leier.hu/hu/dokumentumtar/3204 "HTTP/1.1 200 OK"
2025-07-01 23:20:25,180 - INFO - ✅ Downloaded: hu/Részletrajzok/Elemrajzok (DWG, PDF)/Környezettechnika/Olajelválasztók PDF/LOL SUPER 125 max P melleklet PDF/LOL SUPER 125 max P melleklet PDF.pdf
2025-07-01 23:20:25,517 - INFO - ✅ Downloaded: hu/Teljesítménynyilatkozatok/Magasépítési termékek/Tégla termékek/Devecser - CE-tanúsítványok/LeierPLAN/CE - LeierPLAN 30 N+F - DE/CE - LeierPLAN 30 N_F - DE.pdf
2025-07-01 23:20:25,846 - INFO - ✅ Downloaded: hu/Részletrajzok/Elemrajzok (DWG, PDF)/Mélyépítés/Átemelőakna elemek/AFE_160_160 LG - Átemelő fenékelem gumigyűrűs/AFE_160_160 LG - Átemelő fenékelem gumigyűrűs.pdf
2025-07-01 23:20:26,272 - INFO - ✅ Downloaded: hu/Részletrajzok/Elemrajzok (DWG, PDF)/Környezettechnika/Olajelválasztók PDF/LOL SUPER 25 max P melleklet PDF/LOL SUPER 25 max P melleklet PDF.pdf
2025-07-01 23:20:26,602 - INFO - ✅ Downloaded: hu/Részletrajzok/Elemrajzok (DWG, PDF)/Mélyépítés/Tisztítóakna elemek/Aknaszűkítő elemek/ASZ 100 - 62.5 - 60 LG+H - Akna szűkítő gumigyűrűs hágcsóval - függőleges metszet/ASZ 100 - 62.5 - 60 LG_H - Akna szűkítő gumigyűrűs hágcsóval - függőleges metszet
2025-07-01 23:20:26,920 - INFO - HTTP Request: GET https://www.leier.hu/hu/dokumentumtar/3777 "HTTP/1.1 200 OK"
2025-07-01 23:20:26,924 - INFO - ✅ Downloaded: hu/Termékadatlapok/Kertépítés, díszburkolat/Térkövek/Leier PIAZZA 30x30 térkő termékadatlap/Leier PIAZZA 30x30 térkő termékadatlap.pdf
2025-07-01 23:20:27,259 - INFO - HTTP Request: GET https://www.leier.hu/hu/dokumentumtar/3064 "HTTP/1.1 200 OK"
2025-07-01 23:20:27,276 - INFO - ✅ Downloaded: hu/Részletrajzok/Elemrajzok (DWG, PDF)/Mélyépítés/Előfej támfalelemek/TFE 30 - Támfalelem hátulnézet/TFE 30 - Támfalelem hátulnézet.pdf
2025-07-01 23:20:27,604 - INFO - HTTP Request: GET https://www.leier.hu/hu/dokumentumtar/3418 "HTTP/1.1 200 OK"
2025-07-01 23:20:27,605 - INFO - HTTP Request: GET https://www.leier.hu/hu/dokumentumtar/3651 "HTTP/1.1 200 OK"
2025-07-01 23:20:27,610 - INFO - ✅ Downloaded: hu/Részletrajzok/Elemrajzok (DWG, PDF)/Környezettechnika/Olajelválasztók DWG/LOL SUPER 20 max P melléklet/LOL SUPER 20 max P melle_klet.pdf
2025-07-01 23:20:28,010 - INFO - HTTP Request: GET https://www.leier.hu/hu/dokumentumtar/2059 "HTTP/1.1 200 OK"
2025-07-01 23:20:28,015 - INFO - ✅ Downloaded: hu/Teljesítménynyilatkozatok/Magasépítési termékek/Födémrendszerek/LÜF - Jánossomorja -Teljesítménynyilatkozat LE JS1168-03/LÜF - Jánossomorja -Teljesítménynyilatkozat LE JS1168-03.pdf
2025-07-01 23:20:28,352 - INFO - HTTP Request: GET https://www.leier.hu/hu/dokumentumtar/1989 "HTTP/1.1 200 OK"
2025-07-01 23:20:28,376 - ERROR - ❌ Failed to download https://www.leier.hu/hu/dokumentumtar/1989: [Errno 2] No such file or directory: 'C:\\Users\\Admin\\.cursor\\Lambda\\src\\backend\\src\\downloads\\leier_materials_api\\documents\\hu\\Teljesítménynyilatkozatok\\Magasépítési termékek\\Tégla termékek\\Devecser - Teljesítménynyilatkozatok\\LeierPLAN\\Teljesítménynyilatkozat - LeierPLAN Pro 44 - DE LE DE771-1-21-01.pdf'
2025-07-01 23:20:28,863 - INFO - HTTP Request: GET https://www.leier.hu/hu/dokumentumtar/2017 "HTTP/1.1 200 OK"
2025-07-01 23:20:28,865 - INFO - HTTP Request: GET https://www.leier.hu/hu/dokumentumtar/3531 "HTTP/1.1 200 OK"
2025-07-01 23:20:28,898 - INFO - ✅ Downloaded: hu/Részletrajzok/Elemrajzok (DWG, PDF)/Környezettechnika/Olajelválasztók PDF/LOL SUPER 15 P melleklet PDF/LOL SUPER 15 P melleklet PDF.pdf
2025-07-01 23:20:29,207 - INFO - ✅ Downloaded: hu/Teljesítménynyilatkozatok/Magasépítési termékek/Tégla termékek/Mátraderecske - CE-tanúsítványok/CE - Leiertherm 30 N+F - MD/CE - Leiertherm 30 N_F - MD.pdf
2025-07-01 23:20:29,477 - INFO - HTTP Request: GET https://www.leier.hu/hu/dokumentumtar/2754 "HTTP/1.1 200 OK"
2025-07-01 23:20:29,488 - INFO - ✅ Downloaded: hu/Részletrajzok/Csomópontok/Kéregelemes födém részletrajzok/pln/p02b-kpanel-koszoru3/p02b-kpanel-koszoru3.pdf
2025-07-01 23:20:29,930 - INFO - HTTP Request: GET https://www.leier.hu/hu/dokumentumtar/3610 "HTTP/1.1 200 OK"
2025-07-01 23:20:29,936 - INFO - HTTP Request: GET https://www.leier.hu/hu/dokumentumtar/3511 "HTTP/1.1 200 OK"
2025-07-01 23:20:29,939 - INFO - HTTP Request: GET https://www.leier.hu/hu/dokumentumtar/2394 "HTTP/1.1 200 OK"
2025-07-01 23:20:29,955 - INFO - ✅ Downloaded: hu/Részletrajzok/Csomópontok/Fal részletrajzok/pln/f05-zsaluko-labazat/f05-zsaluko-labazat.pdf
2025-07-01 23:20:30,296 - INFO - HTTP Request: GET https://www.leier.hu/hu/dokumentumtar/2436 "HTTP/1.1 200 OK"
2025-07-01 23:20:30,302 - INFO - ✅ Downloaded: hu/Részletrajzok/Elemrajzok (DWG, PDF)/Környezettechnika/Olajelválasztók PDF/LOL SUPER 30 NF melleklet PDF/LOL SUPER 30 NF melleklet PDF.pdf
2025-07-01 23:20:30,630 - INFO - ✅ Downloaded: hu/Részletrajzok/Csomópontok/Leier Durisol zajárnyékoló falak/DWG/DSi 30 13 - W típusrajz/DSi 30 13 - W típusrajz.pdf
2025-07-01 23:20:30,973 - INFO - ✅ Downloaded: at/Prospekte/Leier Press 2022/Leier Press 2022.pdf
2025-07-01 23:20:31,352 - INFO - HTTP Request: GET https://www.leier.hu/hu/dokumentumtar/3516 "HTTP/1.1 200 OK"
2025-07-01 23:20:31,353 - INFO - HTTP Request: GET https://www.leier.hu/hu/dokumentumtar/2770 "HTTP/1.1 200 OK"
2025-07-01 23:20:31,358 - INFO - ✅ Downloaded: hu/Részletrajzok/Csomópontok/Kéregelemes födém részletrajzok/dxf/leier-p04-kpanel-valaszfal/leier-p04-kpanel-valaszfal.pdf
2025-07-01 23:20:31,667 - INFO - ✅ Downloaded: hu/Részletrajzok/Elemrajzok (DWG, PDF)/Környezettechnika/Olajelválasztók PDF/LOL SUPER 25 125 max KF zapor tulfolyoval melleklet PDF/LOL SUPER 25 125 max KF zapor tulfolyoval melleklet PDF.pdf
2025-07-01 23:20:31,947 - INFO - HTTP Request: GET https://www.leier.hu/hu/dokumentumtar/2680 "HTTP/1.1 200 OK"
2025-07-01 23:20:31,956 - INFO - ✅ Downloaded: hu/Részletrajzok/Csomópontok/Térburkolat részletrajzok/asc/leier-b06b-folyoka2/leier-b06b-folyoka2.pdf
2025-07-01 23:20:32,272 - INFO - HTTP Request: GET https://www.leier.hu/hu/dokumentumtar/2744 "HTTP/1.1 200 OK"
2025-07-01 23:20:32,279 - INFO - ✅ Downloaded: hu/Részletrajzok/Csomópontok/Kéregelemes födém részletrajzok/pdf/p01-kpanel-koszoru1/p01-kpanel-koszoru1.pdf
2025-07-01 23:20:32,578 - INFO - HTTP Request: GET https://www.leier.hu/hu/dokumentumtar/2900 "HTTP/1.1 200 OK"
2025-07-01 23:20:32,615 - INFO - ✅ Downloaded: hu/Részletrajzok/Elemrajzok (DWG, PDF)/Mélyépítés/Árokburkoló- és árokelemek/ÁBE F 40_50 - 50L - Bordás és víznyelős fedlap - keresztmetszet1/ÁBE F 40_50 - 50L - Bordás és víznyelős fedlap - keresztmetszet1.pdf
2025-07-01 23:20:32,923 - INFO - HTTP Request: GET https://www.leier.hu/hu/dokumentumtar/3067 "HTTP/1.1 200 OK"
2025-07-01 23:20:32,925 - INFO - HTTP Request: GET https://www.leier.hu/hu/dokumentumtar/3462 "HTTP/1.1 200 OK"
2025-07-01 23:20:32,941 - INFO - ✅ Downloaded: hu/Részletrajzok/Elemrajzok (DWG, PDF)/Környezettechnika/Olajelválasztók PDF/LOL SUPER 150 NF melleklet PDF/LOL SUPER 150 NF melleklet PDF.pdf
2025-07-01 23:20:33,273 - INFO - HTTP Request: GET https://www.leier.hu/hu/dokumentumtar/2637 "HTTP/1.1 200 OK"
2025-07-01 23:20:33,278 - INFO - ✅ Downloaded: hu/Részletrajzok/Elemrajzok (DWG, PDF)/Mélyépítés/Előfej támfalelemek/TFE 100 - Támfalelem - oldalnézet/TFE 100 - Támfalelem - oldalnézet.pdf
2025-07-01 23:20:33,539 - INFO - ✅ Downloaded: hu/Részletrajzok/Csomópontok/Kéregfal részletrajzok/pln/e03a-falcsatl-szig/e03a-falcsatl-szig.pdf
2025-07-01 23:20:33,845 - INFO - ✅ Downloaded: hu/LeierPress/LeierPress 2022/LeierPress 2022.pdf
2025-07-01 23:20:34,128 - INFO - HTTP Request: GET https://www.leier.hu/hu/dokumentumtar/3577 "HTTP/1.1 200 OK"
2025-07-01 23:20:34,154 - INFO - ✅ Downloaded: hu/Részletrajzok/Elemrajzok (DWG, PDF)/Durisol zajárnyékolás/Durisol panel 396 450 hálós - Elölnézet/Durisol panel 396 450 hálós - Elölnézet.pdf
2025-07-01 23:20:34,423 - INFO - HTTP Request: GET https://www.leier.hu/hu/dokumentumtar/2449 "HTTP/1.1 200 OK"
2025-07-01 23:20:34,424 - INFO - HTTP Request: GET https://www.leier.hu/hu/dokumentumtar/2633 "HTTP/1.1 200 OK"
2025-07-01 23:20:34,430 - INFO - ✅ Downloaded: hu/Részletrajzok/Csomópontok/Kéregfal részletrajzok/pln/e06-keregfal-piller/e06-keregfal-piller.pdf
2025-07-01 23:20:34,690 - INFO - HTTP Request: GET https://www.leier.hu/hu/dokumentumtar/2667 "HTTP/1.1 200 OK"
2025-07-01 23:20:34,691 - INFO - HTTP Request: GET https://www.leier.hu/hu/dokumentumtar/2597 "HTTP/1.1 200 OK"
2025-07-01 23:20:34,694 - INFO - ✅ Downloaded: hu/Részletrajzok/Csomópontok/Leier Durisol zajárnyékoló falak/PDF/LSA 50 12 25 - W alap/LSA 50 12 25 - W alap.pdf
2025-07-01 23:20:34,957 - INFO - ✅ Downloaded: hu/Részletrajzok/Csomópontok/Térburkolat részletrajzok/pln/b07a-tereplepcso1/b07a-tereplepcso1.pdf
2025-07-01 23:20:35,219 - INFO - HTTP Request: GET https://www.leier.hu/hu/dokumentumtar/4144 "HTTP/1.1 200 OK"
2025-07-01 23:20:35,222 - INFO - ✅ Downloaded: hu/Részletrajzok/Csomópontok/Födém részletrajzok/asc/leier-m05a-mesterf-terasz1/leier-m05a-mesterf-terasz1.pdf
2025-07-01 23:20:35,482 - INFO - HTTP Request: GET https://www.leier.hu/hu/dokumentumtar/4172 "HTTP/1.1 200 OK"
2025-07-01 23:20:35,596 - INFO - HTTP Request: GET https://www.leier.hu/hu/dokumentumtar/2679 "HTTP/1.1 200 OK"
2025-07-01 23:20:35,609 - INFO - HTTP Request: GET https://www.leier.hu/hu/dokumentumtar/3126 "HTTP/1.1 200 OK"
2025-07-01 23:20:35,631 - INFO - HTTP Request: GET https://www.leier.hu/hu/dokumentumtar/3923 "HTTP/1.1 200 OK"
2025-07-01 23:20:35,644 - INFO - ✅ Downloaded: hu/Részletrajzok/Csomópontok/Térburkolat részletrajzok/asc/leier-b07a-tereplepcso1/leier-b07a-tereplepcso1.pdf
2025-07-01 23:20:35,933 - INFO - ✅ Downloaded: hu/Részletrajzok/Elemrajzok (DWG, PDF)/Mélyépítés/Kábelcsatorna/KCS vályú irt jobb felül/KCS vályú irt jobb felül.pdf
2025-07-01 23:20:36,270 - INFO - ✅ Downloaded: hu/Árlisták viszonteladók részére/Kéményrendszerek árlista viszonteladók részére - Érvényes: 2025.04.01-től/Kéményrendszerek árlista viszonteladók részére - Érvényes_ 2025.04.01-től
2025-07-01 23:20:36,542 - INFO - HTTP Request: GET https://www.leier.hu/hu/dokumentumtar/3678 "HTTP/1.1 200 OK"
2025-07-01 23:20:36,550 - INFO - ✅ Downloaded: at/Aufbauanleitungen/Aufbauanleitung Durisol Frühbeetaufsatz K-Form/Aufbauanleitung Durisol Frühbeetaufsatz K-Form.pdf
2025-07-01 23:20:36,850 - INFO - HTTP Request: GET https://www.leier.hu/hu/dokumentumtar/3984 "HTTP/1.1 200 OK"
2025-07-01 23:20:36,857 - INFO - ✅ Downloaded: hu/Biztonságtechnikai adatlapok/LeierPLAN vékonyágyas falazóhabarcs - Biztonságtechnikai adatlap/LeierPLAN vékonyágyas falazóhabarcs - Biztonságtechnikai adatlap.pdf
2025-07-01 23:20:37,163 - INFO - ✅ Downloaded: hu/Teljesítménynyilatkozatok/Mély- és vasútépítés, környezettechnika/Környezettechnika/Betontartályok - Jánossomorja - Teljesítménynyilatkozat LE JSA-25-01/Betontartályok - Jánossomorja - Teljesítménynyilatkozat LE JSA-25-01.pdf
2025-07-01 23:20:37,619 - INFO - HTTP Request: GET https://www.leier.hu/hu/dokumentumtar/3134 "HTTP/1.1 200 OK"
2025-07-01 23:20:37,625 - INFO - HTTP Request: GET https://www.leier.hu/hu/dokumentumtar/3550 "HTTP/1.1 200 OK"
2025-07-01 23:20:37,626 - INFO - HTTP Request: GET https://www.leier.hu/hu/dokumentumtar/3606 "HTTP/1.1 200 OK"
2025-07-01 23:20:37,636 - INFO - HTTP Request: GET https://www.leier.hu/hu/dokumentumtar/4142 "HTTP/1.1 200 OK"
2025-07-01 23:20:37,700 - INFO - ✅ Downloaded: hu/Részletrajzok/Elemrajzok (DWG, PDF)/Környezettechnika/Olajelválasztók PDF/LOL SUPER 6 60 KF zapor tulfolyoval melleklet PDF/LOL SUPER 6 60 KF zapor tulfolyoval melleklet PDF.pdf
2025-07-01 23:20:37,986 - INFO - ✅ Downloaded: hu/Részletrajzok/Elemrajzok (DWG, PDF)/Mélyépítés/Kábelcsatorna/KCS fedlap irt jobb elöl/KCS fedlap irt jobb elöl.pdf
2025-07-01 23:20:38,272 - INFO - ✅ Downloaded: hu/Részletrajzok/Elemrajzok (DWG, PDF)/Durisol zajárnyékolás/DSI 25 13 W - Durisol blokkelem - Felülnézet/DSI 25 13 W - Durisol blokkelem - Felülnézet.pdf
2025-07-01 23:20:38,571 - INFO - ✅ Downloaded: hu/Alkalmazástechnikák, Beépítési útmutatók/Tetőfedő rendszerek alkalmazástechnika és tervezési segédlet/Tetőfedő rendszerek alkalmazástechnika és tervezési segédlet.pdf
2025-07-01 23:20:39,029 - INFO - HTTP Request: GET https://www.leier.hu/hu/dokumentumtar/3207 "HTTP/1.1 200 OK"
2025-07-01 23:20:39,033 - INFO - HTTP Request: GET https://www.leier.hu/hu/dokumentumtar/2516 "HTTP/1.1 200 OK"
2025-07-01 23:20:39,035 - INFO - HTTP Request: GET https://www.leier.hu/hu/dokumentumtar/3498 "HTTP/1.1 200 OK"
2025-07-01 23:20:39,067 - INFO - ✅ Downloaded: hu/Részletrajzok/Csomópontok/Tető részletrajzok/pln/t071-tetoablak-fugg/t071-tetoablak-fugg.pdf
2025-07-01 23:20:39,395 - INFO - HTTP Request: GET https://www.leier.hu/hu/dokumentumtar/3764 "HTTP/1.1 200 OK"
2025-07-01 23:20:39,400 - INFO - ✅ Downloaded: hu/Részletrajzok/Elemrajzok (DWG, PDF)/Környezettechnika/Olajelválasztók PDF/LOL SUPER 50 max P melleklet PDF/LOL SUPER 50 max P melleklet PDF.pdf
2025-07-01 23:20:39,681 - INFO - ✅ Downloaded: hu/Részletrajzok/Elemrajzok (DWG, PDF)/Mélyépítés/Tisztítóakna elemek/Aknaszűkítő elemek/ASZ 100 - 62.5 - 60 LG - Akna szűkítő gumigyűrűs - függőleges metszet/ASZ 100 - 62.5 - 60 LG - Akna szűkítő gumigyűrűs - függőleges metszet
2025-07-01 23:20:39,949 - INFO - ✅ Downloaded: hu/Termékadatlapok/Kertépítés, díszburkolat/Térkövek/Leier Kaiserstein PATRIA térkő termékadatlap/Leier Kaiserstein PATRIA térkő termékadatlap.pdf
2025-07-01 23:20:40,348 - INFO - ✅ Downloaded: hu/Prospektusok/Leier tavaszi ajánlat 2025/Leier tavaszi ajánlat 2025.pdf
2025-07-01 23:20:40,616 - INFO - HTTP Request: GET https://www.leier.hu/hu/dokumentumtar/2520 "HTTP/1.1 200 OK"
2025-07-01 23:20:40,618 - INFO - HTTP Request: GET https://www.leier.hu/hu/dokumentumtar/3169 "HTTP/1.1 200 OK"
2025-07-01 23:20:40,618 - INFO - HTTP Request: GET https://www.leier.hu/hu/dokumentumtar/3965 "HTTP/1.1 200 OK"
2025-07-01 23:20:40,619 - INFO - HTTP Request: GET https://www.leier.hu/hu/dokumentumtar/3004 "HTTP/1.1 200 OK"
2025-07-01 23:20:40,623 - INFO - ✅ Downloaded: hu/Részletrajzok/Csomópontok/Tető részletrajzok/pln/t03-felnyereg-falcs/t03-felnyereg-falcs.pdf
2025-07-01 23:20:40,909 - INFO - ✅ Downloaded: hu/Részletrajzok/Elemrajzok (DWG, PDF)/Mélyépítés/Keretelemek/LKE 180 - 180 - 170 - Keret előfej kezdőelem - felülnézet/LKE 180 - 180 - 170 - Keret előfej kezdőelem - felülnézet.pdf
2025-07-01 23:20:41,192 - INFO - ✅ Downloaded: hu/Részletrajzok/Elemrajzok (DWG, PDF)/Mélyépítés/Betoncsövek/TO 30 200L - Tokos betoncső tokosmetszet/TO 30 200L - Tokos betoncső tokosmetszet.pdf
2025-07-01 23:20:41,475 - INFO - ✅ Downloaded: at/Verarbeitungsinfos/VÖB-FQP/VOEB-FQP_Hinweise Verlegung_Betonsteinpflaster+Platten_01-2017.pdf/VOEB-FQP_Hinweise Verlegung_Betonsteinpflaster_Platten_01-2017.pdf
2025-07-01 23:20:41,744 - INFO - HTTP Request: GET https://www.leier.hu/hu/dokumentumtar/3393 "HTTP/1.1 200 OK"
2025-07-01 23:20:41,748 - INFO - ✅ Downloaded: hu/Részletrajzok/Elemrajzok (DWG, PDF)/Környezettechnika/Olajelválasztók DWG/LOL SUPER 50 max P melléklet/LOL SUPER 50 max P melle_klet.pdf
2025-07-01 23:20:42,024 - INFO - HTTP Request: GET https://www.leier.hu/hu/dokumentumtar/1969 "HTTP/1.1 200 OK"
2025-07-01 23:20:42,049 - INFO - ✅ Downloaded: hu/Teljesítménynyilatkozatok/Magasépítési termékek/Tégla termékek/Devecser - CE-tanúsítványok/Leiertherm/CE - Leiertherm 45 N+F - DE/CE - Leiertherm 45 N_F - DE.pdf
2025-07-01 23:20:42,322 - INFO - HTTP Request: GET https://www.leier.hu/hu/dokumentumtar/3481 "HTTP/1.1 200 OK"
2025-07-01 23:20:42,323 - INFO - HTTP Request: GET https://www.leier.hu/hu/dokumentumtar/3357 "HTTP/1.1 200 OK"
2025-07-01 23:20:42,324 - INFO - HTTP Request: GET https://www.leier.hu/hu/dokumentumtar/3769 "HTTP/1.1 200 OK"
2025-07-01 23:20:42,328 - INFO - ✅ Downloaded: hu/Termékadatlapok/Kertépítés, díszburkolat/Térkövek/Leier ROLLO térkő termékadatlap/Leier ROLLO térkő termékadatlap.pdf
2025-07-01 23:20:42,613 - INFO - HTTP Request: GET https://www.leier.hu/hu/dokumentumtar/2379 "HTTP/1.1 200 OK"
2025-07-01 23:20:42,618 - INFO - ✅ Downloaded: hu/Részletrajzok/Elemrajzok (DWG, PDF)/Környezettechnika/Olajelválasztók DWG/LOL SUPER 150 NF melléklet/LOL SUPER 150 NF melle_klet.pdf
2025-07-01 23:20:42,925 - INFO - ✅ Downloaded: hu/Részletrajzok/Elemrajzok (DWG, PDF)/Környezettechnika/Olajelválasztók PDF/LOL SUPER 80 NF melleklet PDF/LOL SUPER 80 NF melleklet PDF.pdf
2025-07-01 23:20:43,199 - INFO - ✅ Downloaded: hu/Részletrajzok/Csomópontok/Fal részletrajzok/pdf/f06a-uni-labazat/f06a-uni-labazat.pdf
2025-07-01 23:20:43,465 - INFO - HTTP Request: GET https://www.leier.hu/hu/dokumentumtar/3158 "HTTP/1.1 200 OK"
2025-07-01 23:20:43,468 - INFO - ✅ Downloaded: hu/Részletrajzok/Elemrajzok (DWG, PDF)/Mélyépítés/Kábelcsatorna/KCS fedlap egyenes/KCS fedlap egyenes.pdf
2025-07-01 23:20:43,779 - INFO - HTTP Request: GET https://www.leier.hu/hu/dokumentumtar/1904 "HTTP/1.1 200 OK"
2025-07-01 23:20:43,804 - INFO - ✅ Downloaded: hu/Prospektusok/Leier optikai vezetőoszlop tartó - Prospektus/Leier optikai vezetőoszlop tartó - Prospektus.pdf
2025-07-01 23:20:44,070 - INFO - HTTP Request: GET https://www.leier.hu/hu/dokumentumtar/2450 "HTTP/1.1 200 OK"
2025-07-01 23:20:44,073 - INFO - HTTP Request: GET https://www.leier.hu/hu/dokumentumtar/3271 "HTTP/1.1 200 OK"
2025-07-01 23:20:44,074 - INFO - HTTP Request: GET https://www.leier.hu/hu/dokumentumtar/2790 "HTTP/1.1 200 OK"
2025-07-01 23:20:44,080 - INFO - ✅ Downloaded: hu/Részletrajzok/Csomópontok/Leier Durisol zajárnyékoló falak/PDF/Kiékelés részletrajza/Kiékelés részletrajza.pdf
2025-07-01 23:20:44,349 - INFO - HTTP Request: GET https://www.leier.hu/hu/dokumentumtar/2015 "HTTP/1.1 200 OK"
2025-07-01 23:20:44,354 - INFO - ✅ Downloaded: hu/Részletrajzok/Elemrajzok (DWG, PDF)/Mélyépítés/Tisztítóakna elemek/Akna fenékelemek/AFE 100 L K - Akna fenékelem künettel - vízszintes metszet/AFE 100 L K - Akna fenékelem künettel - vízszintes metszet.pdf
2025-07-01 23:20:44,355 - INFO - ✅ Downloaded: hu/Teljesítménynyilatkozatok/Magasépítési termékek/Tégla termékek/Mátraderecske - CE-tanúsítványok/CE - Leiertherm 25 Objekt - MD/CE - Leiertherm 25 Objekt - MD.pdf
2025-07-01 23:20:45,007 - INFO - HTTP Request: GET https://www.leier.hu/hu/dokumentumtar/3076 "HTTP/1.1 200 OK"
2025-07-01 23:20:45,012 - INFO - HTTP Request: GET https://www.leier.hu/hu/dokumentumtar/2831 "HTTP/1.1 200 OK"
2025-07-01 23:20:45,020 - INFO - HTTP Request: GET https://www.leier.hu/hu/dokumentumtar/3212 "HTTP/1.1 200 OK"
2025-07-01 23:20:45,023 - INFO - ✅ Downloaded: hu/LeierPress/LeierPress 2019/LeierPress 2019.pdf
2025-07-01 23:20:45,390 - INFO - HTTP Request: GET https://www.leier.hu/hu/dokumentumtar/3285 "HTTP/1.1 200 OK"
2025-07-01 23:20:45,396 - INFO - ✅ Downloaded: hu/Részletrajzok/Elemrajzok (DWG, PDF)/Mélyépítés/Előfej támfalelemek/LEF 60 - Előfej betoncsőhöz - felülnézet/LEF 60 - Előfej betoncsőhöz - felülnézet.pdf
2025-07-01 23:20:45,681 - INFO - ✅ Downloaded: hu/Részletrajzok/Elemrajzok (DWG, PDF)/Mélyépítés/Tisztítóakna elemek/Aknaszűkítő elemek/ASZ 100 - 62.5 - 35L - Akna szűkítő - függőleges metszet/ASZ 100 - 62.5 - 35L - Akna szűkítő - függőleges metszet
2025-07-01 23:20:45,956 - INFO - ✅ Downloaded: hu/Részletrajzok/Elemrajzok (DWG, PDF)/Mélyépítés/Vízelnyelőakna elemek/V FE 50 5 L - Víznyelő felsőelem függőleges metszet/V FE 50 5 L - Víznyelő felsőelem függőleges metszet.pdf
2025-07-01 23:20:46,248 - INFO - ✅ Downloaded: hu/Szerelési útmutatók/Előregyártott Falak | Wandelemente/Teljesítménynyilatkozat | Leistungerklarung/DE/Wandelemente Zurndorf Leistungserklärung/Wandelemente Zurndorf Leistungserklärung.pdf
2025-07-01 23:20:46,512 - INFO - HTTP Request: GET https://www.leier.hu/hu/dokumentumtar/2949 "HTTP/1.1 200 OK"
2025-07-01 23:20:46,534 - INFO - ✅ Downloaded: hu/Részletrajzok/Elemrajzok (DWG, PDF)/Mélyépítés/Átemelőakna elemek/AGY_200_175 LG V- Átemelő gyűrű gumigyűrűs végelem/AGY_200_175 LG V- Átemelő gyűrű gumigyűrűs végelem.pdf
2025-07-01 23:20:46,797 - INFO - HTTP Request: GET https://www.leier.hu/hu/dokumentumtar/2621 "HTTP/1.1 200 OK"
2025-07-01 23:20:46,798 - INFO - HTTP Request: GET https://www.leier.hu/hu/dokumentumtar/3445 "HTTP/1.1 200 OK"
2025-07-01 23:20:46,810 - INFO - ✅ Downloaded: hu/Részletrajzok/Csomópontok/Kéregfal részletrajzok/dwg/e03b-pincefal-szig/e03b-pincefal-szig.pdf
2025-07-01 23:20:47,071 - INFO - ✅ Downloaded: hu/Részletrajzok/Elemrajzok (DWG, PDF)/Környezettechnika/Olajelválasztók DWG/LOL SUPER 6 max P melléklet/LOL SUPER 6 max P melle_klet.pdf
2025-07-01 23:20:47,338 - INFO - HTTP Request: GET https://www.leier.hu/hu/dokumentumtar/3233 "HTTP/1.1 200 OK"
2025-07-01 23:20:47,358 - INFO - ✅ Downloaded: hu/Részletrajzok/Elemrajzok (DWG, PDF)/Mélyépítés/Tisztítóakna elemek/Aknagyűrűk/AGY 100 - 25 L+H - Aknagyűrű hágcsóval - függőleges metszet/AGY 100 - 25 L_H - Aknagyűrű hágcsóval - függőleges metszet.pdf
2025-07-01 23:20:47,661 - INFO - HTTP Request: GET https://www.leier.hu/hu/dokumentumtar/3440 "HTTP/1.1 200 OK"
2025-07-01 23:20:47,664 - INFO - ✅ Downloaded: hu/Részletrajzok/Elemrajzok (DWG, PDF)/Környezettechnika/Olajelválasztók DWG/LOL SUPER 8 KF melléklet/LOL SUPER 8 KF melle_klet.pdf
2025-07-01 23:20:47,925 - INFO - HTTP Request: GET https://www.leier.hu/hu/dokumentumtar/3232 "HTTP/1.1 200 OK"
2025-07-01 23:20:47,926 - INFO - HTTP Request: GET https://www.leier.hu/hu/dokumentumtar/1911 "HTTP/1.1 200 OK"
2025-07-01 23:20:47,949 - INFO - ✅ Downloaded: hu/Részletrajzok/Elemrajzok (DWG, PDF)/Mélyépítés/Tisztítóakna elemek/Aknagyűrűk/AGY 100 - 25 LG - Aknagyűrű gumigyűrűs - függőleges metszet/AGY 100 - 25 LG - Aknagyűrű gumigyűrűs - függőleges metszet.pdf
2025-07-01 23:20:48,213 - INFO - HTTP Request: GET https://www.leier.hu/hu/dokumentumtar/3257 "HTTP/1.1 200 OK"
2025-07-01 23:20:48,215 - INFO - HTTP Request: GET https://www.leier.hu/hu/dokumentumtar/3558 "HTTP/1.1 200 OK"
2025-07-01 23:20:48,227 - INFO - ✅ Downloaded: hu/Részletrajzok/Elemrajzok (DWG, PDF)/Környezettechnika/Olajelválasztók PDF/LOL SUPER 3 max KF melleklet PDF/LOL SUPER 3 max KF melleklet PDF.pdf
2025-07-01 23:20:48,500 - INFO - HTTP Request: GET https://www.leier.hu/hu/dokumentumtar/2478 "HTTP/1.1 200 OK"
2025-07-01 23:20:48,505 - INFO - ✅ Downloaded: hu/Részletrajzok/Elemrajzok (DWG, PDF)/Mélyépítés/Tisztítóakna elemek/Akna fenékelemek/AFE 100 - 75 L K - Akna fenékelem künettel - függőleges metszet/AFE 100 - 75 L K - Akna fenékelem künettel - függőleges metszet.pdf
2025-07-01 23:20:48,784 - INFO - ✅ Downloaded: hu/Részletrajzok/Csomópontok/Tető részletrajzok/dwg/t06-vapa/t06-vapa.pdf
2025-07-01 23:20:49,188 - INFO - HTTP Request: GET https://www.leier.hu/hu/dokumentumtar/3523 "HTTP/1.1 200 OK"
2025-07-01 23:20:49,189 - INFO - HTTP Request: GET https://www.leier.hu/hu/dokumentumtar/4094 "HTTP/1.1 200 OK"
2025-07-01 23:20:49,197 - INFO - HTTP Request: GET https://www.leier.hu/hu/dokumentumtar/3513 "HTTP/1.1 200 OK"
2025-07-01 23:20:49,201 - INFO - HTTP Request: GET https://www.leier.hu/hu/dokumentumtar/2927 "HTTP/1.1 200 OK"
2025-07-01 23:20:49,202 - INFO - ✅ Downloaded: hu/Alkalmazástechnikák, Beépítési útmutatók/Mélyépítés, felszíni vízelvezetés, környezettechnika - Alkalmazástechnika/Mélyépítés_ felszíni vízelvezetés_ környezettechnika - Alkalmazástechnika.pdf
2025-07-01 23:20:49,480 - INFO - ✅ Downloaded: hu/Termékadatlapok/Magasépítési termékek/Tégla termékek/LeierPlan 10 NF adatlap.pdf/LeierPlan 10 NF adatlap.pdf
2025-07-01 23:20:49,743 - INFO - ✅ Downloaded: hu/Részletrajzok/Elemrajzok (DWG, PDF)/Környezettechnika/Olajelválasztók PDF/LOL SUPER 30 max NF melleklet PDF/LOL SUPER 30 max NF melleklet PDF.pdf
2025-07-01 23:20:49,744 - INFO - ✅ Downloaded: hu/Részletrajzok/Elemrajzok (DWG, PDF)/Környezettechnika/Olajelválasztók PDF/LOL SUPER 20 P melleklet PDF/LOL SUPER 20 P melleklet PDF.pdf
2025-07-01 23:20:50,293 - INFO - ✅ Downloaded: hu/Részletrajzok/Elemrajzok (DWG, PDF)/Mélyépítés/Árokburkoló- és árokelemek/ÁBE 20_30 - 200 L - árokburkoló elem - keresztmetszet/ÁBE 20_30 - 200 L - árokburkoló elem - keresztmetszet.pdf
2025-07-01 23:20:50,651 - INFO - HTTP Request: GET https://www.leier.hu/hu/dokumentumtar/3459 "HTTP/1.1 200 OK"
2025-07-01 23:20:50,685 - INFO - HTTP Request: GET https://www.leier.hu/hu/dokumentumtar/2561 "HTTP/1.1 200 OK"
2025-07-01 23:20:50,686 - INFO - HTTP Request: GET https://www.leier.hu/hu/dokumentumtar/2765 "HTTP/1.1 200 OK"
2025-07-01 23:20:50,695 - INFO - HTTP Request: GET https://www.leier.hu/hu/dokumentumtar/4147 "HTTP/1.1 200 OK"
2025-07-01 23:20:50,697 - INFO - ✅ Downloaded: hu/Részletrajzok/Elemrajzok (DWG, PDF)/Környezettechnika/Olajelválasztók PDF/LOL SUPER 150 300 P zapor tulfolyoval melleklet PDF/LOL SUPER 150 300 P zapor tulfolyoval melleklet PDF.pdf
2025-07-01 23:20:50,973 - INFO - HTTP Request: GET https://www.leier.hu/hu/dokumentumtar/2803 "HTTP/1.1 200 OK"
2025-07-01 23:20:50,978 - INFO - ✅ Downloaded: hu/Részletrajzok/Csomópontok/Kémény részletrajzok/dxf/leier-k01-kemeny-alapozas1/leier-k01-kemeny-alapozas1.pdf
2025-07-01 23:20:51,260 - INFO - ✅ Downloaded: hu/Részletrajzok/Csomópontok/Kéregelemes födém részletrajzok/asc/leier-p02a-kpanel-koszoru2/leier-p02a-kpanel-koszoru2.pdf
2025-07-01 23:20:51,634 - INFO - ✅ Downloaded: hu/LeierPress/Leier Újság 2000/Leier Újság 2000.pdf
2025-07-01 23:20:51,924 - INFO - HTTP Request: GET https://www.leier.hu/hu/dokumentumtar/3870 "HTTP/1.1 200 OK"
2025-07-01 23:20:51,931 - INFO - ✅ Downloaded: at/Preislisten/Preisliste Hochbau-Zustellgebiet Nord 2024/Preisliste Hochbau-Zustellgebiet Nord 2024.pdf
2025-07-01 23:20:52,343 - INFO - HTTP Request: GET https://www.leier.hu/hu/dokumentumtar/2961 "HTTP/1.1 200 OK"
2025-07-01 23:20:52,366 - INFO - ✅ Downloaded: hu/Részletrajzok/Elemrajzok (DWG, PDF)/Mélyépítés/Átemelőakna elemek/AGY_160_175 LG - Átemelő gyűrű gumigyűrűs/AGY_160_175 LG - Átemelő gyűrű gumigyűrűs.pdf
2025-07-01 23:20:52,723 - INFO - HTTP Request: GET https://www.leier.hu/hu/dokumentumtar/3581 "HTTP/1.1 200 OK"
2025-07-01 23:20:52,724 - INFO - HTTP Request: GET https://www.leier.hu/hu/dokumentumtar/2483 "HTTP/1.1 200 OK"
2025-07-01 23:20:52,730 - INFO - ✅ Downloaded: hu/Részletrajzok/Csomópontok/Tető részletrajzok/dwg/t01-eresz/t01-eresz.pdf
2025-07-01 23:20:52,996 - INFO - ✅ Downloaded: hu/Részletrajzok/Elemrajzok (DWG, PDF)/Durisol zajárnyékolás/Durisol panel 396 125 félkötés - Elölnézet/Durisol panel 396 125 félkötés - Elölnézet.pdf
2025-07-01 23:20:53,258 - INFO - HTTP Request: GET https://www.leier.hu/hu/dokumentumtar/3478 "HTTP/1.1 200 OK"
2025-07-01 23:20:53,270 - INFO - ✅ Downloaded: hu/Részletrajzok/Elemrajzok (DWG, PDF)/Környezettechnika/Olajelválasztók PDF/LOL SUPER 100 max KF melleklet PDF/LOL SUPER 100 max KF melleklet PDF.pdf
2025-07-01 23:20:53,532 - INFO - HTTP Request: GET https://www.leier.hu/hu/dokumentumtar/2001 "HTTP/1.1 200 OK"
2025-07-01 23:20:53,536 - ERROR - ❌ Failed to download https://www.leier.hu/hu/dokumentumtar/2001: [Errno 2] No such file or directory: 'C:\\Users\\Admin\\.cursor\\Lambda\\src\\backend\\src\\downloads\\leier_materials_api\\documents\\hu\\Teljesítménynyilatkozatok\\Magasépítési termékek\\Tégla termékek\\Devecser - Teljesítménynyilatkozatok\\Leiertherm\\Teljesítménynyilatkozat - Leiertherm 30 N_F LE DE771-1-03-04.pdf'
2025-07-01 23:20:53,802 - INFO - HTTP Request: GET https://www.leier.hu/hu/dokumentumtar/3113 "HTTP/1.1 200 OK"
2025-07-01 23:20:53,841 - INFO - ✅ Downloaded: hu/Részletrajzok/Elemrajzok (DWG, PDF)/Mélyépítés/Kábelcsatorna/KCS vályú teli osztott hosszmetszet/KCS vályú teli osztott hosszmetszet.pdf
2025-07-01 23:20:54,182 - INFO - HTTP Request: GET https://www.leier.hu/hu/dokumentumtar/3386 "HTTP/1.1 200 OK"
2025-07-01 23:20:54,184 - INFO - HTTP Request: GET https://www.leier.hu/hu/dokumentumtar/3991 "HTTP/1.1 200 OK"
2025-07-01 23:20:54,191 - INFO - ✅ Downloaded: hu/Részletrajzok/Elemrajzok (DWG, PDF)/Környezettechnika/Olajelválasztók DWG/LOL SUPER 60 max NF melléklet/LOL SUPER 60 max NF melle_klet.pdf
2025-07-01 23:20:54,471 - INFO - HTTP Request: GET https://www.leier.hu/hu/dokumentumtar/3428 "HTTP/1.1 200 OK"
2025-07-01 23:20:54,476 - INFO - ✅ Downloaded: hu/Teljesítménynyilatkozatok/Magasépítési termékek/Födémrendszerek/Födémbéléstest - Jánosháza - Teljesítménynyilatkozat LE JH15037-2-02/Födémbéléstest - Jánosháza - Teljesítménynyilatkozat LE JH15037-2-02.pdf
2025-07-01 23:20:54,754 - INFO - ✅ Downloaded: hu/Részletrajzok/Elemrajzok (DWG, PDF)/Környezettechnika/Olajelválasztók DWG/LOL SUPER 15 max KF melléklet/LOL SUPER 15 max KF melle_klet.pdf
2025-07-01 23:20:55,014 - INFO - HTTP Request: GET https://www.leier.hu/hu/dokumentumtar/3218 "HTTP/1.1 200 OK"
2025-07-01 23:20:55,039 - INFO - ✅ Downloaded: hu/Részletrajzok/Elemrajzok (DWG, PDF)/Mélyépítés/Tisztítóakna elemek/Aknagyűrűk/AGY 80 - 75 L - Aknagyűrű - függőleges metszet/AGY 80 - 75 L - Aknagyűrű - függőleges metszet.pdf
2025-07-01 23:20:55,358 - INFO - HTTP Request: GET https://www.leier.hu/hu/dokumentumtar/3238 "HTTP/1.1 200 OK"
2025-07-01 23:20:55,360 - INFO - HTTP Request: GET https://www.leier.hu/hu/dokumentumtar/3962 "HTTP/1.1 200 OK"
2025-07-01 23:20:55,388 - INFO - ✅ Downloaded: hu/Részletrajzok/Elemrajzok (DWG, PDF)/Mélyépítés/Tisztítóakna elemek/Aknagyűrűk/AGY 100 - 100 L - Aknagyűrű - függőleges metszet/AGY 100 - 100 L - Aknagyűrű - függőleges metszet.pdf
2025-07-01 23:20:55,669 - INFO - HTTP Request: GET https://www.leier.hu/hu/dokumentumtar/2548 "HTTP/1.1 200 OK"
2025-07-01 23:20:55,676 - INFO - ✅ Downloaded: hu/Részletrajzok/Csomópontok/Kémény részletrajzok/pln/k02a-kemeny-fodemattor1/k02a-kemeny-fodemattor1.pdf
2025-07-01 23:20:55,677 - INFO - ✅ Downloaded: at/Verarbeitungsinfos/VÖB-FQP/VOEB_Versetzen von Schachtelementen_01-2012.pdf/VOEB_Versetzen von Schachtelementen_01-2012.pdf
2025-07-01 23:20:56,218 - INFO - ✅ Downloaded: hu/Kereskedői kéménykonfigurátor/Kereskedői kéménykonfigurátor 2025.04.01-től/Kereskedői kéménykonfigurátor 2025.04.01-től
2025-07-01 23:20:56,611 - INFO - HTTP Request: GET https://www.leier.hu/hu/dokumentumtar/3542 "HTTP/1.1 200 OK"
2025-07-01 23:20:56,622 - INFO - HTTP Request: GET https://www.leier.hu/hu/dokumentumtar/1971 "HTTP/1.1 200 OK"
2025-07-01 23:20:56,636 - INFO - HTTP Request: GET https://www.leier.hu/hu/dokumentumtar/3600 "HTTP/1.1 200 OK"
2025-07-01 23:20:56,639 - INFO - ✅ Downloaded: hu/Részletrajzok/Elemrajzok (DWG, PDF)/Környezettechnika/Olajelválasztók PDF/LOL SUPER 10 max KF melleklet PDF/LOL SUPER 10 max KF melleklet PDF.pdf
2025-07-01 23:20:56,967 - INFO - HTTP Request: GET https://www.leier.hu/hu/dokumentumtar/2930 "HTTP/1.1 200 OK"
2025-07-01 23:20:56,969 - INFO - HTTP Request: GET https://www.leier.hu/hu/dokumentumtar/2109 "HTTP/1.1 404 Not Found"
2025-07-01 23:20:56,975 - INFO - ✅ Downloaded: hu/Teljesítménynyilatkozatok/Magasépítési termékek/Tégla termékek/Devecser - CE-tanúsítványok/Leiertherm/CE- Leiertherm 12 N+F - DE/CE- Leiertherm 12 N_F - DE.pdf
2025-07-01 23:20:57,237 - ERROR - ❌ Failed to download https://www.leier.hu/hu/dokumentumtar/2109: Client error '404 Not Found' for url 'https://www.leier.hu/hu/dokumentumtar/2109'
For more information check: https://developer.mozilla.org/en-US/docs/Web/HTTP/Status/404
2025-07-01 23:20:57,511 - INFO - ✅ Downloaded: hu/Részletrajzok/Elemrajzok (DWG, PDF)/Durisol zajárnyékolás/Durisol panel 296 100 DSI 30_13 N - Metszet/Durisol panel 296 100 DSI 30_13 N - Metszet.pdf
2025-07-01 23:20:57,873 - INFO - ✅ Downloaded: hu/Részletrajzok/Elemrajzok (DWG, PDF)/Mélyépítés/Árokburkoló- és árokelemek/ÁBE 20_30 - 200 L - árokburkoló elem - elölnézet/ÁBE 20_30 - 200 L - árokburkoló elem - elölnézet.pdf
2025-07-01 23:20:58,251 - INFO - HTTP Request: GET https://www.leier.hu/hu/dokumentumtar/3862 "HTTP/1.1 200 OK"
2025-07-01 23:20:58,273 - INFO - ✅ Downloaded: hu/Teljesítménynyilatkozatok/Kertépítés, díszburkolat/Leier térkövek Teljesítménynyilatkozat-NR LE HU1338 01/Leier térkövek Teljesítménynyilatkozat-NR LE HU1338 01.pdf
2025-07-01 23:20:58,548 - INFO - HTTP Request: GET https://www.leier.hu/hu/dokumentumtar/3893 "HTTP/1.1 200 OK"
2025-07-01 23:20:58,549 - INFO - HTTP Request: GET https://www.leier.hu/hu/dokumentumtar/3399 "HTTP/1.1 200 OK"
2025-07-01 23:20:58,550 - INFO - HTTP Request: GET https://www.leier.hu/hu/dokumentumtar/2616 "HTTP/1.1 200 OK"
2025-07-01 23:20:58,551 - INFO - HTTP Request: GET https://www.leier.hu/hu/dokumentumtar/3897 "HTTP/1.1 200 OK"
2025-07-01 23:20:58,559 - INFO - ✅ Downloaded: hu/Termékadatlapok/Kertépítés, díszburkolat/Szegélykövek/K szegélykő - Termékadatlap/K szegélykő - Termékadatlap.pdf
2025-07-01 23:20:58,559 - INFO - ✅ Downloaded: hu/Részletrajzok/Elemrajzok (DWG, PDF)/Környezettechnika/Olajelválasztók DWG/LOL SUPER 40 max P melléklet/LOL SUPER 40 max P melle_klet.pdf
2025-07-01 23:20:59,090 - INFO - ✅ Downloaded: hu/Részletrajzok/Csomópontok/Kéregfal részletrajzok/dwg/e07-kulso-fodemcsat/e07-kulso-fodemcsat.pdf
2025-07-01 23:20:59,442 - INFO - ✅ Downloaded: at/Aufbauanleitungen/Einbauanleitung Kaminsystem-Multikeram-LAS/Einbauanleitung Kaminsystem-Multikeram-LAS.pdf
2025-07-01 23:20:59,728 - INFO - HTTP Request: GET https://www.leier.hu/hu/dokumentumtar/2577 "HTTP/1.1 200 OK"
2025-07-01 23:20:59,736 - INFO - HTTP Request: GET https://www.leier.hu/hu/dokumentumtar/2417 "HTTP/1.1 200 OK"
2025-07-01 23:20:59,738 - INFO - HTTP Request: GET https://www.leier.hu/hu/dokumentumtar/2433 "HTTP/1.1 200 OK"
2025-07-01 23:20:59,738 - INFO - HTTP Request: GET https://www.leier.hu/hu/dokumentumtar/2116 "HTTP/1.1 404 Not Found"
2025-07-01 23:20:59,747 - ERROR - ❌ Failed to download https://www.leier.hu/hu/dokumentumtar/2116: Client error '404 Not Found' for url 'https://www.leier.hu/hu/dokumentumtar/2116'
For more information check: https://developer.mozilla.org/en-US/docs/Web/HTTP/Status/404
2025-07-01 23:21:00,029 - INFO - ✅ Downloaded: hu/Részletrajzok/Csomópontok/Födém részletrajzok/pdf/m05b-mesterf-terasz2/m05b-mesterf-terasz2.pdf
2025-07-01 23:21:00,318 - INFO - ✅ Downloaded: hu/Részletrajzok/Csomópontok/Fal részletrajzok/asc/leier-f06a-uni-labazat/leier-f06a-uni-labazat.pdf
2025-07-01 23:21:00,318 - INFO - ✅ Downloaded: hu/Részletrajzok/Csomópontok/Leier Durisol zajárnyékoló falak/DWG/HEA acélprofilok/HEA acélprofilok.pdf
2025-07-01 23:21:00,932 - INFO - HTTP Request: GET https://www.leier.hu/hu/dokumentumtar/3959 "HTTP/1.1 200 OK"
2025-07-01 23:21:00,957 - INFO - HTTP Request: GET https://www.leier.hu/hu/dokumentumtar/3139 "HTTP/1.1 200 OK"
2025-07-01 23:21:00,963 - INFO - HTTP Request: GET https://www.leier.hu/hu/dokumentumtar/3366 "HTTP/1.1 200 OK"
2025-07-01 23:21:00,967 - INFO - HTTP Request: GET https://www.leier.hu/hu/dokumentumtar/4053 "HTTP/1.1 200 OK"
2025-07-01 23:21:00,968 - INFO - HTTP Request: GET https://www.leier.hu/hu/dokumentumtar/2586 "HTTP/1.1 200 OK"
2025-07-01 23:21:00,999 - INFO - ✅ Downloaded: hu/Részletrajzok/Elemrajzok (DWG, PDF)/Környezettechnika/Olajelválasztók DWG/LOL SUPER 125 max KF melléklet/LOL SUPER 125 max KF melle_klet.pdf
2025-07-01 23:21:01,262 - INFO - ✅ Downloaded: hu/Részletrajzok/Csomópontok/Födém részletrajzok/pln/m05a-mesterf-terasz1/m05a-mesterf-terasz1.pdf
2025-07-01 23:21:01,529 - INFO - ✅ Downloaded: at/Verarbeitungsinfos/VÖB-FQP/VOEB_Recycling_Holzbetonwaende_12-2017.pdf/VOEB_Recycling_Holzbetonwaende_12-2017.pdf
2025-07-01 23:21:01,796 - INFO - ✅ Downloaded: hu/Részletrajzok/Elemrajzok (DWG, PDF)/Mélyépítés/Kábelcsatorna/KCS fedlap egyenes felül/KCS fedlap egyenes felül.pdf
2025-07-01 23:21:02,077 - INFO - ✅ Downloaded: hu/Alkalmazástechnikák, Beépítési útmutatók/Kéregfalelemek - beépítési útmutató/Kéregfalelemek - beépítési útmutató.pdf
2025-07-01 23:21:02,470 - INFO - HTTP Request: GET https://www.leier.hu/hu/dokumentumtar/1915 "HTTP/1.1 200 OK"
2025-07-01 23:21:02,474 - INFO - HTTP Request: GET https://www.leier.hu/hu/dokumentumtar/2012 "HTTP/1.1 200 OK"
2025-07-01 23:21:02,489 - INFO - HTTP Request: GET https://www.leier.hu/hu/dokumentumtar/3978 "HTTP/1.1 200 OK"
2025-07-01 23:21:02,492 - INFO - HTTP Request: GET https://www.leier.hu/hu/dokumentumtar/3453 "HTTP/1.1 200 OK"
2025-07-01 23:21:02,504 - ERROR - ❌ Failed to download https://www.leier.hu/hu/dokumentumtar/2012: [Errno 2] No such file or directory: 'C:\\Users\\Admin\\.cursor\\Lambda\\src\\backend\\src\\downloads\\leier_materials_api\\documents\\hu\\Teljesítménynyilatkozatok\\Magasépítési termékek\\Tégla termékek\\Devecser - Teljesítménynyilatkozatok\\Leiertherm\\Teljesítménynyilatkozat - Leiertherm 12\\Teljesítménynyilatkozat - Leiertherm 12_50 N_F - DE LE DE771-1-05-03.pdf'
2025-07-01 23:21:02,809 - INFO - HTTP Request: GET https://www.leier.hu/hu/dokumentumtar/2965 "HTTP/1.1 200 OK"
2025-07-01 23:21:02,812 - INFO - ✅ Downloaded: hu/Arculati elemek/Új Leier logó/Logo_Leier-white+blue-bg MAIN NEW 2024.png/Logo_Leier-white_blue-bg MAIN NEW 2024.png
2025-07-01 23:21:03,080 - INFO - ✅ Downloaded: hu/Részletrajzok/Elemrajzok (DWG, PDF)/Környezettechnika/Olajelválasztók DWG/LOL SUPER 1,5 max KF melléklet/LOL SUPER 1_5 max KF melle_klet.pdf
2025-07-01 23:21:03,348 - INFO - ✅ Downloaded: hu/Részletrajzok/Elemrajzok (DWG, PDF)/Mélyépítés/Átemelőakna elemek/AFE_240_250 LG - Átemelő fenékelem gumigyűrűs/AFE_240_250 LG - Átemelő fenékelem gumigyűrűs.pdf
2025-07-01 23:21:03,622 - INFO - ✅ Downloaded: hu/Alkalmazástechnikák, Beépítési útmutatók/LSK, SMART és LK kéményrendszerek - Beépítési útmutató/LSK_ SMART és LK kéményrendszerek - Beépítési útmutató.pdf
2025-07-01 23:21:03,887 - INFO - HTTP Request: GET https://www.leier.hu/hu/dokumentumtar/3245 "HTTP/1.1 200 OK"
2025-07-01 23:21:03,914 - INFO - ✅ Downloaded: hu/Részletrajzok/Elemrajzok (DWG, PDF)/Mélyépítés/Tisztítóakna elemek/Akna fenékelemek/AFE 80 - 75 L K - Akna fenékelem künettel - függőleges metszet/AFE 80 - 75 L K - Akna fenékelem künettel - függőleges metszet.pdf
2025-07-01 23:21:04,182 - INFO - HTTP Request: GET https://www.leier.hu/hu/dokumentumtar/2800 "HTTP/1.1 200 OK"
2025-07-01 23:21:04,183 - INFO - HTTP Request: GET https://www.leier.hu/hu/dokumentumtar/2674 "HTTP/1.1 200 OK"
2025-07-01 23:21:04,187 - INFO - ✅ Downloaded: hu/Részletrajzok/Csomópontok/Térburkolat részletrajzok/pln/b03-szegely3/b03-szegely3.pdf
2025-07-01 23:21:04,545 - INFO - HTTP Request: GET https://www.leier.hu/hu/dokumentumtar/3587 "HTTP/1.1 200 OK"
2025-07-01 23:21:04,557 - INFO - HTTP Request: GET https://www.leier.hu/hu/dokumentumtar/3367 "HTTP/1.1 200 OK"
2025-07-01 23:21:04,566 - INFO - HTTP Request: GET https://www.leier.hu/hu/dokumentumtar/4114 "HTTP/1.1 200 OK"
2025-07-01 23:21:04,590 - INFO - ✅ Downloaded: hu/Termékadatlapok/Magasépítési termékek/Tégla termékek/Leiertherm 38 NF adatlap.pdf/Leiertherm 38 NF adatlap.pdf
2025-07-01 23:21:04,862 - INFO - HTTP Request: GET https://www.leier.hu/hu/dokumentumtar/2791 "HTTP/1.1 200 OK"
2025-07-01 23:21:04,869 - INFO - ✅ Downloaded: hu/Részletrajzok/Elemrajzok (DWG, PDF)/Környezettechnika/Olajelválasztók DWG/LOL SUPER 125 KF melléklet/LOL SUPER 125 KF melle_klet.pdf
2025-07-01 23:21:04,870 - INFO - ✅ Downloaded: hu/Részletrajzok/Elemrajzok (DWG, PDF)/Durisol zajárnyékolás/Durisol panel 396 100 DSI 30 13 N - Metszet/Durisol panel 396 100 DSI 30 13 N - Metszet.pdf
2025-07-01 23:21:05,428 - INFO - ✅ Downloaded: hu/LeierPress/Leier Újság 2003/Leier Újság 2003.pdf
2025-07-01 23:21:05,792 - INFO - ✅ Downloaded: hu/LeierPress/LeierPress 2018/LeierPress 2018.pdf
2025-07-01 23:21:06,050 - INFO - HTTP Request: GET https://www.leier.hu/hu/dokumentumtar/2972 "HTTP/1.1 200 OK"
2025-07-01 23:21:06,051 - INFO - HTTP Request: GET https://www.leier.hu/hu/dokumentumtar/2121 "HTTP/1.1 404 Not Found"
2025-07-01 23:21:06,053 - INFO - HTTP Request: GET https://www.leier.hu/hu/dokumentumtar/3356 "HTTP/1.1 200 OK"
2025-07-01 23:21:06,054 - INFO - HTTP Request: GET https://www.leier.hu/hu/dokumentumtar/3010 "HTTP/1.1 200 OK"
2025-07-01 23:21:06,059 - ERROR - ❌ Failed to download https://www.leier.hu/hu/dokumentumtar/2121: Client error '404 Not Found' for url 'https://www.leier.hu/hu/dokumentumtar/2121'
For more information check: https://developer.mozilla.org/en-US/docs/Web/HTTP/Status/404
2025-07-01 23:21:06,322 - INFO - ✅ Downloaded: hu/Részletrajzok/Elemrajzok (DWG, PDF)/Mélyépítés/Átemelőakna elemek/AFE_240_175 L - Átemelő fenékelem/AFE_240_175 L - Átemelő fenékelem.pdf
2025-07-01 23:21:06,580 - INFO - ✅ Downloaded: hu/Részletrajzok/Elemrajzok (DWG, PDF)/Környezettechnika/Olajelválasztók DWG/LOL SUPER 150 P melléklet/LOL SUPER 150 P melle_klet.pdf
2025-07-01 23:21:06,846 - INFO - ✅ Downloaded: hu/Részletrajzok/Elemrajzok (DWG, PDF)/Mélyépítés/Betoncsövek/TA 60 100 - Talpas betoncső keresztmetszet/TA 60 100 - Talpas betoncső keresztmetszet.pdf
2025-07-01 23:21:07,210 - INFO - HTTP Request: GET https://www.leier.hu/hu/dokumentumtar/3903 "HTTP/1.1 200 OK"
2025-07-01 23:21:07,249 - INFO - HTTP Request: GET https://www.leier.hu/hu/dokumentumtar/2755 "HTTP/1.1 200 OK"
2025-07-01 23:21:07,262 - INFO - HTTP Request: GET https://www.leier.hu/hu/dokumentumtar/2474 "HTTP/1.1 200 OK"
2025-07-01 23:21:07,266 - INFO - ✅ Downloaded: hu/Részletrajzok/Csomópontok/Kéregelemes födém részletrajzok/pln/p02a-kpanel-koszoru2/p02a-kpanel-koszoru2.pdf
2025-07-01 23:21:07,528 - INFO - HTTP Request: GET https://www.leier.hu/hu/dokumentumtar/2250 "HTTP/1.1 200 OK"
2025-07-01 23:21:07,529 - INFO - HTTP Request: GET https://www.leier.hu/hu/dokumentumtar/4108 "HTTP/1.1 200 OK"
2025-07-01 23:21:07,535 - INFO - ✅ Downloaded: hu/Részletrajzok/Csomópontok/Tető részletrajzok/dwg/t08b-orom-fem/t08b-orom-fem.pdf
2025-07-01 23:21:07,882 - INFO - ✅ Downloaded: hu/Termékadatlapok/Magasépítési termékek/Tégla termékek/Leiertherm 25_30 AKU adatlap.pdf/Leiertherm 25_30 AKU adatlap.pdf
2025-07-01 23:21:08,225 - INFO - ✅ Downloaded: hu/Termékadatlapok/Kéményrendszerek/Multikeram LAS P1 kéményrendszer - Termékadatlap/Multikeram LAS P1 kéményrendszer - Termékadatlap.pdf
2025-07-01 23:21:08,489 - INFO - ✅ Downloaded: hu/Prospektusok/Leier Durisol falazóelem rendszer/Leier Durisol falazóelem rendszer.pdf
2025-07-01 23:21:08,756 - INFO - HTTP Request: GET https://www.leier.hu/hu/dokumentumtar/3105 "HTTP/1.1 200 OK"
2025-07-01 23:21:08,780 - INFO - ✅ Downloaded: hu/Részletrajzok/Elemrajzok (DWG, PDF)/Mélyépítés/Előfej támfalelemek/LEF 40 1 1 tömbelőfej/LEF 40 1 1 tömbelőfej.pdf
2025-07-01 23:21:09,050 - INFO - HTTP Request: GET https://www.leier.hu/hu/dokumentumtar/2625 "HTTP/1.1 200 OK"
2025-07-01 23:21:09,062 - INFO - HTTP Request: GET https://www.leier.hu/hu/dokumentumtar/3825 "HTTP/1.1 200 OK"
2025-07-01 23:21:09,064 - INFO - HTTP Request: GET https://www.leier.hu/hu/dokumentumtar/2552 "HTTP/1.1 200 OK"
2025-07-01 23:21:09,078 - INFO - ✅ Downloaded: hu/Részletrajzok/Csomópontok/Kéregfal részletrajzok/pdf/e08-belso-fodemcsat/e08-belso-fodemcsat.pdf
2025-07-01 23:21:09,384 - INFO - HTTP Request: GET https://www.leier.hu/hu/dokumentumtar/2254 "HTTP/1.1 200 OK"
2025-07-01 23:21:09,387 - INFO - ✅ Downloaded: hu/Részletrajzok/Csomópontok/Kémény részletrajzok/asc/leier-k03-kemeny-fodemattor3/leier-k03-kemeny-fodemattor3.pdf
2025-07-01 23:21:09,670 - INFO - ✅ Downloaded: hu/Termékadatlapok/Kéményrendszerek/SMART kéményrendszer - Termékadatlap/SMART kéményrendszer - Termékadatlap.pdf
2025-07-01 23:21:09,932 - INFO - HTTP Request: GET https://www.leier.hu/hu/dokumentumtar/2992 "HTTP/1.1 200 OK"
2025-07-01 23:21:09,958 - INFO - ✅ Downloaded: hu/Részletrajzok/Elemrajzok (DWG, PDF)/Mélyépítés/Betoncsövek/TOTA 40 200L - Tokos talpas betoncső keresztmetszet/TOTA 40 200L - Tokos talpas betoncső keresztmetszet.pdf
2025-07-01 23:21:10,221 - INFO - HTTP Request: GET https://www.leier.hu/hu/dokumentumtar/3332 "HTTP/1.1 200 OK"
2025-07-01 23:21:10,222 - INFO - HTTP Request: GET https://www.leier.hu/hu/dokumentumtar/1920 "HTTP/1.1 200 OK"
2025-07-01 23:21:10,244 - INFO - ✅ Downloaded: hu/Részletrajzok/Elemrajzok (DWG, PDF)/Környezettechnika/Zsírleválasztók DWG/LZS 10 Zsírleválasztó - függőleges metszet/LZS 10 Zsírleválasztó - függőleges metszet.pdf
2025-07-01 23:21:10,538 - INFO - ✅ Downloaded: hu/Alkalmazástechnikák, Beépítési útmutatók/Előfeszített üreges födémelemek - beépítési útmutató/Előfeszített üreges födémelemek - beépítési útmutató.pdf
2025-07-01 23:21:10,826 - INFO - HTTP Request: GET https://www.leier.hu/hu/dokumentumtar/2658 "HTTP/1.1 200 OK"
2025-07-01 23:21:10,827 - INFO - HTTP Request: GET https://www.leier.hu/hu/dokumentumtar/3301 "HTTP/1.1 200 OK"
2025-07-01 23:21:10,833 - INFO - ✅ Downloaded: hu/Részletrajzok/Csomópontok/Térburkolat részletrajzok/pdf/b08-tamfal/b08-tamfal.pdf
2025-07-01 23:21:10,833 - INFO - ✅ Downloaded: hu/Részletrajzok/Elemrajzok (DWG, PDF)/Mélyépítés/Vízelnyelőakna elemek/Víznyelő összeáll./Vi_znyelő összea_ll..pdf
2025-07-01 23:21:11,552 - INFO - HTTP Request: GET https://www.leier.hu/hu/dokumentumtar/2601 "HTTP/1.1 200 OK"
2025-07-01 23:21:11,577 - INFO - ✅ Downloaded: hu/Részletrajzok/Csomópontok/Födém részletrajzok/asc/leier-m02a-mesterf-koszoru2/leier-m02a-mesterf-koszoru2.pdf
2025-07-01 23:21:11,906 - INFO - HTTP Request: GET https://www.leier.hu/hu/dokumentumtar/2451 "HTTP/1.1 200 OK"
2025-07-01 23:21:11,910 - INFO - ✅ Downloaded: hu/Részletrajzok/Csomópontok/Leier Durisol zajárnyékoló falak/PDF/Földelés részletrajza/Földelés részletrajza.pdf
2025-07-01 23:21:12,347 - INFO - HTTP Request: GET https://www.leier.hu/hu/dokumentumtar/2929 "HTTP/1.1 200 OK"
2025-07-01 23:21:12,356 - INFO - HTTP Request: GET https://www.leier.hu/hu/dokumentumtar/3335 "HTTP/1.1 200 OK"
2025-07-01 23:21:12,364 - INFO - HTTP Request: GET https://www.leier.hu/hu/dokumentumtar/3002 "HTTP/1.1 200 OK"
2025-07-01 23:21:12,367 - INFO - ✅ Downloaded: hu/LeierPress/LeierPress 2023/LeierPress 2023.pdf
2025-07-01 23:21:12,721 - INFO - HTTP Request: GET https://www.leier.hu/hu/dokumentumtar/2663 "HTTP/1.1 200 OK"
2025-07-01 23:21:12,729 - INFO - ✅ Downloaded: hu/Részletrajzok/Csomópontok/Térburkolat részletrajzok/pdf/b04-szegely4/b04-szegely4.pdf
2025-07-01 23:21:12,730 - INFO - ✅ Downloaded: hu/Részletrajzok/Elemrajzok (DWG, PDF)/Környezettechnika/Zsírleválasztók DWG/LZS 4 melléklet rajz/LZS 4 melle_klet rajz.pdf
2025-07-01 23:21:13,391 - INFO - ✅ Downloaded: hu/Részletrajzok/Elemrajzok (DWG, PDF)/Mélyépítés/Árokburkoló- és árokelemek/ÁBE 20_30 - 200 L - árokburkoló elem - hosszmetszet/ÁBE 20_30 - 200 L - árokburkoló elem - hosszmetszet.pdf
2025-07-01 23:21:13,755 - INFO - ✅ Downloaded: hu/Részletrajzok/Elemrajzok (DWG, PDF)/Mélyépítés/Betoncsövek/to-60-200l-tokos-betoncso-hosszmetszet.dwg/to-60-200l-tokos-betoncso-hosszmetszet.dwg
2025-07-01 23:21:14,177 - INFO - HTTP Request: GET https://www.leier.hu/hu/dokumentumtar/3474 "HTTP/1.1 200 OK"
2025-07-01 23:21:14,186 - INFO - HTTP Request: GET https://www.leier.hu/hu/dokumentumtar/3895 "HTTP/1.1 200 OK"
2025-07-01 23:21:14,192 - INFO - HTTP Request: GET https://www.leier.hu/hu/dokumentumtar/2381 "HTTP/1.1 200 OK"
2025-07-01 23:21:14,193 - INFO - HTTP Request: GET https://www.leier.hu/hu/dokumentumtar/3603 "HTTP/1.1 200 OK"
2025-07-01 23:21:14,194 - INFO - HTTP Request: GET https://www.leier.hu/hu/dokumentumtar/3465 "HTTP/1.1 200 OK"
2025-07-01 23:21:14,224 - INFO - ✅ Downloaded: hu/Részletrajzok/Csomópontok/Fal részletrajzok/pdf/f04b-kulso-nyilaszaro2/f04b-kulso-nyilaszaro2.pdf
2025-07-01 23:21:14,540 - INFO - ✅ Downloaded: hu/Részletrajzok/Elemrajzok (DWG, PDF)/Környezettechnika/Olajelválasztók PDF/LOL SUPER 100 P melleklet PDF/LOL SUPER 100 P melleklet PDF.pdf
2025-07-01 23:21:14,808 - INFO - ✅ Downloaded: hu/Termékadatlapok/Kertépítés, díszburkolat/Szegélykövek/Lunetta szegélykő - Termékadatlap/Lunetta szegélykő - Termékadatlap.pdf
2025-07-01 23:21:15,117 - INFO - ✅ Downloaded: hu/Részletrajzok/Elemrajzok (DWG, PDF)/Durisol zajárnyékolás/Durisol blokkelemek - Elölnézet/Durisol blokkelemek - Elölnézet.pdf
2025-07-01 23:21:15,420 - INFO - ✅ Downloaded: hu/Részletrajzok/Elemrajzok (DWG, PDF)/Környezettechnika/Olajelválasztók PDF/LOL SUPER 150 max KF melleklet PDF/LOL SUPER 150 max KF melleklet PDF.pdf
2025-07-01 23:21:15,816 - INFO - HTTP Request: GET https://www.leier.hu/hu/dokumentumtar/2603 "HTTP/1.1 200 OK"
2025-07-01 23:21:15,822 - INFO - ✅ Downloaded: hu/Részletrajzok/Csomópontok/Födém részletrajzok/dxf/leier-m06-mesterf-lepcso/leier-m06-mesterf-lepcso.pdf
2025-07-01 23:21:16,144 - INFO - HTTP Request: GET https://www.leier.hu/hu/dokumentumtar/2660 "HTTP/1.1 200 OK"
2025-07-01 23:21:16,145 - INFO - HTTP Request: GET https://www.leier.hu/hu/dokumentumtar/2946 "HTTP/1.1 200 OK"
2025-07-01 23:21:16,153 - INFO - HTTP Request: GET https://www.leier.hu/hu/dokumentumtar/2809 "HTTP/1.1 200 OK"
2025-07-01 23:21:16,154 - INFO - HTTP Request: GET https://www.leier.hu/hu/dokumentumtar/3981 "HTTP/1.1 200 OK"
2025-07-01 23:21:16,158 - INFO - ✅ Downloaded: hu/Részletrajzok/Csomópontok/Térburkolat részletrajzok/pdf/b06b-folyoka2/b06b-folyoka2.pdf
2025-07-01 23:21:16,437 - INFO - ✅ Downloaded: at/Aufbauanleitungen/Aufbauanleitung Architektur Kräuterschnecke Set/Aufbauanleitung Architektur Kräuterschnecke Set.pdf
2025-07-01 23:21:16,741 - INFO - ✅ Downloaded: hu/Előregyártott elemek tervezési segédlet/Leier panelkiosztási terv minta/Leier panelkiosztási terv minta.pdf
2025-07-01 23:21:16,742 - INFO - ✅ Downloaded: hu/Részletrajzok/Elemrajzok (DWG, PDF)/Mélyépítés/Átemelőakna elemek/AGY_200_215 LG - Átemelő gyűrű gumigyűrűs/AGY_200_215 LG - Átemelő gyűrű gumigyűrűs.pdf
2025-07-01 23:21:17,444 - INFO - HTTP Request: GET https://www.leier.hu/hu/dokumentumtar/3234 "HTTP/1.1 200 OK"
2025-07-01 23:21:17,460 - INFO - HTTP Request: GET https://www.leier.hu/hu/dokumentumtar/2359 "HTTP/1.1 200 OK"
2025-07-01 23:21:17,467 - INFO - HTTP Request: GET https://www.leier.hu/hu/dokumentumtar/2498 "HTTP/1.1 200 OK"
2025-07-01 23:21:17,473 - INFO - HTTP Request: GET https://www.leier.hu/hu/dokumentumtar/2661 "HTTP/1.1 200 OK"
2025-07-01 23:21:17,492 - INFO - ✅ Downloaded: hu/Részletrajzok/Csomópontok/Fal részletrajzok/dwg/f09b-zsaluko-alap-tn/f09b-zsaluko-alap-tn.pdf
2025-07-01 23:21:17,780 - INFO - HTTP Request: GET https://www.leier.hu/hu/dokumentumtar/3609 "HTTP/1.1 200 OK"
2025-07-01 23:21:17,782 - INFO - ✅ Downloaded: hu/Részletrajzok/Elemrajzok (DWG, PDF)/Mélyépítés/Tisztítóakna elemek/Aknagyűrűk/AGY 100 - 25 L - Aknagyűrű - függőleges metszet/AGY 100 - 25 L - Aknagyűrű - függőleges metszet.pdf
2025-07-01 23:21:18,164 - INFO - ✅ Downloaded: hu/Részletrajzok/Csomópontok/Térburkolat részletrajzok/pdf/b06a-folyoka1/b06a-folyoka1.pdf
2025-07-01 23:21:18,427 - INFO - ✅ Downloaded: hu/Részletrajzok/Csomópontok/Tető részletrajzok/asc/leier-t09a-falcsat-szegely/leier-t09a-falcsat-szegely.pdf
2025-07-01 23:21:18,832 - INFO - HTTP Request: GET https://www.leier.hu/hu/dokumentumtar/3502 "HTTP/1.1 200 OK"
2025-07-01 23:21:18,846 - INFO - HTTP Request: GET https://www.leier.hu/hu/dokumentumtar/3361 "HTTP/1.1 200 OK"
2025-07-01 23:21:18,862 - INFO - HTTP Request: GET https://www.leier.hu/hu/dokumentumtar/2741 "HTTP/1.1 200 OK"
2025-07-01 23:21:18,873 - INFO - HTTP Request: GET https://www.leier.hu/hu/dokumentumtar/3223 "HTTP/1.1 200 OK"
2025-07-01 23:21:18,902 - INFO - ✅ Downloaded: hu/Részletrajzok/Csomópontok/Kéregelemes födém részletrajzok/pdf/p02c-kpanel-koszoru4/p02c-kpanel-koszoru4.pdf
2025-07-01 23:21:19,192 - INFO - ✅ Downloaded: hu/Részletrajzok/Elemrajzok (DWG, PDF)/Környezettechnika/Olajelválasztók DWG/LOL SUPER 150 KF melléklet/LOL SUPER 150 KF melle_klet.pdf
2025-07-01 23:21:19,461 - INFO - ✅ Downloaded: hu/Részletrajzok/Elemrajzok (DWG, PDF)/Környezettechnika/Olajelválasztók PDF/LOL SUPER 40 200 KF zapor tulfolyoval melleklet PDF/LOL SUPER 40 200 KF zapor tulfolyoval melleklet PDF.pdf
2025-07-01 23:21:19,740 - INFO - ✅ Downloaded: hu/Részletrajzok/Elemrajzok (DWG, PDF)/Mélyépítés/Tisztítóakna elemek/Aknagyűrűk/AGY 100 - 75 LG+H - Aknagyűrű gumigyűrűs hágcsóval - függőleges metszet/AGY 100 - 75 LG_H - Aknagyűrű gumigyűrűs hágcsóval - függőleges metszet.pdf
2025-07-01 23:21:20,057 - INFO - ✅ Downloaded: hu/Akna konszignációs program/aknasz_232b86.zip/aknasz_232b86.zip
2025-07-01 23:21:20,339 - INFO - HTTP Request: GET https://www.leier.hu/hu/dokumentumtar/4143 "HTTP/1.1 200 OK"
2025-07-01 23:21:20,456 - INFO - HTTP Request: GET https://www.leier.hu/hu/dokumentumtar/3187 "HTTP/1.1 200 OK"
2025-07-01 23:21:20,501 - INFO - HTTP Request: GET https://www.leier.hu/hu/dokumentumtar/3821 "HTTP/1.1 404 Not Found"
2025-07-01 23:21:20,503 - INFO - ✅ Downloaded: hu/Prospektusok/Leier betoncserép prospektus/Leier betoncserép prospektus.pdf
2025-07-01 23:21:20,836 - INFO - HTTP Request: GET https://www.leier.hu/hu/dokumentumtar/2940 "HTTP/1.1 200 OK"
2025-07-01 23:21:20,837 - INFO - HTTP Request: GET https://www.leier.hu/hu/dokumentumtar/1882 "HTTP/1.1 200 OK"
2025-07-01 23:21:20,843 - ERROR - ❌ Failed to download https://www.leier.hu/hu/dokumentumtar/3821: Client error '404 Not Found' for url 'https://www.leier.hu/hu/dokumentumtar/3821'
For more information check: https://developer.mozilla.org/en-US/docs/Web/HTTP/Status/404
2025-07-01 23:21:21,116 - INFO - ✅ Downloaded: hu/Részletrajzok/Elemrajzok (DWG, PDF)/Mélyépítés/Keretelemek/LKE 100 - 100 - 190 - Keret előfej - felülnézet/LKE 100 - 100 - 190 - Keret előfej - felülnézet.pdf
2025-07-01 23:21:21,379 - INFO - ✅ Downloaded: hu/Részletrajzok/Elemrajzok (DWG, PDF)/Mélyépítés/Átemelőakna elemek/AGY_240_150 LG - Átemelő gyűrű gumigyűrűs/AGY_240_150 LG - Átemelő gyűrű gumigyűrűs.pdf
2025-07-01 23:21:21,663 - INFO - HTTP Request: GET https://www.leier.hu/hu/dokumentumtar/3798 "HTTP/1.1 200 OK"
2025-07-01 23:21:21,667 - INFO - ✅ Downloaded: at/Verlegemuster/Verlegemuster Kaiserstein Mauerstein als Mauer/Verlegemuster Kaiserstein Mauerstein als Mauer.pdf
2025-07-01 23:21:22,043 - INFO - ✅ Downloaded: hu/Prospektusok/Liftakna elem - Tájékoztató/Liftakna elem - Tájékoztató.pdf
2025-07-01 23:21:22,446 - INFO - HTTP Request: GET https://www.leier.hu/hu/dokumentumtar/2810 "HTTP/1.1 200 OK"
2025-07-01 23:21:22,483 - INFO - HTTP Request: GET https://www.leier.hu/hu/dokumentumtar/3537 "HTTP/1.1 200 OK"
2025-07-01 23:21:22,493 - INFO - HTTP Request: GET https://www.leier.hu/hu/dokumentumtar/3066 "HTTP/1.1 200 OK"
2025-07-01 23:21:22,494 - INFO - HTTP Request: GET https://www.leier.hu/hu/dokumentumtar/2567 "HTTP/1.1 200 OK"
2025-07-01 23:21:22,496 - INFO - HTTP Request: GET https://www.leier.hu/hu/dokumentumtar/3358 "HTTP/1.1 200 OK"
2025-07-01 23:21:22,511 - INFO - ✅ Downloaded: hu/Előregyártott elemek tervezési segédlet/Tűzvédelmi segédlet/Tűzvédelmi segédlet.pdf
2025-07-01 23:21:22,814 - INFO - ✅ Downloaded: hu/Részletrajzok/Csomópontok/Födém részletrajzok/dwg/m06-mesterf-lepcso/m06-mesterf-lepcso.pdf
2025-07-01 23:21:23,132 - INFO - ✅ Downloaded: hu/Részletrajzok/Elemrajzok (DWG, PDF)/Környezettechnika/Olajelválasztók PDF/LOL SUPER 10 P melleklet PDF/LOL SUPER 10 P melleklet PDF.pdf
2025-07-01 23:21:23,493 - INFO - ✅ Downloaded: hu/Részletrajzok/Elemrajzok (DWG, PDF)/Környezettechnika/Olajelválasztók DWG/LOL SUPER 150 max P melléklet/LOL SUPER 150 max P melle_klet.pdf
2025-07-01 23:21:23,761 - INFO - ✅ Downloaded: hu/Részletrajzok/Elemrajzok (DWG, PDF)/Mélyépítés/Előfej támfalelemek/TFE 30 - Támfalelem elölnézet/TFE 30 - Támfalelem elölnézet.pdf
2025-07-01 23:21:24,186 - INFO - HTTP Request: GET https://www.leier.hu/hu/dokumentumtar/2311 "HTTP/1.1 200 OK"
2025-07-01 23:21:24,199 - INFO - ✅ Downloaded: hu/Termékadatlapok/Kertépítés, díszburkolat/Falazóelemek, kerítéskövek, fedlapok/BLOCK kerti elem termékadatlap/BLOCK kerti elem termékadatlap.pdf
2025-07-01 23:21:24,591 - INFO - HTTP Request: GET https://www.leier.hu/hu/dokumentumtar/4098 "HTTP/1.1 200 OK"
2025-07-01 23:21:24,592 - INFO - HTTP Request: GET https://www.leier.hu/hu/dokumentumtar/2726 "HTTP/1.1 200 OK"
2025-07-01 23:21:24,593 - INFO - HTTP Request: GET https://www.leier.hu/hu/dokumentumtar/2397 "HTTP/1.1 200 OK"
2025-07-01 23:21:24,594 - INFO - HTTP Request: GET https://www.leier.hu/hu/dokumentumtar/3954 "HTTP/1.1 200 OK"
2025-07-01 23:21:24,599 - INFO - ✅ Downloaded: hu/Részletrajzok/Csomópontok/Fal részletrajzok/pln/f04a-kulso-nyilaszaro1/f04a-kulso-nyilaszaro1.pdf
2025-07-01 23:21:24,899 - INFO - ✅ Downloaded: hu/Részletrajzok/Csomópontok/Kéregelemes födém részletrajzok/dwg/p04-kpanel-valaszfal/p04-kpanel-valaszfal.pdf
2025-07-01 23:21:24,899 - INFO - ✅ Downloaded: hu/Termékadatlapok/Magasépítési termékek/Tégla termékek/LeierPlan 38 NF adatlap.pdf/LeierPlan 38 NF adatlap.pdf
2025-07-01 23:21:25,426 - INFO - ✅ Downloaded: at/Allgemeine Hinweise/Sicherheitsdatenblatt Karo Totalreiniger bei Verfärbungen/Sicherheitsdatenblatt Karo Totalreiniger bei Verfärbungen.pdf
2025-07-01 23:21:25,788 - INFO - HTTP Request: GET https://www.leier.hu/hu/dokumentumtar/2657 "HTTP/1.1 200 OK"
2025-07-01 23:21:25,800 - INFO - HTTP Request: GET https://www.leier.hu/hu/dokumentumtar/2415 "HTTP/1.1 200 OK"
2025-07-01 23:21:25,811 - INFO - ✅ Downloaded: hu/Részletrajzok/Csomópontok/Térburkolat részletrajzok/pdf/b07b-tereplepcso2/b07b-tereplepcso2.pdf
2025-07-01 23:21:26,096 - INFO - HTTP Request: GET https://www.leier.hu/hu/dokumentumtar/2098 "HTTP/1.1 200 OK"
2025-07-01 23:21:26,104 - INFO - HTTP Request: GET https://www.leier.hu/hu/dokumentumtar/2442 "HTTP/1.1 200 OK"
2025-07-01 23:21:26,106 - INFO - HTTP Request: GET https://www.leier.hu/hu/dokumentumtar/3331 "HTTP/1.1 200 OK"
2025-07-01 23:21:26,110 - INFO - ✅ Downloaded: hu/Teljesítménynyilatkozatok/Kéményrendszerek/Teljesítménynyilatkozat LSK kéményrendszer LE KL13063-LSK-02/Teljesítménynyilatkozat LSK kéményrendszer LE KL13063-LSK-02.pdf
2025-07-01 23:21:26,403 - INFO - ✅ Downloaded: hu/Részletrajzok/Csomópontok/Fal részletrajzok/asc/leier-f08-vfal-alapozas/leier-f08-vfal-alapozas.pdf
2025-07-01 23:21:26,810 - INFO - ✅ Downloaded: hu/Részletrajzok/Elemrajzok (DWG, PDF)/Környezettechnika/Zsírleválasztók DWG/LZS 10 Zsírleválasztó - vízszintes metszet/LZS 10 Zsírleválasztó - vízszintes metszet.pdf
2025-07-01 23:21:27,127 - INFO - ✅ Downloaded: hu/Részletrajzok/Csomópontok/Leier Durisol zajárnyékoló falak/DWG/Leier Durisol fal hosszszelvény_metszettel/Leier Durisol fal hosszszelvény_metszettel.pdf
2025-07-01 23:21:27,576 - INFO - HTTP Request: GET https://www.leier.hu/hu/dokumentumtar/3441 "HTTP/1.1 200 OK"
2025-07-01 23:21:27,592 - INFO - HTTP Request: GET https://www.leier.hu/hu/dokumentumtar/3044 "HTTP/1.1 200 OK"
2025-07-01 23:21:27,594 - INFO - HTTP Request: GET https://www.leier.hu/hu/dokumentumtar/2769 "HTTP/1.1 200 OK"
2025-07-01 23:21:27,599 - INFO - ✅ Downloaded: hu/Részletrajzok/Csomópontok/Kéregelemes födém részletrajzok/dxf/leier-p05a-kpanel-terasz1/leier-p05a-kpanel-terasz1.pdf
2025-07-01 23:21:27,997 - INFO - HTTP Request: GET https://www.leier.hu/hu/dokumentumtar/3028 "HTTP/1.1 200 OK"
2025-07-01 23:21:28,000 - INFO - HTTP Request: GET https://www.leier.hu/hu/dokumentumtar/2638 "HTTP/1.1 200 OK"
2025-07-01 23:21:28,013 - INFO - ✅ Downloaded: hu/Részletrajzok/Elemrajzok (DWG, PDF)/Környezettechnika/Olajelválasztók DWG/LOL SUPER 6 60 P zápor túlfolyóval melléklet/LOL SUPER 6 60 P zápor túlfolyóval melléklet.pdf
2025-07-01 23:21:28,559 - INFO - ✅ Downloaded: hu/Részletrajzok/Csomópontok/Kéregfal részletrajzok/asc/leier-e07-kulso-fodemcsat/leier-e07-kulso-fodemcsat.pdf
2025-07-01 23:21:28,899 - INFO - ✅ Downloaded: hu/Részletrajzok/Elemrajzok (DWG, PDF)/Mélyépítés/Előfej támfalelemek/TFE 80 - Támfalelem hátulnézet/TFE 80 - Támfalelem hátulnézet.pdf
2025-07-01 23:21:29,190 - INFO - ✅ Downloaded: hu/Részletrajzok/Elemrajzok (DWG, PDF)/Mélyépítés/Betontartályok/LBT 3 - Betontartály vízszintes metszet/LBT 3 - Betontartály vízszintes metszet.pdf
2025-07-01 23:21:29,564 - INFO - HTTP Request: GET https://www.leier.hu/hu/dokumentumtar/1968 "HTTP/1.1 200 OK"
2025-07-01 23:21:29,597 - INFO - HTTP Request: GET https://www.leier.hu/hu/dokumentumtar/3575 "HTTP/1.1 200 OK"
2025-07-01 23:21:29,612 - INFO - HTTP Request: GET https://www.leier.hu/hu/dokumentumtar/3413 "HTTP/1.1 200 OK"
2025-07-01 23:21:29,616 - INFO - ✅ Downloaded: hu/Teljesítménynyilatkozatok/Magasépítési termékek/Tégla termékek/Devecser - CE-tanúsítványok/Leiertherm/CE - Leiertherm 44 Pro - DE/CE - Leiertherm 44 Pro - DE.pdf
2025-07-01 23:21:29,971 - INFO - HTTP Request: GET https://www.leier.hu/hu/dokumentumtar/3073 "HTTP/1.1 200 OK"
2025-07-01 23:21:29,973 - INFO - HTTP Request: GET https://www.leier.hu/hu/dokumentumtar/2297 "HTTP/1.1 200 OK"
2025-07-01 23:21:30,021 - INFO - ✅ Downloaded: hu/Részletrajzok/Elemrajzok (DWG, PDF)/Környezettechnika/Olajelválasztók DWG/LOL SUPER 25 max NF melléklet/LOL SUPER 25 max NF melle_klet.pdf
2025-07-01 23:21:30,329 - INFO - ✅ Downloaded: hu/Részletrajzok/Elemrajzok (DWG, PDF)/Durisol zajárnyékolás/Durisol panel 496 100 DSI 25 13 W - Metszet/Durisol panel 496 100 DSI 25 13 W - Metszet.pdf
2025-07-01 23:21:30,591 - INFO - ✅ Downloaded: hu/Részletrajzok/Elemrajzok (DWG, PDF)/Mélyépítés/Előfej támfalelemek/LEF 80 - Előfej betoncsőhöz - felülnézet/LEF 80 - Előfej betoncsőhöz - felülnézet.pdf
2025-07-01 23:21:30,899 - INFO - ✅ Downloaded: hu/Termékadatlapok/Kertépítés, díszburkolat/Kerti lapok/Beton járdalap 40x40 - Termékadatlap/Beton járdalap 40x40 - Termékadatlap.pdf
2025-07-01 23:21:31,336 - INFO - HTTP Request: GET https://www.leier.hu/hu/dokumentumtar/3023 "HTTP/1.1 200 OK"
2025-07-01 23:21:31,347 - INFO - HTTP Request: GET https://www.leier.hu/hu/dokumentumtar/2587 "HTTP/1.1 200 OK"
2025-07-01 23:21:31,352 - INFO - HTTP Request: GET https://www.leier.hu/hu/dokumentumtar/4117 "HTTP/1.1 200 OK"
2025-07-01 23:21:31,375 - INFO - HTTP Request: GET https://www.leier.hu/hu/dokumentumtar/3018 "HTTP/1.1 200 OK"
2025-07-01 23:21:31,377 - INFO - ✅ Downloaded: hu/Részletrajzok/Csomópontok/Födém részletrajzok/pln/m05b-mesterf-terasz2/m05b-mesterf-terasz2.pdf
2025-07-01 23:21:31,706 - INFO - HTTP Request: GET https://www.leier.hu/hu/dokumentumtar/2854 "HTTP/1.1 200 OK"
2025-07-01 23:21:31,709 - INFO - ✅ Downloaded: hu/Termékadatlapok/Magasépítési termékek/Tégla termékek/Leiertherm 50 Pro adatlap.pdf/Leiertherm 50 Pro adatlap.pdf
2025-07-01 23:21:31,971 - INFO - ✅ Downloaded: hu/Részletrajzok/Elemrajzok (DWG, PDF)/Mélyépítés/Betontartályok/LBT 6 - Betontartály függőleges metszet/LBT 6 - Betontartály függőleges metszet.pdf
2025-07-01 23:21:32,235 - INFO - ✅ Downloaded: hu/Részletrajzok/Elemrajzok (DWG, PDF)/Mélyépítés/Betoncsövek/TA 100 100 - Talpas betoncső keresztmetszet/TA 100 100 - Talpas betoncső keresztmetszet.pdf
2025-07-01 23:21:32,509 - INFO - ✅ Downloaded: hu/Szerelési útmutatók/Üreges Födémpalló | Hohldiele/Szerelési útmutató | Montageanleitung/DE/Vorgespannte Hohldielendecke Montageanleitung/Vorgespannte Hohldielendecke Montageanleitung.pdf
2025-07-01 23:21:32,792 - INFO - HTTP Request: GET https://www.leier.hu/hu/dokumentumtar/2691 "HTTP/1.1 200 OK"
2025-07-01 23:21:32,805 - INFO - ✅ Downloaded: hu/Részletrajzok/Csomópontok/Mélyépítési részletrajzok/dwg/c06-nagyatmero-gumigy/c06-nagyatmero-gumigy.pdf
2025-07-01 23:21:33,132 - INFO - HTTP Request: GET https://www.leier.hu/hu/dokumentumtar/2036 "HTTP/1.1 200 OK"
2025-07-01 23:21:33,133 - INFO - HTTP Request: GET https://www.leier.hu/hu/dokumentumtar/3847 "HTTP/1.1 404 Not Found"
2025-07-01 23:21:33,139 - ERROR - ❌ Failed to download https://www.leier.hu/hu/dokumentumtar/3847: Client error '404 Not Found' for url 'https://www.leier.hu/hu/dokumentumtar/3847'
For more information check: https://developer.mozilla.org/en-US/docs/Web/HTTP/Status/404
2025-07-01 23:21:33,139 - ERROR - ❌ Failed to download https://www.leier.hu/hu/dokumentumtar/2036: [Errno 2] No such file or directory: 'C:\\Users\\Admin\\.cursor\\Lambda\\src\\backend\\src\\downloads\\leier_materials_api\\documents\\hu\\Teljesítménynyilatkozatok\\Magasépítési termékek\\Tégla termékek\\Mátraderecske - Teljesítménynyilatkozatok\\Teljesítménynyilatkozat - Leiertherm 250\\120\\Teljesítménynyilatkozat - Leiertherm 250_120_65 kisméretű LE MD771-1-08-03.pdf'
2025-07-01 23:21:33,715 - INFO - HTTP Request: GET https://www.leier.hu/hu/dokumentumtar/3505 "HTTP/1.1 200 OK"
2025-07-01 23:21:33,720 - INFO - ✅ Downloaded: hu/Részletrajzok/Elemrajzok (DWG, PDF)/Környezettechnika/Olajelválasztók PDF/LOL SUPER 40 max P melleklet PDF/LOL SUPER 40 max P melleklet PDF.pdf
2025-07-01 23:21:34,008 - INFO - HTTP Request: GET https://www.leier.hu/hu/dokumentumtar/3255 "HTTP/1.1 200 OK"
2025-07-01 23:21:34,041 - INFO - ✅ Downloaded: hu/Részletrajzok/Elemrajzok (DWG, PDF)/Mélyépítés/Tisztítóakna elemek/Akna fenékelemek/afe-100-75-lg-k-akna-fenekelem-gumigyurus-kunettel-fuggoleges-metszet.dwg/afe-100-75-lg-k-akna-fenekelem-gumigyurus-kunettel-fuggoleges-metszet.dwg
2025-07-01 23:21:34,312 - INFO - HTTP Request: GET https://www.leier.hu/hu/dokumentumtar/2037 "HTTP/1.1 200 OK"
2025-07-01 23:21:34,313 - INFO - HTTP Request: GET https://www.leier.hu/hu/dokumentumtar/2052 "HTTP/1.1 200 OK"
2025-07-01 23:21:34,313 - INFO - HTTP Request: GET https://www.leier.hu/hu/dokumentumtar/3114 "HTTP/1.1 200 OK"
2025-07-01 23:21:34,316 - ERROR - ❌ Failed to download https://www.leier.hu/hu/dokumentumtar/2037: [Errno 2] No such file or directory: 'C:\\Users\\Admin\\.cursor\\Lambda\\src\\backend\\src\\downloads\\leier_materials_api\\documents\\hu\\Teljesítménynyilatkozatok\\Magasépítési termékek\\Tégla termékek\\Mátraderecske - Teljesítménynyilatkozatok\\Teljesítménynyilatkozat - Leiertherm 25\\Teljesítménynyilatkozat - Leiertherm 25_30 AKU - MD LE MD771-1-11-03.pdf'
2025-07-01 23:21:34,579 - INFO - HTTP Request: GET https://www.leier.hu/hu/dokumentumtar/3336 "HTTP/1.1 200 OK"
2025-07-01 23:21:34,581 - INFO - ✅ Downloaded: hu/Teljesítménynyilatkozatok/Magasépítési termékek/Előregyártott falak/LTE támfalelemek - Győr - Teljesítménynyilatkozat LE GY15258-02/LTE támfalelemek - Győr - Teljesítménynyilatkozat LE GY15258-02.pdf
2025-07-01 23:21:34,877 - INFO - ✅ Downloaded: hu/Részletrajzok/Elemrajzok (DWG, PDF)/Környezettechnika/Zsírleválasztók DWG/LZS 2 melléklet rajz/LZS 2 melle_klet rajz.pdf
2025-07-01 23:21:34,877 - INFO - ✅ Downloaded: hu/Részletrajzok/Elemrajzok (DWG, PDF)/Mélyépítés/Kábelcsatorna/KCS vályú teli osztott felül/KCS vályú teli osztott felül.pdf
2025-07-01 23:21:35,503 - INFO - HTTP Request: GET https://www.leier.hu/hu/dokumentumtar/3823 "HTTP/1.1 200 OK"
2025-07-01 23:21:35,507 - INFO - ✅ Downloaded: hu/Teljesítménynyilatkozatok/Mély- és vasútépítés, környezettechnika/Mélyépítés/Betoncső - Pécs - Teljesítménynyilatkozat LE PE1916-01/Betoncső - Pécs - Teljesítménynyilatkozat LE PE1916-01.pdf
2025-07-01 23:21:35,920 - INFO - HTTP Request: GET https://www.leier.hu/hu/dokumentumtar/2307 "HTTP/1.1 200 OK"
2025-07-01 23:21:35,924 - INFO - HTTP Request: GET https://www.leier.hu/hu/dokumentumtar/3155 "HTTP/1.1 200 OK"
2025-07-01 23:21:35,932 - INFO - ✅ Downloaded: hu/Termékadatlapok/Kertépítés, díszburkolat/Falazóelemek, kerítéskövek, fedlapok/FEDLAPOK termékadatlap/FEDLAPOK termékadatlap.pdf
2025-07-01 23:21:36,237 - INFO - HTTP Request: GET https://www.leier.hu/hu/dokumentumtar/2387 "HTTP/1.1 200 OK"
2025-07-01 23:21:36,238 - INFO - HTTP Request: GET https://www.leier.hu/hu/dokumentumtar/3016 "HTTP/1.1 200 OK"
2025-07-01 23:21:36,239 - INFO - HTTP Request: GET https://www.leier.hu/hu/dokumentumtar/4050 "HTTP/1.1 200 OK"
2025-07-01 23:21:36,242 - INFO - ✅ Downloaded: hu/Részletrajzok/Csomópontok/Fal részletrajzok/pln/f10a-belso-uni-alapozas/f10a-belso-uni-alapozas.pdf
2025-07-01 23:21:36,243 - INFO - ✅ Downloaded: hu/Részletrajzok/Elemrajzok (DWG, PDF)/Mélyépítés/Kábelcsatorna/KCS vályú irt. bal/KCS va_lyu_ irt. bal
2025-07-01 23:21:36,813 - INFO - ✅ Downloaded: hu/Részletrajzok/Elemrajzok (DWG, PDF)/Mélyépítés/Betoncsövek/TA 30 100 - Talpas betoncső keresztmetszet/TA 30 100 - Talpas betoncső keresztmetszet.pdf
2025-07-01 23:21:37,216 - INFO - HTTP Request: GET https://www.leier.hu/hu/dokumentumtar/3289 "HTTP/1.1 200 OK"
2025-07-01 23:21:37,230 - INFO - HTTP Request: GET https://www.leier.hu/hu/dokumentumtar/2738 "HTTP/1.1 200 OK"
2025-07-01 23:21:37,234 - INFO - HTTP Request: GET https://www.leier.hu/hu/dokumentumtar/3585 "HTTP/1.1 200 OK"
2025-07-01 23:21:37,239 - INFO - HTTP Request: GET https://www.leier.hu/hu/dokumentumtar/3890 "HTTP/1.1 200 OK"
2025-07-01 23:21:37,262 - INFO - ✅ Downloaded: hu/Részletrajzok/Csomópontok/Kéregelemes födém részletrajzok/pdf/p032-kpanel-belsokoszo/p032-kpanel-belsokoszo.pdf
2025-07-01 23:21:37,531 - INFO - ✅ Downloaded: hu/Termékadatlapok/Kertépítés, díszburkolat/Szegélykövek/Süllyesztett szegélykő - Termékadatlap/Süllyesztett szegélykő - Termékadatlap.pdf
2025-07-01 23:21:37,800 - INFO - ✅ Downloaded: hu/Részletrajzok/Elemrajzok (DWG, PDF)/Mélyépítés/Vízelnyelőakna elemek/V AGY 50 50 L - Víznyelő aknagyűrű függőleges metszet/V AGY 50 50 L - Víznyelő aknagyűrű függőleges metszet.pdf
2025-07-01 23:21:38,059 - INFO - ✅ Downloaded: hu/Részletrajzok/Elemrajzok (DWG, PDF)/Durisol zajárnyékolás/Durisol panel 396 100 egyedi - Elölnézet/Durisol panel 396 100 egyedi - Elölnézet.pdf
2025-07-01 23:21:38,482 - INFO - HTTP Request: GET https://www.leier.hu/hu/dokumentumtar/2605 "HTTP/1.1 200 OK"
2025-07-01 23:21:38,483 - INFO - HTTP Request: GET https://www.leier.hu/hu/dokumentumtar/2053 "HTTP/1.1 200 OK"
2025-07-01 23:21:38,486 - INFO - HTTP Request: GET https://www.leier.hu/hu/dokumentumtar/3510 "HTTP/1.1 200 OK"
2025-07-01 23:21:38,490 - INFO - ✅ Downloaded: hu/Részletrajzok/Csomópontok/Födém részletrajzok/dxf/leier-m05a-mesterf-terasz1/leier-m05a-mesterf-terasz1.pdf
2025-07-01 23:21:38,751 - INFO - HTTP Request: GET https://www.leier.hu/hu/dokumentumtar/4096 "HTTP/1.1 200 OK"
2025-07-01 23:21:38,758 - INFO - ✅ Downloaded: hu/Teljesítménynyilatkozatok/Magasépítési termékek/Előregyártott falak/LTE támfalelem - Jánossomorja - Teljesítménynyilatkozat LE JS15258-02/LTE támfalelem - Jánossomorja - Teljesítménynyilatkozat LE JS15258-02.pdf
2025-07-01 23:21:39,027 - INFO - ✅ Downloaded: hu/Termékadatlapok/Magasépítési termékek/Tégla termékek/LeierPlan 30 NF adatlap.pdf/LeierPlan 30 NF adatlap.pdf
2025-07-01 23:21:39,295 - INFO - ✅ Downloaded: hu/Részletrajzok/Elemrajzok (DWG, PDF)/Környezettechnika/Olajelválasztók PDF/LOL SUPER 30 P melleklet PDF/LOL SUPER 30 P melleklet PDF.pdf
2025-07-01 23:21:39,662 - INFO - ✅ Downloaded: at/Prospekte/Leier Press 2024/Leier Press 2024.pdf
2025-07-01 23:21:39,928 - INFO - HTTP Request: GET https://www.leier.hu/hu/dokumentumtar/2749 "HTTP/1.1 200 OK"
2025-07-01 23:21:39,929 - INFO - HTTP Request: GET https://www.leier.hu/hu/dokumentumtar/3020 "HTTP/1.1 200 OK"
2025-07-01 23:21:39,930 - INFO - HTTP Request: GET https://www.leier.hu/hu/dokumentumtar/2775 "HTTP/1.1 200 OK"
2025-07-01 23:21:39,931 - INFO - HTTP Request: GET https://www.leier.hu/hu/dokumentumtar/3122 "HTTP/1.1 200 OK"
2025-07-01 23:21:39,935 - INFO - ✅ Downloaded: hu/Részletrajzok/Csomópontok/Kéregelemes födém részletrajzok/pln/p05a-kpanel-terasz1/p05a-kpanel-terasz1.pdf
2025-07-01 23:21:40,203 - INFO - ✅ Downloaded: hu/Részletrajzok/Csomópontok/Kéregelemes födém részletrajzok/dxf/leier-p02a-kpanel-koszoru2/leier-p02a-kpanel-koszoru2.pdf
2025-07-01 23:21:40,487 - INFO - ✅ Downloaded: hu/Részletrajzok/Elemrajzok (DWG, PDF)/Mélyépítés/Kábelcsatorna/KCS vályú könnyített oldalkitörés felül/KCS vályú könnyített oldalkitörés felül.pdf
2025-07-01 23:21:40,760 - INFO - ✅ Downloaded: hu/Részletrajzok/Elemrajzok (DWG, PDF)/Mélyépítés/Betontartályok/LBT 7 - Betontartály vízszintes metszet/LBT 7 - Betontartály vízszintes metszet.pdf
2025-07-01 23:21:41,117 - INFO - HTTP Request: GET https://www.leier.hu/hu/dokumentumtar/2740 "HTTP/1.1 200 OK"
2025-07-01 23:21:41,141 - INFO - HTTP Request: GET https://www.leier.hu/hu/dokumentumtar/3138 "HTTP/1.1 200 OK"
2025-07-01 23:21:41,142 - INFO - HTTP Request: GET https://www.leier.hu/hu/dokumentumtar/3464 "HTTP/1.1 200 OK"
2025-07-01 23:21:41,143 - INFO - ✅ Downloaded: hu/Részletrajzok/Csomópontok/Kéregelemes födém részletrajzok/pdf/p031-kpanel-belsokoszo.pdf/p031-kpanel-belsokoszo.pdf
2025-07-01 23:21:41,403 - INFO - HTTP Request: GET https://www.leier.hu/hu/dokumentumtar/2733 "HTTP/1.1 200 OK"
2025-07-01 23:21:41,404 - INFO - HTTP Request: GET https://www.leier.hu/hu/dokumentumtar/3075 "HTTP/1.1 200 OK"
2025-07-01 23:21:41,408 - INFO - ✅ Downloaded: hu/Részletrajzok/Csomópontok/Kéregelemes födém részletrajzok/pdf/p08-kpanel-erkely/p08-kpanel-erkely.pdf
2025-07-01 23:21:41,684 - INFO - ✅ Downloaded: hu/Részletrajzok/Elemrajzok (DWG, PDF)/Környezettechnika/Olajelválasztók PDF/LOL SUPER 150 max NF melleklet PDF/LOL SUPER 150 max NF melleklet PDF.pdf
2025-07-01 23:21:41,944 - INFO - ✅ Downloaded: hu/Részletrajzok/Elemrajzok (DWG, PDF)/Mélyépítés/Előfej támfalelemek/LEF 60 - Előfej betoncsőhöz - hosszmetszet/LEF 60 - Előfej betoncsőhöz - hosszmetszet.pdf
2025-07-01 23:21:42,205 - INFO - ✅ Downloaded: hu/Részletrajzok/Elemrajzok (DWG, PDF)/Mélyépítés/Kábelcsatorna/KCS fedlap egyenes oldal/KCS fedlap egyenes oldal.pdf
2025-07-01 23:21:42,546 - INFO - HTTP Request: GET https://www.leier.hu/hu/dokumentumtar/3200 "HTTP/1.1 200 OK"
2025-07-01 23:21:42,575 - INFO - ✅ Downloaded: hu/Részletrajzok/Elemrajzok (DWG, PDF)/Mélyépítés/Tisztítóakna elemek/Csatlakozó elemek/KG PVC befalazók gumigyűrűvel/KG PVC befalazo_k gumigyűrűvel.pdf
2025-07-01 23:21:42,837 - INFO - HTTP Request: GET https://www.leier.hu/hu/dokumentumtar/2576 "HTTP/1.1 200 OK"
2025-07-01 23:21:42,838 - INFO - HTTP Request: GET https://www.leier.hu/hu/dokumentumtar/3472 "HTTP/1.1 200 OK"
2025-07-01 23:21:42,839 - INFO - HTTP Request: GET https://www.leier.hu/hu/dokumentumtar/3150 "HTTP/1.1 200 OK"
2025-07-01 23:21:42,840 - INFO - HTTP Request: GET https://www.leier.hu/hu/dokumentumtar/2910 "HTTP/1.1 200 OK"
2025-07-01 23:21:42,844 - INFO - ✅ Downloaded: hu/Részletrajzok/Csomópontok/Födém részletrajzok/pdf/m06-mesterf-lepcso/m06-mesterf-lepcso.pdf
2025-07-01 23:21:43,111 - INFO - ✅ Downloaded: hu/Részletrajzok/Elemrajzok (DWG, PDF)/Mélyépítés/Kábelcsatorna/KCS vályú teljes/KCS va_lyu_ teljes.pdf
2025-07-01 23:21:43,467 - INFO - ✅ Downloaded: hu/Részletrajzok/Elemrajzok (DWG, PDF)/Környezettechnika/Olajelválasztók PDF/LOL SUPER 125 KF melleklet PDF/LOL SUPER 125 KF melleklet PDF.pdf
2025-07-01 23:21:43,777 - INFO - ✅ Downloaded: hu/Részletrajzok/Elemrajzok (DWG, PDF)/Mélyépítés/Árokburkoló- és árokelemek/ÁBE F 20_30 - 50L - Bordás fedlap - felülnézet/ÁBE F 20_30 - 50L - Bordás fedlap - felülnézet.pdf
2025-07-01 23:21:44,185 - INFO - HTTP Request: GET https://www.leier.hu/hu/dokumentumtar/3290 "HTTP/1.1 200 OK"
2025-07-01 23:21:44,223 - INFO - HTTP Request: GET https://www.leier.hu/hu/dokumentumtar/2767 "HTTP/1.1 200 OK"
2025-07-01 23:21:44,225 - INFO - ✅ Downloaded: hu/Részletrajzok/Csomópontok/Kéregelemes födém részletrajzok/dxf/leier-p06-kpanel-lepcso/leier-p06-kpanel-lepcso.pdf
2025-07-01 23:21:44,502 - INFO - HTTP Request: GET https://www.leier.hu/hu/dokumentumtar/3252 "HTTP/1.1 200 OK"
2025-07-01 23:21:44,503 - INFO - HTTP Request: GET https://www.leier.hu/hu/dokumentumtar/3050 "HTTP/1.1 200 OK"
2025-07-01 23:21:44,504 - INFO - HTTP Request: GET https://www.leier.hu/hu/dokumentumtar/3145 "HTTP/1.1 200 OK"
2025-07-01 23:21:44,508 - INFO - ✅ Downloaded: hu/Részletrajzok/Elemrajzok (DWG, PDF)/Mélyépítés/Vízelnyelőakna elemek/V AGY 50 25 L - Víznyelő aknagyűrű függőleges metszet/V AGY 50 25 L - Víznyelő aknagyűrű függőleges metszet.pdf
2025-07-01 23:21:44,775 - INFO - ✅ Downloaded: hu/Részletrajzok/Elemrajzok (DWG, PDF)/Mélyépítés/Tisztítóakna elemek/Akna fenékelemek/AFE 80 L K - Akna fenékelem künettel - vízszintes metszet/AFE 80 L K - Akna fenékelem künettel - vízszintes metszet.pdf
2025-07-01 23:21:45,051 - INFO - ✅ Downloaded: hu/Részletrajzok/Elemrajzok (DWG, PDF)/Mélyépítés/Kábelcsatorna/KCS elválasztó ív kicsi felül/KCS elválasztó ív kicsi felül.pdf
2025-07-01 23:21:45,052 - INFO - ✅ Downloaded: hu/Részletrajzok/Elemrajzok (DWG, PDF)/Mélyépítés/Előfej támfalelemek/TFE 60 - Támfalelem felülnézet/TFE 60 - Támfalelem felülnézet.pdf
2025-07-01 23:21:45,724 - INFO - HTTP Request: GET https://www.leier.hu/hu/dokumentumtar/3208 "HTTP/1.1 200 OK"
2025-07-01 23:21:45,728 - INFO - HTTP Request: GET https://www.leier.hu/hu/dokumentumtar/2385 "HTTP/1.1 200 OK"
2025-07-01 23:21:45,745 - INFO - HTTP Request: GET https://www.leier.hu/hu/dokumentumtar/3029 "HTTP/1.1 200 OK"
2025-07-01 23:21:45,747 - INFO - ✅ Downloaded: hu/Részletrajzok/Csomópontok/Fal részletrajzok/pdf/f01-vfal-bekotes/f01-vfal-bekotes.pdf
2025-07-01 23:21:46,013 - INFO - HTTP Request: GET https://www.leier.hu/hu/dokumentumtar/2093 "HTTP/1.1 404 Not Found"
2025-07-01 23:21:46,015 - INFO - HTTP Request: GET https://www.leier.hu/hu/dokumentumtar/2789 "HTTP/1.1 200 OK"
2025-07-01 23:21:46,020 - ERROR - ❌ Failed to download https://www.leier.hu/hu/dokumentumtar/2093: Client error '404 Not Found' for url 'https://www.leier.hu/hu/dokumentumtar/2093'
For more information check: https://developer.mozilla.org/en-US/docs/Web/HTTP/Status/404
2025-07-01 23:21:46,287 - INFO - ✅ Downloaded: hu/Részletrajzok/Elemrajzok (DWG, PDF)/Mélyépítés/Tisztítóakna elemek/Aknaszűkítő elemek/ASZ 100 - 62.5 - 60 L+H - Akna szűkítő hágcsóval - felülnézet/ASZ 100 - 62.5 - 60 L_H - Akna szűkítő hágcsóval - felülnézet
2025-07-01 23:21:46,561 - INFO - ✅ Downloaded: hu/Részletrajzok/Elemrajzok (DWG, PDF)/Mélyépítés/Betontartályok/LBT 3 - Betontartály függőleges metszet/LBT 3 - Betontartály függőleges metszet.pdf
2025-07-01 23:21:46,833 - INFO - HTTP Request: GET https://www.leier.hu/hu/dokumentumtar/3961 "HTTP/1.1 200 OK"
2025-07-01 23:21:46,934 - INFO - ✅ Downloaded: at/Verarbeitungsinfos/VÖB-FQP/VOEB_Verputzen auf Holz-Mantelbeton_05-2013.pdf/VOEB_Verputzen auf Holz-Mantelbeton_05-2013.pdf
2025-07-01 23:21:47,202 - INFO - HTTP Request: GET https://www.leier.hu/hu/dokumentumtar/3295 "HTTP/1.1 200 OK"
2025-07-01 23:21:47,203 - INFO - HTTP Request: GET https://www.leier.hu/hu/dokumentumtar/4042 "HTTP/1.1 200 OK"
2025-07-01 23:21:47,204 - INFO - HTTP Request: GET https://www.leier.hu/hu/dokumentumtar/3049 "HTTP/1.1 200 OK"
2025-07-01 23:21:47,223 - INFO - ✅ Downloaded: hu/Részletrajzok/Elemrajzok (DWG, PDF)/Mélyépítés/Vízelnyelőakna elemek/V AFE 50 80 L - Víznyelő akna fenékelem átfolyós vízszintes metszet/V AFE 50 80 L - Víznyelő akna fenékelem átfolyós vízszintes metszet.pdf
2025-07-01 23:21:47,501 - INFO - ✅ Downloaded: hu/Teljesítménynyilatkozatok/Mély- és vasútépítés, környezettechnika/Mélyépítés/Leier Easyblock támfalrendszer Jánossomorja/Leier Easyblock támfalrendszer Jánossomorja.pdf
2025-07-01 23:21:47,767 - INFO - ✅ Downloaded: hu/Részletrajzok/Elemrajzok (DWG, PDF)/Mélyépítés/Előfej támfalelemek/TFE 60 - Támfalelem hátulnézet/TFE 60 - Támfalelem hátulnézet.pdf
2025-07-01 23:21:48,055 - INFO - ✅ Downloaded: hu/LeierPress/LeierPress 2020/LeierPress 2020.pdf
2025-07-01 23:21:48,355 - INFO - HTTP Request: GET https://www.leier.hu/hu/dokumentumtar/4138 "HTTP/1.1 200 OK"
2025-07-01 23:21:48,437 - INFO - ✅ Downloaded: hu/Prospektusok/Leier EasyBlock prospektus/Leier EasyBlock prospektus.pdf
2025-07-01 23:21:48,829 - INFO - HTTP Request: GET https://www.leier.hu/hu/dokumentumtar/2578 "HTTP/1.1 200 OK"
2025-07-01 23:21:48,831 - INFO - HTTP Request: GET https://www.leier.hu/hu/dokumentumtar/3384 "HTTP/1.1 200 OK"
2025-07-01 23:21:48,833 - INFO - HTTP Request: GET https://www.leier.hu/hu/dokumentumtar/2931 "HTTP/1.1 200 OK"
2025-07-01 23:21:48,834 - INFO - HTTP Request: GET https://www.leier.hu/hu/dokumentumtar/4170 "HTTP/1.1 200 OK"
2025-07-01 23:21:48,839 - INFO - ✅ Downloaded: hu/Részletrajzok/Csomópontok/Födém részletrajzok/pdf/m04-mesterf-valaszfal/m04-mesterf-valaszfal.pdf
2025-07-01 23:21:49,112 - INFO - ✅ Downloaded: hu/Részletrajzok/Elemrajzok (DWG, PDF)/Környezettechnika/Olajelválasztók DWG/LOL SUPER 60 NF melléklet/LOL SUPER 60 NF melle_klet.pdf
2025-07-01 23:21:49,388 - INFO - ✅ Downloaded: hu/Részletrajzok/Elemrajzok (DWG, PDF)/Mélyépítés/Árokburkoló- és árokelemek/ÁBE 20_30 - 200 L - árokburkoló elem - alulnézet/ÁBE 20_30 - 200 L - árokburkoló elem - alulnézet.pdf
2025-07-01 23:21:49,759 - INFO - ✅ Downloaded: hu/Árlisták viszonteladók részére/Díszburkolat árlista viszonteladók részére - Érvényes: 2025.04.01-től (frissítve, árváltozás nélkül)/Díszburkolat árlista viszonteladók részére - Érvényes_ 2025.04.01-től _frissítve_ árváltozás nélkül_
2025-07-01 23:21:50,031 - INFO - HTTP Request: GET https://www.leier.hu/hu/dokumentumtar/3323 "HTTP/1.1 200 OK"
2025-07-01 23:21:50,033 - INFO - HTTP Request: GET https://www.leier.hu/hu/dokumentumtar/2100 "HTTP/1.1 200 OK"
2025-07-01 23:21:50,034 - INFO - HTTP Request: GET https://www.leier.hu/hu/dokumentumtar/2218 "HTTP/1.1 200 OK"
2025-07-01 23:21:50,035 - INFO - HTTP Request: GET https://www.leier.hu/hu/dokumentumtar/3919 "HTTP/1.1 200 OK"
2025-07-01 23:21:50,045 - INFO - ✅ Downloaded: hu/Termékadatlapok/Magasépítési termékek/Nyílásáthidalók/MDVA terhelési táblázat/MDVA terhelési táblázat.pdf
2025-07-01 23:21:50,309 - INFO - ✅ Downloaded: hu/Teljesítménynyilatkozatok/Kéményrendszerek/Teljesítménynyilatkozat SMART kéményrendszer LE KL13063-SMART-02/Teljesítménynyilatkozat SMART kéményrendszer LE KL13063-SMART-02.pdf
2025-07-01 23:21:50,310 - INFO - ✅ Downloaded: hu/Részletrajzok/Elemrajzok (DWG, PDF)/Környezettechnika/Iszapfogók DWG/LIF 200 175 melléklet/LIF 200 175 melléklet.pdf
2025-07-01 23:21:50,903 - INFO - ✅ Downloaded: at/Preislisten/Preisliste Kamin 2024/Preisliste Kamin 2024.pdf
2025-07-01 23:21:51,187 - INFO - HTTP Request: GET https://www.leier.hu/hu/dokumentumtar/2007 "HTTP/1.1 200 OK"
2025-07-01 23:21:51,188 - INFO - HTTP Request: GET https://www.leier.hu/hu/dokumentumtar/2160 "HTTP/1.1 200 OK"
2025-07-01 23:21:51,189 - INFO - HTTP Request: GET https://www.leier.hu/hu/dokumentumtar/2686 "HTTP/1.1 200 OK"
2025-07-01 23:21:51,190 - INFO - HTTP Request: GET https://www.leier.hu/hu/dokumentumtar/2545 "HTTP/1.1 200 OK"
2025-07-01 23:21:51,194 - INFO - ✅ Downloaded: hu/Részletrajzok/Csomópontok/Kémény részletrajzok/pln/k041-kemeny-tetoatvez1/k041-kemeny-tetoatvez1.pdf
2025-07-01 23:21:51,194 - INFO - ✅ Downloaded: hu/Teljesítménynyilatkozatok/Előregyártott pillérek, gerendák/Lineárlis szerkezeti elemek - Győr - Teljesítménynyilatkozat - LE GY13225-02/Lineárlis szerkezeti elemek - Győr - Teljesítménynyilatkozat - LE GY13225-02.pdf
2025-07-01 23:21:51,721 - INFO - ✅ Downloaded: hu/Részletrajzok/Csomópontok/Térburkolat részletrajzok/asc/leier-b01-szegely1/leier-b01-szegely1.pdf
2025-07-01 23:21:51,983 - ERROR - ❌ Failed to download https://www.leier.hu/hu/dokumentumtar/2007: [Errno 2] No such file or directory: 'C:\\Users\\Admin\\.cursor\\Lambda\\src\\backend\\src\\downloads\\leier_materials_api\\documents\\hu\\Teljesítménynyilatkozatok\\Magasépítési termékek\\Tégla termékek\\Devecser - Teljesítménynyilatkozatok\\Leiertherm\\Teljesítménynyilatkozat - Leiertherm Pro 44 - DE LE DE771-1-22-01.pdf'
2025-07-01 23:21:52,366 - INFO - HTTP Request: GET https://www.leier.hu/hu/dokumentumtar/2314 "HTTP/1.1 200 OK"
2025-07-01 23:21:52,371 - INFO - HTTP Request: GET https://www.leier.hu/hu/dokumentumtar/4136 "HTTP/1.1 200 OK"
2025-07-01 23:21:52,372 - INFO - HTTP Request: GET https://www.leier.hu/hu/dokumentumtar/3222 "HTTP/1.1 200 OK"
2025-07-01 23:21:52,386 - INFO - ✅ Downloaded: hu/Termékadatlapok/Kertépítés, díszburkolat/Falazóelemek, kerítéskövek, fedlapok/PATIO antik térkő - Termékadatlap/PATIO antik térkő - Termékadatlap.pdf
2025-07-01 23:21:52,646 - INFO - ✅ Downloaded: hu/Termékadatlapok/Magasépítési termékek/Nyílásáthidalók/Leier MDA nyílásáthidaló adatlap.pdf/Leier MDA nyílásáthidaló adatlap.pdf
2025-07-01 23:21:52,908 - INFO - HTTP Request: GET https://www.leier.hu/hu/dokumentumtar/4006 "HTTP/1.1 200 OK"
2025-07-01 23:21:52,911 - INFO - HTTP Request: GET https://www.leier.hu/hu/dokumentumtar/2938 "HTTP/1.1 200 OK"
2025-07-01 23:21:52,921 - INFO - ✅ Downloaded: hu/Részletrajzok/Elemrajzok (DWG, PDF)/Mélyépítés/Tisztítóakna elemek/Aknagyűrűk/AGY 80 L - Aknagyűrű - vízszintes metszet/AGY 80 L - Aknagyűrű - vízszintes metszet.pdf
2025-07-01 23:21:53,185 - INFO - ✅ Downloaded: hu/Részletrajzok/Elemrajzok (DWG, PDF)/Mélyépítés/Átemelőakna elemek/AGY_240_150 LG V- Átemelő gyűrű gumigyűrűs végelem/AGY_240_150 LG V- Átemelő gyűrű gumigyűrűs végelem.pdf
2025-07-01 23:21:53,448 - INFO - ✅ Downloaded: hu/Teljesítménynyilatkozatok/Magasépítési termékek/Előregyártott falak/Falelem - Győr - Teljesítménynyilatkozat LE GY14992-05/Falelem - Győr - Teljesítménynyilatkozat LE GY14992-05.pdf
2025-07-01 23:21:53,863 - INFO - HTTP Request: GET https://www.leier.hu/hu/dokumentumtar/2618 "HTTP/1.1 200 OK"
2025-07-01 23:21:53,868 - INFO - ✅ Downloaded: hu/Részletrajzok/Csomópontok/Kéregfal részletrajzok/dwg/e06-keregfal-piller/e06-keregfal-piller.pdf
2025-07-01 23:21:54,144 - INFO - HTTP Request: GET https://www.leier.hu/hu/dokumentumtar/1990 "HTTP/1.1 200 OK"
2025-07-01 23:21:54,145 - INFO - HTTP Request: GET https://www.leier.hu/hu/dokumentumtar/3947 "HTTP/1.1 200 OK"
2025-07-01 23:21:54,146 - INFO - HTTP Request: GET https://www.leier.hu/hu/dokumentumtar/3576 "HTTP/1.1 200 OK"
2025-07-01 23:21:54,147 - INFO - HTTP Request: GET https://www.leier.hu/hu/dokumentumtar/2583 "HTTP/1.1 200 OK"
2025-07-01 23:21:54,150 - INFO - ✅ Downloaded: at/Allgemeine Hinweise/Checkliste/Checkliste.pdf
2025-07-01 23:21:54,150 - INFO - ✅ Downloaded: hu/Részletrajzok/Csomópontok/Födém részletrajzok/pdf/m02a-mesterf-koszoru2/m02a-mesterf-koszoru2.pdf
2025-07-01 23:21:54,689 - ERROR - ❌ Failed to download https://www.leier.hu/hu/dokumentumtar/1990: [Errno 2] No such file or directory: 'C:\\Users\\Admin\\.cursor\\Lambda\\src\\backend\\src\\downloads\\leier_materials_api\\documents\\hu\\Teljesítménynyilatkozatok\\Magasépítési termékek\\Tégla termékek\\Devecser - Teljesítménynyilatkozatok\\LeierPLAN\\Teljesítménynyilatkozat - LeierPLAN Pro 38 - DE LE DE771-1-20-01.pdf'
2025-07-01 23:21:54,966 - INFO - ✅ Downloaded: hu/Részletrajzok/Elemrajzok (DWG, PDF)/Durisol zajárnyékolás/Durisol panel 496 100 DSI 25 13 N - Metszet/Durisol panel 496 100 DSI 25 13 N - Metszet.pdf
2025-07-01 23:21:55,274 - INFO - HTTP Request: GET https://www.leier.hu/hu/dokumentumtar/2941 "HTTP/1.1 200 OK"
2025-07-01 23:21:55,306 - INFO - ✅ Downloaded: hu/Részletrajzok/Elemrajzok (DWG, PDF)/Mélyépítés/Átemelőakna elemek/AGY_240_100 LG - Átemelő gyűrű gumigyűrűs/AGY_240_100 LG - Átemelő gyűrű gumigyűrűs.pdf
2025-07-01 23:21:55,585 - INFO - HTTP Request: GET https://www.leier.hu/hu/dokumentumtar/3944 "HTTP/1.1 200 OK"
2025-07-01 23:21:55,586 - INFO - HTTP Request: GET https://www.leier.hu/hu/dokumentumtar/4169 "HTTP/1.1 200 OK"
2025-07-01 23:21:55,587 - INFO - HTTP Request: GET https://www.leier.hu/hu/dokumentumtar/3172 "HTTP/1.1 200 OK"
2025-07-01 23:21:55,590 - INFO - ✅ Downloaded: at/Verarbeitungsinfos/Verarbeitungsinfo Stufen + Setzplatten/Verarbeitungsinfo Stufen _ Setzplatten.pdf
2025-07-01 23:21:55,855 - INFO - HTTP Request: GET https://www.leier.hu/hu/dokumentumtar/2249 "HTTP/1.1 200 OK"
2025-07-01 23:21:55,867 - INFO - ✅ Downloaded: hu/Részletrajzok/Elemrajzok (DWG, PDF)/Mélyépítés/Keretelemek/LKE 180 - 180 - 100 - Keretelem - keresztmetszet/LKE 180 - 180 - 100 - Keretelem - keresztmetszet.pdf
2025-07-01 23:21:56,152 - INFO - ✅ Downloaded: hu/Termékadatlapok/Kéményrendszerek/Turbo kéményrendszer - Termékadatlap/Turbo kéményrendszer - Termékadatlap.pdf
2025-07-01 23:21:56,417 - INFO - HTTP Request: GET https://www.leier.hu/hu/dokumentumtar/2542 "HTTP/1.1 200 OK"
2025-07-01 23:21:56,423 - INFO - ✅ Downloaded: hu/Részletrajzok/Csomópontok/Kémény részletrajzok/pdf/k01-kemeny-alapozas/k01-kemeny-alapozas.pdf
2025-07-01 23:21:56,690 - INFO - HTTP Request: GET https://www.leier.hu/hu/dokumentumtar/2289 "HTTP/1.1 200 OK"
2025-07-01 23:21:56,698 - INFO - ✅ Downloaded: hu/Termékadatlapok/Kertépítés, díszburkolat/Kerti lapok/REGNUM naturo lapok termékadatlap/REGNUM naturo lapok termékadatlap.pdf
2025-07-01 23:21:57,021 - INFO - HTTP Request: GET https://www.leier.hu/hu/dokumentumtar/2788 "HTTP/1.1 200 OK"
2025-07-01 23:21:57,115 - INFO - HTTP Request: GET https://www.leier.hu/hu/dokumentumtar/3353 "HTTP/1.1 200 OK"
2025-07-01 23:21:57,159 - INFO - ✅ Downloaded: hu/Részletrajzok/Elemrajzok (DWG, PDF)/Környezettechnika/Olajelválasztók DWG/LOL SUPER 200 KF melléklet/LOL SUPER 200 KF melle_klet.pdf
2025-07-01 23:21:57,447 - INFO - HTTP Request: GET https://www.leier.hu/hu/dokumentumtar/3571 "HTTP/1.1 200 OK"
2025-07-01 23:21:57,448 - INFO - HTTP Request: GET https://www.leier.hu/hu/dokumentumtar/2572 "HTTP/1.1 200 OK"
2025-07-01 23:21:57,455 - INFO - ✅ Downloaded: hu/Részletrajzok/Csomópontok/Födém részletrajzok/dwg/m031-mesterf-belsokosz/m031-mesterf-belsokosz.pdf
2025-07-01 23:21:57,746 - INFO - ✅ Downloaded: hu/LeierPress/LeierPress 2021/LeierPress 2021.pdf
2025-07-01 23:21:57,747 - INFO - ✅ Downloaded: hu/Részletrajzok/Elemrajzok (DWG, PDF)/Durisol zajárnyékolás/Durisol panel 496 100 félkötés - Elölnézet/Durisol panel 496 100 félkötés - Elölnézet.pdf
2025-07-01 23:21:58,390 - INFO - HTTP Request: GET https://www.leier.hu/hu/dokumentumtar/3461 "HTTP/1.1 200 OK"
2025-07-01 23:21:58,391 - INFO - ✅ Downloaded: hu/Prospektusok/Leier Kaiserstein termékkatalógus/Leier Kaiserstein termékkatalógus.pdf
2025-07-01 23:21:58,659 - INFO - HTTP Request: GET https://www.leier.hu/hu/dokumentumtar/1985 "HTTP/1.1 200 OK"
2025-07-01 23:21:58,660 - INFO - HTTP Request: GET https://www.leier.hu/hu/dokumentumtar/2492 "HTTP/1.1 200 OK"
2025-07-01 23:21:58,666 - INFO - HTTP Request: GET https://www.leier.hu/hu/dokumentumtar/3022 "HTTP/1.1 200 OK"
2025-07-01 23:21:58,670 - ERROR - ❌ Failed to download https://www.leier.hu/hu/dokumentumtar/1985: [Errno 2] No such file or directory: 'C:\\Users\\Admin\\.cursor\\Lambda\\src\\backend\\src\\downloads\\leier_materials_api\\documents\\hu\\Teljesítménynyilatkozatok\\Magasépítési termékek\\Tégla termékek\\Devecser - Teljesítménynyilatkozatok\\LeierPLAN\\Teljesítménynyilatkozat - LeierPLAN 44 iSO_ LE DE771-1-18-03.pdf'
2025-07-01 23:21:58,961 - INFO - ✅ Downloaded: hu/Részletrajzok/Csomópontok/Tető részletrajzok/pdf/t05-elgerinc/t05-elgerinc.pdf
2025-07-01 23:21:59,229 - INFO - ✅ Downloaded: hu/Részletrajzok/Elemrajzok (DWG, PDF)/Környezettechnika/Olajelválasztók PDF/LOL SUPER 150 P melleklet PDF/LOL SUPER 150 P melleklet PDF.pdf
2025-07-01 23:21:59,496 - INFO - ✅ Downloaded: hu/Részletrajzok/Elemrajzok (DWG, PDF)/Mélyépítés/Betontartályok/LBT 6 - Betontartály vízszintes metszet/LBT 6 - Betontartály vízszintes metszet.pdf
2025-07-01 23:21:59,849 - INFO - HTTP Request: GET https://www.leier.hu/hu/dokumentumtar/3074 "HTTP/1.1 200 OK"
2025-07-01 23:21:59,866 - INFO - HTTP Request: GET https://www.leier.hu/hu/dokumentumtar/2439 "HTTP/1.1 200 OK"
2025-07-01 23:21:59,885 - INFO - HTTP Request: GET https://www.leier.hu/hu/dokumentumtar/2496 "HTTP/1.1 200 OK"
2025-07-01 23:21:59,888 - INFO - HTTP Request: GET https://www.leier.hu/hu/dokumentumtar/2219 "HTTP/1.1 200 OK"
2025-07-01 23:21:59,891 - INFO - ✅ Downloaded: hu/Termékadatlapok/Magasépítési termékek/Nyílásáthidalók/MDE terhelési táblázat/MDE terhelési táblázat.pdf
2025-07-01 23:22:00,224 - INFO - HTTP Request: GET https://www.leier.hu/hu/dokumentumtar/3270 "HTTP/1.1 200 OK"
2025-07-01 23:22:00,229 - INFO - ✅ Downloaded: hu/Részletrajzok/Csomópontok/Tető részletrajzok/pdf/t01-eresz/t01-eresz.pdf
2025-07-01 23:22:00,488 - INFO - ✅ Downloaded: hu/Részletrajzok/Elemrajzok (DWG, PDF)/Mélyépítés/Előfej támfalelemek/LEF 80 - Előfej betoncsőhöz - elölnézet/LEF 80 - Előfej betoncsőhöz - elölnézet.pdf
2025-07-01 23:22:00,751 - INFO - ✅ Downloaded: hu/Részletrajzok/Csomópontok/Leier Durisol zajárnyékoló falak/DWG/DSi 25 13 - W típusrajz/DSi 25 13 - W típusrajz.pdf
2025-07-01 23:22:01,024 - INFO - ✅ Downloaded: hu/Részletrajzok/Elemrajzok (DWG, PDF)/Mélyépítés/Tisztítóakna elemek/Akna fenékelemek/AFE 100 L KN - Akna fenékelem künet nélkül - vízszintes metszet/AFE 100 L KN - Akna fenékelem künet nélkül - vízszintes metszet.pdf
2025-07-01 23:22:01,286 - INFO - HTTP Request: GET https://www.leier.hu/hu/dokumentumtar/3417 "HTTP/1.1 200 OK"
2025-07-01 23:22:01,288 - INFO - ✅ Downloaded: hu/Részletrajzok/Elemrajzok (DWG, PDF)/Környezettechnika/Olajelválasztók DWG/LOL SUPER 20 NF melléklet/LOL SUPER 20 NF melle_klet.pdf
2025-07-01 23:22:01,588 - INFO - HTTP Request: GET https://www.leier.hu/hu/dokumentumtar/2114 "HTTP/1.1 200 OK"
2025-07-01 23:22:01,589 - INFO - HTTP Request: GET https://www.leier.hu/hu/dokumentumtar/3539 "HTTP/1.1 200 OK"
2025-07-01 23:22:01,593 - INFO - ✅ Downloaded: hu/Teljesítménynyilatkozatok/Kertépítés, díszburkolat/Rézsűsurrantó elem - Jánosháza - Teljesítménynyilatkozat - LE JHA-1-01/Rézsűsurrantó elem - Jánosháza - Teljesítménynyilatkozat - LE JHA-1-01.pdf
2025-07-01 23:22:01,907 - INFO - ✅ Downloaded: hu/Részletrajzok/Elemrajzok (DWG, PDF)/Környezettechnika/Olajelválasztók PDF/LOL SUPER 10 NF melleklet PDF/LOL SUPER 10 NF melleklet PDF.pdf
2025-07-01 23:22:02,301 - INFO - HTTP Request: GET https://www.leier.hu/hu/dokumentumtar/3448 "HTTP/1.1 200 OK"
2025-07-01 23:22:02,307 - INFO - ✅ Downloaded: hu/Részletrajzok/Elemrajzok (DWG, PDF)/Környezettechnika/Olajelválasztók DWG/LOL SUPER 3 P melléklet/LOL SUPER 3 P melle_klet.pdf
2025-07-01 23:22:02,666 - INFO - HTTP Request: GET https://www.leier.hu/hu/dokumentumtar/2584 "HTTP/1.1 200 OK"
2025-07-01 23:22:02,667 - INFO - HTTP Request: GET https://www.leier.hu/hu/dokumentumtar/2750 "HTTP/1.1 200 OK"
2025-07-01 23:22:02,674 - INFO - ✅ Downloaded: hu/Részletrajzok/Csomópontok/Födém részletrajzok/pdf/m01-mesterf-koszoru1/m01-mesterf-koszoru1.pdf
2025-07-01 23:22:02,998 - INFO - ✅ Downloaded: hu/Részletrajzok/Csomópontok/Kéregelemes födém részletrajzok/pln/p04-kpanel-valaszfal/p04-kpanel-valaszfal.pdf
2025-07-01 23:22:03,270 - INFO - HTTP Request: GET https://www.leier.hu/hu/dokumentumtar/2551 "HTTP/1.1 200 OK"
2025-07-01 23:22:03,275 - INFO - ✅ Downloaded: hu/Részletrajzok/Csomópontok/Kémény részletrajzok/asc/leier-k041-kemeny-tetoatvez1/leier-k041-kemeny-tetoatvez1.pdf
2025-07-01 23:22:03,539 - INFO - HTTP Request: GET https://www.leier.hu/hu/dokumentumtar/2844 "HTTP/1.1 200 OK"
2025-07-01 23:22:03,586 - INFO - ✅ Downloaded: hu/Szerelési útmutatók/Mesterpanel | Elementdecke/Teljesítménynilatkozat | Leistungserklärung/DE/Elementdecke Zurndorf Leistungserklärung/Elementdecke Zurndorf Leistungserklärung.pdf
2025-07-01 23:22:03,907 - INFO - HTTP Request: GET https://www.leier.hu/hu/dokumentumtar/1983 "HTTP/1.1 200 OK"
2025-07-01 23:22:03,909 - INFO - HTTP Request: GET https://www.leier.hu/hu/dokumentumtar/3412 "HTTP/1.1 200 OK"
2025-07-01 23:22:03,909 - INFO - HTTP Request: GET https://www.leier.hu/hu/dokumentumtar/3102 "HTTP/1.1 200 OK"
2025-07-01 23:22:03,919 - INFO - ✅ Downloaded: hu/Részletrajzok/Elemrajzok (DWG, PDF)/Környezettechnika/Olajelválasztók DWG/LOL SUPER 25 max P melléklet/LOL SUPER 25 max P melle_klet.pdf
2025-07-01 23:22:04,243 - INFO - HTTP Request: GET https://www.leier.hu/hu/dokumentumtar/2302 "HTTP/1.1 200 OK"
2025-07-01 23:22:04,249 - ERROR - ❌ Failed to download https://www.leier.hu/hu/dokumentumtar/1983: [Errno 2] No such file or directory: 'C:\\Users\\Admin\\.cursor\\Lambda\\src\\backend\\src\\downloads\\leier_materials_api\\documents\\hu\\Teljesítménynyilatkozatok\\Magasépítési termékek\\Tégla termékek\\Devecser - Teljesítménynyilatkozatok\\LeierPLAN\\Teljesítménynyilatkozat - LeierPLAN 38 Pro LE DE771-1-20-02.pdf'
2025-07-01 23:22:04,572 - INFO - ✅ Downloaded: hu/Részletrajzok/Elemrajzok (DWG, PDF)/Mélyépítés/Előfej támfalelemek/LEF 50 1 1.5 előfej/LEF 50 1 1.5 előfej
2025-07-01 23:22:04,852 - INFO - HTTP Request: GET https://www.leier.hu/hu/dokumentumtar/3118 "HTTP/1.1 200 OK"
2025-07-01 23:22:04,855 - INFO - ✅ Downloaded: hu/Termékadatlapok/Kertépítés, díszburkolat/Rézsűkövek, kiegészítők, virágtartók/Süllyesztett szegélykő - Termékadatlap/Süllyesztett szegélykő - Termékadatlap.pdf
2025-07-01 23:22:05,128 - INFO - HTTP Request: GET https://www.leier.hu/hu/dokumentumtar/2898 "HTTP/1.1 200 OK"
2025-07-01 23:22:05,131 - INFO - ✅ Downloaded: hu/Részletrajzok/Elemrajzok (DWG, PDF)/Mélyépítés/Kábelcsatorna/KCS vályú könnyített felül/KCS vályú könnyített felül.pdf
2025-07-01 23:22:05,397 - INFO - ✅ Downloaded: hu/Részletrajzok/Elemrajzok (DWG, PDF)/Mélyépítés/Árokburkoló- és árokelemek/ÁBE F 40_50 - 50L - Bordás fedlap - felülnézet/ÁBE F 40_50 - 50L - Bordás fedlap - felülnézet.pdf
2025-07-01 23:22:05,659 - INFO - HTTP Request: GET https://www.leier.hu/hu/dokumentumtar/2413 "HTTP/1.1 200 OK"
2025-07-01 23:22:05,661 - INFO - HTTP Request: GET https://www.leier.hu/hu/dokumentumtar/2727 "HTTP/1.1 200 OK"
2025-07-01 23:22:05,665 - INFO - ✅ Downloaded: hu/Részletrajzok/Csomópontok/Kéregelemes födém részletrajzok/dwg/p031-kpanel-belsokoszo/p031-kpanel-belsokoszo.pdf
2025-07-01 23:22:05,927 - INFO - HTTP Request: GET https://www.leier.hu/hu/dokumentumtar/3082 "HTTP/1.1 200 OK"
2025-07-01 23:22:05,930 - INFO - ✅ Downloaded: hu/Részletrajzok/Csomópontok/Fal részletrajzok/asc/leier-f09b-zsaluko-alap-tn/leier-f09b-zsaluko-alap-tn.pdf
2025-07-01 23:22:06,207 - INFO - HTTP Request: GET https://www.leier.hu/hu/dokumentumtar/3604 "HTTP/1.1 200 OK"
2025-07-01 23:22:06,224 - INFO - ✅ Downloaded: hu/Részletrajzok/Elemrajzok (DWG, PDF)/Mélyépítés/Előfej támfalelemek/LEF 50 - Előfej betoncsőhöz - felülnézet/LEF 50 - Előfej betoncsőhöz - felülnézet.pdf
2025-07-01 23:22:06,485 - INFO - HTTP Request: GET https://www.leier.hu/hu/dokumentumtar/3392 "HTTP/1.1 200 OK"
2025-07-01 23:22:06,489 - INFO - ✅ Downloaded: hu/Részletrajzok/Elemrajzok (DWG, PDF)/Durisol zajárnyékolás/DSI 30 13 W - Durisol blokkelem - Felülnézet/DSI 30 13 W - Durisol blokkelem - Felülnézet.pdf
2025-07-01 23:22:06,776 - INFO - HTTP Request: GET https://www.leier.hu/hu/dokumentumtar/3957 "HTTP/1.1 200 OK"
2025-07-01 23:22:06,780 - INFO - ✅ Downloaded: at/Verarbeitungsinfos/VÖB-FQP/VOEB_Fachgerechter Umgang mit Schachtbauteilen_03-2015.pdf/VOEB_Fachgerechter Umgang mit Schachtbauteilen_03-2015.pdf
2025-07-01 23:22:07,065 - INFO - ✅ Downloaded: hu/Részletrajzok/Elemrajzok (DWG, PDF)/Környezettechnika/Olajelválasztók DWG/LOL SUPER 50 NF melléklet/LOL SUPER 50 NF melle_klet.pdf
2025-07-01 23:22:07,374 - INFO - HTTP Request: GET https://www.leier.hu/hu/dokumentumtar/2058 "HTTP/1.1 200 OK"
2025-07-01 23:22:07,379 - INFO - ✅ Downloaded: hu/Teljesítménynyilatkozatok/Magasépítési termékek/Födémrendszerek/Kéregfödém - Győr - Teljesítménynyilatkozat LE GY13747-03/Kéregfödém - Győr - Teljesítménynyilatkozat LE GY13747-03.pdf
2025-07-01 23:22:07,696 - INFO - HTTP Request: GET https://www.leier.hu/hu/dokumentumtar/4107 "HTTP/1.1 200 OK"
2025-07-01 23:22:07,700 - INFO - ✅ Downloaded: hu/Termékadatlapok/Magasépítési termékek/Tégla termékek/Leiertherm 25 NF adatlap.pdf/Leiertherm 25 NF adatlap.pdf
2025-07-01 23:22:07,973 - INFO - HTTP Request: GET https://www.leier.hu/hu/dokumentumtar/2594 "HTTP/1.1 200 OK"
2025-07-01 23:22:07,977 - INFO - ✅ Downloaded: hu/Részletrajzok/Csomópontok/Födém részletrajzok/asc/leier-m06-mesterf-lepcso/leier-m06-mesterf-lepcso.pdf
2025-07-01 23:22:08,248 - INFO - HTTP Request: GET https://www.leier.hu/hu/dokumentumtar/3431 "HTTP/1.1 200 OK"
2025-07-01 23:22:08,272 - INFO - HTTP Request: GET https://www.leier.hu/hu/dokumentumtar/3482 "HTTP/1.1 200 OK"
2025-07-01 23:22:08,276 - INFO - ✅ Downloaded: hu/Részletrajzok/Elemrajzok (DWG, PDF)/Környezettechnika/Olajelválasztók DWG/LOL SUPER 10 NF melléklet/LOL SUPER 10 NF melle_klet.pdf
2025-07-01 23:22:08,545 - INFO - HTTP Request: GET https://www.leier.hu/hu/dokumentumtar/3708 "HTTP/1.1 200 OK"
2025-07-01 23:22:08,545 - INFO - ✅ Downloaded: hu/Részletrajzok/Elemrajzok (DWG, PDF)/Környezettechnika/Olajelválasztók PDF/LOL SUPER 80 max P melleklet PDF/LOL SUPER 80 max P melleklet PDF.pdf
2025-07-01 23:22:08,848 - INFO - ✅ Downloaded: hu/Biztonságtechnikai adatlapok/Leier kémény torkolati kúp tömítő - Biztonságtechnikai adatlap/Leier kémény torkolati kúp tömítő - Biztonságtechnikai adatlap.pdf
2025-07-01 23:22:09,204 - INFO - HTTP Request: GET https://www.leier.hu/hu/dokumentumtar/1977 "HTTP/1.1 200 OK"
2025-07-01 23:22:09,205 - INFO - HTTP Request: GET https://www.leier.hu/hu/dokumentumtar/3059 "HTTP/1.1 200 OK"
2025-07-01 23:22:09,208 - ERROR - ❌ Failed to download https://www.leier.hu/hu/dokumentumtar/1977: [Errno 2] No such file or directory: 'C:\\Users\\Admin\\.cursor\\Lambda\\src\\backend\\src\\downloads\\leier_materials_api\\documents\\hu\\Teljesítménynyilatkozatok\\Magasépítési termékek\\Tégla termékek\\Devecser - Teljesítménynyilatkozatok\\LeierPLAN\\Teljesítménynyilatkozat - LeierPLAN 10 N_F LE DE771-1-16-04.pdf'
2025-07-01 23:22:09,471 - INFO - HTTP Request: GET https://www.leier.hu/hu/dokumentumtar/3774 "HTTP/1.1 200 OK"
2025-07-01 23:22:09,472 - INFO - HTTP Request: GET https://www.leier.hu/hu/dokumentumtar/3560 "HTTP/1.1 200 OK"
2025-07-01 23:22:09,477 - INFO - ✅ Downloaded: hu/Részletrajzok/Elemrajzok (DWG, PDF)/Mélyépítés/Előfej támfalelemek/TFE 40 - Támfalelem hátulnézet/TFE 40 - Támfalelem hátulnézet.pdf
2025-07-01 23:22:09,753 - INFO - ✅ Downloaded: hu/Termékadatlapok/Kertépítés, díszburkolat/Térkövek/Leier PIAZZA 20x10x8 térkő termékadatlap/Leier PIAZZA 20x10x8 térkő termékadatlap.pdf
2025-07-01 23:22:10,028 - INFO - ✅ Downloaded: hu/Részletrajzok/Elemrajzok (DWG, PDF)/Környezettechnika/Olajelválasztók PDF/LOL SUPER 1,5 max KF melleklet PDF/LOL SUPER 1_5 max KF melleklet PDF.pdf
2025-07-01 23:22:10,292 - INFO - HTTP Request: GET https://www.leier.hu/hu/dokumentumtar/2607 "HTTP/1.1 200 OK"
2025-07-01 23:22:10,295 - INFO - ✅ Downloaded: hu/Részletrajzok/Csomópontok/Födém részletrajzok/dxf/leier-m032-mesterf-belsok/leier-m032-mesterf-belsok.pdf
2025-07-01 23:22:10,565 - INFO - HTTP Request: GET https://www.leier.hu/hu/dokumentumtar/3046 "HTTP/1.1 200 OK"
2025-07-01 23:22:10,591 - INFO - ✅ Downloaded: hu/Részletrajzok/Elemrajzok (DWG, PDF)/Mélyépítés/Előfej támfalelemek/TFE 80 - Támfalelem elölnézet/TFE 80 - Támfalelem elölnézet.pdf
2025-07-01 23:22:10,876 - INFO - HTTP Request: GET https://www.leier.hu/hu/dokumentumtar/2652 "HTTP/1.1 200 OK"
2025-07-01 23:22:10,877 - INFO - HTTP Request: GET https://www.leier.hu/hu/dokumentumtar/2845 "HTTP/1.1 200 OK"
2025-07-01 23:22:10,878 - INFO - HTTP Request: GET https://www.leier.hu/hu/dokumentumtar/2848 "HTTP/1.1 200 OK"
2025-07-01 23:22:10,883 - INFO - ✅ Downloaded: hu/Szerelési útmutatók/Mesterpanel | Elementdecke/Teljesítménynilatkozat | Leistungserklärung/DE/Elementdecke Győr Leistungserklärung/Elementdecke Győr Leistungserklärung.pdf
2025-07-01 23:22:11,212 - INFO - ✅ Downloaded: hu/Szerelési útmutatók/Mesterpanel | Elementdecke/Teljesítménynilatkozat | Leistungserklärung/HU/Mesterpanel Kiskunlacháza Teljesítménynyilatkozat/Mesterpanel Kiskunlacháza Teljesítménynyilatkozat.pdf
2025-07-01 23:22:11,523 - INFO - HTTP Request: GET https://www.leier.hu/hu/dokumentumtar/2400 "HTTP/1.1 200 OK"
2025-07-01 23:22:11,527 - INFO - ✅ Downloaded: hu/Részletrajzok/Csomópontok/Fal részletrajzok/pln/f01-vfal-bekotes/f01-vfal-bekotes.pdf
2025-07-01 23:22:11,803 - INFO - ✅ Downloaded: hu/Részletrajzok/Csomópontok/Térburkolat részletrajzok/dwg/b05-szegely5/b05-szegely5.pdf
2025-07-01 23:22:12,225 - INFO - HTTP Request: GET https://www.leier.hu/hu/dokumentumtar/3848 "HTTP/1.1 404 Not Found"
2025-07-01 23:22:12,233 - INFO - HTTP Request: GET https://www.leier.hu/hu/dokumentumtar/2461 "HTTP/1.1 200 OK"
2025-07-01 23:22:12,235 - INFO - ✅ Downloaded: hu/Részletrajzok/Csomópontok/Leier Durisol Magasépítő falazórendszer/Belső, 50 cm magas áthidaló kialakítása DM 25-16/Belső_ 50 cm magas áthidaló kialakítása DM 25-16.pdf
2025-07-01 23:22:12,502 - INFO - HTTP Request: GET https://www.leier.hu/hu/dokumentumtar/3578 "HTTP/1.1 200 OK"
2025-07-01 23:22:12,504 - INFO - HTTP Request: GET https://www.leier.hu/hu/dokumentumtar/3733 "HTTP/1.1 200 OK"
2025-07-01 23:22:12,505 - INFO - HTTP Request: GET https://www.leier.hu/hu/dokumentumtar/3025 "HTTP/1.1 200 OK"
2025-07-01 23:22:12,509 - ERROR - ❌ Failed to download https://www.leier.hu/hu/dokumentumtar/3848: Client error '404 Not Found' for url 'https://www.leier.hu/hu/dokumentumtar/3848'
For more information check: https://developer.mozilla.org/en-US/docs/Web/HTTP/Status/404
2025-07-01 23:22:12,777 - INFO - ✅ Downloaded: hu/Részletrajzok/Elemrajzok (DWG, PDF)/Mélyépítés/Betontartályok/LBT 5 - Betontartály függőleges metszet/LBT 5 - Betontartály függőleges metszet.pdf
2025-07-01 23:22:12,777 - INFO - ✅ Downloaded: hu/Részletrajzok/Elemrajzok (DWG, PDF)/Durisol zajárnyékolás/Durisol panel 396 450 félkötés - Elölnézet/Durisol panel 396 450 félkötés - Elölnézet.pdf
2025-07-01 23:22:13,442 - INFO - ✅ Downloaded: hu/Prospektusok/Leier támfal blokkelemek prospektus/Leier támfal blokkelemek prospektus.pdf
2025-07-01 23:22:13,867 - INFO - HTTP Request: GET https://www.leier.hu/hu/dokumentumtar/3836 "HTTP/1.1 200 OK"
2025-07-01 23:22:13,869 - INFO - HTTP Request: GET https://www.leier.hu/hu/dokumentumtar/3551 "HTTP/1.1 200 OK"
2025-07-01 23:22:13,871 - INFO - HTTP Request: GET https://www.leier.hu/hu/dokumentumtar/3149 "HTTP/1.1 200 OK"
2025-07-01 23:22:13,877 - INFO - ✅ Downloaded: at/Preislisten/Preisliste Betonblocksteine 2024/Preisliste Betonblocksteine 2024.pdf
2025-07-01 23:22:14,310 - INFO - HTTP Request: GET https://www.leier.hu/hu/dokumentumtar/2731 "HTTP/1.1 200 OK"
2025-07-01 23:22:14,317 - INFO - ✅ Downloaded: hu/Részletrajzok/Elemrajzok (DWG, PDF)/Mélyépítés/Kábelcsatorna/KCS elválasztó egyenes elöl/KCS elválasztó egyenes elöl.pdf
2025-07-01 23:22:14,317 - INFO - ✅ Downloaded: hu/Részletrajzok/Elemrajzok (DWG, PDF)/Környezettechnika/Olajelválasztók PDF/LOL SUPER 6 30 P zapor tulfolyoval melleklet PDF/LOL SUPER 6 30 P zapor tulfolyoval melleklet PDF.pdf
2025-07-01 23:22:15,063 - INFO - ✅ Downloaded: hu/Részletrajzok/Csomópontok/Kéregelemes födém részletrajzok/dwg/p02a-kpanel-koszoru2/p02a-kpanel-koszoru2.pdf
2025-07-01 23:22:15,525 - INFO - HTTP Request: GET https://www.leier.hu/hu/dokumentumtar/2365 "HTTP/1.1 200 OK"
2025-07-01 23:22:15,540 - INFO - HTTP Request: GET https://www.leier.hu/hu/dokumentumtar/2055 "HTTP/1.1 200 OK"
2025-07-01 23:22:15,543 - INFO - HTTP Request: GET https://www.leier.hu/hu/dokumentumtar/2626 "HTTP/1.1 200 OK"
2025-07-01 23:22:15,575 - INFO - HTTP Request: GET https://www.leier.hu/hu/dokumentumtar/1897 "HTTP/1.1 200 OK"
2025-07-01 23:22:15,581 - INFO - ✅ Downloaded: hu/Részletrajzok/Csomópontok/Kéregfal részletrajzok/pdf/e07-kulso-fodemcsat/e07-kulso-fodemcsat.pdf
2025-07-01 23:22:15,917 - INFO - ✅ Downloaded: hu/Teljesítménynyilatkozatok/Magasépítési termékek/Előregyártott lépcsők/Előregyártott lépcső - Győr - Teljesítménynyilatkozat LE GY14843-02/Előregyártott lépcső - Győr - Teljesítménynyilatkozat LE GY14843-02.pdf
2025-07-01 23:22:15,918 - INFO - HTTP Request: GET https://www.leier.hu/hu/dokumentumtar/2443 "HTTP/1.1 200 OK"
2025-07-01 23:22:16,226 - INFO - ✅ Downloaded: hu/Részletrajzok/Csomópontok/Fal részletrajzok/dwg/f05-zsaluko-labazat/f05-zsaluko-labazat.pdf
2025-07-01 23:22:16,527 - INFO - ✅ Downloaded: hu/Prospektusok/Leier Árokburkoló elem - Prospektus/Leier Árokburkoló elem - Prospektus.pdf
2025-07-01 23:22:16,868 - INFO - ✅ Downloaded: hu/Részletrajzok/Csomópontok/Leier Durisol zajárnyékoló falak/DWG/Leier Durisol falazóblokk geometria/Leier Durisol falazóblokk geometria.pdf
2025-07-01 23:22:17,132 - INFO - HTTP Request: GET https://www.leier.hu/hu/dokumentumtar/2970 "HTTP/1.1 200 OK"
2025-07-01 23:22:17,156 - INFO - ✅ Downloaded: hu/Részletrajzok/Elemrajzok (DWG, PDF)/Mélyépítés/Átemelőakna elemek/AFE_240_190 LG - Átemelő fenékelem gumigyűrűs/AFE_240_190 LG - Átemelő fenékelem gumigyűrűs.pdf
2025-07-01 23:22:17,420 - INFO - HTTP Request: GET https://www.leier.hu/hu/dokumentumtar/3529 "HTTP/1.1 200 OK"
2025-07-01 23:22:17,421 - INFO - HTTP Request: GET https://www.leier.hu/hu/dokumentumtar/3053 "HTTP/1.1 200 OK"
2025-07-01 23:22:17,422 - INFO - HTTP Request: GET https://www.leier.hu/hu/dokumentumtar/2494 "HTTP/1.1 200 OK"
2025-07-01 23:22:17,426 - INFO - ✅ Downloaded: hu/Részletrajzok/Csomópontok/Tető részletrajzok/pdf/t03-felnyereg-falcs/t03-felnyereg-falcs.pdf
2025-07-01 23:22:17,708 - INFO - HTTP Request: GET https://www.leier.hu/hu/dokumentumtar/3352 "HTTP/1.1 200 OK"
2025-07-01 23:22:17,715 - INFO - ✅ Downloaded: hu/Részletrajzok/Elemrajzok (DWG, PDF)/Környezettechnika/Olajelválasztók PDF/LOL SUPER 15 150 KF zapor tulfolyoval melleklet PDF/LOL SUPER 15 150 KF zapor tulfolyoval melleklet PDF.pdf
2025-07-01 23:22:17,994 - INFO - ✅ Downloaded: hu/Részletrajzok/Elemrajzok (DWG, PDF)/Mélyépítés/Előfej támfalelemek/TFE 50 - Támfalelem metszet/TFE 50 - Támfalelem metszet.pdf
2025-07-01 23:22:18,263 - INFO - ✅ Downloaded: hu/Részletrajzok/Elemrajzok (DWG, PDF)/Környezettechnika/Olajelválasztók DWG/LOL SUPER 200 max P melléklet/LOL SUPER 200 max P melle_klet.pdf
2025-07-01 23:22:18,533 - INFO - HTTP Request: GET https://www.leier.hu/hu/dokumentumtar/2253 "HTTP/1.1 200 OK"
2025-07-01 23:22:18,559 - INFO - ✅ Downloaded: hu/Termékadatlapok/Kéményrendszerek/LK kéményrendszer - Termékadatlap/LK kéményrendszer - Termékadatlap.pdf
2025-07-01 23:22:18,827 - INFO - HTTP Request: GET https://www.leier.hu/hu/dokumentumtar/3174 "HTTP/1.1 200 OK"
2025-07-01 23:22:18,829 - INFO - HTTP Request: GET https://www.leier.hu/hu/dokumentumtar/3287 "HTTP/1.1 200 OK"
2025-07-01 23:22:18,847 - INFO - ✅ Downloaded: hu/Részletrajzok/Elemrajzok (DWG, PDF)/Mélyépítés/Keretelemek/LKE 150 - 150 - 133 - Keret előfej végelem - hosszmetszet/LKE 150 - 150 - 133 - Keret előfej végelem - hosszmetszet.pdf
2025-07-01 23:22:19,139 - INFO - HTTP Request: GET https://www.leier.hu/hu/dokumentumtar/2367 "HTTP/1.1 200 OK"
2025-07-01 23:22:19,140 - INFO - HTTP Request: GET https://www.leier.hu/hu/dokumentumtar/2485 "HTTP/1.1 200 OK"
2025-07-01 23:22:19,145 - INFO - ✅ Downloaded: hu/Részletrajzok/Elemrajzok (DWG, PDF)/Mélyépítés/Vízelnyelőakna elemek/V FE 50 10 L - Víznyelő felsőelem függőleges metszet/V FE 50 10 L - Víznyelő felsőelem függőleges metszet.pdf
2025-07-01 23:22:19,456 - INFO - ✅ Downloaded: hu/Részletrajzok/Csomópontok/Fal részletrajzok/dwg/f04a-kulso-nyilaszaro1/f04a-kulso-nyilaszaro1.pdf
2025-07-01 23:22:19,717 - INFO - ✅ Downloaded: hu/Részletrajzok/Csomópontok/Tető részletrajzok/pdf/t09b-falcsat-fem/t09b-falcsat-fem.pdf
2025-07-01 23:22:20,076 - INFO - HTTP Request: GET https://www.leier.hu/hu/dokumentumtar/3497 "HTTP/1.1 200 OK"
2025-07-01 23:22:20,110 - INFO - ✅ Downloaded: hu/Részletrajzok/Elemrajzok (DWG, PDF)/Környezettechnika/Olajelválasztók PDF/LOL SUPER 50 NF melleklet PDF/LOL SUPER 50 NF melleklet PDF.pdf
2025-07-01 23:22:20,384 - INFO - HTTP Request: GET https://www.leier.hu/hu/dokumentumtar/4104 "HTTP/1.1 200 OK"
2025-07-01 23:22:20,385 - INFO - HTTP Request: GET https://www.leier.hu/hu/dokumentumtar/2142 "HTTP/1.1 200 OK"
2025-07-01 23:22:20,386 - INFO - HTTP Request: GET https://www.leier.hu/hu/dokumentumtar/2706 "HTTP/1.1 200 OK"
2025-07-01 23:22:20,387 - INFO - HTTP Request: GET https://www.leier.hu/hu/dokumentumtar/2913 "HTTP/1.1 200 OK"
2025-07-01 23:22:20,390 - INFO - ✅ Downloaded: hu/Termékadatlapok/Magasépítési termékek/Tégla termékek/LeierPlan vékonyágyas falazóhabarcs adatlap.pdf/LeierPlan vékonyágyas falazóhabarcs adatlap.pdf
2025-07-01 23:22:20,653 - INFO - ✅ Downloaded: hu/Részletrajzok/Csomópontok/Mélyépítési részletrajzok/pln/c04-vegyes-csaphornyos/c04-vegyes-csaphornyos.pdf
2025-07-01 23:22:20,956 - INFO - ✅ Downloaded: hu/Részletrajzok/Elemrajzok (DWG, PDF)/Mélyépítés/Árokburkoló- és árokelemek/ÁBE F 20_30 - 100L - fedlap - felülnézet/ÁBE F 20_30 - 100L - fedlap - felülnézet.pdf
2025-07-01 23:22:21,300 - INFO - ✅ Downloaded: hu/Teljesítménynyilatkozatok/Mély- és vasútépítés, környezettechnika/Mélyépítés/Rézsűsurrantó elem NMÉ előlap - Jánosháza/Rézsűsurrantó elem NMÉ előlap - Jánosháza.pdf
2025-07-01 23:22:21,676 - INFO - HTTP Request: GET https://www.leier.hu/hu/dokumentumtar/3953 "HTTP/1.1 200 OK"
2025-07-01 23:22:21,694 - INFO - ✅ Downloaded: at/Allgemeine Hinweise/Allg. Hinweise zu Tausalz/Allg. Hinweise zu Tausalz
2025-07-01 23:22:21,973 - INFO - HTTP Request: GET https://www.leier.hu/hu/dokumentumtar/2574 "HTTP/1.1 200 OK"
2025-07-01 23:22:21,975 - INFO - HTTP Request: GET https://www.leier.hu/hu/dokumentumtar/2782 "HTTP/1.1 200 OK"
2025-07-01 23:22:21,975 - INFO - HTTP Request: GET https://www.leier.hu/hu/dokumentumtar/2953 "HTTP/1.1 200 OK"
2025-07-01 23:22:21,977 - INFO - HTTP Request: GET https://www.leier.hu/hu/dokumentumtar/2795 "HTTP/1.1 200 OK"
2025-07-01 23:22:21,983 - INFO - ✅ Downloaded: hu/Részletrajzok/Csomópontok/Födém részletrajzok/dwg/m02a-mesterf-koszoru2/m02a-mesterf-koszoru2.pdf
2025-07-01 23:22:22,259 - INFO - ✅ Downloaded: hu/Részletrajzok/Csomópontok/Előregyártott lépcső részletrajzok/pdf/p09-egy-lepcso1/p09-egy-lepcso1.pdf
2025-07-01 23:22:22,524 - INFO - ✅ Downloaded: hu/Részletrajzok/Elemrajzok (DWG, PDF)/Mélyépítés/Átemelőakna elemek/AGY_200_100 LG - Átemelő gyűrű gumigyűrűs/AGY_200_100 LG - Átemelő gyűrű gumigyűrűs.pdf
2025-07-01 23:22:22,917 - INFO - HTTP Request: GET https://www.leier.hu/hu/dokumentumtar/4092 "HTTP/1.1 200 OK"
2025-07-01 23:22:22,919 - INFO - HTTP Request: GET https://www.leier.hu/hu/dokumentumtar/3396 "HTTP/1.1 200 OK"
2025-07-01 23:22:22,920 - INFO - HTTP Request: GET https://www.leier.hu/hu/dokumentumtar/2711 "HTTP/1.1 200 OK"
2025-07-01 23:22:22,923 - INFO - ✅ Downloaded: hu/Termékadatlapok/Magasépítési termékek/Tégla termékek/LeierFix építési ragasztó adatlap.pdf/LeierFix építési ragasztó adatlap.pdf
2025-07-01 23:22:23,226 - INFO - HTTP Request: GET https://www.leier.hu/hu/dokumentumtar/3930 "HTTP/1.1 200 OK"
2025-07-01 23:22:23,232 - INFO - ✅ Downloaded: hu/Részletrajzok/Csomópontok/Mélyépítési részletrajzok/asc/leier-c05-nagyatmero-csaphor/leier-c05-nagyatmero-csaphor.pdf
2025-07-01 23:22:23,232 - INFO - ✅ Downloaded: hu/Részletrajzok/Elemrajzok (DWG, PDF)/Környezettechnika/Olajelválasztók DWG/LOL SUPER 50 KF melléklet/LOL SUPER 50 KF melle_klet.pdf
2025-07-01 23:22:23,775 - INFO - ✅ Downloaded: at/Aufbauanleitungen/Aufbauanleitung Durisol Weinlagerstein/Aufbauanleitung Durisol Weinlagerstein.pdf
2025-07-01 23:22:24,064 - INFO - ✅ Downloaded: hu/LeierPress/Leier Újság 2010/Leier Újság 2010.pdf
2025-07-01 23:22:24,501 - INFO - HTTP Request: GET https://www.leier.hu/hu/dokumentumtar/3936 "HTTP/1.1 200 OK"
2025-07-01 23:22:24,527 - INFO - HTTP Request: GET https://www.leier.hu/hu/dokumentumtar/3525 "HTTP/1.1 200 OK"
2025-07-01 23:22:24,544 - INFO - HTTP Request: GET https://www.leier.hu/hu/dokumentumtar/2131 "HTTP/1.1 404 Not Found"
2025-07-01 23:22:24,560 - INFO - HTTP Request: GET https://www.leier.hu/hu/dokumentumtar/1854 "HTTP/1.1 200 OK"
2025-07-01 23:22:24,561 - INFO - HTTP Request: GET https://www.leier.hu/hu/dokumentumtar/4052 "HTTP/1.1 200 OK"
2025-07-01 23:22:24,563 - INFO - ✅ Downloaded: at/Verarbeitungsinfos/Verarbeitungsinfo Böschungssteine/Verarbeitungsinfo Böschungssteine.pdf
2025-07-01 23:22:24,876 - ERROR - ❌ Failed to download https://www.leier.hu/hu/dokumentumtar/2131: Client error '404 Not Found' for url 'https://www.leier.hu/hu/dokumentumtar/2131'
For more information check: https://developer.mozilla.org/en-US/docs/Web/HTTP/Status/404
2025-07-01 23:22:25,160 - INFO - ✅ Downloaded: hu/Részletrajzok/Elemrajzok (DWG, PDF)/Környezettechnika/Olajelválasztók PDF/LOL SUPER 20 max P melleklet PDF/LOL SUPER 20 max P melleklet PDF.pdf
2025-07-01 23:22:25,529 - INFO - HTTP Request: GET https://www.leier.hu/hu/dokumentumtar/2161 "HTTP/1.1 200 OK"
2025-07-01 23:22:25,533 - INFO - HTTP Request: GET https://www.leier.hu/hu/dokumentumtar/2536 "HTTP/1.1 200 OK"
2025-07-01 23:22:25,559 - INFO - HTTP Request: GET https://www.leier.hu/hu/dokumentumtar/3106 "HTTP/1.1 200 OK"
2025-07-01 23:22:25,604 - INFO - ✅ Downloaded: hu/Teljesítménynyilatkozatok/Előregyártott pillérek, gerendák/Előregyártott vasbeton lineáris szerkezeti elemek - Teljesítménynyilatkozat LE JS13225-02/Előregyártott vasbeton lineáris szerkezeti elemek - Teljesítménynyilatkozat LE JS13225-02.pdf
2025-07-01 23:22:25,988 - INFO - ✅ Downloaded: hu/Részletrajzok/Csomópontok/Kémény részletrajzok/pdf/k042-kemeny-tetoatvez2/k042-kemeny-tetoatvez2.pdf
2025-07-01 23:22:26,389 - INFO - ✅ Downloaded: hu/Részletrajzok/Elemrajzok (DWG, PDF)/Mélyépítés/Előfej támfalelemek/LEF 30 1 1.5 előfej/LEF 30 1 1.5 előfej
2025-07-01 23:22:26,730 - INFO - ✅ Downloaded: at/Prospekte/Leier Kamine/Leier Kamine.pdf
2025-07-01 23:22:27,214 - INFO - HTTP Request: GET https://www.leier.hu/hu/dokumentumtar/3362 "HTTP/1.1 200 OK"
2025-07-01 23:22:27,227 - INFO - HTTP Request: GET https://www.leier.hu/hu/dokumentumtar/4163 "HTTP/1.1 200 OK"
2025-07-01 23:22:27,245 - INFO - ✅ Downloaded: hu/Részletrajzok/Elemrajzok (DWG, PDF)/Környezettechnika/Olajelválasztók DWG/LOL SUPER 125 P melléklet/LOL SUPER 125 P melle_klet.pdf
2025-07-01 23:22:27,580 - INFO - HTTP Request: GET https://www.leier.hu/hu/dokumentumtar/2996 "HTTP/1.1 200 OK"
2025-07-01 23:22:27,581 - INFO - HTTP Request: GET https://www.leier.hu/hu/dokumentumtar/2240 "HTTP/1.1 200 OK"
2025-07-01 23:22:27,589 - INFO - ✅ Downloaded: hu/Éves energetikai szakreferensi riportok/Éves energetikai szakreferensi riport 2024 Leier Hungária Kft./Éves energetikai szakreferensi riport 2024 Leier Hungária Kft..pdf
2025-07-01 23:22:27,892 - INFO - ✅ Downloaded: hu/Részletrajzok/Elemrajzok (DWG, PDF)/Mélyépítés/Betoncsövek/TOTA 100 200L - Tokos talpas betoncső tokosmetszet/TOTA 100 200L - Tokos talpas betoncső tokosmetszet.pdf
2025-07-01 23:22:28,216 - INFO - ✅ Downloaded: hu/Termékadatlapok/Magasépítési termékek/Durisol falazóelemek/Durisol hőszigetelt falazóelem DSs 30/12 - Termékadatlap/Durisol hőszigetelt falazóelem DSs 30_12 - Termékadatlap.pdf
2025-07-01 23:22:28,588 - INFO - HTTP Request: GET https://www.leier.hu/hu/dokumentumtar/3315 "HTTP/1.1 200 OK"
2025-07-01 23:22:28,607 - INFO - ✅ Downloaded: hu/Részletrajzok/Elemrajzok (DWG, PDF)/Környezettechnika/Iszapfogók DWG/LIF 200 230L Iszapfogó - vízszintes metszet/LIF 200 230L Iszapfogó - vízszintes metszet.pdf
2025-07-01 23:22:28,908 - INFO - HTTP Request: GET https://www.leier.hu/hu/dokumentumtar/3917 "HTTP/1.1 200 OK"
2025-07-01 23:22:28,915 - INFO - ✅ Downloaded: at/Aufbauanleitungen/Aufbauanleitung Durisol Hochbeet U-Form/Aufbauanleitung Durisol Hochbeet U-Form.pdf
2025-07-01 23:22:29,196 - INFO - HTTP Request: GET https://www.leier.hu/hu/dokumentumtar/3008 "HTTP/1.1 200 OK"
2025-07-01 23:22:29,198 - INFO - ✅ Downloaded: hu/LeierPress/LeierPress 2024/LeierPress 2024.pdf
2025-07-01 23:22:29,546 - INFO - HTTP Request: GET https://www.leier.hu/hu/dokumentumtar/3303 "HTTP/1.1 200 OK"
2025-07-01 23:22:29,550 - INFO - ✅ Downloaded: hu/Részletrajzok/Elemrajzok (DWG, PDF)/Mélyépítés/Betoncsövek/TA 80 100 - Talpas betoncső keresztmetszet/TA 80 100 - Talpas betoncső keresztmetszet.pdf
2025-07-01 23:22:29,551 - INFO - ✅ Downloaded: hu/Részletrajzok/Elemrajzok (DWG, PDF)/Mélyépítés/Vízelnyelőakna elemek/VAFE/VAFE.pdf
2025-07-01 23:22:30,096 - INFO - HTTP Request: GET https://www.leier.hu/hu/dokumentumtar/3570 "HTTP/1.1 200 OK"
2025-07-01 23:22:30,127 - INFO - ✅ Downloaded: hu/Részletrajzok/Elemrajzok (DWG, PDF)/Durisol zajárnyékolás/Durisol panel 496 100 hálós - Elölnézet/Durisol panel 496 100 hálós - Elölnézet.pdf
2025-07-01 23:22:30,392 - INFO - HTTP Request: GET https://www.leier.hu/hu/dokumentumtar/3722 "HTTP/1.1 200 OK"
2025-07-01 23:22:30,393 - INFO - HTTP Request: GET https://www.leier.hu/hu/dokumentumtar/1957 "HTTP/1.1 200 OK"
2025-07-01 23:22:30,397 - INFO - ✅ Downloaded: hu/Teljesítménynyilatkozatok/Magasépítési termékek/Tégla termékek/Devecser - CE-tanúsítványok/LeierPLAN/CE - LeierPLAN 44 iSO - DE/CE - LeierPLAN 44 iSO - DE.pdf
2025-07-01 23:22:30,664 - INFO - HTTP Request: GET https://www.leier.hu/hu/dokumentumtar/2011 "HTTP/1.1 200 OK"
2025-07-01 23:22:30,664 - INFO - HTTP Request: GET https://www.leier.hu/hu/dokumentumtar/2581 "HTTP/1.1 200 OK"
2025-07-01 23:22:30,668 - ERROR - ❌ Failed to download https://www.leier.hu/hu/dokumentumtar/2011: [Errno 2] No such file or directory: 'C:\\Users\\Admin\\.cursor\\Lambda\\src\\backend\\src\\downloads\\leier_materials_api\\documents\\hu\\Teljesítménynyilatkozatok\\Magasépítési termékek\\Tégla termékek\\Devecser - Teljesítménynyilatkozatok\\Leiertherm\\Teljesítménynyilatkozat - Leiertherm 38 N_F - DE  LE DE771-1-02-03.pdf'
2025-07-01 23:22:30,930 - INFO - ✅ Downloaded: hu/Részletrajzok/Csomópontok/Födém részletrajzok/pdf/m031-mesterf-belsokosz.pdf/m031-mesterf-belsokosz.pdf
2025-07-01 23:22:31,268 - INFO - ✅ Downloaded: hu/Alkalmazástechnikák, Beépítési útmutatók/Leier tömör vasbeton födém beépítési útmutató/Leier tömör vasbeton födém beépítési útmutató.pdf
2025-07-01 23:22:31,539 - INFO - HTTP Request: GET https://www.leier.hu/hu/dokumentumtar/2869 "HTTP/1.1 200 OK"
2025-07-01 23:22:31,540 - INFO - HTTP Request: GET https://www.leier.hu/hu/dokumentumtar/2157 "HTTP/1.1 200 OK"
2025-07-01 23:22:31,541 - INFO - HTTP Request: GET https://www.leier.hu/hu/dokumentumtar/3499 "HTTP/1.1 200 OK"
2025-07-01 23:22:31,547 - INFO - HTTP Request: GET https://www.leier.hu/hu/dokumentumtar/2288 "HTTP/1.1 200 OK"
2025-07-01 23:22:31,553 - INFO - ✅ Downloaded: hu/Szerelési útmutatók/Lépcső | Treppe/Teljesítménynyilatkozat | Leistungserklärung/HU/Lépcső Jánossomorja Teljesítménynyilatkozat/Lépcső Jánossomorja Teljesítménynyilatkozat.pdf
2025-07-01 23:22:31,845 - INFO - ✅ Downloaded: hu/Teljesítménynyilatkozatok/Mély- és vasútépítés, környezettechnika/Vasútépítés/Teljesítménynyilatkozat - Kábelcsatorna - LE JHLKCS-01/Teljesítménynyilatkozat - Kábelcsatorna - LE JHLKCS-01.pdf
2025-07-01 23:22:31,845 - INFO - ✅ Downloaded: hu/Termékadatlapok/Kertépítés, díszburkolat/Kerti lapok/FACELIFT lapok termékadatlap/FACELIFT lapok termékadatlap.pdf
2025-07-01 23:22:32,523 - INFO - ✅ Downloaded: hu/Részletrajzok/Elemrajzok (DWG, PDF)/Környezettechnika/Olajelválasztók PDF/LOL SUPER 50 max NF melleklet PDF/LOL SUPER 50 max NF melleklet PDF.pdf
2025-07-01 23:22:32,986 - INFO - HTTP Request: GET https://www.leier.hu/hu/dokumentumtar/3415 "HTTP/1.1 200 OK"
2025-07-01 23:22:33,013 - INFO - ✅ Downloaded: hu/Részletrajzok/Elemrajzok (DWG, PDF)/Környezettechnika/Olajelválasztók DWG/LOL SUPER 25 KF melléklet/LOL SUPER 25 KF melle_klet.pdf
2025-07-01 23:22:33,502 - INFO - HTTP Request: GET https://www.leier.hu/hu/dokumentumtar/3765 "HTTP/1.1 200 OK"
2025-07-01 23:22:33,506 - INFO - HTTP Request: GET https://www.leier.hu/hu/dokumentumtar/2915 "HTTP/1.1 200 OK"
2025-07-01 23:22:33,507 - INFO - HTTP Request: GET https://www.leier.hu/hu/dokumentumtar/1892 "HTTP/1.1 200 OK"
2025-07-01 23:22:33,508 - INFO - HTTP Request: GET https://www.leier.hu/hu/dokumentumtar/2792 "HTTP/1.1 200 OK"
2025-07-01 23:22:33,516 - INFO - ✅ Downloaded: hu/Termékadatlapok/Kertépítés, díszburkolat/Térkövek/Leier Kaiserstein TAVERNA GIGANT térkő termékadatlap/Leier Kaiserstein TAVERNA GIGANT térkő termékadatlap.pdf
2025-07-01 23:22:34,041 - INFO - ✅ Downloaded: hu/Részletrajzok/Elemrajzok (DWG, PDF)/Mélyépítés/Árokburkoló- és árokelemek/ÁBE 40_50 - 200L - árokburkoló elem - keresztmetszet/ÁBE 40_50 - 200L - árokburkoló elem - keresztmetszet.pdf
2025-07-01 23:22:34,435 - INFO - HTTP Request: GET https://www.leier.hu/hu/dokumentumtar/3140 "HTTP/1.1 200 OK"
2025-07-01 23:22:34,442 - INFO - ✅ Downloaded: hu/Prospektusok/Leier Durisol magaságyás - Prospektus/Leier Durisol magaságyás - Prospektus.pdf
2025-07-01 23:22:34,743 - INFO - HTTP Request: GET https://www.leier.hu/hu/dokumentumtar/3716 "HTTP/1.1 200 OK"
2025-07-01 23:22:34,744 - INFO - HTTP Request: GET https://www.leier.hu/hu/dokumentumtar/3710 "HTTP/1.1 200 OK"
2025-07-01 23:22:34,753 - INFO - ✅ Downloaded: hu/Részletrajzok/Elemrajzok (DWG, PDF)/Mélyépítés/Kábelcsatorna/KCS fedlap egyenes elöl/KCS fedlap egyenes elöl.pdf
2025-07-01 23:22:35,072 - INFO - ✅ Downloaded: hu/Prospektusok/Leier előregyártott padlóelem állattartáshoz - Prospektus/Leier előregyártott padlóelem állattartáshoz - Prospektus.pdf
2025-07-01 23:22:35,519 - INFO - HTTP Request: GET https://www.leier.hu/hu/dokumentumtar/1954 "HTTP/1.1 200 OK"
2025-07-01 23:22:35,520 - INFO - ✅ Downloaded: hu/LeierPress/LeierPress 2017/LeierPress 2017.pdf
2025-07-01 23:22:35,889 - INFO - HTTP Request: GET https://www.leier.hu/hu/dokumentumtar/3327 "HTTP/1.1 200 OK"
2025-07-01 23:22:35,894 - INFO - HTTP Request: GET https://www.leier.hu/hu/dokumentumtar/3480 "HTTP/1.1 200 OK"
2025-07-01 23:22:35,906 - INFO - ✅ Downloaded: hu/Teljesítménynyilatkozatok/Magasépítési termékek/Tégla termékek/Devecser - CE-tanúsítványok/LeierPLAN/CE - LeierPLAN 25 N+F - DE/CE - LeierPLAN 25 N_F - DE.pdf
2025-07-01 23:22:36,326 - INFO - ✅ Downloaded: hu/Részletrajzok/Elemrajzok (DWG, PDF)/Környezettechnika/Olajelválasztók PDF/LOL SUPER 80 P melleklet PDF/LOL SUPER 80 P melleklet PDF.pdf
2025-07-01 23:22:36,677 - INFO - ✅ Downloaded: hu/Részletrajzok/Elemrajzok (DWG, PDF)/Környezettechnika/Zsírleválasztók DWG/LZS 4 Zsírleválasztó - vízszintes metszet/LZS 4 Zsírleválasztó - vízszintes metszet.pdf
2025-07-01 23:22:37,026 - INFO - HTTP Request: GET https://www.leier.hu/hu/dokumentumtar/2462 "HTTP/1.1 200 OK"
2025-07-01 23:22:37,029 - INFO - ✅ Downloaded: hu/Részletrajzok/Csomópontok/Leier Durisol Magasépítő falazórendszer/Belső, 25 cm magas áthidaló kialakítása DM 25-16/Belső_ 25 cm magas áthidaló kialakítása DM 25-16.pdf
2025-07-01 23:22:37,353 - INFO - HTTP Request: GET https://www.leier.hu/hu/dokumentumtar/2146 "HTTP/1.1 200 OK"
2025-07-01 23:22:37,355 - INFO - HTTP Request: GET https://www.leier.hu/hu/dokumentumtar/4118 "HTTP/1.1 200 OK"
2025-07-01 23:22:37,357 - INFO - HTTP Request: GET https://www.leier.hu/hu/dokumentumtar/2969 "HTTP/1.1 200 OK"
2025-07-01 23:22:37,375 - INFO - ✅ Downloaded: hu/Termékadatlapok/Magasépítési termékek/Tégla termékek/Leiertherm kisméretű kevéslyukú tégla adatlap.pdf/Leiertherm kisméretű kevéslyukú tégla adatlap.pdf
2025-07-01 23:22:37,720 - INFO - ✅ Downloaded: hu/Teljesítménynyilatkozatok/Mély- és vasútépítés, környezettechnika/Környezettechnika/Olajleválasztó - Jánossomorja - Teljesítménynyilatkozat LE JS858-1-01/Olajleválasztó - Jánossomorja - Teljesítménynyilatkozat LE JS858-1-01.pdf
2025-07-01 23:22:37,989 - INFO - ✅ Downloaded: hu/Részletrajzok/Elemrajzok (DWG, PDF)/Mélyépítés/Átemelőakna elemek/AFE_240_215 LG - Átemelő fenékelem gumigyűrűs/AFE_240_215 LG - Átemelő fenékelem gumigyűrűs.pdf
2025-07-01 23:22:38,379 - INFO - HTTP Request: GET https://www.leier.hu/hu/dokumentumtar/2041 "HTTP/1.1 200 OK"
2025-07-01 23:22:38,386 - INFO - HTTP Request: GET https://www.leier.hu/hu/dokumentumtar/3796 "HTTP/1.1 200 OK"
2025-07-01 23:22:38,391 - INFO - HTTP Request: GET https://www.leier.hu/hu/dokumentumtar/3406 "HTTP/1.1 200 OK"
2025-07-01 23:22:38,392 - INFO - ✅ Downloaded: at/Verlegemuster/Verlegemuster Dorfplatz Pflaster/Verlegemuster Dorfplatz Pflaster.pdf
2025-07-01 23:22:38,671 - INFO - HTTP Request: GET https://www.leier.hu/hu/dokumentumtar/2455 "HTTP/1.1 200 OK"
2025-07-01 23:22:38,676 - ERROR - ❌ Failed to download https://www.leier.hu/hu/dokumentumtar/2041: [Errno 2] No such file or directory: 'C:\\Users\\Admin\\.cursor\\Lambda\\src\\backend\\src\\downloads\\leier_materials_api\\documents\\hu\\Teljesítménynyilatkozatok\\Magasépítési termékek\\Tégla termékek\\Mátraderecske - Teljesítménynyilatkozatok\\Teljesítménynyilatkozat - Leiertherm 45 N_F - MD LE MD771-1-01-04.pdf'
2025-07-01 23:22:38,940 - INFO - ✅ Downloaded: hu/Részletrajzok/Elemrajzok (DWG, PDF)/Környezettechnika/Olajelválasztók DWG/LOL SUPER 30 max NF melléklet/LOL SUPER 30 max NF melle_klet.pdf
2025-07-01 23:22:39,257 - INFO - ✅ Downloaded: hu/Részletrajzok/Csomópontok/Leier Durisol zajárnyékoló falak/PDF/DSi 25 13 - W alap/DSi 25 13 - W alap.pdf
2025-07-01 23:22:39,572 - INFO - HTTP Request: GET https://www.leier.hu/hu/dokumentumtar/2110 "HTTP/1.1 200 OK"
2025-07-01 23:22:39,580 - INFO - ✅ Downloaded: hu/Teljesítménynyilatkozatok/Kertépítés, díszburkolat/Kerti termékek - Jánossomorja - Teljesítménynyilatkozat - LE JS13198-01/Kerti termékek - Jánossomorja - Teljesítménynyilatkozat - LE JS13198-01.pdf
2025-07-01 23:22:39,973 - INFO - HTTP Request: GET https://www.leier.hu/hu/dokumentumtar/2014 "HTTP/1.1 200 OK"
2025-07-01 23:22:39,990 - INFO - HTTP Request: GET https://www.leier.hu/hu/dokumentumtar/3351 "HTTP/1.1 200 OK"
2025-07-01 23:22:39,991 - INFO - HTTP Request: GET https://www.leier.hu/hu/dokumentumtar/3964 "HTTP/1.1 200 OK"
2025-07-01 23:22:39,993 - INFO - HTTP Request: GET https://www.leier.hu/hu/dokumentumtar/3566 "HTTP/1.1 200 OK"
2025-07-01 23:22:40,005 - INFO - ✅ Downloaded: hu/Teljesítménynyilatkozatok/Magasépítési termékek/Tégla termékek/Mátraderecske - CE-tanúsítványok/CE - Leiertherm AKU 30 HT - MD/CE - Leiertherm AKU 30 HT - MD.pdf
2025-07-01 23:22:40,314 - INFO - ✅ Downloaded: hu/Részletrajzok/Elemrajzok (DWG, PDF)/Környezettechnika/Olajelválasztók DWG/LOL SUPER 200 P melléklet/LOL SUPER 200 P melle_klet.pdf
2025-07-01 23:22:40,596 - INFO - ✅ Downloaded: hu/Részletrajzok/Elemrajzok (DWG, PDF)/Durisol zajárnyékolás/Durisol panel 496 450 egyedi - Elölnézet/Durisol panel 496 450 egyedi - Elölnézet.pdf
2025-07-01 23:22:40,869 - INFO - ✅ Downloaded: at/Verarbeitungsinfos/VÖB-FQP/VOEB-FQP_Anleitung Verlegung Platten_08-2019.pdf/VOEB-FQP_Anleitung Verlegung Platten_08-2019.pdf
2025-07-01 23:22:41,138 - INFO - HTTP Request: GET https://www.leier.hu/hu/dokumentumtar/4022 "HTTP/1.1 200 OK"
2025-07-01 23:22:41,148 - INFO - ✅ Downloaded: at/Verarbeitungsinfos/Verarbeitungsinfo Kartäuser Mauer/Verarbeitungsinfo Kartäuser Mauer.pdf
2025-07-01 23:22:41,412 - INFO - HTTP Request: GET https://www.leier.hu/hu/dokumentumtar/2044 "HTTP/1.1 200 OK"
2025-07-01 23:22:41,416 - ERROR - ❌ Failed to download https://www.leier.hu/hu/dokumentumtar/2044: [Errno 2] No such file or directory: 'C:\\Users\\Admin\\.cursor\\Lambda\\src\\backend\\src\\downloads\\leier_materials_api\\documents\\hu\\Teljesítménynyilatkozatok\\Magasépítési termékek\\Tégla termékek\\Mátraderecske - Teljesítménynyilatkozatok\\Teljesítménynyilatkozat - Leiertherm 30 N_F - MD LE MD771-1-03-04.pdf'
2025-07-01 23:22:41,689 - INFO - HTTP Request: GET https://www.leier.hu/hu/dokumentumtar/3221 "HTTP/1.1 200 OK"
2025-07-01 23:22:41,718 - INFO - ✅ Downloaded: hu/Részletrajzok/Elemrajzok (DWG, PDF)/Mélyépítés/Tisztítóakna elemek/Aknagyűrűk/AGY 80 - 100 L - Aknagyűrű - függőleges metszet/AGY 80 - 100 L - Aknagyűrű - függőleges metszet.pdf
2025-07-01 23:22:41,982 - INFO - HTTP Request: GET https://www.leier.hu/hu/dokumentumtar/3433 "HTTP/1.1 200 OK"
2025-07-01 23:22:41,984 - INFO - HTTP Request: GET https://www.leier.hu/hu/dokumentumtar/2447 "HTTP/1.1 200 OK"
2025-07-01 23:22:41,988 - INFO - ✅ Downloaded: hu/Részletrajzok/Elemrajzok (DWG, PDF)/Környezettechnika/Olajelválasztók DWG/LOL SUPER 10 max NF melléklet/LOL SUPER 10 max NF melle_klet.pdf
2025-07-01 23:22:42,254 - INFO - HTTP Request: GET https://www.leier.hu/hu/dokumentumtar/3425 "HTTP/1.1 200 OK"
2025-07-01 23:22:42,264 - INFO - ✅ Downloaded: hu/Részletrajzok/Csomópontok/Leier Durisol zajárnyékoló falak/PDF/Leier Durisol falazóblokk geometria/Leier Durisol falazóblokk geometria.pdf
2025-07-01 23:22:42,525 - INFO - ✅ Downloaded: hu/Alkalmazástechnikák, Beépítési útmutatók/Előregyártott betonelemek - Alkalmazástechnika/Előregyártott betonelemek - Alkalmazástechnika.pdf
2025-07-01 23:22:42,788 - INFO - ✅ Downloaded: hu/Részletrajzok/Elemrajzok (DWG, PDF)/Környezettechnika/Olajelválasztók DWG/LOL SUPER 15 NF melléklet/LOL SUPER 15 NF melle_klet.pdf
2025-07-01 23:22:43,064 - INFO - HTTP Request: GET https://www.leier.hu/hu/dokumentumtar/3861 "HTTP/1.1 200 OK"
2025-07-01 23:22:43,067 - INFO - ✅ Downloaded: hu/Teljesítménynyilatkozatok/Kertépítés, díszburkolat/Leier útépitési szegélykövek -Teljesítménynyilatkozat-NR LE HU1340(U)01/Leier útépitési szegélykövek -Teljesítménynyilatkozat-NR LE HU1340_U_01.pdf
2025-07-01 23:22:43,333 - INFO - HTTP Request: GET https://www.leier.hu/hu/dokumentumtar/2484 "HTTP/1.1 200 OK"
2025-07-01 23:22:43,336 - INFO - ✅ Downloaded: hu/Részletrajzok/Csomópontok/Tető részletrajzok/pdf/t10-szellozo/t10-szellozo.pdf
2025-07-01 23:22:43,724 - INFO - HTTP Request: GET https://www.leier.hu/hu/dokumentumtar/3468 "HTTP/1.1 200 OK"
2025-07-01 23:22:43,735 - INFO - HTTP Request: GET https://www.leier.hu/hu/dokumentumtar/4125 "HTTP/1.1 200 OK"
2025-07-01 23:22:43,748 - INFO - ✅ Downloaded: hu/Termékadatlapok/Magasépítési termékek/Beton falazóelemek/Leier beton VF12 adatlap.pdf/Leier beton VF12 adatlap.pdf
2025-07-01 23:22:44,008 - INFO - HTTP Request: GET https://www.leier.hu/hu/dokumentumtar/2865 "HTTP/1.1 200 OK"
2025-07-01 23:22:44,009 - INFO - HTTP Request: GET https://www.leier.hu/hu/dokumentumtar/2393 "HTTP/1.1 200 OK"
2025-07-01 23:22:44,010 - INFO - HTTP Request: GET https://www.leier.hu/hu/dokumentumtar/3439 "HTTP/1.1 200 OK"
2025-07-01 23:22:44,014 - INFO - ✅ Downloaded: hu/Részletrajzok/Elemrajzok (DWG, PDF)/Környezettechnika/Olajelválasztók PDF/LOL SUPER 125 NF melleklet PDF/LOL SUPER 125 NF melleklet PDF.pdf
2025-07-01 23:22:44,274 - INFO - ✅ Downloaded: hu/Részletrajzok/Csomópontok/Fal részletrajzok/pln/f06b-zsaluko-labazat/f06b-zsaluko-labazat.pdf
2025-07-01 23:22:44,552 - INFO - ✅ Downloaded: hu/Részletrajzok/Elemrajzok (DWG, PDF)/Környezettechnika/Olajelválasztók DWG/LOL SUPER 8 max KF melléklet/LOL SUPER 8 max KF melle_klet.pdf
2025-07-01 23:22:44,816 - INFO - ✅ Downloaded: hu/Szerelési útmutatók/Lépcső | Treppe/Szerelési útmutató | Montageanleitung/HU/Leier előregyártott vasbeton lépcsők beépítési útmutató/Leier előregyártott vasbeton lépcsők beépítési útmutató.pdf
2025-07-01 23:22:45,078 - INFO - HTTP Request: GET https://www.leier.hu/hu/dokumentumtar/3141 "HTTP/1.1 200 OK"
2025-07-01 23:22:45,102 - INFO - ✅ Downloaded: hu/Részletrajzok/Elemrajzok (DWG, PDF)/Mélyépítés/Kábelcsatorna/KCS elválasztó ív nagy oldal/KCS elválasztó ív nagy oldal.pdf
2025-07-01 23:22:45,364 - INFO - HTTP Request: GET https://www.leier.hu/hu/dokumentumtar/3886 "HTTP/1.1 200 OK"
2025-07-01 23:22:45,365 - INFO - HTTP Request: GET https://www.leier.hu/hu/dokumentumtar/3210 "HTTP/1.1 200 OK"
2025-07-01 23:22:45,366 - INFO - HTTP Request: GET https://www.leier.hu/hu/dokumentumtar/2507 "HTTP/1.1 200 OK"
2025-07-01 23:22:45,370 - INFO - ✅ Downloaded: hu/Részletrajzok/Csomópontok/Tető részletrajzok/asc/leier-t02-gerinc/leier-t02-gerinc.pdf
2025-07-01 23:22:45,633 - INFO - HTTP Request: GET https://www.leier.hu/hu/dokumentumtar/3224 "HTTP/1.1 200 OK"
2025-07-01 23:22:45,638 - INFO - ✅ Downloaded: hu/Részletrajzok/Elemrajzok (DWG, PDF)/Mélyépítés/Tisztítóakna elemek/Aknaszűkítő elemek/ASZ 100 - 62.5 - 40 LG - Akna szűkítő gumigyűrűs - függőleges metszet/ASZ 100 - 62.5 - 40 LG - Akna szűkítő gumigyűrűs - függőleges metszet
2025-07-01 23:22:45,905 - INFO - ✅ Downloaded: hu/Részletrajzok/Elemrajzok (DWG, PDF)/Mélyépítés/Tisztítóakna elemek/Aknagyűrűk/AGY 100 - 75 LG - Aknagyűrű gumigyűrűs - függőleges metszet/AGY 100 - 75 LG - Aknagyűrű gumigyűrűs - függőleges metszet.pdf
2025-07-01 23:22:46,171 - INFO - HTTP Request: GET https://www.leier.hu/hu/dokumentumtar/2892 "HTTP/1.1 200 OK"
2025-07-01 23:22:46,203 - INFO - ✅ Downloaded: hu/Részletrajzok/Elemrajzok (DWG, PDF)/Mélyépítés/Árokburkoló- és árokelemek/ÁE 40_35 - 50L - árokburkoló elem - hosszmetszet/ÁE 40_35 - 50L - árokburkoló elem - hosszmetszet.pdf
2025-07-01 23:22:46,467 - INFO - HTTP Request: GET https://www.leier.hu/hu/dokumentumtar/2056 "HTTP/1.1 200 OK"
2025-07-01 23:22:46,473 - INFO - ✅ Downloaded: hu/Teljesítménynyilatkozatok/Magasépítési termékek/Előregyártott lépcsők/Előregyártott lépcső - Jánossomorja - Teljesítménynyilatkozat LE JS14843-02/Előregyártott lépcső - Jánossomorja - Teljesítménynyilatkozat LE JS14843-02.pdf
2025-07-01 23:22:46,739 - INFO - HTTP Request: GET https://www.leier.hu/hu/dokumentumtar/3085 "HTTP/1.1 200 OK"
2025-07-01 23:22:46,739 - INFO - ✅ Downloaded: at/Prospekte/Leier Hochbeete, Gartensets & Dekosysteme/Leier Hochbeete_ Gartensets _ Dekosysteme.pdf
2025-07-01 23:22:47,004 - INFO - ✅ Downloaded: hu/Részletrajzok/Elemrajzok (DWG, PDF)/Mélyépítés/Előfej támfalelemek/LEF 40 - Tömbelőfej betoncsőhöz - hátulnézet/LEF 40 - Tömbelőfej betoncsőhöz - hátulnézet.pdf
2025-07-01 23:22:47,264 - INFO - HTTP Request: GET https://www.leier.hu/hu/dokumentumtar/2049 "HTTP/1.1 200 OK"
2025-07-01 23:22:47,292 - ERROR - ❌ Failed to download https://www.leier.hu/hu/dokumentumtar/2049: [Errno 2] No such file or directory: 'C:\\Users\\Admin\\.cursor\\Lambda\\src\\backend\\src\\downloads\\leier_materials_api\\documents\\hu\\Teljesítménynyilatkozatok\\Magasépítési termékek\\Tégla termékek\\Turcin - Teljesítménynyilatkozatok\\Teljesítménynyilatkozat - Leiertherm 30U_Z _Plus_- 2018\\Teljesítménynyilatkozat - Leiertherm 30U_Z _Plus_- 2018_15 1374-CPR-56-Z.pdf'
2025-07-01 23:22:47,555 - INFO - HTTP Request: GET https://www.leier.hu/hu/dokumentumtar/3279 "HTTP/1.1 200 OK"
2025-07-01 23:22:47,556 - INFO - HTTP Request: GET https://www.leier.hu/hu/dokumentumtar/3993 "HTTP/1.1 200 OK"
2025-07-01 23:22:47,557 - INFO - HTTP Request: GET https://www.leier.hu/hu/dokumentumtar/3837 "HTTP/1.1 200 OK"
2025-07-01 23:22:47,587 - INFO - ✅ Downloaded: hu/Teljesítménynyilatkozatok/Magasépítési termékek/Födémrendszerek/Födémbéléstest - Pécs - Teljesítménynyilatkozat LE PE15037-2-02/Födémbéléstest - Pécs - Teljesítménynyilatkozat LE PE15037-2-02.pdf
2025-07-01 23:22:47,852 - INFO - HTTP Request: GET https://www.leier.hu/hu/dokumentumtar/3166 "HTTP/1.1 200 OK"
2025-07-01 23:22:47,856 - INFO - ✅ Downloaded: hu/Részletrajzok/Elemrajzok (DWG, PDF)/Mélyépítés/Vasúti peronelemek/Vasúti peronelem - Előlnézet/Vasúti peronelem - Előlnézet.pdf
2025-07-01 23:22:48,118 - INFO - HTTP Request: GET https://www.leier.hu/hu/dokumentumtar/3206 "HTTP/1.1 200 OK"
2025-07-01 23:22:48,123 - INFO - ✅ Downloaded: hu/Részletrajzok/Elemrajzok (DWG, PDF)/Mélyépítés/Keretelemek/LKE 200 - 200 - 100 - Keretelem - keresztmetszet/LKE 200 - 200 - 100 - Keretelem - keresztmetszet.pdf
2025-07-01 23:22:48,388 - INFO - ✅ Downloaded: at/Preislisten/Preisliste Durisol 2024/Preisliste Durisol 2024.pdf
2025-07-01 23:22:48,670 - INFO - ✅ Downloaded: hu/Részletrajzok/Elemrajzok (DWG, PDF)/Mélyépítés/Tisztítóakna elemek/Aknaszűkítő elemek/ASZ 100 - 62.5 - 60 LG+H - Akna szűkítő gumigyűrűs hágcsóval - felülnézet/ASZ 100 - 62.5 - 60 LG_H - Akna szűkítő gumigyűrűs hágcsóval - felülnézet
2025-07-01 23:22:48,958 - INFO - HTTP Request: GET https://www.leier.hu/hu/dokumentumtar/3844 "HTTP/1.1 200 OK"
2025-07-01 23:22:48,962 - INFO - ✅ Downloaded: hu/Teljesítménynyilatkozatok/Magasépítési termékek/Tégla termékek/Mátraderecske - Teljesítménynyilatkozatok/Teljesítménynyilatkozat - Leiertherm 10 N+F LE MD771-1-07-03.pdf/Teljesítménynyilatkozat - Leiertherm 10 N_F LE MD771-1-07-03.pdf
2025-07-01 23:22:49,230 - INFO - HTTP Request: GET https://www.leier.hu/hu/dokumentumtar/3484 "HTTP/1.1 200 OK"
2025-07-01 23:22:49,247 - INFO - ✅ Downloaded: hu/Részletrajzok/Elemrajzok (DWG, PDF)/Környezettechnika/Olajelválasztók PDF/LOL SUPER 80 max KF melleklet PDF/LOL SUPER 80 max KF melleklet PDF.pdf
2025-07-01 23:22:49,511 - INFO - HTTP Request: GET https://www.leier.hu/hu/dokumentumtar/3159 "HTTP/1.1 200 OK"
2025-07-01 23:22:49,512 - INFO - HTTP Request: GET https://www.leier.hu/hu/dokumentumtar/3156 "HTTP/1.1 200 OK"
2025-07-01 23:22:49,522 - INFO - ✅ Downloaded: hu/Részletrajzok/Elemrajzok (DWG, PDF)/Mélyépítés/Kábelcsatorna/KCS fedlap irt.bal/KCS fedlap irt.bal
2025-07-01 23:22:49,523 - INFO - ✅ Downloaded: hu/Részletrajzok/Elemrajzok (DWG, PDF)/Mélyépítés/Kábelcsatorna/KCS elválasztó ív nagy/KCS elva_laszto_ i_v nagy.pdf
2025-07-01 23:22:50,069 - INFO - HTTP Request: GET https://www.leier.hu/hu/dokumentumtar/3378 "HTTP/1.1 200 OK"
2025-07-01 23:22:50,075 - INFO - ✅ Downloaded: hu/Részletrajzok/Elemrajzok (DWG, PDF)/Környezettechnika/Olajelválasztók DWG/LOL SUPER 80 max NF melléklet/LOL SUPER 80 max NF melle_klet.pdf
2025-07-01 23:22:50,338 - INFO - HTTP Request: GET https://www.leier.hu/hu/dokumentumtar/3043 "HTTP/1.1 200 OK"
2025-07-01 23:22:50,363 - INFO - ✅ Downloaded: hu/Részletrajzok/Elemrajzok (DWG, PDF)/Mélyépítés/Előfej támfalelemek/TFE 80 - Támfalelem metszet/TFE 80 - Támfalelem metszet.pdf
2025-07-01 23:22:50,631 - INFO - HTTP Request: GET https://www.leier.hu/hu/dokumentumtar/4039 "HTTP/1.1 200 OK"
2025-07-01 23:22:50,632 - INFO - HTTP Request: GET https://www.leier.hu/hu/dokumentumtar/3282 "HTTP/1.1 200 OK"
2025-07-01 23:22:50,633 - INFO - HTTP Request: GET https://www.leier.hu/hu/dokumentumtar/3967 "HTTP/1.1 200 OK"
2025-07-01 23:22:50,656 - INFO - ✅ Downloaded: hu/Részletrajzok/Elemrajzok (DWG, PDF)/Mélyépítés/Vízóra akna/VA 100 62.5 120 L - Vízóraakna függőleges metszet/VA 100 62.5 120 L - Vízóraakna függőleges metszet
2025-07-01 23:22:50,932 - INFO - HTTP Request: GET https://www.leier.hu/hu/dokumentumtar/2369 "HTTP/1.1 200 OK"
2025-07-01 23:22:50,938 - INFO - ✅ Downloaded: hu/Teljesítménynyilatkozatok/Kertépítés, díszburkolat/Beton fedlap - Teljesitménynyilatkozat - LE HU1339F-01/Beton fedlap - Teljesitménynyilatkozat - LE HU1339F-01.pdf
2025-07-01 23:22:50,939 - INFO - ✅ Downloaded: hu/Részletrajzok/Csomópontok/Fal részletrajzok/dwg/f02-vfal-t-csatlakozas/f02-vfal-t-csatlakozas.pdf
2025-07-01 23:22:51,484 - INFO - HTTP Request: GET https://www.leier.hu/hu/dokumentumtar/3491 "HTTP/1.1 200 OK"
2025-07-01 23:22:51,488 - INFO - ✅ Downloaded: at/Aufbauanleitungen/Aufbauanleitung Durisol Komposter/Aufbauanleitung Durisol Komposter.pdf
2025-07-01 23:22:51,760 - INFO - ✅ Downloaded: hu/Részletrajzok/Elemrajzok (DWG, PDF)/Környezettechnika/Olajelválasztók PDF/LOL SUPER 60 max NF melleklet PDF/LOL SUPER 60 max NF melleklet PDF.pdf
2025-07-01 23:22:52,030 - INFO - HTTP Request: GET https://www.leier.hu/hu/dokumentumtar/2655 "HTTP/1.1 200 OK"
2025-07-01 23:22:52,064 - INFO - ✅ Downloaded: hu/Részletrajzok/Csomópontok/Térburkolat részletrajzok/dwg/b02-szegely2/b02-szegely2.pdf
2025-07-01 23:22:52,334 - INFO - HTTP Request: GET https://www.leier.hu/hu/dokumentumtar/2153 "HTTP/1.1 200 OK"
2025-07-01 23:22:52,336 - INFO - HTTP Request: GET https://www.leier.hu/hu/dokumentumtar/2635 "HTTP/1.1 200 OK"
2025-07-01 23:22:52,337 - INFO - HTTP Request: GET https://www.leier.hu/hu/dokumentumtar/2463 "HTTP/1.1 200 OK"
2025-07-01 23:22:52,340 - INFO - ✅ Downloaded: hu/Részletrajzok/Csomópontok/Leier Durisol Magasépítő falazórendszer/Ablak-csatlakozás kialakítása DSs 37,5-12/Ablak-csatlakozás kialakítása DSs 37_5-12.pdf
2025-07-01 23:22:52,599 - INFO - ✅ Downloaded: hu/Teljesítménynyilatkozatok/Mély- és vasútépítés, környezettechnika/Felszíni vízelvezetés/Árokburkoló elem - Jánosháza - Teljesítménynyilatkozat LE JH1433-02/Árokburkoló elem - Jánosháza - Teljesítménynyilatkozat LE JH1433-02.pdf
2025-07-01 23:22:52,866 - INFO - ✅ Downloaded: hu/Részletrajzok/Csomópontok/Kéregfal részletrajzok/pln/e04-keregfal-sarok/e04-keregfal-sarok.pdf
2025-07-01 23:22:52,867 - INFO - HTTP Request: GET https://www.leier.hu/hu/dokumentumtar/3869 "HTTP/1.1 200 OK"
2025-07-01 23:22:53,239 - INFO - HTTP Request: GET https://www.leier.hu/hu/dokumentumtar/3994 "HTTP/1.1 200 OK"
2025-07-01 23:22:53,280 - INFO - HTTP Request: GET https://www.leier.hu/hu/dokumentumtar/3261 "HTTP/1.1 200 OK"
2025-07-01 23:22:53,282 - INFO - HTTP Request: GET https://www.leier.hu/hu/dokumentumtar/2619 "HTTP/1.1 200 OK"
2025-07-01 23:22:53,291 - INFO - HTTP Request: GET https://www.leier.hu/hu/dokumentumtar/3697 "HTTP/1.1 200 OK"
2025-07-01 23:22:53,299 - INFO - ✅ Downloaded: hu/Részletrajzok/Csomópontok/Kéregfal részletrajzok/dwg/e05-keregfal-t-csat/e05-keregfal-t-csat.pdf
2025-07-01 23:22:53,571 - INFO - ✅ Downloaded: at/Prospekte/Leier Dachsteine/Leier Dachsteine.pdf
2025-07-01 23:22:53,838 - INFO - ✅ Downloaded: hu/Teljesítménynyilatkozatok/Magasépítési termékek/Födémrendszerek/LMF-gerenda - Jánossomorja - Teljesítménynyilatkozat LE JS15037-1-02/LMF-gerenda - Jánossomorja - Teljesítménynyilatkozat LE JS15037-1-02.pdf
2025-07-01 23:22:54,135 - INFO - ✅ Downloaded: hu/Prospektusok/45°-ban hajlított Durisol zajárnyékoló falelem - Prospektus/45_-ban hajlított Durisol zajárnyékoló falelem - Prospektus.pdf
2025-07-01 23:22:54,450 - INFO - ✅ Downloaded: hu/Részletrajzok/Elemrajzok (DWG, PDF)/Mélyépítés/Tisztítóakna elemek/Akna fenékelemek/AFE 100 - 130 LG KN - Akna fenékelem gumigyűrűs künet nélkül - vízszintes metszet/AFE 100 - 130 LG KN - Akna fenékelem gumigyűrűs künet nélkül - vízszintes metszet.pdf
2025-07-01 23:22:54,847 - INFO - HTTP Request: GET https://www.leier.hu/hu/dokumentumtar/2804 "HTTP/1.1 200 OK"
2025-07-01 23:22:54,857 - INFO - HTTP Request: GET https://www.leier.hu/hu/dokumentumtar/3528 "HTTP/1.1 200 OK"
2025-07-01 23:22:54,863 - INFO - HTTP Request: GET https://www.leier.hu/hu/dokumentumtar/2569 "HTTP/1.1 200 OK"
2025-07-01 23:22:54,868 - INFO - HTTP Request: GET https://www.leier.hu/hu/dokumentumtar/1992 "HTTP/1.1 200 OK"
2025-07-01 23:22:54,879 - INFO - HTTP Request: GET https://www.leier.hu/hu/dokumentumtar/2656 "HTTP/1.1 200 OK"
2025-07-01 23:22:54,893 - ERROR - ❌ Failed to download https://www.leier.hu/hu/dokumentumtar/1992: [Errno 2] No such file or directory: 'C:\\Users\\Admin\\.cursor\\Lambda\\src\\backend\\src\\downloads\\leier_materials_api\\documents\\hu\\Teljesítménynyilatkozatok\\Magasépítési termékek\\Tégla termékek\\Devecser - Teljesítménynyilatkozatok\\LeierPLAN\\Teljesítménynyilatkozat - LeierPLAN vékonyágyas falazóhabarcs LE HU998-2-02.pdf'
2025-07-01 23:22:55,169 - INFO - ✅ Downloaded: hu/Részletrajzok/Csomópontok/Födém részletrajzok/dwg/m04-mesterf-valaszfal/m04-mesterf-valaszfal.pdf
2025-07-01 23:22:55,169 - INFO - ✅ Downloaded: hu/Részletrajzok/Elemrajzok (DWG, PDF)/Környezettechnika/Olajelválasztók PDF/LOL SUPER 20 KF melleklet PDF/LOL SUPER 20 KF melleklet PDF.pdf
2025-07-01 23:22:55,703 - INFO - ✅ Downloaded: hu/Részletrajzok/Csomópontok/Térburkolat részletrajzok/dwg/b01-szegely1/b01-szegely1.pdf
2025-07-01 23:22:55,967 - INFO - ✅ Downloaded: hu/LeierPress/Leier Újság 1999/Leier Újság 1999.pdf
2025-07-01 23:22:56,336 - INFO - HTTP Request: GET https://www.leier.hu/hu/dokumentumtar/3395 "HTTP/1.1 200 OK"
2025-07-01 23:22:56,344 - INFO - HTTP Request: GET https://www.leier.hu/hu/dokumentumtar/2620 "HTTP/1.1 200 OK"
2025-07-01 23:22:56,347 - INFO - ✅ Downloaded: hu/Részletrajzok/Csomópontok/Kéregfal részletrajzok/dwg/e04-keregfal-sarok/e04-keregfal-sarok.pdf
2025-07-01 23:22:56,619 - INFO - HTTP Request: GET https://www.leier.hu/hu/dokumentumtar/3175 "HTTP/1.1 200 OK"
2025-07-01 23:22:56,620 - INFO - HTTP Request: GET https://www.leier.hu/hu/dokumentumtar/3034 "HTTP/1.1 200 OK"
2025-07-01 23:22:56,621 - INFO - HTTP Request: GET https://www.leier.hu/hu/dokumentumtar/2960 "HTTP/1.1 200 OK"
2025-07-01 23:22:56,625 - INFO - ✅ Downloaded: hu/Részletrajzok/Elemrajzok (DWG, PDF)/Környezettechnika/Olajelválasztók DWG/LOL SUPER 50 max KF melléklet/LOL SUPER 50 max KF melle_klet.pdf
2025-07-01 23:22:56,927 - INFO - ✅ Downloaded: hu/Részletrajzok/Elemrajzok (DWG, PDF)/Mélyépítés/Betontartályok/LBT paraméteres/LBT paraméteres.pdf
2025-07-01 23:22:56,927 - INFO - ✅ Downloaded: hu/Részletrajzok/Elemrajzok (DWG, PDF)/Mélyépítés/Átemelőakna elemek/AGY_160_150 LG V- Átemelő gyűrű gumigyűrűs végelem/AGY_160_150 LG V- Átemelő gyűrű gumigyűrűs végelem.pdf
2025-07-01 23:22:57,443 - INFO - ✅ Downloaded: hu/Részletrajzok/Elemrajzok (DWG, PDF)/Mélyépítés/Keretelemek/LKE 150 - 150 - 133 - Keret előfej végelem - felülnézet/LKE 150 - 150 - 133 - Keret előfej végelem - felülnézet.pdf
2025-07-01 23:22:57,777 - INFO - HTTP Request: GET https://www.leier.hu/hu/dokumentumtar/3152 "HTTP/1.1 200 OK"
2025-07-01 23:22:57,809 - INFO - ✅ Downloaded: hu/Részletrajzok/Elemrajzok (DWG, PDF)/Mélyépítés/Kábelcsatorna/KCS vályú könnyített/KCS va_lyu_ ko_nnyi_tett.pdf
2025-07-01 23:22:58,088 - INFO - HTTP Request: GET https://www.leier.hu/hu/dokumentumtar/3422 "HTTP/1.1 200 OK"
2025-07-01 23:22:58,089 - INFO - HTTP Request: GET https://www.leier.hu/hu/dokumentumtar/2832 "HTTP/1.1 200 OK"
2025-07-01 23:22:58,090 - INFO - HTTP Request: GET https://www.leier.hu/hu/dokumentumtar/3489 "HTTP/1.1 200 OK"
2025-07-01 23:22:58,097 - INFO - HTTP Request: GET https://www.leier.hu/hu/dokumentumtar/3985 "HTTP/1.1 200 OK"
2025-07-01 23:22:58,101 - INFO - ✅ Downloaded: hu/Szerelési útmutatók/Előregyártott Falak | Wandelemente/Teljesítménynyilatkozat | Leistungerklarung/DE/Wandelemente Győr Leistungserklärung/Wandelemente Győr Leistungserklärung.pdf
2025-07-01 23:22:58,375 - INFO - ✅ Downloaded: hu/Részletrajzok/Elemrajzok (DWG, PDF)/Környezettechnika/Olajelválasztók DWG/LOL SUPER 15 150 KF zápor túlfolyóval melléklet/LOL SUPER 15 150 KF zápor túlfolyóval melléklet.pdf
2025-07-01 23:22:58,632 - INFO - ✅ Downloaded: hu/Részletrajzok/Elemrajzok (DWG, PDF)/Környezettechnika/Olajelválasztók PDF/LOL SUPER 60 NF melleklet PDF/LOL SUPER 60 NF melleklet PDF.pdf
2025-07-01 23:22:58,902 - INFO - ✅ Downloaded: at/Verarbeitungsinfos/Verarbeitungsinfo Pflastersteine/Verarbeitungsinfo Pflastersteine.pdf
2025-07-01 23:22:59,282 - INFO - HTTP Request: GET https://www.leier.hu/hu/dokumentumtar/1991 "HTTP/1.1 200 OK"
2025-07-01 23:22:59,307 - INFO - HTTP Request: GET https://www.leier.hu/hu/dokumentumtar/3473 "HTTP/1.1 200 OK"
2025-07-01 23:22:59,309 - INFO - HTTP Request: GET https://www.leier.hu/hu/dokumentumtar/2974 "HTTP/1.1 200 OK"
2025-07-01 23:22:59,319 - INFO - HTTP Request: GET https://www.leier.hu/hu/dokumentumtar/2935 "HTTP/1.1 200 OK"
2025-07-01 23:22:59,322 - INFO - HTTP Request: GET https://www.leier.hu/hu/dokumentumtar/2958 "HTTP/1.1 200 OK"
2025-07-01 23:22:59,326 - ERROR - ❌ Failed to download https://www.leier.hu/hu/dokumentumtar/1991: [Errno 2] No such file or directory: 'C:\\Users\\Admin\\.cursor\\Lambda\\src\\backend\\src\\downloads\\leier_materials_api\\documents\\hu\\Teljesítménynyilatkozatok\\Magasépítési termékek\\Tégla termékek\\Devecser - Teljesítménynyilatkozatok\\LeierPLAN\\Teljesítménynyilatkozat - LeierPLAN Pro 30 - DE LE DE771-1-19-01.pdf'
2025-07-01 23:22:59,594 - INFO - ✅ Downloaded: hu/Részletrajzok/Elemrajzok (DWG, PDF)/Környezettechnika/Olajelválasztók PDF/LOL SUPER 100 500 P zapor tulfolyoval melleklet PDF/LOL SUPER 100 500 P zapor tulfolyoval melleklet PDF.pdf
2025-07-01 23:22:59,872 - INFO - ✅ Downloaded: hu/Részletrajzok/Elemrajzok (DWG, PDF)/Mélyépítés/Átemelőakna elemek/AFE_200_230 L - Átemelő fenékelem/AFE_200_230 L - Átemelő fenékelem.pdf
2025-07-01 23:23:00,146 - INFO - ✅ Downloaded: hu/Részletrajzok/Elemrajzok (DWG, PDF)/Mélyépítés/Átemelőakna elemek/AGY_240_200 LG - Átemelő gyűrű vágóélhez gumigyűrűs/AGY_240_200 LG - Átemelő gyűrű vágóélhez gumigyűrűs.pdf
2025-07-01 23:23:00,406 - INFO - ✅ Downloaded: hu/Részletrajzok/Elemrajzok (DWG, PDF)/Mélyépítés/Átemelőakna elemek/AGY_160_200 LG - Átemelő gyűrű vágóélhez gumigyűrűs/AGY_160_200 LG - Átemelő gyűrű vágóélhez gumigyűrűs.pdf
2025-07-01 23:23:00,764 - INFO - HTTP Request: GET https://www.leier.hu/hu/dokumentumtar/3951 "HTTP/1.1 200 OK"
2025-07-01 23:23:00,779 - INFO - ✅ Downloaded: at/Allgemeine Hinweise/Allg. Hinweise zu Verfärbungen/Allg. Hinweise zu Verfärbungen
2025-07-01 23:23:01,048 - INFO - HTTP Request: GET https://www.leier.hu/hu/dokumentumtar/2140 "HTTP/1.1 200 OK"
2025-07-01 23:23:01,049 - INFO - HTTP Request: GET https://www.leier.hu/hu/dokumentumtar/3466 "HTTP/1.1 200 OK"
2025-07-01 23:23:01,050 - INFO - HTTP Request: GET https://www.leier.hu/hu/dokumentumtar/2391 "HTTP/1.1 200 OK"
2025-07-01 23:23:01,052 - INFO - HTTP Request: GET https://www.leier.hu/hu/dokumentumtar/2596 "HTTP/1.1 200 OK"
2025-07-01 23:23:01,060 - INFO - ✅ Downloaded: hu/Teljesítménynyilatkozatok/Mély- és vasútépítés, környezettechnika/Mélyépítés/Beton aknaelem - Jánossomorja - Teljesítménynyilatkozat LE JS1917-01/Beton aknaelem - Jánossomorja - Teljesítménynyilatkozat LE JS1917-01.pdf
2025-07-01 23:23:01,323 - INFO - ✅ Downloaded: hu/Részletrajzok/Csomópontok/Fal részletrajzok/pln/f08-vfal-alapozas/f08-vfal-alapozas.pdf
2025-07-01 23:23:01,586 - INFO - ✅ Downloaded: hu/Részletrajzok/Elemrajzok (DWG, PDF)/Környezettechnika/Olajelválasztók PDF/LOL SUPER 150 KF melleklet PDF/LOL SUPER 150 KF melleklet PDF.pdf
2025-07-01 23:23:01,860 - INFO - ✅ Downloaded: hu/Részletrajzok/Csomópontok/Födém részletrajzok/asc/leier-m04-mesterf-valaszfal/leier-m04-mesterf-valaszfal.pdf
2025-07-01 23:23:02,222 - INFO - HTTP Request: GET https://www.leier.hu/hu/dokumentumtar/1910 "HTTP/1.1 200 OK"
2025-07-01 23:23:02,232 - INFO - HTTP Request: GET https://www.leier.hu/hu/dokumentumtar/3047 "HTTP/1.1 200 OK"
2025-07-01 23:23:02,250 - INFO - HTTP Request: GET https://www.leier.hu/hu/dokumentumtar/3470 "HTTP/1.1 200 OK"
2025-07-01 23:23:02,256 - INFO - HTTP Request: GET https://www.leier.hu/hu/dokumentumtar/3275 "HTTP/1.1 200 OK"
2025-07-01 23:23:02,262 - INFO - HTTP Request: GET https://www.leier.hu/hu/dokumentumtar/1961 "HTTP/1.1 200 OK"
2025-07-01 23:23:02,277 - INFO - ✅ Downloaded: hu/Részletrajzok/Elemrajzok (DWG, PDF)/Mélyépítés/Előfej támfalelemek/TFE 60 - Támfalelem oldalnézet/TFE 60 - Támfalelem oldalnézet.pdf
2025-07-01 23:23:02,563 - INFO - ✅ Downloaded: hu/Részletrajzok/Elemrajzok (DWG, PDF)/Mélyépítés/Tisztítóakna elemek/Akna fenékelemek/AFE 80/AFE 80.pdf
2025-07-01 23:23:02,827 - INFO - ✅ Downloaded: hu/Részletrajzok/Elemrajzok (DWG, PDF)/Környezettechnika/Olajelválasztók PDF/LOL SUPER 125 max NF melleklet PDF/LOL SUPER 125 max NF melleklet PDF.pdf
2025-07-01 23:23:03,110 - INFO - ✅ Downloaded: hu/Teljesítménynyilatkozatok/Magasépítési termékek/Tégla termékek/Devecser - CE-tanúsítványok/LeierPLAN/CE - LeierPLAN 44 Pro - DE/CE - LeierPLAN 44 Pro - DE.pdf
2025-07-01 23:23:03,475 - INFO - ✅ Downloaded: hu/Alkalmazástechnikák, Beépítési útmutatók/Előregyártott betonelemek tervezési segédlet - részletrajzok/Előregyártott betonelemek tervezési segédlet - részletrajzok.pdf
2025-07-01 23:23:03,741 - INFO - HTTP Request: GET https://www.leier.hu/hu/dokumentumtar/3410 "HTTP/1.1 200 OK"
2025-07-01 23:23:03,742 - INFO - HTTP Request: GET https://www.leier.hu/hu/dokumentumtar/2380 "HTTP/1.1 200 OK"
2025-07-01 23:23:03,742 - INFO - HTTP Request: GET https://www.leier.hu/hu/dokumentumtar/3078 "HTTP/1.1 200 OK"
2025-07-01 23:23:03,743 - INFO - HTTP Request: GET https://www.leier.hu/hu/dokumentumtar/3283 "HTTP/1.1 200 OK"
2025-07-01 23:23:03,747 - INFO - ✅ Downloaded: hu/Részletrajzok/Elemrajzok (DWG, PDF)/Környezettechnika/Olajelválasztók DWG/LOL SUPER 25 P melléklet/LOL SUPER 25 P melle_klet.pdf
2025-07-01 23:23:04,043 - INFO - ✅ Downloaded: hu/Részletrajzok/Csomópontok/Fal részletrajzok/pdf/f05-zsaluko-labazat/f05-zsaluko-labazat.pdf
2025-07-01 23:23:04,348 - INFO - ✅ Downloaded: hu/Részletrajzok/Elemrajzok (DWG, PDF)/Mélyépítés/Előfej támfalelemek/LEF 50 - Tömbelőfej betoncsőhöz hosszmetszet/LEF 50 - Tömbelőfej betoncsőhöz hosszmetszet.pdf
2025-07-01 23:23:04,605 - INFO - ✅ Downloaded: hu/Részletrajzok/Elemrajzok (DWG, PDF)/Mélyépítés/Vízóra akna/VA 100 62.5 120 L - Vízóraakna felülnézet/VA 100 62.5 120 L - Vízóraakna felülnézet
2025-07-01 23:23:04,948 - INFO - HTTP Request: GET https://www.leier.hu/hu/dokumentumtar/3419 "HTTP/1.1 200 OK"
2025-07-01 23:23:04,974 - INFO - ✅ Downloaded: hu/Részletrajzok/Elemrajzok (DWG, PDF)/Környezettechnika/Olajelválasztók DWG/LOL SUPER 20 max NF melléklet/LOL SUPER 20 max NF melle_klet.pdf
2025-07-01 23:23:05,235 - INFO - HTTP Request: GET https://www.leier.hu/hu/dokumentumtar/4045 "HTTP/1.1 200 OK"
2025-07-01 23:23:05,237 - INFO - HTTP Request: GET https://www.leier.hu/hu/dokumentumtar/3171 "HTTP/1.1 200 OK"
2025-07-01 23:23:05,238 - INFO - HTTP Request: GET https://www.leier.hu/hu/dokumentumtar/2968 "HTTP/1.1 200 OK"
2025-07-01 23:23:05,239 - INFO - HTTP Request: GET https://www.leier.hu/hu/dokumentumtar/2108 "HTTP/1.1 404 Not Found"
2025-07-01 23:23:05,245 - ERROR - ❌ Failed to download https://www.leier.hu/hu/dokumentumtar/2108: Client error '404 Not Found' for url 'https://www.leier.hu/hu/dokumentumtar/2108'
For more information check: https://developer.mozilla.org/en-US/docs/Web/HTTP/Status/404
2025-07-01 23:23:05,511 - INFO - ✅ Downloaded: hu/Termékadatlapok/Tetőfedő rendszerek/Leier Toscana tető és idomcserepek - Termékadatlap/Leier Toscana tető és idomcserepek - Termékadatlap.pdf
2025-07-01 23:23:05,777 - INFO - ✅ Downloaded: hu/Részletrajzok/Elemrajzok (DWG, PDF)/Mélyépítés/Átemelőakna elemek/AFE_240_200 L - Átemelő fenékelem/AFE_240_200 L - Átemelő fenékelem.pdf
2025-07-01 23:23:06,040 - INFO - ✅ Downloaded: hu/Részletrajzok/Elemrajzok (DWG, PDF)/Mélyépítés/Keretelemek/LKE 180 - 180 - 150 - Keret előfej végelem - felülnézet/LKE 180 - 180 - 150 - Keret előfej végelem - felülnézet.pdf
2025-07-01 23:23:06,303 - INFO - HTTP Request: GET https://www.leier.hu/hu/dokumentumtar/3063 "HTTP/1.1 200 OK"
2025-07-01 23:23:06,328 - INFO - ✅ Downloaded: hu/Részletrajzok/Elemrajzok (DWG, PDF)/Mélyépítés/Előfej támfalelemek/TFE 30 - Támfalelem metszet/TFE 30 - Támfalelem metszet.pdf
2025-07-01 23:23:06,589 - INFO - HTTP Request: GET https://www.leier.hu/hu/dokumentumtar/2246 "HTTP/1.1 200 OK"
2025-07-01 23:23:06,613 - INFO - ✅ Downloaded: hu/Termékadatlapok/Magasépítési termékek/Durisol falazóelemek/Durisol falazóelem DS 25/12 - Termékadatlap/Durisol falazóelem DS 25_12 - Termékadatlap.pdf
2025-07-01 23:23:06,910 - INFO - HTTP Request: GET https://www.leier.hu/hu/dokumentumtar/2971 "HTTP/1.1 200 OK"
2025-07-01 23:23:06,910 - INFO - HTTP Request: GET https://www.leier.hu/hu/dokumentumtar/3543 "HTTP/1.1 200 OK"
2025-07-01 23:23:06,911 - INFO - HTTP Request: GET https://www.leier.hu/hu/dokumentumtar/2909 "HTTP/1.1 200 OK"
2025-07-01 23:23:06,915 - INFO - ✅ Downloaded: hu/Részletrajzok/Elemrajzok (DWG, PDF)/Környezettechnika/Olajelválasztók PDF/LOL SUPER 10 KF melleklet PDF/LOL SUPER 10 KF melleklet PDF.pdf
2025-07-01 23:23:07,258 - INFO - HTTP Request: GET https://www.leier.hu/hu/dokumentumtar/2595 "HTTP/1.1 200 OK"
2025-07-01 23:23:07,262 - INFO - ✅ Downloaded: hu/Részletrajzok/Elemrajzok (DWG, PDF)/Mélyépítés/Átemelőakna elemek/AFE_240_160 LG - Átemelő fenékelem gumigyűrűs/AFE_240_160 LG - Átemelő fenékelem gumigyűrűs.pdf
2025-07-01 23:23:07,263 - INFO - ✅ Downloaded: hu/Részletrajzok/Elemrajzok (DWG, PDF)/Mélyépítés/Árokburkoló- és árokelemek/ÁBE F 20_30 - 50L - Bordás fedlap víznyelős - felülnézet/ÁBE F 20_30 - 50L - Bordás fedlap víznyelős - felülnézet.pdf
2025-07-01 23:23:07,787 - INFO - ✅ Downloaded: hu/Részletrajzok/Csomópontok/Födém részletrajzok/asc/leier-m05b-mesterf-terasz2/leier-m05b-mesterf-terasz2.pdf
2025-07-01 23:23:08,054 - INFO - HTTP Request: GET https://www.leier.hu/hu/dokumentumtar/3982 "HTTP/1.1 200 OK"
2025-07-01 23:23:08,139 - INFO - HTTP Request: GET https://www.leier.hu/hu/dokumentumtar/3337 "HTTP/1.1 200 OK"
2025-07-01 23:23:08,152 - INFO - HTTP Request: GET https://www.leier.hu/hu/dokumentumtar/3201 "HTTP/1.1 200 OK"
2025-07-01 23:23:08,159 - INFO - HTTP Request: GET https://www.leier.hu/hu/dokumentumtar/3557 "HTTP/1.1 200 OK"
2025-07-01 23:23:08,170 - INFO - ✅ Downloaded: hu/Részletrajzok/Elemrajzok (DWG, PDF)/Mélyépítés/Tisztítóakna elemek/Vasbeton aknafedlapok/Beton aknafedlap/Beton aknafedlap.pdf
2025-07-01 23:23:08,426 - INFO - ✅ Downloaded: hu/Részletrajzok/Elemrajzok (DWG, PDF)/Környezettechnika/Iszapfogók PDF/LIF 240 215 melleklet PDF/LIF 240 215 melleklet PDF.pdf
2025-07-01 23:23:08,687 - INFO - HTTP Request: GET https://www.leier.hu/hu/dokumentumtar/2252 "HTTP/1.1 200 OK"
2025-07-01 23:23:08,694 - INFO - ✅ Downloaded: hu/Részletrajzok/Elemrajzok (DWG, PDF)/Környezettechnika/Olajelválasztók PDF/LOL SUPER 3 max P melleklet PDF/LOL SUPER 3 max P melleklet PDF.pdf
2025-07-01 23:23:08,965 - INFO - ✅ Downloaded: hu/Termékadatlapok/Kéményrendszerek/Multikeram LAS kéményrendszer - Termékadatlap/Multikeram LAS kéményrendszer - Termékadatlap.pdf
2025-07-01 23:23:09,338 - INFO - HTTP Request: GET https://www.leier.hu/hu/dokumentumtar/2013 "HTTP/1.1 200 OK"
2025-07-01 23:23:09,341 - INFO - HTTP Request: GET https://www.leier.hu/hu/dokumentumtar/2617 "HTTP/1.1 200 OK"
2025-07-01 23:23:09,359 - INFO - HTTP Request: GET https://www.leier.hu/hu/dokumentumtar/2610 "HTTP/1.1 200 OK"
2025-07-01 23:23:09,364 - INFO - HTTP Request: GET https://www.leier.hu/hu/dokumentumtar/3012 "HTTP/1.1 200 OK"
2025-07-01 23:23:09,366 - INFO - ✅ Downloaded: hu/Részletrajzok/Csomópontok/Födém részletrajzok/dxf/leier-m02a-mesterf-koszoru2/leier-m02a-mesterf-koszoru2.pdf
2025-07-01 23:23:09,668 - INFO - ✅ Downloaded: hu/Részletrajzok/Csomópontok/Kéregfal részletrajzok/dwg/e08-belso-fodemcsat/e08-belso-fodemcsat.pdf
2025-07-01 23:23:09,937 - ERROR - ❌ Failed to download https://www.leier.hu/hu/dokumentumtar/2013: [Errno 2] No such file or directory: 'C:\\Users\\Admin\\.cursor\\Lambda\\src\\backend\\src\\downloads\\leier_materials_api\\documents\\hu\\Teljesítménynyilatkozatok\\Magasépítési termékek\\Tégla termékek\\Devecser - Teljesítménynyilatkozatok\\Leiertherm\\Teljesítménynyilatkozat - Leiertherm 10\\Teljesítménynyilatkozat - Leiertherm 10_50 N_F - DE LE DE771-1-06-03.pdf'
2025-07-01 23:23:10,216 - INFO - ✅ Downloaded: hu/Részletrajzok/Elemrajzok (DWG, PDF)/Mélyépítés/Betoncsövek/TA 50 100 - Talpas betoncső keresztmetszet/TA 50 100 - Talpas betoncső keresztmetszet.pdf
2025-07-01 23:23:10,476 - INFO - ✅ Downloaded: at/Preislisten/Preisliste Garten 2024/Preisliste Garten 2024.pdf
2025-07-01 23:23:10,824 - INFO - HTTP Request: GET https://www.leier.hu/hu/dokumentumtar/2704 "HTTP/1.1 200 OK"
2025-07-01 23:23:10,838 - INFO - ✅ Downloaded: hu/Részletrajzok/Csomópontok/Mélyépítési részletrajzok/pln/c06-nagyatmero-gumigy/c06-nagyatmero-gumigy.pdf
2025-07-01 23:23:11,104 - INFO - HTTP Request: GET https://www.leier.hu/hu/dokumentumtar/2730 "HTTP/1.1 200 OK"
2025-07-01 23:23:11,107 - INFO - HTTP Request: GET https://www.leier.hu/hu/dokumentumtar/2441 "HTTP/1.1 200 OK"
2025-07-01 23:23:11,108 - INFO - HTTP Request: GET https://www.leier.hu/hu/dokumentumtar/2987 "HTTP/1.1 200 OK"
2025-07-01 23:23:11,108 - INFO - HTTP Request: GET https://www.leier.hu/hu/dokumentumtar/3321 "HTTP/1.1 200 OK"
2025-07-01 23:23:11,112 - INFO - ✅ Downloaded: hu/Részletrajzok/Csomópontok/Kéregelemes födém részletrajzok/dwg/p02b-kpanel-koszoru3/p02b-kpanel-koszoru3.pdf
2025-07-01 23:23:11,377 - INFO - ✅ Downloaded: hu/Részletrajzok/Elemrajzok (DWG, PDF)/Környezettechnika/Iszapfogók DWG/LIF 240 215 melléklet/LIF 240 215 melléklet.pdf
2025-07-01 23:23:11,641 - INFO - ✅ Downloaded: hu/Részletrajzok/Elemrajzok (DWG, PDF)/Mélyépítés/Betoncsövek/TOTA 50 200L - Tokos talpas betoncső keresztmetszet/TOTA 50 200L - Tokos talpas betoncső keresztmetszet.pdf
2025-07-01 23:23:11,906 - INFO - HTTP Request: GET https://www.leier.hu/hu/dokumentumtar/1978 "HTTP/1.1 200 OK"
2025-07-01 23:23:11,909 - ERROR - ❌ Failed to download https://www.leier.hu/hu/dokumentumtar/1978: [Errno 2] No such file or directory: 'C:\\Users\\Admin\\.cursor\\Lambda\\src\\backend\\src\\downloads\\leier_materials_api\\documents\\hu\\Teljesítménynyilatkozatok\\Magasépítési termékek\\Tégla termékek\\Devecser - Teljesítménynyilatkozatok\\LeierPLAN\\Teljesítménynyilatkozat - LeierPLAN 12 N_F LE DE771-1-15-04.pdf'
2025-07-01 23:23:12,177 - INFO - HTTP Request: GET https://www.leier.hu/hu/dokumentumtar/2549 "HTTP/1.1 200 OK"
2025-07-01 23:23:12,181 - INFO - ✅ Downloaded: hu/Részletrajzok/Csomópontok/Kémény részletrajzok/pln/k01-kemeny-alapozas/k01-kemeny-alapozas.pdf
2025-07-01 23:23:12,451 - INFO - ✅ Downloaded: hu/Részletrajzok/Csomópontok/Leier Durisol zajárnyékoló falak/DWG/Leier Durisol mintafal/Leier Durisol mintafal.pdf
2025-07-01 23:23:12,710 - INFO - HTTP Request: GET https://www.leier.hu/hu/dokumentumtar/2701 "HTTP/1.1 200 OK"
2025-07-01 23:23:12,712 - INFO - HTTP Request: GET https://www.leier.hu/hu/dokumentumtar/3215 "HTTP/1.1 200 OK"
2025-07-01 23:23:12,715 - INFO - ✅ Downloaded: hu/Részletrajzok/Csomópontok/Mélyépítési részletrajzok/pdf/c03-80-csaphornyos/c03-80-csaphornyos.pdf
2025-07-01 23:23:13,000 - INFO - ✅ Downloaded: hu/Részletrajzok/Elemrajzok (DWG, PDF)/Mélyépítés/Tisztítóakna elemek/Aknaszűkítő elemek/ASZ 100 LG JS/ASZ 100 LG JS.pdf
2025-07-01 23:23:13,279 - INFO - HTTP Request: GET https://www.leier.hu/hu/dokumentumtar/2761 "HTTP/1.1 200 OK"
2025-07-01 23:23:13,290 - INFO - ✅ Downloaded: hu/Részletrajzok/Csomópontok/Kéregelemes födém részletrajzok/asc/leier-p032-kpanel-belsokoszo/leier-p032-kpanel-belsokoszo.pdf
2025-07-01 23:23:13,650 - INFO - HTTP Request: GET https://www.leier.hu/hu/dokumentumtar/3563 "HTTP/1.1 200 OK"
2025-07-01 23:23:13,678 - INFO - HTTP Request: GET https://www.leier.hu/hu/dokumentumtar/3540 "HTTP/1.1 200 OK"
2025-07-01 23:23:13,689 - INFO - HTTP Request: GET https://www.leier.hu/hu/dokumentumtar/3488 "HTTP/1.1 200 OK"
2025-07-01 23:23:13,693 - INFO - HTTP Request: GET https://www.leier.hu/hu/dokumentumtar/2458 "HTTP/1.1 200 OK"
2025-07-01 23:23:13,694 - INFO - HTTP Request: GET https://www.leier.hu/hu/dokumentumtar/3199 "HTTP/1.1 200 OK"
2025-07-01 23:23:13,706 - INFO - ✅ Downloaded: hu/Részletrajzok/Elemrajzok (DWG, PDF)/Durisol zajárnyékolás/HEA Acéloszlop - Felülnézet/HEA Acéloszlop - Felülnézet.pdf
2025-07-01 23:23:14,012 - INFO - ✅ Downloaded: hu/Részletrajzok/Csomópontok/Leier Durisol Magasépítő falazórendszer/Pincefal kialakítása DSs 30-12/Pincefal kialakítása DSs 30-12.pdf
2025-07-01 23:23:14,278 - INFO - ✅ Downloaded: hu/Részletrajzok/Elemrajzok (DWG, PDF)/Környezettechnika/Olajelválasztók PDF/LOL SUPER 10 max NF melleklet PDF/LOL SUPER 10 max NF melleklet PDF.pdf
2025-07-01 23:23:14,609 - INFO - ✅ Downloaded: hu/Részletrajzok/Elemrajzok (DWG, PDF)/Környezettechnika/Olajelválasztók PDF/LOL SUPER 60 P melleklet PDF/LOL SUPER 60 P melleklet PDF.pdf
2025-07-01 23:23:14,981 - INFO - ✅ Downloaded: hu/Részletrajzok/Elemrajzok (DWG, PDF)/Mélyépítés/Tisztítóakna elemek/150x150-es akna/150x150-as akna/150x150-as akna.pdf
2025-07-01 23:23:15,299 - INFO - HTTP Request: GET https://www.leier.hu/hu/dokumentumtar/1893 "HTTP/1.1 200 OK"
2025-07-01 23:23:15,300 - INFO - HTTP Request: GET https://www.leier.hu/hu/dokumentumtar/2459 "HTTP/1.1 200 OK"
2025-07-01 23:23:15,301 - INFO - HTTP Request: GET https://www.leier.hu/hu/dokumentumtar/2908 "HTTP/1.1 200 OK"
2025-07-01 23:23:15,303 - INFO - HTTP Request: GET https://www.leier.hu/hu/dokumentumtar/2292 "HTTP/1.1 200 OK"
2025-07-01 23:23:15,307 - INFO - ✅ Downloaded: hu/Részletrajzok/Csomópontok/Leier Durisol Magasépítő falazórendszer/Koszorú és áthidaló kialakítása DSs 37,5-12/Koszorú és áthidaló kialakítása DSs 37_5-12.pdf
2025-07-01 23:23:15,599 - INFO - ✅ Downloaded: hu/Termékadatlapok/Kertépítés, díszburkolat/Kerti lapok/REGNUM classic lapok termékadatlap/REGNUM classic lapok termékadatlap.pdf
2025-07-01 23:23:15,992 - INFO - ✅ Downloaded: hu/Részletrajzok/Elemrajzok (DWG, PDF)/Mélyépítés/Árokburkoló- és árokelemek/ÁBE F 30_40 - 100 - fedlap - felülnézet1/ÁBE F 30_40 - 100 - fedlap - felülnézet1.pdf
2025-07-01 23:23:16,319 - INFO - ✅ Downloaded: hu/Prospektusok/Leier FIX Univerzális építési ragasztó - Prospektus/Leier FIX Univerzális építési ragasztó - Prospektus.pdf
2025-07-01 23:23:16,692 - INFO - HTTP Request: GET https://www.leier.hu/hu/dokumentumtar/3135 "HTTP/1.1 200 OK"
2025-07-01 23:23:16,698 - INFO - HTTP Request: GET https://www.leier.hu/hu/dokumentumtar/2858 "HTTP/1.1 200 OK"
2025-07-01 23:23:16,722 - INFO - ✅ Downloaded: hu/Szerelési útmutatók/Üreges Födémpalló | Hohldiele/Teljesítménynyilatkozat | Leistungserklärung/DE/Vorgespannte Hohldielendecke Jánossomorja Leistungserklärung/Vorgespannte Hohldielendecke Jánossomorja Leistungserklärung.pdf
2025-07-01 23:23:16,995 - INFO - HTTP Request: GET https://www.leier.hu/hu/dokumentumtar/2896 "HTTP/1.1 200 OK"
2025-07-01 23:23:16,996 - INFO - HTTP Request: GET https://www.leier.hu/hu/dokumentumtar/3240 "HTTP/1.1 200 OK"
2025-07-01 23:23:16,997 - INFO - HTTP Request: GET https://www.leier.hu/hu/dokumentumtar/2129 "HTTP/1.1 404 Not Found"
2025-07-01 23:23:17,004 - ERROR - ❌ Failed to download https://www.leier.hu/hu/dokumentumtar/2129: Client error '404 Not Found' for url 'https://www.leier.hu/hu/dokumentumtar/2129'
For more information check: https://developer.mozilla.org/en-US/docs/Web/HTTP/Status/404
2025-07-01 23:23:17,276 - INFO - ✅ Downloaded: hu/Részletrajzok/Elemrajzok (DWG, PDF)/Mélyépítés/Kábelcsatorna/KCS fedlap irt bal oldal/KCS fedlap irt bal oldal.pdf
2025-07-01 23:23:17,633 - INFO - ✅ Downloaded: hu/Részletrajzok/Elemrajzok (DWG, PDF)/Mélyépítés/Tisztítóakna elemek/Aknagyűrűk/AGY 100 LG - Aknagyűrű gumigyűrűs - vízszintes metszet/AGY 100 LG - Aknagyűrű gumigyűrűs - vízszintes metszet.pdf
2025-07-01 23:23:17,893 - INFO - ✅ Downloaded: hu/Részletrajzok/Elemrajzok (DWG, PDF)/Mélyépítés/Árokburkoló- és árokelemek/ÁE 30_30 - 50L - árokburkoló elem - hosszmetszet/ÁE 30_30 - 50L - árokburkoló elem - hosszmetszet.pdf
2025-07-01 23:23:18,255 - INFO - HTTP Request: GET https://www.leier.hu/hu/dokumentumtar/2517 "HTTP/1.1 200 OK"
2025-07-01 23:23:18,259 - INFO - HTTP Request: GET https://www.leier.hu/hu/dokumentumtar/3341 "HTTP/1.1 200 OK"
2025-07-01 23:23:18,276 - INFO - ✅ Downloaded: hu/Részletrajzok/Csomópontok/Tető részletrajzok/pln/t06-vapa/t06-vapa.pdf
2025-07-01 23:23:18,546 - INFO - HTTP Request: GET https://www.leier.hu/hu/dokumentumtar/2772 "HTTP/1.1 200 OK"
2025-07-01 23:23:18,547 - INFO - HTTP Request: GET https://www.leier.hu/hu/dokumentumtar/2682 "HTTP/1.1 200 OK"
2025-07-01 23:23:18,549 - INFO - HTTP Request: GET https://www.leier.hu/hu/dokumentumtar/3325 "HTTP/1.1 200 OK"
2025-07-01 23:23:18,559 - INFO - ✅ Downloaded: hu/Részletrajzok/Csomópontok/Kéregelemes födém részletrajzok/dxf/leier-p031-kpanel-belsok/leier-p031-kpanel-belsok.pdf
2025-07-01 23:23:18,559 - INFO - ✅ Downloaded: hu/Részletrajzok/Elemrajzok (DWG, PDF)/Környezettechnika/Zsírleválasztók PDF/LZS 10 melleklet PDF/LZS 10 melleklet PDF.pdf
2025-07-01 23:23:19,148 - INFO - ✅ Downloaded: hu/Részletrajzok/Csomópontok/Térburkolat részletrajzok/asc/leier-b05-szegely5/leier-b05-szegely5.pdf
2025-07-01 23:23:19,463 - INFO - ✅ Downloaded: hu/Részletrajzok/Elemrajzok (DWG, PDF)/Környezettechnika/Zsírleválasztók DWG/LZS 7 Zsírleválasztó - vízszintes metszet/LZS 7 Zsírleválasztó - vízszintes metszet.pdf
2025-07-01 23:23:19,940 - INFO - HTTP Request: GET https://www.leier.hu/hu/dokumentumtar/2753 "HTTP/1.1 200 OK"
2025-07-01 23:23:19,947 - INFO - HTTP Request: GET https://www.leier.hu/hu/dokumentumtar/2746 "HTTP/1.1 200 OK"
2025-07-01 23:23:19,952 - INFO - ✅ Downloaded: hu/Részletrajzok/Csomópontok/Kéregelemes födém részletrajzok/pln/p02c-kpanel-koszoru4/p02c-kpanel-koszoru4.pdf
2025-07-01 23:23:20,237 - INFO - HTTP Request: GET https://www.leier.hu/hu/dokumentumtar/3127 "HTTP/1.1 200 OK"
2025-07-01 23:23:20,238 - INFO - HTTP Request: GET https://www.leier.hu/hu/dokumentumtar/4130 "HTTP/1.1 200 OK"
2025-07-01 23:23:20,238 - INFO - HTTP Request: GET https://www.leier.hu/hu/dokumentumtar/2983 "HTTP/1.1 200 OK"
2025-07-01 23:23:20,250 - INFO - ✅ Downloaded: hu/Részletrajzok/Csomópontok/Kéregelemes födém részletrajzok/pln/p07-kpanel-gerenda/p07-kpanel-gerenda.pdf
2025-07-01 23:23:20,250 - INFO - ✅ Downloaded: hu/Termékadatlapok/Magasépítési termékek/Beton falazóelemek/Leier beton ZS40 adatlap.pdf/Leier beton ZS40 adatlap.pdf
2025-07-01 23:23:20,779 - INFO - ✅ Downloaded: hu/Részletrajzok/Elemrajzok (DWG, PDF)/Mélyépítés/Kábelcsatorna/KCS vályú irt jobb elöl/KCS vályú irt jobb elöl.pdf
2025-07-01 23:23:20,779 - INFO - ✅ Downloaded: hu/Részletrajzok/Elemrajzok (DWG, PDF)/Mélyépítés/Betoncsövek/TOTA 80 200L - Tokos talpas betoncső hosszmetszet vízszintes/TOTA 80 200L - Tokos talpas betoncső hosszmetszet vízszintes.pdf
2025-07-01 23:23:21,424 - INFO - HTTP Request: GET https://www.leier.hu/hu/dokumentumtar/3329 "HTTP/1.1 200 OK"
2025-07-01 23:23:21,450 - INFO - HTTP Request: GET https://www.leier.hu/hu/dokumentumtar/3530 "HTTP/1.1 200 OK"
2025-07-01 23:23:21,457 - INFO - ✅ Downloaded: hu/Részletrajzok/Elemrajzok (DWG, PDF)/Környezettechnika/Zsírleválasztók DWG/LZS 2 Zsírleválasztó - vízszintes metszet/LZS 2 Zsírleválasztó - vízszintes metszet.pdf
2025-07-01 23:23:21,790 - INFO - HTTP Request: GET https://www.leier.hu/hu/dokumentumtar/3259 "HTTP/1.1 200 OK"
2025-07-01 23:23:21,792 - INFO - HTTP Request: GET https://www.leier.hu/hu/dokumentumtar/2239 "HTTP/1.1 200 OK"
2025-07-01 23:23:21,793 - INFO - HTTP Request: GET https://www.leier.hu/hu/dokumentumtar/2894 "HTTP/1.1 200 OK"
2025-07-01 23:23:21,799 - INFO - ✅ Downloaded: hu/Részletrajzok/Elemrajzok (DWG, PDF)/Környezettechnika/Olajelválasztók PDF/LOL SUPER 15 75 max KF zapor tulfolyoval melleklet PDF/LOL SUPER 15 75 max KF zapor tulfolyoval melleklet PDF.pdf
2025-07-01 23:23:22,093 - INFO - ✅ Downloaded: hu/Részletrajzok/Elemrajzok (DWG, PDF)/Mélyépítés/Tisztítóakna elemek/Akna fenékelemek/AFE 100 - 50 L K - Akna fenékelem künettel - függőleges metszet/AFE 100 - 50 L K - Akna fenékelem künettel - függőleges metszet.pdf
2025-07-01 23:23:22,364 - INFO - ✅ Downloaded: hu/Termékadatlapok/Magasépítési termékek/Durisol falazóelemek/Durisol hőszigetelt falazóelem DMi 37,5/12 - Termékadatlap/Durisol hőszigetelt falazóelem DMi 37_5_12 - Termékadatlap.pdf
2025-07-01 23:23:22,673 - INFO - HTTP Request: GET https://www.leier.hu/hu/dokumentumtar/2113 "HTTP/1.1 404 Not Found"
2025-07-01 23:23:22,677 - INFO - ✅ Downloaded: hu/Részletrajzok/Elemrajzok (DWG, PDF)/Mélyépítés/Árokburkoló- és árokelemek/ÁE 30_30 - 50L - árokburkoló elem - oldalnézet/ÁE 30_30 - 50L - árokburkoló elem - oldalnézet.pdf
2025-07-01 23:23:23,009 - ERROR - ❌ Failed to download https://www.leier.hu/hu/dokumentumtar/2113: Client error '404 Not Found' for url 'https://www.leier.hu/hu/dokumentumtar/2113'
For more information check: https://developer.mozilla.org/en-US/docs/Web/HTTP/Status/404
2025-07-01 23:23:23,308 - INFO - HTTP Request: GET https://www.leier.hu/hu/dokumentumtar/2390 "HTTP/1.1 200 OK"
2025-07-01 23:23:23,346 - INFO - ✅ Downloaded: hu/Részletrajzok/Csomópontok/Fal részletrajzok/pln/f09a-uni-alapozas-tn/f09a-uni-alapozas-tn.pdf
2025-07-01 23:23:23,642 - INFO - HTTP Request: GET https://www.leier.hu/hu/dokumentumtar/2519 "HTTP/1.1 200 OK"
2025-07-01 23:23:23,648 - INFO - ✅ Downloaded: hu/Részletrajzok/Csomópontok/Tető részletrajzok/pln/t04-felnyereg-gerinc/t04-felnyereg-gerinc.pdf
2025-07-01 23:23:23,916 - INFO - HTTP Request: GET https://www.leier.hu/hu/dokumentumtar/3379 "HTTP/1.1 200 OK"
2025-07-01 23:23:23,917 - INFO - HTTP Request: GET https://www.leier.hu/hu/dokumentumtar/3173 "HTTP/1.1 200 OK"
2025-07-01 23:23:23,921 - INFO - ✅ Downloaded: hu/Részletrajzok/Elemrajzok (DWG, PDF)/Környezettechnika/Olajelválasztók DWG/LOL SUPER 80 max KF melléklet/LOL SUPER 80 max KF melle_klet.pdf
2025-07-01 23:23:24,195 - INFO - HTTP Request: GET https://www.leier.hu/hu/dokumentumtar/2299 "HTTP/1.1 200 OK"
2025-07-01 23:23:24,198 - INFO - ✅ Downloaded: hu/Részletrajzok/Elemrajzok (DWG, PDF)/Mélyépítés/Keretelemek/LKE 180 - 180 - 100 - Keretelem - hosszmetszet/LKE 180 - 180 - 100 - Keretelem - hosszmetszet.pdf
2025-07-01 23:23:24,484 - INFO - ✅ Downloaded: hu/Termékadatlapok/Kertépítés, díszburkolat/Rézsűkövek, kiegészítők, virágtartók/VIRÁGTARTÓK termékadatlap/VIRÁGTARTÓK termékadatlap.pdf
2025-07-01 23:23:24,743 - INFO - HTTP Request: GET https://www.leier.hu/hu/dokumentumtar/3177 "HTTP/1.1 200 OK"
2025-07-01 23:23:24,744 - INFO - HTTP Request: GET https://www.leier.hu/hu/dokumentumtar/2759 "HTTP/1.1 200 OK"
2025-07-01 23:23:24,759 - INFO - ✅ Downloaded: hu/Részletrajzok/Elemrajzok (DWG, PDF)/Mélyépítés/Keretelemek/LKE 150 - 150 - 133 - Keret előfej kezdőelem - felülnézet/LKE 150 - 150 - 133 - Keret előfej kezdőelem - felülnézet.pdf
2025-07-01 23:23:25,026 - INFO - HTTP Request: GET https://www.leier.hu/hu/dokumentumtar/2604 "HTTP/1.1 200 OK"
2025-07-01 23:23:25,028 - INFO - ✅ Downloaded: hu/Részletrajzok/Csomópontok/Kéregelemes födém részletrajzok/asc/leier-p05a-kpanel-terasz1/leier-p05a-kpanel-terasz1.pdf
2025-07-01 23:23:25,028 - INFO - ✅ Downloaded: hu/Részletrajzok/Csomópontok/Födém részletrajzok/dxf/leier-m05b-mesterf-terasz2/leier-m05b-mesterf-terasz2.pdf
2025-07-01 23:23:25,569 - INFO - HTTP Request: GET https://www.leier.hu/hu/dokumentumtar/2713 "HTTP/1.1 200 OK"
2025-07-01 23:23:25,571 - INFO - ✅ Downloaded: hu/Részletrajzok/Csomópontok/Mélyépítési részletrajzok/asc/leier-c03-80-csaphornyos/leier-c03-80-csaphornyos.pdf
2025-07-01 23:23:25,840 - INFO - HTTP Request: GET https://www.leier.hu/hu/dokumentumtar/2423 "HTTP/1.1 200 OK"
2025-07-01 23:23:25,842 - INFO - ✅ Downloaded: hu/Részletrajzok/Csomópontok/Fal részletrajzok/dxf/Leier f09b-zsaluko-alap-tn1/Leier f09b-zsaluko-alap-tn1.pdf
2025-07-01 23:23:26,120 - INFO - HTTP Request: GET https://www.leier.hu/hu/dokumentumtar/3360 "HTTP/1.1 200 OK"
2025-07-01 23:23:26,124 - INFO - ✅ Downloaded: hu/Részletrajzok/Elemrajzok (DWG, PDF)/Környezettechnika/Olajelválasztók DWG/LOL SUPER 150 max KF melléklet/LOL SUPER 150 max KF melle_klet.pdf
2025-07-01 23:23:26,404 - INFO - HTTP Request: GET https://www.leier.hu/hu/dokumentumtar/3405 "HTTP/1.1 200 OK"
2025-07-01 23:23:26,412 - INFO - HTTP Request: GET https://www.leier.hu/hu/dokumentumtar/3328 "HTTP/1.1 200 OK"
2025-07-01 23:23:26,416 - INFO - ✅ Downloaded: hu/Részletrajzok/Elemrajzok (DWG, PDF)/Környezettechnika/Olajelválasztók DWG/LOL SUPER 30 max P melléklet/LOL SUPER 30 max P melle_klet.pdf
2025-07-01 23:23:26,702 - INFO - HTTP Request: GET https://www.leier.hu/hu/dokumentumtar/2903 "HTTP/1.1 200 OK"
2025-07-01 23:23:26,706 - INFO - ✅ Downloaded: hu/Részletrajzok/Elemrajzok (DWG, PDF)/Környezettechnika/Zsírleválasztók DWG/LZS 4 Zsírleválasztó - függőleges metszet/LZS 4 Zsírleválasztó - függőleges metszet.pdf
2025-07-01 23:23:26,969 - INFO - HTTP Request: GET https://www.leier.hu/hu/dokumentumtar/3318 "HTTP/1.1 200 OK"
2025-07-01 23:23:26,973 - INFO - ✅ Downloaded: hu/Részletrajzok/Elemrajzok (DWG, PDF)/Mélyépítés/Árokburkoló- és árokelemek/ÁBE F 30_40 - 50L - Bordás fedlap - felülnézet/ÁBE F 30_40 - 50L - Bordás fedlap - felülnézet.pdf
2025-07-01 23:23:27,260 - INFO - HTTP Request: GET https://www.leier.hu/hu/dokumentumtar/1995 "HTTP/1.1 200 OK"
2025-07-01 23:23:27,263 - ERROR - ❌ Failed to download https://www.leier.hu/hu/dokumentumtar/1995: [Errno 2] No such file or directory: 'C:\\Users\\Admin\\.cursor\\Lambda\\src\\backend\\src\\downloads\\leier_materials_api\\documents\\hu\\Teljesítménynyilatkozatok\\Magasépítési termékek\\Tégla termékek\\Devecser - Teljesítménynyilatkozatok\\LeierPLAN\\Teljesítménynyilatkozat - LeierPLAN 12\\Teljesítménynyilatkozat - LeierPLAN 12_50 N_F - DE LE DE771-1-15-03.pdf'
2025-07-01 23:23:27,595 - INFO - HTTP Request: GET https://www.leier.hu/hu/dokumentumtar/3268 "HTTP/1.1 200 OK"
2025-07-01 23:23:27,598 - INFO - ✅ Downloaded: hu/Részletrajzok/Elemrajzok (DWG, PDF)/Környezettechnika/Iszapfogók DWG/LIF 200 175L Iszapfogó - függőleges metszet/LIF 200 175L Iszapfogó - függőleges metszet.pdf
2025-07-01 23:23:27,872 - INFO - HTTP Request: GET https://www.leier.hu/hu/dokumentumtar/1883 "HTTP/1.1 200 OK"
2025-07-01 23:23:27,876 - INFO - ✅ Downloaded: hu/Részletrajzok/Elemrajzok (DWG, PDF)/Mélyépítés/Tisztítóakna elemek/Akna fenékelemek/AFE 100 LG KN - Akna fenékelem gumigyűrűs künet nélkül - vízszintes metszet/AFE 100 LG KN - Akna fenékelem gumigyűrűs künet nélkül - vízszintes metszet.pdf
2025-07-01 23:23:28,152 - INFO - HTTP Request: GET https://www.leier.hu/hu/dokumentumtar/2043 "HTTP/1.1 200 OK"
2025-07-01 23:23:28,159 - ERROR - ❌ Failed to download https://www.leier.hu/hu/dokumentumtar/2043: [Errno 2] No such file or directory: 'C:\\Users\\Admin\\.cursor\\Lambda\\src\\backend\\src\\downloads\\leier_materials_api\\documents\\hu\\Teljesítménynyilatkozatok\\Magasépítési termékek\\Tégla termékek\\Mátraderecske - Teljesítménynyilatkozatok\\Teljesítménynyilatkozat - Leiertherm 30 MT - MD LE MD771-1-10-01.pdf'
2025-07-01 23:23:28,437 - INFO - HTTP Request: GET https://www.leier.hu/hu/dokumentumtar/3818 "HTTP/1.1 200 OK"
2025-07-01 23:23:28,441 - INFO - ✅ Downloaded: hu/Prospektusok/Leier Magasles/Leier Magasles.pdf
2025-07-01 23:23:28,442 - INFO - ✅ Downloaded: hu/Teljesítménynyilatkozatok/Magasépítési termékek/Beton falazóelemek/Zsaluzóelem - Pécs - Teljesítménynyilatkozat LE PE15435-02/Zsaluzóelem - Pécs - Teljesítménynyilatkozat LE PE15435-02.pdf
2025-07-01 23:23:29,003 - INFO - HTTP Request: GET https://www.leier.hu/hu/dokumentumtar/3435 "HTTP/1.1 200 OK"
2025-07-01 23:23:29,007 - INFO - ✅ Downloaded: hu/Részletrajzok/Elemrajzok (DWG, PDF)/Környezettechnika/Olajelválasztók DWG/LOL SUPER 10 KF melléklet/LOL SUPER 10 KF melle_klet.pdf
2025-07-01 23:23:29,276 - INFO - HTTP Request: GET https://www.leier.hu/hu/dokumentumtar/2675 "HTTP/1.1 200 OK"
2025-07-01 23:23:29,280 - INFO - ✅ Downloaded: hu/Részletrajzok/Csomópontok/Térburkolat részletrajzok/pln/b02-szegely2/b02-szegely2.pdf
2025-07-01 23:23:29,557 - INFO - HTTP Request: GET https://www.leier.hu/hu/dokumentumtar/4160 "HTTP/1.1 200 OK"
2025-07-01 23:23:29,560 - INFO - ✅ Downloaded: hu/Teljesítménynyilatkozatok/Kertépítés, díszburkolat/Leier mederlap quartz teljesítménynyilatkozat LE HU1339MEDERLAP-01/Leier mederlap quartz teljesítménynyilatkozat LE HU1339MEDERLAP-01.pdf
2025-07-01 23:23:29,823 - INFO - HTTP Request: GET https://www.leier.hu/hu/dokumentumtar/2499 "HTTP/1.1 200 OK"
2025-07-01 23:23:29,832 - INFO - HTTP Request: GET https://www.leier.hu/hu/dokumentumtar/2002 "HTTP/1.1 200 OK"
2025-07-01 23:23:29,836 - INFO - ✅ Downloaded: hu/Részletrajzok/Csomópontok/Tető részletrajzok/asc/leier-t08b-orom-fem/leier-t08b-orom-fem.pdf
2025-07-01 23:23:30,102 - INFO - HTTP Request: GET https://www.leier.hu/hu/dokumentumtar/2399 "HTTP/1.1 200 OK"
2025-07-01 23:23:30,104 - ERROR - ❌ Failed to download https://www.leier.hu/hu/dokumentumtar/2002: [Errno 2] No such file or directory: 'C:\\Users\\Admin\\.cursor\\Lambda\\src\\backend\\src\\downloads\\leier_materials_api\\documents\\hu\\Teljesítménynyilatkozatok\\Magasépítési termékek\\Tégla termékek\\Devecser - Teljesítménynyilatkozatok\\Leiertherm\\Teljesítménynyilatkozat - Leiertherm 30 Pro LE DE771-1-24-02.pdf'
2025-07-01 23:23:30,389 - INFO - HTTP Request: GET https://www.leier.hu/hu/dokumentumtar/3900 "HTTP/1.1 200 OK"
2025-07-01 23:23:30,392 - INFO - ✅ Downloaded: hu/Részletrajzok/Csomópontok/Fal részletrajzok/pln/f02-vfal-t-csatlakozas/f02-vfal-t-csatlakozas.pdf
2025-07-01 23:23:30,657 - INFO - HTTP Request: GET https://www.leier.hu/hu/dokumentumtar/3381 "HTTP/1.1 200 OK"
2025-07-01 23:23:30,669 - INFO - ✅ Downloaded: hu/Részletrajzok/Elemrajzok (DWG, PDF)/Környezettechnika/Olajelválasztók DWG/LOL SUPER 60 300 P zápor túlfolyóval melléklet/LOL SUPER 60 300 P zápor túlfolyóval melléklet.pdf
2025-07-01 23:23:30,934 - INFO - HTTP Request: GET https://www.leier.hu/hu/dokumentumtar/3795 "HTTP/1.1 200 OK"
2025-07-01 23:23:30,940 - INFO - ✅ Downloaded: at/Verlegemuster/Verlegemuster Dom-I Pflaster/Verlegemuster Dom-I Pflaster.pdf
2025-07-01 23:23:31,206 - INFO - HTTP Request: GET https://www.leier.hu/hu/dokumentumtar/3115 "HTTP/1.1 200 OK"
2025-07-01 23:23:31,209 - INFO - ✅ Downloaded: hu/Prospektusok/Leier Durisol zajárnyékoló falrendszerek - Prospektus/Leier Durisol zajárnyékoló falrendszerek - Prospektus.pdf
2025-07-01 23:23:31,483 - INFO - HTTP Request: GET https://www.leier.hu/hu/dokumentumtar/4141 "HTTP/1.1 200 OK"
2025-07-01 23:23:31,486 - INFO - ✅ Downloaded: hu/Részletrajzok/Elemrajzok (DWG, PDF)/Mélyépítés/Kábelcsatorna/KCS vályú teli osztott elöl/KCS vályú teli osztott elöl.pdf
2025-07-01 23:23:31,751 - INFO - HTTP Request: GET https://www.leier.hu/hu/dokumentumtar/1997 "HTTP/1.1 200 OK"
2025-07-01 23:23:31,755 - ERROR - ❌ Failed to download https://www.leier.hu/hu/dokumentumtar/1997: [Errno 2] No such file or directory: 'C:\\Users\\Admin\\.cursor\\Lambda\\src\\backend\\src\\downloads\\leier_materials_api\\documents\\hu\\Teljesítménynyilatkozatok\\Magasépítési termékek\\Tégla termékek\\Devecser - Teljesítménynyilatkozatok\\Leiertherm\\Teljesítménynyilatkozat - Leiertherm 10 N_F LE DE771-1-06-04.pdf'
2025-07-01 23:23:32,053 - INFO - ✅ Downloaded: hu/Prospektusok/Leier égetett kerámia falazórendszerek/Leier égetett kerámia falazórendszerek.pdf
2025-07-01 23:23:32,392 - INFO - HTTP Request: GET https://www.leier.hu/hu/dokumentumtar/2673 "HTTP/1.1 200 OK"
2025-07-01 23:23:32,394 - INFO - HTTP Request: GET https://www.leier.hu/hu/dokumentumtar/2532 "HTTP/1.1 200 OK"
2025-07-01 23:23:32,396 - INFO - HTTP Request: GET https://www.leier.hu/hu/dokumentumtar/2506 "HTTP/1.1 200 OK"
2025-07-01 23:23:32,407 - INFO - ✅ Downloaded: hu/Részletrajzok/Csomópontok/Térburkolat részletrajzok/pln/b04-szegely4/b04-szegely4.pdf
2025-07-01 23:23:32,721 - INFO - ✅ Downloaded: hu/Részletrajzok/Csomópontok/Kémény részletrajzok/dwg/k03-kemeny-fodemattor3/k03-kemeny-fodemattor3.pdf
2025-07-01 23:23:33,017 - INFO - HTTP Request: GET https://www.leier.hu/hu/dokumentumtar/3100 "HTTP/1.1 200 OK"
2025-07-01 23:23:33,019 - INFO - ✅ Downloaded: hu/Részletrajzok/Csomópontok/Tető részletrajzok/asc/leier-t03-felnyereg-falcs/leier-t03-felnyereg-falcs.pdf
2025-07-01 23:23:33,304 - INFO - ✅ Downloaded: hu/Részletrajzok/Elemrajzok (DWG, PDF)/Mélyépítés/Előfej támfalelemek/LEF 80 1 1.5 előfej/LEF 80 1 1.5 előfej
2025-07-01 23:23:33,587 - INFO - HTTP Request: GET https://www.leier.hu/hu/dokumentumtar/3320 "HTTP/1.1 200 OK"
2025-07-01 23:23:33,615 - INFO - ✅ Downloaded: hu/Részletrajzok/Elemrajzok (DWG, PDF)/Környezettechnika/Iszapfogók DWG/LIF 160 200L Iszapfogó - függőleges metszet/LIF 160 200L Iszapfogó - függőleges metszet.pdf
2025-07-01 23:23:33,929 - INFO - HTTP Request: GET https://www.leier.hu/hu/dokumentumtar/2629 "HTTP/1.1 200 OK"
2025-07-01 23:23:33,931 - INFO - HTTP Request: GET https://www.leier.hu/hu/dokumentumtar/3272 "HTTP/1.1 200 OK"
2025-07-01 23:23:33,933 - INFO - HTTP Request: GET https://www.leier.hu/hu/dokumentumtar/2560 "HTTP/1.1 200 OK"
2025-07-01 23:23:33,942 - INFO - ✅ Downloaded: hu/Részletrajzok/Csomópontok/Kéregfal részletrajzok/pdf/e03b-pincefal-szig/e03b-pincefal-szig.pdf
2025-07-01 23:23:34,213 - INFO - ✅ Downloaded: hu/Részletrajzok/Csomópontok/Kémény részletrajzok/dxf/leier-k02a-kemeny-fodem11/leier-k02a-kemeny-fodem11.pdf
2025-07-01 23:23:34,507 - INFO - HTTP Request: GET https://www.leier.hu/hu/dokumentumtar/2948 "HTTP/1.1 200 OK"
2025-07-01 23:23:34,509 - INFO - ✅ Downloaded: hu/Részletrajzok/Elemrajzok (DWG, PDF)/Mélyépítés/Tisztítóakna elemek/Akna fenékelemek/AFE 100p130/AFE 100p130.pdf
2025-07-01 23:23:34,772 - INFO - ✅ Downloaded: hu/Részletrajzok/Elemrajzok (DWG, PDF)/Mélyépítés/Átemelőakna elemek/AGY_200_175 LG - Átemelő gyűrű gumigyűrűs/AGY_200_175 LG - Átemelő gyűrű gumigyűrűs.pdf
2025-07-01 23:23:35,138 - INFO - HTTP Request: GET https://www.leier.hu/hu/dokumentumtar/2510 "HTTP/1.1 200 OK"
2025-07-01 23:23:35,150 - INFO - HTTP Request: GET https://www.leier.hu/hu/dokumentumtar/3273 "HTTP/1.1 200 OK"
2025-07-01 23:23:35,156 - INFO - ✅ Downloaded: hu/Részletrajzok/Csomópontok/Tető részletrajzok/pln/t10-szellozo/t10-szellozo.pdf
2025-07-01 23:23:35,444 - INFO - HTTP Request: GET https://www.leier.hu/hu/dokumentumtar/2986 "HTTP/1.1 200 OK"
2025-07-01 23:23:35,445 - INFO - HTTP Request: GET https://www.leier.hu/hu/dokumentumtar/2692 "HTTP/1.1 200 OK"
2025-07-01 23:23:35,446 - INFO - HTTP Request: GET https://www.leier.hu/hu/dokumentumtar/2924 "HTTP/1.1 200 OK"
2025-07-01 23:23:35,450 - INFO - ✅ Downloaded: hu/Részletrajzok/Elemrajzok (DWG, PDF)/Mélyépítés/Tisztítóakna elemek/Akna fenékelemek/AFE 100_LG/AFE 100_LG.pdf
2025-07-01 23:23:35,727 - INFO - ✅ Downloaded: hu/Részletrajzok/Elemrajzok (DWG, PDF)/Mélyépítés/Árokburkoló- és árokelemek/ÁBE 30_40 - 200L - árokburkoló elem - elölnézet/ÁBE 30_40 - 200L - árokburkoló elem - elölnézet.pdf
2025-07-01 23:23:35,728 - INFO - ✅ Downloaded: hu/Részletrajzok/Elemrajzok (DWG, PDF)/Mélyépítés/Betoncsövek/TOTA 50 200L - Tokos talpas betoncső tokosmetszet/TOTA 50 200L - Tokos talpas betoncső tokosmetszet.pdf
2025-07-01 23:23:36,261 - INFO - ✅ Downloaded: hu/Részletrajzok/Csomópontok/Mélyépítési részletrajzok/dwg/akna-osszeallitasi-rajzok/akna-osszeallitasi-rajzok.pdf
2025-07-01 23:23:36,542 - INFO - HTTP Request: GET https://www.leier.hu/hu/dokumentumtar/3157 "HTTP/1.1 200 OK"
2025-07-01 23:23:36,546 - INFO - ✅ Downloaded: hu/Részletrajzok/Elemrajzok (DWG, PDF)/Mélyépítés/Kábelcsatorna/KCS fedlap irt. jobb/KCS fedlap irt. jobb
2025-07-01 23:23:36,842 - INFO - HTTP Request: GET https://www.leier.hu/hu/dokumentumtar/2502 "HTTP/1.1 200 OK"
2025-07-01 23:23:36,845 - INFO - ✅ Downloaded: hu/Részletrajzok/Csomópontok/Tető részletrajzok/asc/leier-t071-tetoablak-fugg/leier-t071-tetoablak-fugg.pdf
2025-07-01 23:23:37,111 - INFO - HTTP Request: GET https://www.leier.hu/hu/dokumentumtar/2773 "HTTP/1.1 200 OK"
2025-07-01 23:23:37,113 - INFO - HTTP Request: GET https://www.leier.hu/hu/dokumentumtar/2592 "HTTP/1.1 200 OK"
2025-07-01 23:23:37,115 - INFO - ✅ Downloaded: hu/Részletrajzok/Csomópontok/Kéregelemes födém részletrajzok/dxf/leier-p02c-kpanel-koszoru4/leier-p02c-kpanel-koszoru4.pdf
2025-07-01 23:23:37,386 - INFO - HTTP Request: GET https://www.leier.hu/hu/dokumentumtar/2003 "HTTP/1.1 200 OK"
2025-07-01 23:23:37,387 - INFO - ✅ Downloaded: hu/Részletrajzok/Csomópontok/Födém részletrajzok/pln/m02b-mesterf-koszoru3/m02b-mesterf-koszoru3.pdf
2025-07-01 23:23:37,654 - ERROR - ❌ Failed to download https://www.leier.hu/hu/dokumentumtar/2003: [Errno 2] No such file or directory: 'C:\\Users\\Admin\\.cursor\\Lambda\\src\\backend\\src\\downloads\\leier_materials_api\\documents\\hu\\Teljesítménynyilatkozatok\\Magasépítési termékek\\Tégla termékek\\Devecser - Teljesítménynyilatkozatok\\Leiertherm\\Teljesítménynyilatkozat - Leiertherm 38 N_F LE DE771-1-02-04.pdf'
2025-07-01 23:23:37,921 - INFO - HTTP Request: GET https://www.leier.hu/hu/dokumentumtar/4109 "HTTP/1.1 200 OK"
2025-07-01 23:23:37,925 - INFO - ✅ Downloaded: hu/Termékadatlapok/Magasépítési termékek/Tégla termékek/Leiertherm 25 OBJEKT adatlap.pdf/Leiertherm 25 OBJEKT adatlap.pdf
2025-07-01 23:23:38,210 - INFO - HTTP Request: GET https://www.leier.hu/hu/dokumentumtar/2482 "HTTP/1.1 200 OK"
2025-07-01 23:23:38,213 - INFO - ✅ Downloaded: hu/Részletrajzok/Csomópontok/Tető részletrajzok/dwg/t03-felnyereg-falcs/t03-felnyereg-falcs.pdf
2025-07-01 23:23:38,562 - INFO - HTTP Request: GET https://www.leier.hu/hu/dokumentumtar/2681 "HTTP/1.1 200 OK"
2025-07-01 23:23:38,578 - INFO - ✅ Downloaded: hu/Részletrajzok/Csomópontok/Térburkolat részletrajzok/asc/leier-b06a-folyoka1/leier-b06a-folyoka1.pdf
2025-07-01 23:23:38,953 - INFO - HTTP Request: GET https://www.leier.hu/hu/dokumentumtar/2522 "HTTP/1.1 200 OK"
2025-07-01 23:23:38,954 - INFO - HTTP Request: GET https://www.leier.hu/hu/dokumentumtar/3657 "HTTP/1.1 404 Not Found"
2025-07-01 23:23:38,959 - ERROR - ❌ Failed to download https://www.leier.hu/hu/dokumentumtar/3657: Client error '404 Not Found' for url 'https://www.leier.hu/hu/dokumentumtar/3657'
For more information check: https://developer.mozilla.org/en-US/docs/Web/HTTP/Status/404
2025-07-01 23:23:39,261 - INFO - HTTP Request: GET https://www.leier.hu/hu/dokumentumtar/3963 "HTTP/1.1 200 OK"
2025-07-01 23:23:39,262 - INFO - HTTP Request: GET https://www.leier.hu/hu/dokumentumtar/2298 "HTTP/1.1 200 OK"
2025-07-01 23:23:39,266 - INFO - ✅ Downloaded: hu/Részletrajzok/Csomópontok/Tető részletrajzok/pln/t01-eresz/t01-eresz.pdf
2025-07-01 23:23:39,659 - INFO - ✅ Downloaded: hu/Termékadatlapok/Kertépítés, díszburkolat/Rézsűkövek, kiegészítők, virágtartók/KAISERSTEIN LUNA rézsűkő termékadatlap/KAISERSTEIN LUNA rézsűkő termékadatlap.pdf
2025-07-01 23:23:40,021 - INFO - HTTP Request: GET https://www.leier.hu/hu/dokumentumtar/2396 "HTTP/1.1 200 OK"
2025-07-01 23:23:40,025 - INFO - ✅ Downloaded: at/Verarbeitungsinfos/VÖB-FQP/VOEB-FQP_Anleitung Verlegung Betonsteinpflaster_07-2018.pdf/VOEB-FQP_Anleitung Verlegung Betonsteinpflaster_07-2018.pdf
2025-07-01 23:23:40,329 - INFO - ✅ Downloaded: hu/Részletrajzok/Csomópontok/Fal részletrajzok/pln/f04b-kulso-nyilaszaro2/f04b-kulso-nyilaszaro2.pdf
2025-07-01 23:23:40,664 - INFO - HTTP Request: GET https://www.leier.hu/hu/dokumentumtar/3882 "HTTP/1.1 404 Not Found"
2025-07-01 23:23:40,679 - ERROR - ❌ Failed to download https://www.leier.hu/hu/dokumentumtar/3882: Client error '404 Not Found' for url 'https://www.leier.hu/hu/dokumentumtar/3882'
For more information check: https://developer.mozilla.org/en-US/docs/Web/HTTP/Status/404
2025-07-01 23:23:40,991 - INFO - HTTP Request: GET https://www.leier.hu/hu/dokumentumtar/3211 "HTTP/1.1 200 OK"
2025-07-01 23:23:41,008 - INFO - ✅ Downloaded: hu/Részletrajzok/Elemrajzok (DWG, PDF)/Mélyépítés/Tisztítóakna elemek/Aknaszűkítő elemek/ASZ 100 - 62.5 - 40 - 60 LG - Akna szűkítő gumigyűrűs - felülnézet/ASZ 100 - 62.5 - 40 - 60 LG - Akna szűkítő gumigyűrűs - felülnézet
2025-07-01 23:23:41,313 - INFO - HTTP Request: GET https://www.leier.hu/hu/dokumentumtar/4100 "HTTP/1.1 200 OK"
2025-07-01 23:23:41,315 - INFO - ✅ Downloaded: hu/Termékadatlapok/Magasépítési termékek/Tégla termékek/LeierPlan 44 ISO adatlap.pdf/LeierPlan 44 ISO adatlap.pdf
2025-07-01 23:23:41,623 - INFO - HTTP Request: GET https://www.leier.hu/hu/dokumentumtar/2955 "HTTP/1.1 200 OK"
2025-07-01 23:23:41,624 - INFO - HTTP Request: GET https://www.leier.hu/hu/dokumentumtar/3416 "HTTP/1.1 200 OK"
2025-07-01 23:23:41,628 - INFO - ✅ Downloaded: hu/Részletrajzok/Elemrajzok (DWG, PDF)/Környezettechnika/Olajelválasztók DWG/LOL SUPER 20 P melléklet/LOL SUPER 20 P melle_klet.pdf
2025-07-01 23:23:41,936 - INFO - HTTP Request: GET https://www.leier.hu/hu/dokumentumtar/2794 "HTTP/1.1 200 OK"
2025-07-01 23:23:41,945 - INFO - ✅ Downloaded: hu/Részletrajzok/Elemrajzok (DWG, PDF)/Mélyépítés/Átemelőakna elemek/AGY_160_215 LG - Átemelő gyűrű gumigyűrűs/AGY_160_215 LG - Átemelő gyűrű gumigyűrűs.pdf
2025-07-01 23:23:42,447 - INFO - HTTP Request: GET https://www.leier.hu/hu/dokumentumtar/4171 "HTTP/1.1 200 OK"
2025-07-01 23:23:42,479 - INFO - ✅ Downloaded: hu/Árlisták viszonteladók részére/Magasépítő árlista viszonteladók részére/Magasépítő árlista viszonteladók részére.pdf
2025-07-01 23:23:42,879 - INFO - HTTP Request: GET https://www.leier.hu/hu/dokumentumtar/3041 "HTTP/1.1 200 OK"
2025-07-01 23:23:42,880 - INFO - HTTP Request: GET https://www.leier.hu/hu/dokumentumtar/3471 "HTTP/1.1 200 OK"
2025-07-01 23:23:42,886 - INFO - ✅ Downloaded: hu/Részletrajzok/Elemrajzok (DWG, PDF)/Mélyépítés/Betontartályok/LBT 2 akna melléklet/LBT 2 akna melle_klet.pdf
2025-07-01 23:23:43,174 - INFO - HTTP Request: GET https://www.leier.hu/hu/dokumentumtar/4120 "HTTP/1.1 200 OK"
2025-07-01 23:23:43,178 - INFO - ✅ Downloaded: hu/Részletrajzok/Elemrajzok (DWG, PDF)/Környezettechnika/Olajelválasztók PDF/LOL SUPER 125 max KF melleklet PDF/LOL SUPER 125 max KF melleklet PDF.pdf
2025-07-01 23:23:43,475 - INFO - ✅ Downloaded: hu/Termékadatlapok/Magasépítési termékek/Beton falazóelemek/Leier beton pillérzsalu 20 adatlap.pdf/Leier beton pillérzsalu 20 adatlap.pdf
2025-07-01 23:23:43,826 - INFO - HTTP Request: GET https://www.leier.hu/hu/dokumentumtar/2378 "HTTP/1.1 200 OK"
2025-07-01 23:23:43,830 - INFO - HTTP Request: GET https://www.leier.hu/hu/dokumentumtar/3251 "HTTP/1.1 200 OK"
2025-07-01 23:23:43,851 - INFO - HTTP Request: GET https://www.leier.hu/hu/dokumentumtar/1922 "HTTP/1.1 200 OK"
2025-07-01 23:23:43,858 - INFO - ✅ Downloaded: hu/Részletrajzok/Csomópontok/Fal részletrajzok/pdf/f06b-zsaluko-labazat/f06b-zsaluko-labazat.pdf
2025-07-01 23:23:44,124 - INFO - HTTP Request: GET https://www.leier.hu/hu/dokumentumtar/3390 "HTTP/1.1 200 OK"
2025-07-01 23:23:44,131 - INFO - ✅ Downloaded: hu/Részletrajzok/Elemrajzok (DWG, PDF)/Környezettechnika/Olajelválasztók DWG/LOL SUPER 50 250 KF zápor túlfolyóval melléklet/LOL SUPER 50 250 KF zápor túlfolyóval melléklet.pdf
2025-07-01 23:23:44,398 - INFO - ✅ Downloaded: hu/Részletrajzok/Elemrajzok (DWG, PDF)/Mélyépítés/Tisztítóakna elemek/Akna fenékelemek/AFE 80 L KN - Akna fenékelem künet nélkül - vízszintes metszet/AFE 80 L KN - Akna fenékelem künet nélkül - vízszintes metszet.pdf
2025-07-01 23:23:44,665 - INFO - ✅ Downloaded: hu/Alkalmazástechnikák, Beépítési útmutatók/Méretre gyártott lépcsőkarok - beépítési útmutató/Méretre gyártott lépcsőkarok - beépítési útmutató.pdf
2025-07-01 23:23:45,034 - INFO - HTTP Request: GET https://www.leier.hu/hu/dokumentumtar/2388 "HTTP/1.1 200 OK"
2025-07-01 23:23:45,036 - INFO - ✅ Downloaded: hu/LeierPress/LeierPress 2014/LeierPress 2014.pdf
2025-07-01 23:23:45,302 - INFO - HTTP Request: GET https://www.leier.hu/hu/dokumentumtar/2095 "HTTP/1.1 200 OK"
2025-07-01 23:23:45,304 - INFO - HTTP Request: GET https://www.leier.hu/hu/dokumentumtar/3391 "HTTP/1.1 200 OK"
2025-07-01 23:23:45,304 - INFO - HTTP Request: GET https://www.leier.hu/hu/dokumentumtar/3452 "HTTP/1.1 200 OK"
2025-07-01 23:23:45,309 - INFO - ✅ Downloaded: hu/Teljesítménynyilatkozatok/Kéményrendszerek/TELJESÍTMÉNYNYILATKOZAT Multikeram NR: LE KLETA-12-0491-MULTIKERAM-02/TELJESÍTMÉNYNYILATKOZAT Multikeram NR_ LE KLETA-12-0491-MULTIKERAM-02.pdf
2025-07-01 23:23:45,606 - INFO - ✅ Downloaded: hu/Részletrajzok/Csomópontok/Fal részletrajzok/pln/f09c-zsaluko-alap-tv/f09c-zsaluko-alap-tv.pdf
2025-07-01 23:23:45,874 - INFO - ✅ Downloaded: hu/Részletrajzok/Elemrajzok (DWG, PDF)/Környezettechnika/Olajelválasztók DWG/LOL SUPER 1,5 P melléklet/LOL SUPER 1_5 P melle_klet.pdf
2025-07-01 23:23:46,139 - INFO - ✅ Downloaded: hu/Részletrajzok/Elemrajzok (DWG, PDF)/Környezettechnika/Olajelválasztók DWG/LOL SUPER 50 P melléklet/LOL SUPER 50 P melle_klet.pdf
2025-07-01 23:23:46,536 - INFO - HTTP Request: GET https://www.leier.hu/hu/dokumentumtar/2634 "HTTP/1.1 200 OK"
2025-07-01 23:23:46,544 - INFO - HTTP Request: GET https://www.leier.hu/hu/dokumentumtar/2742 "HTTP/1.1 200 OK"
2025-07-01 23:23:46,547 - INFO - ✅ Downloaded: hu/Részletrajzok/Csomópontok/Kéregfal részletrajzok/pln/e05-keregfal-t-csat/e05-keregfal-t-csat.pdf
2025-07-01 23:23:46,823 - INFO - HTTP Request: GET https://www.leier.hu/hu/dokumentumtar/1926 "HTTP/1.1 200 OK"
2025-07-01 23:23:46,824 - INFO - HTTP Request: GET https://www.leier.hu/hu/dokumentumtar/2926 "HTTP/1.1 200 OK"
2025-07-01 23:23:46,825 - INFO - HTTP Request: GET https://www.leier.hu/hu/dokumentumtar/4103 "HTTP/1.1 200 OK"
2025-07-01 23:23:46,829 - INFO - ✅ Downloaded: hu/Termékadatlapok/Magasépítési termékek/Tégla termékek/LeierPlan 50 Pro adatlap.pdf/LeierPlan 50 Pro adatlap.pdf
2025-07-01 23:23:47,096 - INFO - ✅ Downloaded: hu/Részletrajzok/Csomópontok/Kéregelemes födém részletrajzok/pdf/p02a-kpanel-koszoru2/p02a-kpanel-koszoru2.pdf
2025-07-01 23:23:47,373 - INFO - ✅ Downloaded: hu/Részletrajzok/Elemrajzok (DWG, PDF)/Mélyépítés/Árokburkoló- és árokelemek/ÁBE 20_30 - 200 L - árokburkoló elem - oldalnézet/ÁBE 20_30 - 200 L - árokburkoló elem - oldalnézet.pdf
2025-07-01 23:23:47,645 - INFO - ✅ Downloaded: hu/Alkalmazástechnikák, Beépítési útmutatók/MULTIKERAM LAS, MULTIKERAM kéményrendszer - Beépítési útmutató/MULTIKERAM LAS_ MULTIKERAM kéményrendszer - Beépítési útmutató.pdf
2025-07-01 23:23:47,934 - INFO - HTTP Request: GET https://www.leier.hu/hu/dokumentumtar/2287 "HTTP/1.1 200 OK"
2025-07-01 23:23:47,937 - INFO - ✅ Downloaded: hu/Termékadatlapok/Kertépítés, díszburkolat/Kerti lapok/EUROLINE lapok termékadatlap/EUROLINE lapok termékadatlap.pdf
2025-07-01 23:23:48,208 - INFO - HTTP Request: GET https://www.leier.hu/hu/dokumentumtar/3950 "HTTP/1.1 200 OK"
2025-07-01 23:23:48,209 - INFO - HTTP Request: GET https://www.leier.hu/hu/dokumentumtar/2834 "HTTP/1.1 200 OK"
2025-07-01 23:23:48,213 - INFO - ✅ Downloaded: at/Allgemeine Hinweise/Allg. Hinweise zur Rutschhemmung/Allg. Hinweise zur Rutschhemmung
2025-07-01 23:23:48,484 - INFO - ✅ Downloaded: hu/Szerelési útmutatók/Előregyártott Falak | Wandelemente/Teljesítménynyilatkozat | Leistungerklarung/HU/Előregyártott falak Jánossomorja Teljesítménynyilatkozat/Előregyártott falak Jánossomorja Teljesítménynyilatkozat.pdf
2025-07-01 23:23:48,772 - INFO - HTTP Request: GET https://www.leier.hu/hu/dokumentumtar/1987 "HTTP/1.1 200 OK"
2025-07-01 23:23:48,775 - ERROR - ❌ Failed to download https://www.leier.hu/hu/dokumentumtar/1987: [Errno 2] No such file or directory: 'C:\\Users\\Admin\\.cursor\\Lambda\\src\\backend\\src\\downloads\\leier_materials_api\\documents\\hu\\Teljesítménynyilatkozatok\\Magasépítési termékek\\Tégla termékek\\Devecser - Teljesítménynyilatkozatok\\LeierPLAN\\Teljesítménynyilatkozat - LeierPLAN 45 N_F LE DE771-1-11-04.pdf'
2025-07-01 23:23:49,059 - INFO - HTTP Request: GET https://www.leier.hu/hu/dokumentumtar/2593 "HTTP/1.1 200 OK"
2025-07-01 23:23:49,066 - INFO - ✅ Downloaded: hu/Részletrajzok/Csomópontok/Födém részletrajzok/pln/m01-mesterf-koszoru1/m01-mesterf-koszoru1.pdf
2025-07-01 23:23:49,630 - INFO - HTTP Request: GET https://www.leier.hu/hu/dokumentumtar/3597 "HTTP/1.1 200 OK"
2025-07-01 23:23:49,647 - INFO - ✅ Downloaded: hu/Részletrajzok/Elemrajzok (DWG, PDF)/Durisol zajárnyékolás/Durisol panel 296 100 félkötés - Elölnézet/Durisol panel 296 100 félkötés - Elölnézet.pdf
2025-07-01 23:23:49,990 - INFO - HTTP Request: GET https://www.leier.hu/hu/dokumentumtar/3496 "HTTP/1.1 200 OK"
2025-07-01 23:23:49,991 - INFO - HTTP Request: GET https://www.leier.hu/hu/dokumentumtar/2672 "HTTP/1.1 200 OK"
2025-07-01 23:23:49,994 - INFO - ✅ Downloaded: hu/Részletrajzok/Csomópontok/Térburkolat részletrajzok/pln/b05-szegely5/b05-szegely5.pdf
2025-07-01 23:23:50,285 - INFO - HTTP Request: GET https://www.leier.hu/hu/dokumentumtar/3383 "HTTP/1.1 200 OK"
2025-07-01 23:23:50,286 - INFO - HTTP Request: GET https://www.leier.hu/hu/dokumentumtar/3933 "HTTP/1.1 200 OK"
2025-07-01 23:23:50,290 - INFO - ✅ Downloaded: hu/Részletrajzok/Elemrajzok (DWG, PDF)/Környezettechnika/Olajelválasztók PDF/LOL SUPER 50 P melleklet PDF/LOL SUPER 50 P melleklet PDF.pdf
2025-07-01 23:23:50,609 - INFO - ✅ Downloaded: hu/Részletrajzok/Elemrajzok (DWG, PDF)/Környezettechnika/Olajelválasztók DWG/LOL SUPER 60 P melléklet/LOL SUPER 60 P melle_klet.pdf
2025-07-01 23:23:50,904 - INFO - ✅ Downloaded: at/Verarbeitungsinfos/Verarbeitungsinfo Architektur Trockenmauerstein Beet 192x204 cm/Verarbeitungsinfo Architektur Trockenmauerstein Beet 192x204 cm.pdf
2025-07-01 23:23:51,191 - INFO - HTTP Request: GET https://www.leier.hu/hu/dokumentumtar/2504 "HTTP/1.1 200 OK"
2025-07-01 23:23:51,195 - INFO - ✅ Downloaded: hu/Részletrajzok/Csomópontok/Tető részletrajzok/asc/leier-t05-elgerinc/leier-t05-elgerinc.pdf
2025-07-01 23:23:51,504 - INFO - HTTP Request: GET https://www.leier.hu/hu/dokumentumtar/3786 "HTTP/1.1 200 OK"
2025-07-01 23:23:51,505 - INFO - HTTP Request: GET https://www.leier.hu/hu/dokumentumtar/2695 "HTTP/1.1 200 OK"
2025-07-01 23:23:51,509 - INFO - ✅ Downloaded: hu/Termékadatlapok/Előregyártott termékek/Leier támfal blokk termékadatlap/Leier támfal blokk termékadatlap.pdf
2025-07-01 23:23:51,781 - INFO - HTTP Request: GET https://www.leier.hu/hu/dokumentumtar/4178 "HTTP/1.1 200 OK"
2025-07-01 23:23:51,785 - ERROR - ❌ Failed to download https://www.leier.hu/hu/dokumentumtar/4178: [Errno 2] No such file or directory: 'C:\\Users\\Admin\\.cursor\\Lambda\\src\\backend\\src\\downloads\\leier_materials_api\\documents\\hu\\Betoncserepes dokumentumtár_ Termékadatlap - Teljesítménynyilatkozat - Beépítési útmutató\\Termékadatlapok\\Leier Toscana tetocserep termekadatlap\\Leier-Toscana-tetocserep-termekadatlap.pdf'
2025-07-01 23:23:52,050 - INFO - HTTP Request: GET https://www.leier.hu/hu/dokumentumtar/3763 "HTTP/1.1 200 OK"
2025-07-01 23:23:52,051 - INFO - ✅ Downloaded: hu/Részletrajzok/Csomópontok/Mélyépítési részletrajzok/dwg/c03-80-csaphornyos/c03-80-csaphornyos.pdf
2025-07-01 23:23:52,328 - INFO - ✅ Downloaded: hu/Termékadatlapok/Kertépítés, díszburkolat/Térkövek/Leier Kaiserstein FORUM térkő termékadatlap/Leier Kaiserstein FORUM térkő termékadatlap.pdf
2025-07-01 23:23:52,621 - INFO - HTTP Request: GET https://www.leier.hu/hu/dokumentumtar/3787 "HTTP/1.1 200 OK"
2025-07-01 23:23:52,624 - INFO - ✅ Downloaded: hu/Teljesítménynyilatkozatok/Előregyártott pillérek, gerendák/Teljesítménynyilatkozat - Leier támfalblokk - LE JS15258-01 LTBE/Teljesítménynyilatkozat - Leier támfalblokk - LE JS15258-01 LTBE.pdf
2025-07-01 23:23:52,898 - INFO - HTTP Request: GET https://www.leier.hu/hu/dokumentumtar/3198 "HTTP/1.1 200 OK"
2025-07-01 23:23:52,907 - INFO - ✅ Downloaded: hu/Részletrajzok/Elemrajzok (DWG, PDF)/Mélyépítés/Tisztítóakna elemek/150x150-es akna/150x150-as akna-1/150x150-as akna-1.pdf
2025-07-01 23:23:53,184 - INFO - HTTP Request: GET https://www.leier.hu/hu/dokumentumtar/3411 "HTTP/1.1 200 OK"
2025-07-01 23:23:53,187 - INFO - ✅ Downloaded: hu/Részletrajzok/Elemrajzok (DWG, PDF)/Környezettechnika/Olajelválasztók DWG/LOL SUPER 25 NF melléklet/LOL SUPER 25 NF melle_klet.pdf
2025-07-01 23:23:53,465 - INFO - HTTP Request: GET https://www.leier.hu/hu/dokumentumtar/2556 "HTTP/1.1 200 OK"
2025-07-01 23:23:53,466 - INFO - HTTP Request: GET https://www.leier.hu/hu/dokumentumtar/2558 "HTTP/1.1 200 OK"
2025-07-01 23:23:53,469 - INFO - ✅ Downloaded: hu/Részletrajzok/Csomópontok/Kémény részletrajzok/dxf/leier-k041-kemeny-tetoat11/leier-k041-kemeny-tetoat11.pdf
2025-07-01 23:23:53,469 - INFO - ✅ Downloaded: hu/Részletrajzok/Csomópontok/Kémény részletrajzok/dxf/leier-k03-kemeny-fodem31/leier-k03-kemeny-fodem31.pdf
2025-07-01 23:23:54,009 - INFO - HTTP Request: GET https://www.leier.hu/hu/dokumentumtar/3426 "HTTP/1.1 200 OK"
2025-07-01 23:23:54,012 - INFO - ✅ Downloaded: hu/Részletrajzok/Elemrajzok (DWG, PDF)/Környezettechnika/Olajelválasztók DWG/LOL SUPER 15 max P melléklet/LOL SUPER 15 max P melle_klet.pdf
2025-07-01 23:23:54,716 - INFO - HTTP Request: GET https://www.leier.hu/hu/dokumentumtar/2119 "HTTP/1.1 404 Not Found"
2025-07-01 23:23:54,730 - ERROR - ❌ Failed to download https://www.leier.hu/hu/dokumentumtar/2119: Client error '404 Not Found' for url 'https://www.leier.hu/hu/dokumentumtar/2119'
For more information check: https://developer.mozilla.org/en-US/docs/Web/HTTP/Status/404
2025-07-01 23:23:55,442 - INFO - HTTP Request: GET https://www.leier.hu/hu/dokumentumtar/3266 "HTTP/1.1 200 OK"
2025-07-01 23:23:55,469 - INFO - ✅ Downloaded: hu/Részletrajzok/Elemrajzok (DWG, PDF)/Mélyépítés/Tisztítóakna elemek/Akna fenékelemek/AFE 100 - 100 L KN - Akna fenékelem künet nélkül - függőleges metszet/AFE 100 - 100 L KN - Akna fenékelem künet nélkül - függőleges metszet.pdf
2025-07-01 23:23:56,174 - INFO - HTTP Request: GET https://www.leier.hu/hu/dokumentumtar/3179 "HTTP/1.1 200 OK"
2025-07-01 23:23:56,176 - INFO - HTTP Request: GET https://www.leier.hu/hu/dokumentumtar/3239 "HTTP/1.1 200 OK"
2025-07-01 23:23:56,197 - INFO - ✅ Downloaded: hu/Részletrajzok/Elemrajzok (DWG, PDF)/Mélyépítés/Keretelemek/LKE 150 - 150 - 100 - Keretelem - hosszmetszet/LKE 150 - 150 - 100 - Keretelem - hosszmetszet.pdf
2025-07-01 23:23:56,881 - INFO - HTTP Request: GET https://www.leier.hu/hu/dokumentumtar/2446 "HTTP/1.1 200 OK"
2025-07-01 23:23:56,883 - INFO - HTTP Request: GET https://www.leier.hu/hu/dokumentumtar/4055 "HTTP/1.1 200 OK"
2025-07-01 23:23:56,894 - INFO - ✅ Downloaded: hu/Részletrajzok/Elemrajzok (DWG, PDF)/Mélyépítés/Tisztítóakna elemek/Aknagyűrűk/AGY 100 LG+H - Aknagyűrű gumigyűrűs hágcsóval - vízszintes metszet/AGY 100 LG_H - Aknagyűrű gumigyűrűs hágcsóval - vízszintes metszet.pdf
2025-07-01 23:23:57,584 - INFO - ✅ Downloaded: hu/Részletrajzok/Csomópontok/Leier Durisol zajárnyékoló falak/PDF/Leier Durisol Menekülőkapu/Leier Durisol Menekülőkapu.pdf
2025-07-01 23:23:58,332 - INFO - ✅ Downloaded: hu/Szerelési útmutatók/Előregyártott Falak | Wandelemente/Szerelési útmutató | Montageanleitung/DE/Leier Wandelemente Montageanleitung/Leier Wandelemente Montageanleitung.pdf
2025-07-01 23:23:58,988 - INFO - HTTP Request: GET https://www.leier.hu/hu/dokumentumtar/3334 "HTTP/1.1 200 OK"
2025-07-01 23:23:58,995 - INFO - ✅ Downloaded: hu/Részletrajzok/Elemrajzok (DWG, PDF)/Környezettechnika/Zsírleválasztók DWG/LZS 7 melléklet rajz/LZS 7 melle_klet rajz.pdf
2025-07-01 23:24:00,214 - INFO - HTTP Request: GET https://www.leier.hu/hu/dokumentumtar/3520 "HTTP/1.1 200 OK"
2025-07-01 23:24:00,242 - INFO - ✅ Downloaded: hu/Részletrajzok/Elemrajzok (DWG, PDF)/Környezettechnika/Olajelválasztók PDF/LOL SUPER 25 max NF melleklet PDF/LOL SUPER 25 max NF melleklet PDF.pdf
2025-07-01 23:24:00,971 - INFO - HTTP Request: GET https://www.leier.hu/hu/dokumentumtar/3475 "HTTP/1.1 200 OK"
2025-07-01 23:24:00,989 - INFO - HTTP Request: GET https://www.leier.hu/hu/dokumentumtar/3408 "HTTP/1.1 200 OK"
2025-07-01 23:24:01,009 - INFO - HTTP Request: GET https://www.leier.hu/hu/dokumentumtar/2533 "HTTP/1.1 200 OK"
2025-07-01 23:24:01,085 - INFO - ✅ Downloaded: hu/Részletrajzok/Elemrajzok (DWG, PDF)/Környezettechnika/Olajelválasztók DWG/LOL SUPER 30 KF melléklet/LOL SUPER 30 KF melle_klet.pdf
2025-07-01 23:24:01,097 - INFO - ✅ Downloaded: hu/Részletrajzok/Csomópontok/Kémény részletrajzok/dwg/k02b-kemeny-fodemattor2/k02b-kemeny-fodemattor2.pdf
2025-07-01 23:24:02,719 - INFO - ✅ Downloaded: hu/Részletrajzok/Elemrajzok (DWG, PDF)/Környezettechnika/Olajelválasztók PDF/LOL SUPER 100 NF melleklet PDF/LOL SUPER 100 NF melleklet PDF.pdf
2025-07-01 23:24:03,440 - INFO - HTTP Request: GET https://www.leier.hu/hu/dokumentumtar/3313 "HTTP/1.1 200 OK"
2025-07-01 23:24:03,479 - INFO - ✅ Downloaded: hu/Részletrajzok/Elemrajzok (DWG, PDF)/Környezettechnika/Iszapfogók DWG/LIF 240 215L Iszapfogó - vízszintes metszet/LIF 240 215L Iszapfogó - vízszintes metszet.pdf
2025-07-01 23:24:04,258 - INFO - HTTP Request: GET https://www.leier.hu/hu/dokumentumtar/4134 "HTTP/1.1 200 OK"
2025-07-01 23:24:04,264 - INFO - ✅ Downloaded: hu/Termékadatlapok/Magasépítési termékek/Beton falazóelemek/Leier pincefalazó UNI adatlap.pdf/Leier pincefalazó UNI adatlap.pdf
2025-07-01 23:24:05,054 - INFO - HTTP Request: GET https://www.leier.hu/hu/dokumentumtar/3494 "HTTP/1.1 200 OK"
2025-07-01 23:24:05,058 - INFO - HTTP Request: GET https://www.leier.hu/hu/dokumentumtar/3592 "HTTP/1.1 200 OK"
2025-07-01 23:24:05,103 - INFO - ✅ Downloaded: hu/Részletrajzok/Elemrajzok (DWG, PDF)/Környezettechnika/Olajelválasztók PDF/LOL SUPER 50 250 P zapor tulfolyoval melleklet PDF/LOL SUPER 50 250 P zapor tulfolyoval melleklet PDF.pdf
2025-07-01 23:24:05,772 - INFO - HTTP Request: GET https://www.leier.hu/hu/dokumentumtar/2899 "HTTP/1.1 200 OK"
2025-07-01 23:24:05,778 - INFO - ✅ Downloaded: hu/Részletrajzok/Elemrajzok (DWG, PDF)/Durisol zajárnyékolás/Durisol panel 296 450 egyedi - Elölnézet/Durisol panel 296 450 egyedi - Elölnézet.pdf
2025-07-01 23:24:05,781 - INFO - HTTP Request: GET https://www.leier.hu/hu/dokumentumtar/2505 "HTTP/1.1 200 OK"
2025-07-01 23:24:06,507 - INFO - ✅ Downloaded: hu/Részletrajzok/Csomópontok/Tető részletrajzok/asc/leier-t04-felnyereg-gerinc/leier-t04-felnyereg-gerinc.pdf
2025-07-01 23:24:07,191 - INFO - HTTP Request: GET https://www.leier.hu/hu/dokumentumtar/3553 "HTTP/1.1 200 OK"
2025-07-01 23:24:07,193 - INFO - ✅ Downloaded: hu/Részletrajzok/Elemrajzok (DWG, PDF)/Mélyépítés/Árokburkoló- és árokelemek/ÁBE F 40_50 - 50L - Bordás és víznyelős fedlap - keresztmetszet/ÁBE F 40_50 - 50L - Bordás és víznyelős fedlap - keresztmetszet.pdf
2025-07-01 23:24:07,890 - INFO - ✅ Downloaded: hu/Részletrajzok/Elemrajzok (DWG, PDF)/Környezettechnika/Olajelválasztók PDF/LOL SUPER 6 max P melleklet PDF/LOL SUPER 6 max P melleklet PDF.pdf
2025-07-01 23:24:08,574 - INFO - HTTP Request: GET https://www.leier.hu/hu/dokumentumtar/2747 "HTTP/1.1 200 OK"
2025-07-01 23:24:08,579 - INFO - HTTP Request: GET https://www.leier.hu/hu/dokumentumtar/3027 "HTTP/1.1 200 OK"
2025-07-01 23:24:08,597 - INFO - ✅ Downloaded: hu/Részletrajzok/Csomópontok/Kéregelemes födém részletrajzok/pln/p06-kpanel-lepcso/p06-kpanel-lepcso.pdf
2025-07-01 23:24:09,343 - INFO - HTTP Request: GET https://www.leier.hu/hu/dokumentumtar/3554 "HTTP/1.1 200 OK"
2025-07-01 23:24:09,350 - INFO - ✅ Downloaded: hu/Részletrajzok/Elemrajzok (DWG, PDF)/Mélyépítés/Betontartályok/LBT 4 - Betontartály függőleges metszet/LBT 4 - Betontartály függőleges metszet.pdf
2025-07-01 23:24:10,150 - INFO - HTTP Request: GET https://www.leier.hu/hu/dokumentumtar/2745 "HTTP/1.1 200 OK"
2025-07-01 23:24:10,156 - INFO - ✅ Downloaded: hu/Részletrajzok/Elemrajzok (DWG, PDF)/Környezettechnika/Olajelválasztók PDF/LOL SUPER 6 max KF melleklet PDF/LOL SUPER 6 max KF melleklet PDF.pdf
2025-07-01 23:24:10,871 - INFO - ✅ Downloaded: hu/Részletrajzok/Csomópontok/Kéregelemes födém részletrajzok/pln/p08-kpanel-erkely/p08-kpanel-erkely.pdf
2025-07-01 23:24:11,558 - INFO - HTTP Request: GET https://www.leier.hu/hu/dokumentumtar/2798 "HTTP/1.1 200 OK"
2025-07-01 23:24:11,641 - INFO - ✅ Downloaded: hu/LeierPress/Leier Újság 2005/Leier Újság 2005.pdf
2025-07-01 23:24:12,295 - INFO - HTTP Request: GET https://www.leier.hu/hu/dokumentumtar/3770 "HTTP/1.1 200 OK"
2025-07-01 23:24:12,298 - INFO - HTTP Request: GET https://www.leier.hu/hu/dokumentumtar/2530 "HTTP/1.1 200 OK"
2025-07-01 23:24:12,300 - INFO - HTTP Request: GET https://www.leier.hu/hu/dokumentumtar/4071 "HTTP/1.1 200 OK"
2025-07-01 23:24:12,302 - INFO - HTTP Request: GET https://www.leier.hu/hu/dokumentumtar/2734 "HTTP/1.1 200 OK"
2025-07-01 23:24:12,322 - INFO - ✅ Downloaded: hu/Részletrajzok/Csomópontok/Kéregelemes födém részletrajzok/pdf/p07-kpanel-gerenda/p07-kpanel-gerenda.pdf
2025-07-01 23:24:12,325 - INFO - ✅ Downloaded: hu/Termékadatlapok/Kertépítés, díszburkolat/Térkövek/Leier SERPENTINO térkő termékadatlap/Leier SERPENTINO térkő termékadatlap.pdf
2025-07-01 23:24:13,668 - INFO - ✅ Downloaded: hu/Teljesítménynyilatkozatok/Magasépítési termékek/Tégla termékek/Mátraderecske - Teljesítménynyilatkozatok/Teljesítménynyilatkozat Leiertherm 12 N+F - LE MD771-1-16-01/Teljesítménynyilatkozat Leiertherm 12 N_F - LE MD771-1-16-01.pdf
2025-07-01 23:24:13,669 - INFO - ✅ Downloaded: hu/Részletrajzok/Csomópontok/Kémény részletrajzok/dwg/k05-kemenyatvez-lapost/k05-kemenyatvez-lapost.pdf
2025-07-01 23:24:15,101 - INFO - HTTP Request: GET https://www.leier.hu/hu/dokumentumtar/3229 "HTTP/1.1 200 OK"
2025-07-01 23:24:15,122 - INFO - HTTP Request: GET https://www.leier.hu/hu/dokumentumtar/1979 "HTTP/1.1 200 OK"
2025-07-01 23:24:15,131 - INFO - HTTP Request: GET https://www.leier.hu/hu/dokumentumtar/3479 "HTTP/1.1 200 OK"
2025-07-01 23:24:15,138 - INFO - HTTP Request: GET https://www.leier.hu/hu/dokumentumtar/4180 "HTTP/1.1 200 OK"
2025-07-01 23:24:15,144 - INFO - HTTP Request: GET https://www.leier.hu/hu/dokumentumtar/2422 "HTTP/1.1 200 OK"
2025-07-01 23:24:15,151 - INFO - ✅ Downloaded: hu/Részletrajzok/Elemrajzok (DWG, PDF)/Mélyépítés/Tisztítóakna elemek/Aknagyűrűk/AGY 100 - 50 L+H - Aknagyűrű hágcsóval - függőleges metszet/AGY 100 - 50 L_H - Aknagyűrű hágcsóval - függőleges metszet.pdf
2025-07-01 23:24:15,805 - ERROR - ❌ Failed to download https://www.leier.hu/hu/dokumentumtar/1979: [Errno 2] No such file or directory: 'C:\\Users\\Admin\\.cursor\\Lambda\\src\\backend\\src\\downloads\\leier_materials_api\\documents\\hu\\Teljesítménynyilatkozatok\\Magasépítési termékek\\Tégla termékek\\Devecser - Teljesítménynyilatkozatok\\LeierPLAN\\Teljesítménynyilatkozat - LeierPLAN 25 N_F LE DE771-1-14-04.pdf'
2025-07-01 23:24:16,556 - ERROR - ❌ Failed to download https://www.leier.hu/hu/dokumentumtar/4180: [Errno 2] No such file or directory: 'C:\\Users\\Admin\\.cursor\\Lambda\\src\\backend\\src\\downloads\\leier_materials_api\\documents\\hu\\Betoncserepes dokumentumtár_ Termékadatlap - Teljesítménynyilatkozat - Beépítési útmutató\\Teljesítménynyilatkozatok\\Beton tetőcserép Teljesítménynyilatkozat NR_ LE HA490-04 HSZ.pdf'
2025-07-01 23:24:17,240 - INFO - ✅ Downloaded: hu/Részletrajzok/Csomópontok/Fal részletrajzok/dxf/Leier f09c-zsaluko-alap-tv1/Leier f09c-zsaluko-alap-tv1.pdf
2025-07-01 23:24:17,926 - INFO - ✅ Downloaded: hu/Részletrajzok/Elemrajzok (DWG, PDF)/Környezettechnika/Olajelválasztók PDF/LOL SUPER 100 KF melleklet PDF/LOL SUPER 100 KF melleklet PDF.pdf
2025-07-01 23:24:18,686 - INFO - HTTP Request: GET https://www.leier.hu/hu/dokumentumtar/3601 "HTTP/1.1 200 OK"
2025-07-01 23:24:18,690 - INFO - HTTP Request: GET https://www.leier.hu/hu/dokumentumtar/3225 "HTTP/1.1 200 OK"
2025-07-01 23:24:18,698 - INFO - HTTP Request: GET https://www.leier.hu/hu/dokumentumtar/2523 "HTTP/1.1 200 OK"
2025-07-01 23:24:18,834 - INFO - HTTP Request: GET https://www.leier.hu/hu/dokumentumtar/2120 "HTTP/1.1 404 Not Found"
2025-07-01 23:24:18,851 - INFO - HTTP Request: GET https://www.leier.hu/hu/dokumentumtar/1898 "HTTP/1.1 200 OK"
2025-07-01 23:24:18,874 - ERROR - ❌ Failed to download https://www.leier.hu/hu/dokumentumtar/2120: Client error '404 Not Found' for url 'https://www.leier.hu/hu/dokumentumtar/2120'
For more information check: https://developer.mozilla.org/en-US/docs/Web/HTTP/Status/404
2025-07-01 23:24:19,772 - INFO - ✅ Downloaded: hu/Részletrajzok/Csomópontok/Tető részletrajzok/dxf/Leier k05-kemenyatvez-lapos1/Leier k05-kemenyatvez-lapos1.pdf
2025-07-01 23:24:20,459 - INFO - ✅ Downloaded: hu/Részletrajzok/Elemrajzok (DWG, PDF)/Durisol zajárnyékolás/Durisol panel 296 100 DSI 25 13 W - Metszet/Durisol panel 296 100 DSI 25 13 W - Metszet.pdf
2025-07-01 23:24:20,461 - INFO - ✅ Downloaded: hu/Részletrajzok/Elemrajzok (DWG, PDF)/Mélyépítés/Tisztítóakna elemek/Aknagyűrűk/AGY 100 - 75 L+H - Aknagyűrű hágcsóval - függőleges metszet/AGY 100 - 75 L_H - Aknagyűrű hágcsóval - függőleges metszet.pdf
2025-07-01 23:24:22,021 - INFO - ✅ Downloaded: hu/Prospektusok/Leier Modul-Skate pályaelemek - Prospektus/Leier Modul-Skate pályaelemek - Prospektus.pdf
2025-07-01 23:24:22,713 - INFO - HTTP Request: GET https://www.leier.hu/hu/dokumentumtar/3092 "HTTP/1.1 200 OK"
2025-07-01 23:24:22,715 - INFO - HTTP Request: GET https://www.leier.hu/hu/dokumentumtar/4128 "HTTP/1.1 200 OK"
2025-07-01 23:24:22,718 - INFO - HTTP Request: GET https://www.leier.hu/hu/dokumentumtar/3119 "HTTP/1.1 200 OK"
2025-07-01 23:24:22,721 - INFO - HTTP Request: GET https://www.leier.hu/hu/dokumentumtar/2735 "HTTP/1.1 200 OK"
2025-07-01 23:24:22,741 - INFO - ✅ Downloaded: hu/Részletrajzok/Csomópontok/Kéregelemes födém részletrajzok/pdf/p06-kpanel-lepcso/p06-kpanel-lepcso.pdf
2025-07-01 23:24:22,742 - INFO - ✅ Downloaded: hu/Termékadatlapok/Magasépítési termékek/Beton falazóelemek/Leier beton ZS25 adatlap.pdf/Leier beton ZS25 adatlap.pdf
2025-07-01 23:24:24,115 - INFO - ✅ Downloaded: hu/Részletrajzok/Elemrajzok (DWG, PDF)/Mélyépítés/Előfej támfalelemek/LEF 30 - Tömbelőfej betoncsőhöz - elölnézet/LEF 30 - Tömbelőfej betoncsőhöz - elölnézet.pdf
2025-07-01 23:24:24,756 - INFO - ✅ Downloaded: hu/Részletrajzok/Elemrajzok (DWG, PDF)/Mélyépítés/Kábelcsatorna/KCS vályú könnyített elöl/KCS vályú könnyített elöl.pdf
2025-07-01 23:24:25,542 - INFO - HTTP Request: GET https://www.leier.hu/hu/dokumentumtar/2694 "HTTP/1.1 200 OK"
2025-07-01 23:24:25,563 - INFO - HTTP Request: GET https://www.leier.hu/hu/dokumentumtar/3363 "HTTP/1.1 200 OK"
2025-07-01 23:24:25,572 - INFO - HTTP Request: GET https://www.leier.hu/hu/dokumentumtar/4002 "HTTP/1.1 200 OK"
2025-07-01 23:24:25,583 - INFO - HTTP Request: GET https://www.leier.hu/hu/dokumentumtar/3521 "HTTP/1.1 200 OK"
2025-07-01 23:24:25,591 - INFO - HTTP Request: GET https://www.leier.hu/hu/dokumentumtar/3185 "HTTP/1.1 200 OK"
2025-07-01 23:24:25,595 - INFO - ✅ Downloaded: hu/Részletrajzok/Csomópontok/Mélyépítési részletrajzok/dwg/c04-vegyes-csaphornyos/c04-vegyes-csaphornyos.pdf
2025-07-01 23:24:26,315 - INFO - ✅ Downloaded: hu/Részletrajzok/Elemrajzok (DWG, PDF)/Környezettechnika/Olajelválasztók DWG/LOL SUPER 125 NF melléklet/LOL SUPER 125 NF melle_klet.pdf
2025-07-01 23:24:27,020 - INFO - ✅ Downloaded: hu/Teljesítménynyilatkozatok/Magasépítési termékek/Tégla termékek/Mátraderecske - Teljesítménynyilatkozatok/Teljesítménynyilatkozat Leiertherm 30 U koszorúelem/Teljesítménynyilatkozat Leiertherm 30 U koszorúelem.pdf
2025-07-01 23:24:28,264 - INFO - ✅ Downloaded: hu/Részletrajzok/Elemrajzok (DWG, PDF)/Környezettechnika/Olajelválasztók PDF/LOL SUPER 25 max KF melleklet PDF/LOL SUPER 25 max KF melleklet PDF.pdf
2025-07-01 23:24:30,073 - INFO - ✅ Downloaded: hu/Részletrajzok/Elemrajzok (DWG, PDF)/Mélyépítés/Keretelemek/LKE 120 - 120 - 100 - Keretelem - hosszmetszet/LKE 120 - 120 - 100 - Keretelem - hosszmetszet.pdf
2025-07-01 23:24:31,061 - INFO - HTTP Request: GET https://www.leier.hu/hu/dokumentumtar/2890 "HTTP/1.1 200 OK"
2025-07-01 23:24:31,066 - INFO - HTTP Request: GET https://www.leier.hu/hu/dokumentumtar/3567 "HTTP/1.1 200 OK"
2025-07-01 23:24:31,100 - INFO - ✅ Downloaded: hu/Részletrajzok/Elemrajzok (DWG, PDF)/Mélyépítés/Árokburkoló- és árokelemek/ÁE 40_35 - 50L - árokburkoló elem - oldalnézet/ÁE 40_35 - 50L - árokburkoló elem - oldalnézet.pdf
2025-07-01 23:24:31,812 - INFO - HTTP Request: GET https://www.leier.hu/hu/dokumentumtar/2373 "HTTP/1.1 200 OK"
2025-07-01 23:24:31,814 - INFO - HTTP Request: GET https://www.leier.hu/hu/dokumentumtar/2255 "HTTP/1.1 200 OK"
2025-07-01 23:24:31,818 - INFO - HTTP Request: GET https://www.leier.hu/hu/dokumentumtar/3070 "HTTP/1.1 200 OK"
2025-07-01 23:24:31,830 - INFO - ✅ Downloaded: hu/Részletrajzok/Elemrajzok (DWG, PDF)/Durisol zajárnyékolás/Durisol panel 496 125 hálós - Elölnézet/Durisol panel 496 125 hálós - Elölnézet.pdf
2025-07-01 23:24:32,531 - INFO - ✅ Downloaded: hu/Részletrajzok/Csomópontok/Fal részletrajzok/pdf/f09c-zsaluko-alap-tv/f09c-zsaluko-alap-tv.pdf
2025-07-01 23:24:33,258 - INFO - ✅ Downloaded: hu/Termékadatlapok/Kéményrendszerek/LSK kéményrendszer - Termékadatlap/LSK kéményrendszer - Termékadatlap.pdf
2025-07-01 23:24:33,258 - INFO - ✅ Downloaded: hu/Részletrajzok/Elemrajzok (DWG, PDF)/Mélyépítés/Előfej támfalelemek/TFE 100 - Támfalelem - felülnézet/TFE 100 - Támfalelem - felülnézet.pdf
2025-07-01 23:24:34,738 - INFO - HTTP Request: GET https://www.leier.hu/hu/dokumentumtar/2154 "HTTP/1.1 200 OK"
2025-07-01 23:24:34,756 - INFO - ✅ Downloaded: hu/Teljesítménynyilatkozatok/Mély- és vasútépítés, környezettechnika/Felszíni vízelvezetés/Rézsűsurrantó elem - Jánosháza - Teljesítménynyilatkozat LE JHA-1-01/Rézsűsurrantó elem - Jánosháza - Teljesítménynyilatkozat LE JHA-1-01.pdf
2025-07-01 23:24:35,446 - INFO - HTTP Request: GET https://www.leier.hu/hu/dokumentumtar/2515 "HTTP/1.1 200 OK"
2025-07-01 23:24:35,448 - INFO - HTTP Request: GET https://www.leier.hu/hu/dokumentumtar/2722 "HTTP/1.1 200 OK"
2025-07-01 23:24:35,450 - INFO - HTTP Request: GET https://www.leier.hu/hu/dokumentumtar/2540 "HTTP/1.1 200 OK"
2025-07-01 23:24:35,452 - INFO - HTTP Request: GET https://www.leier.hu/hu/dokumentumtar/2092 "HTTP/1.1 200 OK"
2025-07-01 23:24:35,483 - INFO - ✅ Downloaded: hu/Részletrajzok/Csomópontok/Kéregelemes födém részletrajzok/dwg/p08-kpanel-erkely/p08-kpanel-erkely.pdf
2025-07-01 23:24:35,483 - INFO - ✅ Downloaded: hu/Részletrajzok/Csomópontok/Tető részletrajzok/pln/t072-tetoablak-vizsz/t072-tetoablak-vizsz.pdf
2025-07-01 23:24:35,483 - INFO - ✅ Downloaded: hu/Részletrajzok/Csomópontok/Kémény részletrajzok/pdf/k02b-kemeny-fodemattor2/k02b-kemeny-fodemattor2.pdf
2025-07-01 23:24:37,685 - INFO - ✅ Downloaded: hu/Teljesítménynyilatkozatok/Magasépítési termékek/Durisol termékcsalád/Leier Durisol falazati rendszer - Pozsony - Teljesítménynyilatkozat LE BA1549482-02/Leier Durisol falazati rendszer - Pozsony - Teljesítménynyilatkozat LE BA1549482-02.pdf
2025-07-01 23:24:38,509 - INFO - HTTP Request: GET https://www.leier.hu/hu/dokumentumtar/3934 "HTTP/1.1 200 OK"
2025-07-01 23:24:38,518 - INFO - HTTP Request: GET https://www.leier.hu/hu/dokumentumtar/3322 "HTTP/1.1 200 OK"
2025-07-01 23:24:38,521 - INFO - HTTP Request: GET https://www.leier.hu/hu/dokumentumtar/2054 "HTTP/1.1 200 OK"
2025-07-01 23:24:38,522 - INFO - HTTP Request: GET https://www.leier.hu/hu/dokumentumtar/2025 "HTTP/1.1 200 OK"
2025-07-01 23:24:38,533 - INFO - HTTP Request: GET https://www.leier.hu/hu/dokumentumtar/2951 "HTTP/1.1 200 OK"
2025-07-01 23:24:38,545 - INFO - ✅ Downloaded: at/Verarbeitungsinfos/Verarbeitungsinfo Betonplatten auf Plattenlager/Verarbeitungsinfo Betonplatten auf Plattenlager.pdf
2025-07-01 23:24:39,137 - INFO - ✅ Downloaded: hu/Teljesítménynyilatkozatok/Magasépítési termékek/Tégla termékek/Mátraderecske - CE-tanúsítványok/CE - Leiertherm 20 N+F - MD/CE - Leiertherm 20 N_F - MD.pdf
2025-07-01 23:24:39,138 - INFO - ✅ Downloaded: hu/Teljesítménynyilatkozatok/Magasépítési termékek/Előregyártott falak/Falelem - Jánossomorja - Teljesítménynyilatkozat LE JS14992-03/Falelem - Jánossomorja - Teljesítménynyilatkozat LE JS14992-03.pdf
2025-07-01 23:24:39,139 - INFO - ✅ Downloaded: hu/Részletrajzok/Elemrajzok (DWG, PDF)/Környezettechnika/Iszapfogók DWG/LIF 200 230 melléklet/LIF 200 230 melléklet.pdf
2025-07-01 23:24:41,206 - INFO - ✅ Downloaded: hu/Részletrajzok/Elemrajzok (DWG, PDF)/Mélyépítés/Átemelőakna elemek/AGY_200_115 LG V- Átemelő gyűrű gumigyűrűs végelem/AGY_200_115 LG V- Átemelő gyűrű gumigyűrűs végelem.pdf
2025-07-01 23:24:42,039 - INFO - HTTP Request: GET https://www.leier.hu/hu/dokumentumtar/3354 "HTTP/1.1 200 OK"
2025-07-01 23:24:42,043 - INFO - HTTP Request: GET https://www.leier.hu/hu/dokumentumtar/2870 "HTTP/1.1 200 OK"
2025-07-01 23:24:42,050 - INFO - HTTP Request: GET https://www.leier.hu/hu/dokumentumtar/3133 "HTTP/1.1 200 OK"
2025-07-01 23:24:42,058 - INFO - HTTP Request: GET https://www.leier.hu/hu/dokumentumtar/3065 "HTTP/1.1 200 OK"
2025-07-01 23:24:42,061 - INFO - HTTP Request: GET https://www.leier.hu/hu/dokumentumtar/3430 "HTTP/1.1 200 OK"
2025-07-01 23:24:42,098 - INFO - ✅ Downloaded: hu/Szerelési útmutatók/Lépcső | Treppe/Teljesítménynyilatkozat | Leistungserklärung/HU/Lépcső Győr Teljesítménynyilatkozat/Lépcső Győr Teljesítménynyilatkozat.pdf
2025-07-01 23:24:42,718 - INFO - ✅ Downloaded: hu/Részletrajzok/Elemrajzok (DWG, PDF)/Környezettechnika/Olajelválasztók DWG/LOL SUPER 200 max KF melléklet/LOL SUPER 200 max KF melle_klet.pdf
2025-07-01 23:24:43,384 - INFO - ✅ Downloaded: hu/Részletrajzok/Elemrajzok (DWG, PDF)/Mélyépítés/Kábelcsatorna/KCS fedlap irt jobb felül/KCS fedlap irt jobb felül.pdf
2025-07-01 23:24:43,385 - INFO - ✅ Downloaded: hu/Részletrajzok/Elemrajzok (DWG, PDF)/Környezettechnika/Olajelválasztók DWG/LOL SUPER 10 P melléklet/LOL SUPER 10 P melle_klet.pdf
2025-07-01 23:24:44,971 - INFO - ✅ Downloaded: hu/Részletrajzok/Elemrajzok (DWG, PDF)/Mélyépítés/Előfej támfalelemek/TFE 30 - Támfalelem felülnézet/TFE 30 - Támfalelem felülnézet.pdf
2025-07-01 23:24:45,757 - INFO - HTTP Request: GET https://www.leier.hu/hu/dokumentumtar/2830 "HTTP/1.1 200 OK"
2025-07-01 23:24:45,778 - INFO - ✅ Downloaded: hu/Szerelési útmutatók/Előregyártott Falak | Wandelemente/Teljesítménynyilatkozat | Leistungerklarung/DE/Wandelemente Jánossomorja Leistungserklärung/Wandelemente Jánossomorja Leistungserklärung.pdf
2025-07-01 23:24:46,497 - INFO - HTTP Request: GET https://www.leier.hu/hu/dokumentumtar/2019 "HTTP/1.1 200 OK"
2025-07-01 23:24:46,500 - INFO - HTTP Request: GET https://www.leier.hu/hu/dokumentumtar/3148 "HTTP/1.1 200 OK"
2025-07-01 23:24:46,503 - INFO - HTTP Request: GET https://www.leier.hu/hu/dokumentumtar/2575 "HTTP/1.1 200 OK"
2025-07-01 23:24:46,505 - INFO - HTTP Request: GET https://www.leier.hu/hu/dokumentumtar/2460 "HTTP/1.1 200 OK"
2025-07-01 23:24:46,524 - INFO - ✅ Downloaded: hu/Részletrajzok/Csomópontok/Leier Durisol Magasépítő falazórendszer/Erkély-csatlakozás kialakítása DSs 37,5-12/Erkély-csatlakozás kialakítása DSs 37_5-12.pdf
2025-07-01 23:24:47,218 - INFO - ✅ Downloaded: hu/Részletrajzok/Csomópontok/Födém részletrajzok/dwg/m01-mesterf-koszoru1/m01-mesterf-koszoru1.pdf
2025-07-01 23:24:48,107 - INFO - ✅ Downloaded: hu/Részletrajzok/Elemrajzok (DWG, PDF)/Mélyépítés/Kábelcsatorna/KCS elválasztó egyenes felül/KCS elválasztó egyenes felül.pdf
2025-07-01 23:24:48,110 - INFO - ✅ Downloaded: hu/Teljesítménynyilatkozatok/Magasépítési termékek/Tégla termékek/Mátraderecske - CE-tanúsítványok/CE - Leiertherm 38 Pro - MD/CE - Leiertherm 38 Pro - MD.pdf
2025-07-01 23:24:50,066 - INFO - HTTP Request: GET https://www.leier.hu/hu/dokumentumtar/3526 "HTTP/1.1 200 OK"
2025-07-01 23:24:50,070 - INFO - HTTP Request: GET https://www.leier.hu/hu/dokumentumtar/2486 "HTTP/1.1 200 OK"
2025-07-01 23:24:50,075 - INFO - HTTP Request: GET https://www.leier.hu/hu/dokumentumtar/3486 "HTTP/1.1 200 OK"
2025-07-01 23:24:50,078 - INFO - HTTP Request: GET https://www.leier.hu/hu/dokumentumtar/2699 "HTTP/1.1 200 OK"
2025-07-01 23:24:50,082 - INFO - HTTP Request: GET https://www.leier.hu/hu/dokumentumtar/2491 "HTTP/1.1 200 OK"
2025-07-01 23:24:50,131 - INFO - ✅ Downloaded: hu/Részletrajzok/Csomópontok/Tető részletrajzok/pdf/t08b-orom-fem/t08b-orom-fem.pdf
2025-07-01 23:24:50,990 - INFO - ✅ Downloaded: hu/Részletrajzok/Csomópontok/Tető részletrajzok/pdf/t06-vapa/t06-vapa.pdf
2025-07-01 23:24:50,991 - INFO - ✅ Downloaded: hu/Részletrajzok/Csomópontok/Mélyépítési részletrajzok/pdf/c05-nagyatmero-csaphor/c05-nagyatmero-csaphor.pdf
2025-07-01 23:24:52,319 - INFO - ✅ Downloaded: hu/Részletrajzok/Elemrajzok (DWG, PDF)/Környezettechnika/Olajelválasztók PDF/LOL SUPER 20 max NF melleklet PDF/LOL SUPER 20 max NF melleklet PDF.pdf
2025-07-01 23:24:52,670 - INFO - ✅ Downloaded: hu/Részletrajzok/Elemrajzok (DWG, PDF)/Környezettechnika/Olajelválasztók PDF/LOL SUPER 60 300 P zapor tulfolyoval melleklet PDF/LOL SUPER 60 300 P zapor tulfolyoval melleklet PDF.pdf
2025-07-01 23:24:53,065 - INFO - HTTP Request: GET https://www.leier.hu/hu/dokumentumtar/3040 "HTTP/1.1 200 OK"
2025-07-01 23:24:53,096 - INFO - HTTP Request: GET https://www.leier.hu/hu/dokumentumtar/2097 "HTTP/1.1 200 OK"
2025-07-01 23:24:53,100 - INFO - HTTP Request: GET https://www.leier.hu/hu/dokumentumtar/1956 "HTTP/1.1 200 OK"
2025-07-01 23:24:53,105 - INFO - ✅ Downloaded: hu/Részletrajzok/Elemrajzok (DWG, PDF)/Mélyépítés/Betontartályok/LBT 3 akna melléklet/LBT 3 akna melléklet.pdf
2025-07-01 23:24:53,435 - INFO - HTTP Request: GET https://www.leier.hu/hu/dokumentumtar/3789 "HTTP/1.1 200 OK"
2025-07-01 23:24:53,436 - INFO - HTTP Request: GET https://www.leier.hu/hu/dokumentumtar/3819 "HTTP/1.1 404 Not Found"
2025-07-01 23:24:53,442 - ERROR - ❌ Failed to download https://www.leier.hu/hu/dokumentumtar/3819: Client error '404 Not Found' for url 'https://www.leier.hu/hu/dokumentumtar/3819'
For more information check: https://developer.mozilla.org/en-US/docs/Web/HTTP/Status/404
2025-07-01 23:24:53,719 - INFO - ✅ Downloaded: hu/Teljesítménynyilatkozatok/Kéményrendszerek/Teljesítménynyilatkozat LK kéményrendszer LE KL13063-LK-02/Teljesítménynyilatkozat LK kéményrendszer LE KL13063-LK-02.pdf
2025-07-01 23:24:53,720 - INFO - ✅ Downloaded: hu/Teljesítménynyilatkozatok/Magasépítési termékek/Tégla termékek/Devecser - CE-tanúsítványok/LeierPLAN/CE - LeierPLAN 38 N+F - DE/CE - LeierPLAN 38 N_F - DE.pdf
2025-07-01 23:24:54,260 - INFO - ✅ Downloaded: hu/Teljesítménynyilatkozatok/Kőanyaghalmazok (adalékanyagok) betonhoz/Kőanyaghalmazok (adalékanyagok) betonhoz_Teljesítménynyilatkozat: LE NY12620-04.pdf/Kőanyaghalmazok _adalékanyagok_ betonhoz_Teljesítménynyilatkozat_ LE NY12620-04.pdf
2025-07-01 23:24:54,616 - INFO - HTTP Request: GET https://www.leier.hu/hu/dokumentumtar/3463 "HTTP/1.1 200 OK"
2025-07-01 23:24:54,644 - INFO - ✅ Downloaded: hu/Részletrajzok/Elemrajzok (DWG, PDF)/Környezettechnika/Olajelválasztók PDF/LOL SUPER 150 max P melleklet PDF/LOL SUPER 150 max P melleklet PDF.pdf
2025-07-01 23:24:54,922 - INFO - HTTP Request: GET https://www.leier.hu/hu/dokumentumtar/2847 "HTTP/1.1 200 OK"
2025-07-01 23:24:54,923 - INFO - HTTP Request: GET https://www.leier.hu/hu/dokumentumtar/3220 "HTTP/1.1 200 OK"
2025-07-01 23:24:54,924 - INFO - HTTP Request: GET https://www.leier.hu/hu/dokumentumtar/3820 "HTTP/1.1 404 Not Found"
2025-07-01 23:24:54,926 - INFO - HTTP Request: GET https://www.leier.hu/hu/dokumentumtar/4173 "HTTP/1.1 200 OK"
2025-07-01 23:24:54,931 - ERROR - ❌ Failed to download https://www.leier.hu/hu/dokumentumtar/3820: Client error '404 Not Found' for url 'https://www.leier.hu/hu/dokumentumtar/3820'
For more information check: https://developer.mozilla.org/en-US/docs/Web/HTTP/Status/404
2025-07-01 23:24:55,194 - INFO - ✅ Downloaded: hu/Szerelési útmutatók/Mesterpanel | Elementdecke/Teljesítménynilatkozat | Leistungserklärung/HU/Mesterpanel Jánossomorja Teljesítménynyilatkozat/Mesterpanel Jánossomorja Teljesítménynyilatkozat.pdf
2025-07-01 23:24:55,455 - INFO - ✅ Downloaded: hu/Részletrajzok/Elemrajzok (DWG, PDF)/Mélyépítés/Tisztítóakna elemek/Aknagyűrűk/AGY 80 - 25 L - Aknagyűrű - függőleges metszet/AGY 80 - 25 L - Aknagyűrű - függőleges metszet.pdf
2025-07-01 23:24:55,722 - INFO - HTTP Request: GET https://www.leier.hu/hu/dokumentumtar/2046 "HTTP/1.1 200 OK"
2025-07-01 23:24:55,735 - ERROR - ❌ Failed to download https://www.leier.hu/hu/dokumentumtar/2046: [Errno 2] No such file or directory: 'C:\\Users\\Admin\\.cursor\\Lambda\\src\\backend\\src\\downloads\\leier_materials_api\\documents\\hu\\Teljesítménynyilatkozatok\\Magasépítési termékek\\Tégla termékek\\Mátraderecske - Teljesítménynyilatkozatok\\Teljesítménynyilatkozat - Leiertherm 10\\Teljesítménynyilatkozat - Leiertherm 10_50 N_F - MD LE MD771-1-07-02.pdf'
2025-07-01 23:24:56,066 - INFO - ✅ Downloaded: hu/Árlisták viszonteladók részére/Mélyépítés-környezettechnika árlista viszonteladók részére - Frissítve árváltozás nélkül: 2025.06.23./Mélyépítés-környezettechnika árlista viszonteladók részére - Frissítve árváltozás nélkül_ 2025.06.23..pdf
2025-07-01 23:24:56,324 - INFO - HTTP Request: GET https://www.leier.hu/hu/dokumentumtar/2933 "HTTP/1.1 200 OK"
2025-07-01 23:24:56,325 - INFO - HTTP Request: GET https://www.leier.hu/hu/dokumentumtar/3387 "HTTP/1.1 200 OK"
2025-07-01 23:24:56,326 - INFO - HTTP Request: GET https://www.leier.hu/hu/dokumentumtar/3021 "HTTP/1.1 200 OK"
2025-07-01 23:24:56,327 - INFO - HTTP Request: GET https://www.leier.hu/hu/dokumentumtar/2725 "HTTP/1.1 200 OK"
2025-07-01 23:24:56,332 - INFO - ✅ Downloaded: hu/Részletrajzok/Csomópontok/Kéregelemes födém részletrajzok/dwg/p05a-kpanel-terasz1/p05a-kpanel-terasz1.pdf
2025-07-01 23:24:56,593 - INFO - ✅ Downloaded: hu/Részletrajzok/Elemrajzok (DWG, PDF)/Környezettechnika/Olajelválasztók DWG/LOL SUPER 60 max KF melléklet/LOL SUPER 60 max KF melle_klet.pdf
2025-07-01 23:24:56,891 - INFO - ✅ Downloaded: hu/Részletrajzok/Elemrajzok (DWG, PDF)/Mélyépítés/Betontartályok/LBT 7 - Betontartály függőleges metszet/LBT 7 - Betontartály függőleges metszet.pdf
2025-07-01 23:24:57,153 - INFO - ✅ Downloaded: hu/Részletrajzok/Elemrajzok (DWG, PDF)/Mélyépítés/Átemelőakna elemek/AGY_240_215 LG - Átemelő gyűrű gumigyűrűs/AGY_240_215 LG - Átemelő gyűrű gumigyűrűs.pdf
2025-07-01 23:24:57,515 - INFO - HTTP Request: GET https://www.leier.hu/hu/dokumentumtar/3932 "HTTP/1.1 200 OK"
2025-07-01 23:24:57,552 - INFO - ✅ Downloaded: at/Verarbeitungsinfos/Verarbeitungsinfo Architektur Trockenmauerstein Allgemein/Verarbeitungsinfo Architektur Trockenmauerstein Allgemein.pdf
2025-07-01 23:24:57,839 - INFO - HTTP Request: GET https://www.leier.hu/hu/dokumentumtar/3101 "HTTP/1.1 200 OK"
2025-07-01 23:24:57,840 - INFO - HTTP Request: GET https://www.leier.hu/hu/dokumentumtar/3388 "HTTP/1.1 200 OK"
2025-07-01 23:24:57,841 - INFO - HTTP Request: GET https://www.leier.hu/hu/dokumentumtar/2123 "HTTP/1.1 404 Not Found"
2025-07-01 23:24:57,843 - INFO - HTTP Request: GET https://www.leier.hu/hu/dokumentumtar/3278 "HTTP/1.1 200 OK"
2025-07-01 23:24:57,848 - ERROR - ❌ Failed to download https://www.leier.hu/hu/dokumentumtar/2123: Client error '404 Not Found' for url 'https://www.leier.hu/hu/dokumentumtar/2123'
For more information check: https://developer.mozilla.org/en-US/docs/Web/HTTP/Status/404
2025-07-01 23:24:58,119 - INFO - ✅ Downloaded: hu/Részletrajzok/Elemrajzok (DWG, PDF)/Környezettechnika/Olajelválasztók DWG/LOL SUPER 60 KF melléklet/LOL SUPER 60 KF melle_klet.pdf
2025-07-01 23:24:58,408 - INFO - ✅ Downloaded: hu/Részletrajzok/Elemrajzok (DWG, PDF)/Mélyépítés/Előfej támfalelemek/LEF 60 1 1.5 előfej/LEF 60 1 1.5 előfej
2025-07-01 23:24:58,675 - INFO - ✅ Downloaded: hu/Részletrajzok/Elemrajzok (DWG, PDF)/Mélyépítés/Vasúti peronelemek/Vasúti peronelem - Felülnézet/Vasúti peronelem - Felülnézet.pdf
2025-07-01 23:24:58,943 - INFO - HTTP Request: GET https://www.leier.hu/hu/dokumentumtar/3487 "HTTP/1.1 200 OK"
2025-07-01 23:24:58,954 - INFO - ✅ Downloaded: hu/Részletrajzok/Elemrajzok (DWG, PDF)/Környezettechnika/Olajelválasztók PDF/LOL SUPER 60 300 KF zapor tulfolyoval melleklet PDF/LOL SUPER 60 300 KF zapor tulfolyoval melleklet PDF.pdf
2025-07-01 23:24:59,398 - INFO - HTTP Request: GET https://www.leier.hu/hu/dokumentumtar/1988 "HTTP/1.1 200 OK"
2025-07-01 23:24:59,400 - INFO - HTTP Request: GET https://www.leier.hu/hu/dokumentumtar/3552 "HTTP/1.1 200 OK"
2025-07-01 23:24:59,411 - INFO - HTTP Request: GET https://www.leier.hu/hu/dokumentumtar/2018 "HTTP/1.1 200 OK"
2025-07-01 23:24:59,424 - INFO - HTTP Request: GET https://www.leier.hu/hu/dokumentumtar/2375 "HTTP/1.1 200 OK"
2025-07-01 23:24:59,428 - ERROR - ❌ Failed to download https://www.leier.hu/hu/dokumentumtar/1988: [Errno 2] No such file or directory: 'C:\\Users\\Admin\\.cursor\\Lambda\\src\\backend\\src\\downloads\\leier_materials_api\\documents\\hu\\Teljesítménynyilatkozatok\\Magasépítési termékek\\Tégla termékek\\Devecser - Teljesítménynyilatkozatok\\LeierPLAN\\Teljesítménynyilatkozat - Bekötőszalag GB-DoP-2013-CS-1.10.HU'
2025-07-01 23:24:59,798 - INFO - HTTP Request: GET https://www.leier.hu/hu/dokumentumtar/3162 "HTTP/1.1 200 OK"
2025-07-01 23:24:59,803 - INFO - ✅ Downloaded: hu/Részletrajzok/Elemrajzok (DWG, PDF)/Környezettechnika/Olajelválasztók PDF/LOL SUPER 6 P melleklet PDF/LOL SUPER 6 P melleklet PDF.pdf
2025-07-01 23:25:00,150 - INFO - ✅ Downloaded: hu/Részletrajzok/Csomópontok/Fal részletrajzok/pdf/f09a-uni-alapozas-tn/f09a-uni-alapozas-tn.pdf
2025-07-01 23:25:00,445 - INFO - ✅ Downloaded: hu/Teljesítménynyilatkozatok/Magasépítési termékek/Tégla termékek/Mátraderecske - CE-tanúsítványok/CE - Leiertherm 38 N+F - MD/CE - Leiertherm 38 N_F - MD.pdf
2025-07-01 23:25:00,725 - INFO - ✅ Downloaded: hu/Részletrajzok/Elemrajzok (DWG, PDF)/Mélyépítés/Keretelemek/LKE 200 - 200 - 197 - Keret előfej kezdőelem - hosszmetszet/LKE 200 - 200 - 197 - Keret előfej kezdőelem - hosszmetszet.pdf
2025-07-01 23:25:01,016 - INFO - HTTP Request: GET https://www.leier.hu/hu/dokumentumtar/2521 "HTTP/1.1 200 OK"
2025-07-01 23:25:01,021 - INFO - ✅ Downloaded: hu/Részletrajzok/Csomópontok/Tető részletrajzok/pln/t02-gerinc/t02-gerinc.pdf
2025-07-01 23:25:01,439 - INFO - HTTP Request: GET https://www.leier.hu/hu/dokumentumtar/3061 "HTTP/1.1 200 OK"
2025-07-01 23:25:01,455 - INFO - HTTP Request: GET https://www.leier.hu/hu/dokumentumtar/1917 "HTTP/1.1 200 OK"
2025-07-01 23:25:01,480 - INFO - HTTP Request: GET https://www.leier.hu/hu/dokumentumtar/2888 "HTTP/1.1 200 OK"
2025-07-01 23:25:01,485 - INFO - ✅ Downloaded: hu/Részletrajzok/Elemrajzok (DWG, PDF)/Mélyépítés/Előfej támfalelemek/TFE 40 - Támfalelem elölnézet/TFE 40 - Támfalelem elölnézet.pdf
2025-07-01 23:25:01,811 - INFO - HTTP Request: GET https://www.leier.hu/hu/dokumentumtar/3136 "HTTP/1.1 200 OK"
2025-07-01 23:25:01,813 - INFO - HTTP Request: GET https://www.leier.hu/hu/dokumentumtar/2435 "HTTP/1.1 200 OK"
2025-07-01 23:25:01,823 - INFO - ✅ Downloaded: hu/Részletrajzok/Elemrajzok (DWG, PDF)/Mélyépítés/Kábelcsatorna/KCS fedlap irt bal felül/KCS fedlap irt bal felül.pdf
2025-07-01 23:25:02,151 - INFO - ✅ Downloaded: hu/Részletrajzok/Elemrajzok (DWG, PDF)/Mélyépítés/Árokburkoló- és árokelemek/ÁE 60_35 - 40L - árokburkoló elem - hosszmetszet/ÁE 60_35 - 40L - árokburkoló elem - hosszmetszet.pdf
2025-07-01 23:25:02,475 - INFO - ✅ Downloaded: hu/Részletrajzok/Csomópontok/Leier Durisol zajárnyékoló falak/DWG/DURISOL TIPUSRAJZOK/DURISOL TIPUSRAJZOK.pdf
2025-07-01 23:25:02,771 - INFO - HTTP Request: GET https://www.leier.hu/hu/dokumentumtar/2358 "HTTP/1.1 200 OK"
2025-07-01 23:25:02,776 - INFO - ✅ Downloaded: hu/Részletrajzok/Csomópontok/Fal részletrajzok/dwg/f09c-zsaluko-alap-tv/f09c-zsaluko-alap-tv.pdf
2025-07-01 23:25:03,048 - INFO - HTTP Request: GET https://www.leier.hu/hu/dokumentumtar/2550 "HTTP/1.1 200 OK"
2025-07-01 23:25:03,056 - INFO - ✅ Downloaded: hu/Részletrajzok/Csomópontok/Kémény részletrajzok/asc/leier-k042-kemeny-tetoatvez2/leier-k042-kemeny-tetoatvez2.pdf
2025-07-01 23:25:03,330 - INFO - HTTP Request: GET https://www.leier.hu/hu/dokumentumtar/2752 "HTTP/1.1 200 OK"
2025-07-01 23:25:03,336 - INFO - ✅ Downloaded: hu/Részletrajzok/Csomópontok/Kéregelemes födém részletrajzok/pln/p031-kpanel-belsokoszo/p031-kpanel-belsokoszo.pdf
2025-07-01 23:25:03,611 - INFO - HTTP Request: GET https://www.leier.hu/hu/dokumentumtar/2428 "HTTP/1.1 200 OK"
2025-07-01 23:25:03,615 - INFO - ✅ Downloaded: hu/Részletrajzok/Csomópontok/Fal részletrajzok/dxf/Leier f06a-uni-labazat1/Leier f06a-uni-labazat1.pdf
2025-07-01 23:25:03,931 - INFO - HTTP Request: GET https://www.leier.hu/hu/dokumentumtar/3062 "HTTP/1.1 200 OK"
2025-07-01 23:25:03,956 - INFO - ✅ Downloaded: hu/Részletrajzok/Elemrajzok (DWG, PDF)/Mélyépítés/Előfej támfalelemek/TFE 30 - Támfalelem oldalnézet/TFE 30 - Támfalelem oldalnézet.pdf
2025-07-01 23:25:04,558 - INFO - HTTP Request: GET https://www.leier.hu/hu/dokumentumtar/3045 "HTTP/1.1 200 OK"
2025-07-01 23:25:04,584 - INFO - ✅ Downloaded: hu/Részletrajzok/Elemrajzok (DWG, PDF)/Mélyépítés/Előfej támfalelemek/TFE 80 - Támfalelem felülnézet/TFE 80 - Támfalelem felülnézet.pdf
2025-07-01 23:25:05,277 - INFO - HTTP Request: GET https://www.leier.hu/hu/dokumentumtar/3005 "HTTP/1.1 200 OK"
2025-07-01 23:25:05,279 - INFO - HTTP Request: GET https://www.leier.hu/hu/dokumentumtar/1902 "HTTP/1.1 200 OK"
2025-07-01 23:25:05,297 - INFO - ✅ Downloaded: hu/Részletrajzok/Elemrajzok (DWG, PDF)/Mélyépítés/Betoncsövek/TO 30 200L - Tokos betoncső keresztmetszet/TO 30 200L - Tokos betoncső keresztmetszet.pdf
2025-07-01 23:25:05,997 - INFO - ✅ Downloaded: hu/Prospektusok/Leier Durisol peronelem - Prospektus/Leier Durisol peronelem - Prospektus.pdf
2025-07-01 23:25:06,675 - INFO - HTTP Request: GET https://www.leier.hu/hu/dokumentumtar/2774 "HTTP/1.1 200 OK"
2025-07-01 23:25:06,686 - INFO - ✅ Downloaded: hu/Részletrajzok/Csomópontok/Kéregelemes födém részletrajzok/dxf/leier-p02b-kpanel-koszoru3/leier-p02b-kpanel-koszoru3.pdf
2025-07-01 23:25:07,372 - INFO - HTTP Request: GET https://www.leier.hu/hu/dokumentumtar/3324 "HTTP/1.1 200 OK"
2025-07-01 23:25:07,384 - INFO - ✅ Downloaded: hu/Részletrajzok/Elemrajzok (DWG, PDF)/Környezettechnika/Iszapfogók DWG/LIF 160 200 melléklet/LIF 160 200 melléklet.pdf
2025-07-01 23:25:08,583 - INFO - HTTP Request: GET https://www.leier.hu/hu/dokumentumtar/3773 "HTTP/1.1 200 OK"
2025-07-01 23:25:08,606 - INFO - ✅ Downloaded: hu/Termékadatlapok/Kertépítés, díszburkolat/Térkövek/Leier PIAZZA 20x10x6 térkő termékadatlap/Leier PIAZZA 20x10x6 térkő termékadatlap.pdf
2025-07-01 23:25:09,788 - INFO - HTTP Request: GET https://www.leier.hu/hu/dokumentumtar/2360 "HTTP/1.1 200 OK"
2025-07-01 23:25:09,813 - INFO - ✅ Downloaded: hu/Részletrajzok/Csomópontok/Fal részletrajzok/dwg/f09a-uni-alapozas-tn/f09a-uni-alapozas-tn.pdf
2025-07-01 23:25:10,516 - INFO - HTTP Request: GET https://www.leier.hu/hu/dokumentumtar/4044 "HTTP/1.1 200 OK"
2025-07-01 23:25:10,533 - INFO - ✅ Downloaded: hu/Termékadatlapok/Tetőfedő rendszerek/Leier Granite tető és idomcserepek - Termékadatlap/Leier Granite tető és idomcserepek - Termékadatlap.pdf
2025-07-01 23:25:11,364 - INFO - HTTP Request: GET https://www.leier.hu/hu/dokumentumtar/2033 "HTTP/1.1 200 OK"
2025-07-01 23:25:11,414 - INFO - ✅ Downloaded: hu/Teljesítménynyilatkozatok/Magasépítési termékek/Tégla termékek/Mátraderecske - Teljesítménynyilatkozatok/Teljesítménynyilatkozat - Leiertherm 45 N+F LE MD771-1-01-05/Teljesítménynyilatkozat - Leiertherm 45 N_F LE MD771-1-01-05.pdf
2025-07-01 23:25:12,394 - INFO - HTTP Request: GET https://www.leier.hu/hu/dokumentumtar/3767 "HTTP/1.1 200 OK"
2025-07-01 23:25:12,403 - INFO - HTTP Request: GET https://www.leier.hu/hu/dokumentumtar/2418 "HTTP/1.1 200 OK"
2025-07-01 23:25:12,449 - INFO - ✅ Downloaded: hu/Termékadatlapok/Kertépítés, díszburkolat/Térkövek/Leier ÖKOLITH térkő termékadatlap/Leier ÖKOLITH térkő termékadatlap.pdf
2025-07-01 23:25:13,350 - INFO - HTTP Request: GET https://www.leier.hu/hu/dokumentumtar/3205 "HTTP/1.1 200 OK"
2025-07-01 23:25:13,354 - INFO - ✅ Downloaded: hu/Részletrajzok/Csomópontok/Fal részletrajzok/asc/leier-f05-zsaluko-labazat/leier-f05-zsaluko-labazat.pdf
2025-07-01 23:25:14,057 - INFO - HTTP Request: GET https://www.leier.hu/hu/dokumentumtar/3512 "HTTP/1.1 200 OK"
2025-07-01 23:25:14,083 - INFO - ✅ Downloaded: hu/Részletrajzok/Elemrajzok (DWG, PDF)/Mélyépítés/Tisztítóakna elemek/Aknaszűkítő elemek/ASZ 100 - 62.5 - 60 L+H - Akna szűkítő hágcsóval - függőleges metszet/ASZ 100 - 62.5 - 60 L_H - Akna szűkítő hágcsóval - függőleges metszet
2025-07-01 23:25:14,844 - INFO - HTTP Request: GET https://www.leier.hu/hu/dokumentumtar/3536 "HTTP/1.1 200 OK"
2025-07-01 23:25:14,846 - INFO - ✅ Downloaded: hu/Alkalmazástechnikák, Beépítési útmutatók/DÍSZBURKOLATOK ALKALMAZÁSTECHNIKA ÉS TERVEZÉSI SEGÉDLET/DÍSZBURKOLATOK ALKALMAZÁSTECHNIKA ÉS TERVEZÉSI SEGÉDLET.pdf
2025-07-01 23:25:15,548 - INFO - ✅ Downloaded: hu/Részletrajzok/Elemrajzok (DWG, PDF)/Környezettechnika/Olajelválasztók PDF/LOL SUPER 30 max P melleklet PDF/LOL SUPER 30 max P melleklet PDF.pdf
2025-07-01 23:25:16,255 - INFO - HTTP Request: GET https://www.leier.hu/hu/dokumentumtar/3089 "HTTP/1.1 200 OK"
2025-07-01 23:25:16,261 - INFO - ✅ Downloaded: hu/Részletrajzok/Elemrajzok (DWG, PDF)/Környezettechnika/Olajelválasztók PDF/LOL SUPER 15 KF melleklet PDF/LOL SUPER 15 KF melleklet PDF.pdf
2025-07-01 23:25:16,929 - INFO - ✅ Downloaded: hu/Részletrajzok/Elemrajzok (DWG, PDF)/Mélyépítés/Előfej támfalelemek/LEF 40 - Előfej betoncsőhöz - elölnézet/LEF 40 - Előfej betoncsőhöz - elölnézet.pdf
2025-07-01 23:25:17,259 - INFO - HTTP Request: GET https://www.leier.hu/hu/dokumentumtar/2096 "HTTP/1.1 200 OK"
2025-07-01 23:25:17,264 - INFO - ✅ Downloaded: hu/Teljesítménynyilatkozatok/Kéményrendszerek/Teljesítménynyilatkozat MULTIKERAM LAS P1 kéményrendszer LE KL13063-MULTIKERAM LAS P1-02/Teljesítménynyilatkozat MULTIKERAM LAS P1 kéményrendszer LE KL13063-MULTIKERAM LAS P1-02.pdf
2025-07-01 23:25:17,566 - INFO - HTTP Request: GET https://www.leier.hu/hu/dokumentumtar/2632 "HTTP/1.1 200 OK"
2025-07-01 23:25:17,567 - INFO - HTTP Request: GET https://www.leier.hu/hu/dokumentumtar/3003 "HTTP/1.1 200 OK"
2025-07-01 23:25:17,573 - INFO - ✅ Downloaded: hu/Részletrajzok/Csomópontok/Kéregfal részletrajzok/pln/e07-kulso-fodemcsat/e07-kulso-fodemcsat.pdf
2025-07-01 23:25:17,867 - INFO - HTTP Request: GET https://www.leier.hu/hu/dokumentumtar/2145 "HTTP/1.1 200 OK"
2025-07-01 23:25:17,873 - INFO - ✅ Downloaded: hu/Teljesítménynyilatkozatok/Mély- és vasútépítés, környezettechnika/Környezettechnika/Zsírleválasztó - Jánossomorja - Teljesítménynyilatkozat LE JS1825-1-01/Zsírleválasztó - Jánossomorja - Teljesítménynyilatkozat LE JS1825-1-01.pdf
2025-07-01 23:25:17,873 - INFO - ✅ Downloaded: hu/Részletrajzok/Elemrajzok (DWG, PDF)/Mélyépítés/Betoncsövek/TO 60 200L - Tokos betoncső csaposmetszet/TO 60 200L - Tokos betoncső csaposmetszet.pdf
2025-07-01 23:25:18,486 - INFO - HTTP Request: GET https://www.leier.hu/hu/dokumentumtar/2023 "HTTP/1.1 200 OK"
2025-07-01 23:25:18,489 - INFO - ✅ Downloaded: hu/Teljesítménynyilatkozatok/Magasépítési termékek/Tégla termékek/Mátraderecske - CE-tanúsítványok/CE - Leiertherm 45 N+F - MD/CE - Leiertherm 45 N_F - MD.pdf
2025-07-01 23:25:18,768 - INFO - HTTP Request: GET https://www.leier.hu/hu/dokumentumtar/3594 "HTTP/1.1 200 OK"
2025-07-01 23:25:18,786 - INFO - ✅ Downloaded: hu/Részletrajzok/Elemrajzok (DWG, PDF)/Durisol zajárnyékolás/Durisol panel 296 125 félkötés - Elölnézet/Durisol panel 296 125 félkötés - Elölnézet.pdf
2025-07-01 23:25:19,051 - INFO - HTTP Request: GET https://www.leier.hu/hu/dokumentumtar/2978 "HTTP/1.1 200 OK"
2025-07-01 23:25:19,067 - INFO - ✅ Downloaded: hu/Részletrajzok/Elemrajzok (DWG, PDF)/Mélyépítés/Átemelőakna elemek/AFE_160_215 LG - Átemelő fenékelem gumigyűrűs/AFE_160_215 LG - Átemelő fenékelem gumigyűrűs.pdf
2025-07-01 23:25:19,338 - INFO - HTTP Request: GET https://www.leier.hu/hu/dokumentumtar/4119 "HTTP/1.1 200 OK"
2025-07-01 23:25:19,339 - INFO - HTTP Request: GET https://www.leier.hu/hu/dokumentumtar/3284 "HTTP/1.1 200 OK"
2025-07-01 23:25:19,342 - INFO - ✅ Downloaded: hu/Termékadatlapok/Magasépítési termékek/Tégla termékek/Leiertherm kisméretű tömör tégla adatlap.pdf/Leiertherm kisméretű tömör tégla adatlap.pdf
2025-07-01 23:25:19,604 - INFO - HTTP Request: GET https://www.leier.hu/hu/dokumentumtar/2623 "HTTP/1.1 200 OK"
2025-07-01 23:25:19,621 - INFO - ✅ Downloaded: hu/Részletrajzok/Elemrajzok (DWG, PDF)/Mélyépítés/Vízóra akna/Vízóra akna/Vízóra akna.pdf
2025-07-01 23:25:19,881 - INFO - HTTP Request: GET https://www.leier.hu/hu/dokumentumtar/3096 "HTTP/1.1 200 OK"
2025-07-01 23:25:19,909 - INFO - ✅ Downloaded: hu/Részletrajzok/Elemrajzok (DWG, PDF)/Mélyépítés/Előfej támfalelemek/LEF 100 - Előfej betoncsőhöz - hosszmetszet/LEF 100 - Előfej betoncsőhöz - hosszmetszet.pdf
2025-07-01 23:25:20,171 - INFO - HTTP Request: GET https://www.leier.hu/hu/dokumentumtar/2366 "HTTP/1.1 200 OK"
2025-07-01 23:25:20,173 - INFO - HTTP Request: GET https://www.leier.hu/hu/dokumentumtar/3182 "HTTP/1.1 200 OK"
2025-07-01 23:25:20,177 - INFO - ✅ Downloaded: hu/Részletrajzok/Csomópontok/Fal részletrajzok/dwg/f04b-kulso-nyilaszaro2/f04b-kulso-nyilaszaro2.pdf
2025-07-01 23:25:20,437 - INFO - HTTP Request: GET https://www.leier.hu/hu/dokumentumtar/2936 "HTTP/1.1 200 OK"
2025-07-01 23:25:20,442 - INFO - ✅ Downloaded: hu/Részletrajzok/Elemrajzok (DWG, PDF)/Mélyépítés/Keretelemek/LKE 120 - 120 - 110 - Keret előfej kezdőelem - hosszmetszet/LKE 120 - 120 - 110 - Keret előfej kezdőelem - hosszmetszet.pdf
2025-07-01 23:25:20,707 - INFO - ✅ Downloaded: hu/Részletrajzok/Elemrajzok (DWG, PDF)/Mélyépítés/Átemelőakna elemek/AGY_240_200 LG - Átemelő gyűrű gumigyűrűs/AGY_240_200 LG - Átemelő gyűrű gumigyűrűs.pdf
2025-07-01 23:25:20,966 - INFO - HTTP Request: GET https://www.leier.hu/hu/dokumentumtar/3068 "HTTP/1.1 200 OK"
2025-07-01 23:25:20,984 - INFO - ✅ Downloaded: hu/Részletrajzok/Elemrajzok (DWG, PDF)/Mélyépítés/Előfej támfalelemek/TFE 100 - Támfalelem - metszet/TFE 100 - Támfalelem - metszet.pdf
2025-07-01 23:25:21,242 - INFO - HTTP Request: GET https://www.leier.hu/hu/dokumentumtar/3120 "HTTP/1.1 200 OK"
2025-07-01 23:25:21,262 - INFO - ✅ Downloaded: hu/Részletrajzok/Elemrajzok (DWG, PDF)/Mélyépítés/Kábelcsatorna/KCS vályú könnyített oldalkitörés oldal/KCS vályú könnyített oldalkitörés oldal.pdf
2025-07-01 23:25:21,522 - INFO - HTTP Request: GET https://www.leier.hu/hu/dokumentumtar/3131 "HTTP/1.1 200 OK"
2025-07-01 23:25:21,540 - INFO - ✅ Downloaded: hu/Részletrajzok/Elemrajzok (DWG, PDF)/Mélyépítés/Kábelcsatorna/KCS vályú irt bal elöl/KCS vályú irt bal elöl.pdf
2025-07-01 23:25:21,812 - INFO - HTTP Request: GET https://www.leier.hu/hu/dokumentumtar/3948 "HTTP/1.1 200 OK"
2025-07-01 23:25:21,813 - INFO - HTTP Request: GET https://www.leier.hu/hu/dokumentumtar/3007 "HTTP/1.1 200 OK"
2025-07-01 23:25:21,817 - INFO - ✅ Downloaded: at/Allgemeine Hinweise/Allg. Hinweise zu Kalkausblühungen/Allg. Hinweise zu Kalkausblühungen
2025-07-01 23:25:22,081 - INFO - ✅ Downloaded: hu/Részletrajzok/Elemrajzok (DWG, PDF)/Mélyépítés/Betoncsövek/TO 30 200L - Tokos betoncső csaposmetszet/TO 30 200L - Tokos betoncső csaposmetszet.pdf
2025-07-01 23:25:22,380 - INFO - HTTP Request: GET https://www.leier.hu/hu/dokumentumtar/2555 "HTTP/1.1 200 OK"
2025-07-01 23:25:22,386 - INFO - ✅ Downloaded: hu/Részletrajzok/Csomópontok/Kémény részletrajzok/asc/leier-k01-kemeny-alapozas/leier-k01-kemeny-alapozas.pdf
2025-07-01 23:25:22,656 - INFO - HTTP Request: GET https://www.leier.hu/hu/dokumentumtar/3976 "HTTP/1.1 200 OK"
2025-07-01 23:25:22,657 - INFO - ✅ Downloaded: hu/Részletrajzok/Csomópontok/Kéregfal részletrajzok/pdf/e02-alapozas-szig-j/e02-alapozas-szig-j.pdf
2025-07-01 23:25:22,916 - INFO - ✅ Downloaded: hu/Arculati elemek/Új Leier logó/Logo_Leier-white+blue-bg MAIN NEW 2024.jpg/Logo_Leier-white_blue-bg MAIN NEW 2024.jpg
2025-07-01 23:25:23,181 - INFO - HTTP Request: GET https://www.leier.hu/hu/dokumentumtar/3500 "HTTP/1.1 200 OK"
2025-07-01 23:25:23,184 - INFO - ✅ Downloaded: hu/Részletrajzok/Elemrajzok (DWG, PDF)/Környezettechnika/Olajelválasztók PDF/LOL SUPER 50 max KF melleklet PDF/LOL SUPER 50 max KF melleklet PDF.pdf
2025-07-01 23:25:23,443 - INFO - HTTP Request: GET https://www.leier.hu/hu/dokumentumtar/3237 "HTTP/1.1 200 OK"
2025-07-01 23:25:23,461 - INFO - ✅ Downloaded: hu/Részletrajzok/Elemrajzok (DWG, PDF)/Mélyépítés/Tisztítóakna elemek/Aknagyűrűk/AGY 100 - 100 L+H - Aknagyűrű hágcsóval - függőleges metszet/AGY 100 - 100 L_H - Aknagyűrű hágcsóval - függőleges metszet.pdf
2025-07-01 23:25:23,723 - INFO - HTTP Request: GET https://www.leier.hu/hu/dokumentumtar/2911 "HTTP/1.1 200 OK"
2025-07-01 23:25:23,740 - INFO - ✅ Downloaded: hu/Részletrajzok/Elemrajzok (DWG, PDF)/Mélyépítés/Árokburkoló- és árokelemek/ÁBE F 20_30 - 50L - Bordás fedlap és víznyelős - keresztmetszet/ÁBE F 20_30 - 50L - Bordás fedlap és víznyelős - keresztmetszet.pdf
2025-07-01 23:25:24,008 - INFO - HTTP Request: GET https://www.leier.hu/hu/dokumentumtar/2671 "HTTP/1.1 200 OK"
2025-07-01 23:25:24,009 - INFO - HTTP Request: GET https://www.leier.hu/hu/dokumentumtar/3373 "HTTP/1.1 200 OK"
2025-07-01 23:25:24,013 - INFO - ✅ Downloaded: hu/Részletrajzok/Csomópontok/Térburkolat részletrajzok/pln/b06b-folyoka2/b06b-folyoka2.pdf
2025-07-01 23:25:24,272 - INFO - HTTP Request: GET https://www.leier.hu/hu/dokumentumtar/3235 "HTTP/1.1 200 OK"
2025-07-01 23:25:24,273 - INFO - ✅ Downloaded: hu/Részletrajzok/Elemrajzok (DWG, PDF)/Környezettechnika/Olajelválasztók DWG/LOL SUPER 100 max KF melléklet/LOL SUPER 100 max KF melle_klet.pdf
2025-07-01 23:25:24,534 - INFO - ✅ Downloaded: hu/Részletrajzok/Elemrajzok (DWG, PDF)/Mélyépítés/Tisztítóakna elemek/Aknagyűrűk/AGY 100 - 100 LG+H - Aknagyűrű gumigyűrűs hágcsóval - függőleges metszet/AGY 100 - 100 LG_H - Aknagyűrű gumigyűrűs hágcsóval - függőleges metszet.pdf
2025-07-01 23:25:24,796 - INFO - HTTP Request: GET https://www.leier.hu/hu/dokumentumtar/3176 "HTTP/1.1 200 OK"
2025-07-01 23:25:24,819 - INFO - ✅ Downloaded: hu/Részletrajzok/Elemrajzok (DWG, PDF)/Mélyépítés/Keretelemek/LKE 150 - 150 - 133 - Keret előfej kezdőelem - hosszmetszet/LKE 150 - 150 - 133 - Keret előfej kezdőelem - hosszmetszet.pdf
2025-07-01 23:25:25,076 - INFO - HTTP Request: GET https://www.leier.hu/hu/dokumentumtar/2303 "HTTP/1.1 200 OK"
2025-07-01 23:25:25,077 - INFO - HTTP Request: GET https://www.leier.hu/hu/dokumentumtar/2538 "HTTP/1.1 200 OK"
2025-07-01 23:25:25,078 - INFO - HTTP Request: GET https://www.leier.hu/hu/dokumentumtar/2306 "HTTP/1.1 200 OK"
2025-07-01 23:25:25,082 - INFO - ✅ Downloaded: hu/Termékadatlapok/Kertépítés, díszburkolat/Falazóelemek, kerítéskövek, fedlapok/MOVADO falazókő termékadatlap/MOVADO falazókő termékadatlap.pdf
2025-07-01 23:25:25,347 - INFO - ✅ Downloaded: hu/Részletrajzok/Csomópontok/Kémény részletrajzok/pdf/k041-kemeny-tetoatvez1/k041-kemeny-tetoatvez1.pdf
2025-07-01 23:25:25,617 - INFO - ✅ Downloaded: hu/Termékadatlapok/Kertépítés, díszburkolat/Rézsűkövek, kiegészítők, virágtartók/Kerti szegélykő - Termékadatlap/Kerti szegélykő - Termékadatlap.pdf
2025-07-01 23:25:25,886 - INFO - HTTP Request: GET https://www.leier.hu/hu/dokumentumtar/2895 "HTTP/1.1 200 OK"
2025-07-01 23:25:25,907 - INFO - ✅ Downloaded: hu/Részletrajzok/Elemrajzok (DWG, PDF)/Mélyépítés/Árokburkoló- és árokelemek/ÁE 30_30 - 50L - árokburkoló elem - keresztmetszet/ÁE 30_30 - 50L - árokburkoló elem - keresztmetszet.pdf
2025-07-01 23:25:26,166 - INFO - HTTP Request: GET https://www.leier.hu/hu/dokumentumtar/3442 "HTTP/1.1 200 OK"
2025-07-01 23:25:26,167 - INFO - HTTP Request: GET https://www.leier.hu/hu/dokumentumtar/3249 "HTTP/1.1 200 OK"
2025-07-01 23:25:26,191 - INFO - ✅ Downloaded: hu/Részletrajzok/Elemrajzok (DWG, PDF)/Környezettechnika/Olajelválasztók DWG/LOL SUPER 6 60 KF zápor túlfolyóval melléklet/LOL SUPER 6 60 KF zápor túlfolyóval melléklet.pdf
2025-07-01 23:25:26,453 - INFO - HTTP Request: GET https://www.leier.hu/hu/dokumentumtar/3164 "HTTP/1.1 200 OK"
2025-07-01 23:25:26,457 - INFO - ✅ Downloaded: hu/Részletrajzok/Elemrajzok (DWG, PDF)/Mélyépítés/Tisztítóakna elemek/Akna fenékelemek/AFE 80 - 100 L KN - Akna fenékelem künet nélkül - függőleges metszet/AFE 80 - 100 L KN - Akna fenékelem künet nélkül - függőleges metszet.pdf
2025-07-01 23:25:26,718 - INFO - HTTP Request: GET https://www.leier.hu/hu/dokumentumtar/2429 "HTTP/1.1 200 OK"
2025-07-01 23:25:26,722 - INFO - ✅ Downloaded: hu/Részletrajzok/Csomópontok/Fal részletrajzok/dxf/Leier f05-zsaluko-labazat1/Leier f05-zsaluko-labazat1.pdf
2025-07-01 23:25:26,994 - INFO - ✅ Downloaded: hu/Részletrajzok/Elemrajzok (DWG, PDF)/Mélyépítés/Keretelemek/LKE 200 - 200 - 150 - Keret előfej végelem - hosszmetszet/LKE 200 - 200 - 150 - Keret előfej végelem - hosszmetszet.pdf
2025-07-01 23:25:27,285 - INFO - HTTP Request: GET https://www.leier.hu/hu/dokumentumtar/3446 "HTTP/1.1 200 OK"
2025-07-01 23:25:27,289 - INFO - ✅ Downloaded: hu/Részletrajzok/Elemrajzok (DWG, PDF)/Környezettechnika/Olajelválasztók DWG/LOL SUPER 6 max KF melléklet/LOL SUPER 6 max KF melle_klet.pdf
2025-07-01 23:25:27,552 - INFO - HTTP Request: GET https://www.leier.hu/hu/dokumentumtar/3960 "HTTP/1.1 200 OK"
2025-07-01 23:25:27,556 - INFO - ✅ Downloaded: at/Verarbeitungsinfos/VÖB-FQP/VOEB_Technische Hinweise_Lieferung_Betonprodukten_02-2015.pdf/VOEB_Technische Hinweise_Lieferung_Betonprodukten_02-2015.pdf
2025-07-01 23:25:27,899 - INFO - HTTP Request: GET https://www.leier.hu/hu/dokumentumtar/3079 "HTTP/1.1 200 OK"
2025-07-01 23:25:27,937 - INFO - ✅ Downloaded: hu/Részletrajzok/Elemrajzok (DWG, PDF)/Mélyépítés/Előfej támfalelemek/LEF 50 - Tömbelőfej betoncsőhöz - hátulnézet/LEF 50 - Tömbelőfej betoncsőhöz - hátulnézet.pdf
2025-07-01 23:25:28,240 - INFO - HTTP Request: GET https://www.leier.hu/hu/dokumentumtar/3086 "HTTP/1.1 200 OK"
2025-07-01 23:25:28,241 - INFO - HTTP Request: GET https://www.leier.hu/hu/dokumentumtar/2925 "HTTP/1.1 200 OK"
2025-07-01 23:25:28,242 - INFO - HTTP Request: GET https://www.leier.hu/hu/dokumentumtar/2509 "HTTP/1.1 200 OK"
2025-07-01 23:25:28,254 - INFO - ✅ Downloaded: hu/Részletrajzok/Csomópontok/Tető részletrajzok/asc/leier-k05-kemenyatvez-lapost/leier-k05-kemenyatvez-lapost.pdf
2025-07-01 23:25:28,526 - INFO - HTTP Request: GET https://www.leier.hu/hu/dokumentumtar/3458 "HTTP/1.1 200 OK"
2025-07-01 23:25:28,530 - INFO - ✅ Downloaded: hu/Részletrajzok/Elemrajzok (DWG, PDF)/Mélyépítés/Árokburkoló- és árokelemek/ÁBE 30_40 - 200L - árokburkoló elem - alulnézet/ÁBE 30_40 - 200L - árokburkoló elem - alulnézet.pdf
2025-07-01 23:25:28,804 - INFO - ✅ Downloaded: hu/Részletrajzok/Elemrajzok (DWG, PDF)/Mélyépítés/Előfej támfalelemek/LEF 40 - Tömbelőfej betoncsőhöz - elölnézet/LEF 40 - Tömbelőfej betoncsőhöz - elölnézet.pdf
2025-07-01 23:25:29,071 - INFO - HTTP Request: GET https://www.leier.hu/hu/dokumentumtar/2099 "HTTP/1.1 200 OK"
2025-07-01 23:25:29,073 - INFO - ✅ Downloaded: hu/Részletrajzok/Elemrajzok (DWG, PDF)/Környezettechnika/Olajelválasztók PDF/LOL SUPER 200 KF melleklet PDF/LOL SUPER 200 KF melleklet PDF.pdf
2025-07-01 23:25:29,385 - INFO - HTTP Request: GET https://www.leier.hu/hu/dokumentumtar/2473 "HTTP/1.1 200 OK"
2025-07-01 23:25:29,388 - INFO - ✅ Downloaded: hu/Teljesítménynyilatkozatok/Kéményrendszerek/Teljesítménynyilatkozat LT kéményrendszer LE KL13063-LT-02/Teljesítménynyilatkozat LT kéményrendszer LE KL13063-LT-02.pdf
2025-07-01 23:25:29,745 - INFO - HTTP Request: GET https://www.leier.hu/hu/dokumentumtar/3598 "HTTP/1.1 200 OK"
2025-07-01 23:25:29,748 - INFO - ✅ Downloaded: hu/Részletrajzok/Csomópontok/Tető részletrajzok/dwg/t09a-falcsat-szegely/t09a-falcsat-szegely.pdf
2025-07-01 23:25:30,027 - INFO - HTTP Request: GET https://www.leier.hu/hu/dokumentumtar/1964 "HTTP/1.1 200 OK"
2025-07-01 23:25:30,038 - INFO - ✅ Downloaded: hu/Teljesítménynyilatkozatok/Magasépítési termékek/Tégla termékek/Devecser - CE-tanúsítványok/LeierPLAN/CE - LeierPLAN 12 N+F - DE/CE - LeierPLAN 12 N_F - DE.pdf
2025-07-01 23:25:30,038 - INFO - ✅ Downloaded: hu/Részletrajzok/Elemrajzok (DWG, PDF)/Durisol zajárnyékolás/Durisol panel 296 100 egyedi - Elölnézet/Durisol panel 296 100 egyedi - Elölnézet.pdf
2025-07-01 23:25:30,597 - INFO - HTTP Request: GET https://www.leier.hu/hu/dokumentumtar/2956 "HTTP/1.1 200 OK"
2025-07-01 23:25:30,617 - INFO - ✅ Downloaded: hu/Részletrajzok/Elemrajzok (DWG, PDF)/Mélyépítés/Átemelőakna elemek/AGY_160_200 LG V- Átemelő gyűrű gumigyűrűs végelem/AGY_160_200 LG V- Átemelő gyűrű gumigyűrűs végelem.pdf
2025-07-01 23:25:30,894 - INFO - HTTP Request: GET https://www.leier.hu/hu/dokumentumtar/2412 "HTTP/1.1 200 OK"
2025-07-01 23:25:30,895 - INFO - HTTP Request: GET https://www.leier.hu/hu/dokumentumtar/2698 "HTTP/1.1 200 OK"
2025-07-01 23:25:30,898 - INFO - ✅ Downloaded: hu/Részletrajzok/Csomópontok/Mélyépítési részletrajzok/pdf/c06-nagyatmero-gumigy/c06-nagyatmero-gumigy.pdf
2025-07-01 23:25:31,167 - INFO - HTTP Request: GET https://www.leier.hu/hu/dokumentumtar/3504 "HTTP/1.1 200 OK"
2025-07-01 23:25:31,170 - INFO - ✅ Downloaded: hu/Részletrajzok/Csomópontok/Fal részletrajzok/asc/leier-f09c-zsaluko-alap-tv/leier-f09c-zsaluko-alap-tv.pdf
2025-07-01 23:25:31,432 - INFO - HTTP Request: GET https://www.leier.hu/hu/dokumentumtar/3803 "HTTP/1.1 200 OK"
2025-07-01 23:25:31,435 - INFO - ✅ Downloaded: at/Verlegemuster/Verlegemuster Atrium 14 Pflaster/Verlegemuster Atrium 14 Pflaster.pdf
2025-07-01 23:25:31,435 - INFO - ✅ Downloaded: hu/Részletrajzok/Elemrajzok (DWG, PDF)/Környezettechnika/Olajelválasztók PDF/LOL SUPER 40 NF melleklet PDF/LOL SUPER 40 NF melleklet PDF.pdf
2025-07-01 23:25:31,963 - INFO - HTTP Request: GET https://www.leier.hu/hu/dokumentumtar/2943 "HTTP/1.1 200 OK"
2025-07-01 23:25:31,987 - INFO - ✅ Downloaded: hu/Részletrajzok/Elemrajzok (DWG, PDF)/Mélyépítés/Átemelőakna elemek/AGY_200_200 LG V- Átemelő gyűrű gumigyűrűs végelem/AGY_200_200 LG V- Átemelő gyűrű gumigyűrűs végelem.pdf
2025-07-01 23:25:32,273 - INFO - HTTP Request: GET https://www.leier.hu/hu/dokumentumtar/3292 "HTTP/1.1 200 OK"
2025-07-01 23:25:32,275 - INFO - HTTP Request: GET https://www.leier.hu/hu/dokumentumtar/3568 "HTTP/1.1 200 OK"
2025-07-01 23:25:32,297 - INFO - ✅ Downloaded: hu/Részletrajzok/Elemrajzok (DWG, PDF)/Mélyépítés/Vízelnyelőakna elemek/V AGY 50 10 L - Víznyelő aknagyűrű függőleges metszet/V AGY 50 10 L - Víznyelő aknagyűrű függőleges metszet.pdf
2025-07-01 23:25:32,599 - INFO - HTTP Request: GET https://www.leier.hu/hu/dokumentumtar/2919 "HTTP/1.1 200 OK"
2025-07-01 23:25:32,600 - INFO - HTTP Request: GET https://www.leier.hu/hu/dokumentumtar/2659 "HTTP/1.1 200 OK"
2025-07-01 23:25:32,604 - INFO - ✅ Downloaded: hu/Részletrajzok/Csomópontok/Térburkolat részletrajzok/pdf/b07a-tereplepcso1/b07a-tereplepcso1.pdf
2025-07-01 23:25:32,876 - INFO - ✅ Downloaded: hu/Részletrajzok/Elemrajzok (DWG, PDF)/Durisol zajárnyékolás/Durisol panel 496 125 félkötés - Elölnézet/Durisol panel 496 125 félkötés - Elölnézet.pdf
2025-07-01 23:25:33,134 - INFO - ✅ Downloaded: hu/Részletrajzok/Elemrajzok (DWG, PDF)/Mélyépítés/Árokburkoló- és árokelemek/ÁBE 40_50 - 200 L - árokburkoló elem - alulnézet/ÁBE 40_50 - 200 L - árokburkoló elem - alulnézet.pdf
2025-07-01 23:25:33,391 - INFO - HTTP Request: GET https://www.leier.hu/hu/dokumentumtar/3213 "HTTP/1.1 200 OK"
2025-07-01 23:25:33,411 - INFO - ✅ Downloaded: hu/Részletrajzok/Elemrajzok (DWG, PDF)/Mélyépítés/Tisztítóakna elemek/Aknaszűkítő elemek/ASZ 100 - 62.5 - 35 - 60 L - Akna szűkítő - felülnézet/ASZ 100 - 62.5 - 35 - 60 L - Akna szűkítő - felülnézet
2025-07-01 23:25:33,671 - INFO - HTTP Request: GET https://www.leier.hu/hu/dokumentumtar/3241 "HTTP/1.1 200 OK"
2025-07-01 23:25:33,672 - INFO - HTTP Request: GET https://www.leier.hu/hu/dokumentumtar/2304 "HTTP/1.1 200 OK"
2025-07-01 23:25:33,698 - INFO - ✅ Downloaded: hu/Részletrajzok/Elemrajzok (DWG, PDF)/Mélyépítés/Tisztítóakna elemek/Aknagyűrűk/AGY 100 L+H - Aknagyűrű hágcsóval - vízszintes metszet/AGY 100 L_H - Aknagyűrű hágcsóval - vízszintes metszet.pdf
2025-07-01 23:25:34,002 - INFO - HTTP Request: GET https://www.leier.hu/hu/dokumentumtar/3151 "HTTP/1.1 200 OK"
2025-07-01 23:25:34,003 - INFO - HTTP Request: GET https://www.leier.hu/hu/dokumentumtar/3533 "HTTP/1.1 200 OK"
2025-07-01 23:25:34,010 - INFO - ✅ Downloaded: hu/Termékadatlapok/Kertépítés, díszburkolat/Rézsűkövek, kiegészítők, virágtartók/K szegélykő - Termékadatlap/K szegélykő - Termékadatlap.pdf
2025-07-01 23:25:34,284 - INFO - ✅ Downloaded: hu/Részletrajzok/Elemrajzok (DWG, PDF)/Mélyépítés/Kábelcsatorna/KCS vályú teli osztott/KCS va_lyu_ teli osztott.pdf
2025-07-01 23:25:34,541 - INFO - HTTP Request: GET https://www.leier.hu/hu/dokumentumtar/3450 "HTTP/1.1 200 OK"
2025-07-01 23:25:34,543 - INFO - ✅ Downloaded: hu/Részletrajzok/Elemrajzok (DWG, PDF)/Környezettechnika/Olajelválasztók PDF/LOL SUPER 15 max P melleklet PDF/LOL SUPER 15 max P melleklet PDF.pdf
2025-07-01 23:25:34,803 - INFO - ✅ Downloaded: hu/Részletrajzok/Elemrajzok (DWG, PDF)/Környezettechnika/Olajelválasztók DWG/LOL SUPER 3 max KF melléklet/LOL SUPER 3 max KF melle_klet.pdf
2025-07-01 23:25:35,065 - INFO - HTTP Request: GET https://www.leier.hu/hu/dokumentumtar/2651 "HTTP/1.1 200 OK"
2025-07-01 23:25:35,080 - INFO - ✅ Downloaded: hu/Részletrajzok/Csomópontok/Térburkolat részletrajzok/dwg/b06a-folyoka1/b06a-folyoka1.pdf
2025-07-01 23:25:35,341 - INFO - HTTP Request: GET https://www.leier.hu/hu/dokumentumtar/2654 "HTTP/1.1 200 OK"
2025-07-01 23:25:35,364 - INFO - ✅ Downloaded: hu/Részletrajzok/Csomópontok/Térburkolat részletrajzok/dwg/b03-szegely3/b03-szegely3.pdf
2025-07-01 23:25:35,635 - INFO - HTTP Request: GET https://www.leier.hu/hu/dokumentumtar/2026 "HTTP/1.1 200 OK"
2025-07-01 23:25:35,636 - INFO - HTTP Request: GET https://www.leier.hu/hu/dokumentumtar/4003 "HTTP/1.1 200 OK"
2025-07-01 23:25:35,637 - INFO - HTTP Request: GET https://www.leier.hu/hu/dokumentumtar/3546 "HTTP/1.1 200 OK"
2025-07-01 23:25:35,648 - ERROR - ❌ Failed to download https://www.leier.hu/hu/dokumentumtar/2026: [Errno 2] No such file or directory: 'C:\\Users\\Admin\\.cursor\\Lambda\\src\\backend\\src\\downloads\\leier_materials_api\\documents\\hu\\Teljesítménynyilatkozatok\\Magasépítési termékek\\Tégla termékek\\Mátraderecske - Teljesítménynyilatkozatok\\Teljesítménynyilatkozat - Leiertherm AKU 30 HT - LE MD771-1-13-01.pdf'
2025-07-01 23:25:35,908 - INFO - HTTP Request: GET https://www.leier.hu/hu/dokumentumtar/2115 "HTTP/1.1 404 Not Found"
2025-07-01 23:25:35,913 - INFO - ✅ Downloaded: hu/Teljesítménynyilatkozatok/Magasépítési termékek/Nyílásáthidalók/Nyílásáthidaló - Mátraderecske - Teljesítménynyilatkozat LE MD845-2-01/Nyílásáthidaló - Mátraderecske - Teljesítménynyilatkozat LE MD845-2-01.pdf
2025-07-01 23:25:36,170 - ERROR - ❌ Failed to download https://www.leier.hu/hu/dokumentumtar/2115: Client error '404 Not Found' for url 'https://www.leier.hu/hu/dokumentumtar/2115'
For more information check: https://developer.mozilla.org/en-US/docs/Web/HTTP/Status/404
2025-07-01 23:25:36,171 - INFO - ✅ Downloaded: hu/Részletrajzok/Elemrajzok (DWG, PDF)/Környezettechnika/Olajelválasztók PDF/LOL SUPER 8 max P melleklet PDF/LOL SUPER 8 max P melleklet PDF.pdf
2025-07-01 23:25:36,834 - INFO - HTTP Request: GET https://www.leier.hu/hu/dokumentumtar/3147 "HTTP/1.1 200 OK"
2025-07-01 23:25:36,857 - INFO - HTTP Request: GET https://www.leier.hu/hu/dokumentumtar/2383 "HTTP/1.1 200 OK"
2025-07-01 23:25:36,858 - INFO - HTTP Request: GET https://www.leier.hu/hu/dokumentumtar/2683 "HTTP/1.1 200 OK"
2025-07-01 23:25:36,861 - INFO - HTTP Request: GET https://www.leier.hu/hu/dokumentumtar/2048 "HTTP/1.1 200 OK"
2025-07-01 23:25:36,869 - INFO - ✅ Downloaded: hu/Részletrajzok/Elemrajzok (DWG, PDF)/Mélyépítés/Kábelcsatorna/KCS elválasztó egyenes oldal/KCS elválasztó egyenes oldal.pdf
2025-07-01 23:25:37,235 - INFO - HTTP Request: GET https://www.leier.hu/hu/dokumentumtar/2793 "HTTP/1.1 200 OK"
2025-07-01 23:25:37,239 - INFO - ✅ Downloaded: hu/Részletrajzok/Csomópontok/Fal részletrajzok/pdf/f03-38as-falsarok/f03-38as-falsarok.pdf
2025-07-01 23:25:37,534 - INFO - ✅ Downloaded: hu/Részletrajzok/Csomópontok/Térburkolat részletrajzok/asc/leier-b04-szegely4/leier-b04-szegely4.pdf
2025-07-01 23:25:37,822 - ERROR - ❌ Failed to download https://www.leier.hu/hu/dokumentumtar/2048: [Errno 2] No such file or directory: 'C:\\Users\\Admin\\.cursor\\Lambda\\src\\backend\\src\\downloads\\leier_materials_api\\documents\\hu\\Teljesítménynyilatkozatok\\Magasépítési termékek\\Tégla termékek\\Turcin - Teljesítménynyilatkozatok\\Teljesítménynyilatkozat - Leiertherm 10\\50 U_Z 2018\\Teljesítménynyilatkozat - Leiertherm 10_50 U_Z 2018_01 1374-CPR-56-Z.pdf'
2025-07-01 23:25:38,214 - INFO - HTTP Request: GET https://www.leier.hu/hu/dokumentumtar/2736 "HTTP/1.1 200 OK"
2025-07-01 23:25:38,220 - INFO - HTTP Request: GET https://www.leier.hu/hu/dokumentumtar/2650 "HTTP/1.1 200 OK"
2025-07-01 23:25:38,221 - INFO - HTTP Request: GET https://www.leier.hu/hu/dokumentumtar/3326 "HTTP/1.1 200 OK"
2025-07-01 23:25:38,244 - INFO - HTTP Request: GET https://www.leier.hu/hu/dokumentumtar/3538 "HTTP/1.1 200 OK"
2025-07-01 23:25:38,249 - INFO - ✅ Downloaded: hu/Részletrajzok/Csomópontok/Kéregelemes födém részletrajzok/pdf/p05b-kpanel-terasz2/p05b-kpanel-terasz2.pdf
2025-07-01 23:25:38,544 - INFO - ✅ Downloaded: hu/Részletrajzok/Elemrajzok (DWG, PDF)/Környezettechnika/Olajelválasztók PDF/LOL SUPER 10 P melleklet DN 150 PDF/LOL SUPER 10 P melleklet DN 150 PDF.pdf
2025-07-01 23:25:38,545 - INFO - ✅ Downloaded: hu/Részletrajzok/Elemrajzok (DWG, PDF)/Környezettechnika/Zsírleválasztók DWG/LZS 7 Zsírleválasztó - függőleges metszet/LZS 7 Zsírleválasztó - függőleges metszet.pdf
2025-07-01 23:25:39,114 - INFO - ✅ Downloaded: hu/Részletrajzok/Csomópontok/Térburkolat részletrajzok/dwg/b06b-folyoka2/b06b-folyoka2.pdf
2025-07-01 23:25:39,467 - INFO - HTTP Request: GET https://www.leier.hu/hu/dokumentumtar/2573 "HTTP/1.1 200 OK"
2025-07-01 23:25:39,487 - INFO - HTTP Request: GET https://www.leier.hu/hu/dokumentumtar/2030 "HTTP/1.1 200 OK"
2025-07-01 23:25:39,489 - INFO - ✅ Downloaded: hu/Részletrajzok/Csomópontok/Födém részletrajzok/dwg/m02b-mesterf-koszoru3/m02b-mesterf-koszoru3.pdf
2025-07-01 23:25:39,789 - INFO - HTTP Request: GET https://www.leier.hu/hu/dokumentumtar/3317 "HTTP/1.1 200 OK"
2025-07-01 23:25:39,790 - INFO - HTTP Request: GET https://www.leier.hu/hu/dokumentumtar/2631 "HTTP/1.1 200 OK"
2025-07-01 23:25:39,795 - INFO - ✅ Downloaded: hu/Teljesítménynyilatkozatok/Magasépítési termékek/Tégla termékek/Mátraderecske - Teljesítménynyilatkozatok/Teljesítménynyilatkozat - Leiertherm 25 N+F LE MD771-1-04-04/Teljesítménynyilatkozat - Leiertherm 25 N_F LE MD771-1-04-04.pdf
2025-07-01 23:25:39,796 - INFO - ✅ Downloaded: hu/Részletrajzok/Csomópontok/Kéregfal részletrajzok/pln/e08-belso-fodemcsat/e08-belso-fodemcsat.pdf
2025-07-01 23:25:40,340 - INFO - ✅ Downloaded: hu/Részletrajzok/Elemrajzok (DWG, PDF)/Környezettechnika/Iszapfogók DWG/LIF 200 175L Iszapfogó - vízszintes metszet/LIF 200 175L Iszapfogó - vízszintes metszet.pdf
2025-07-01 23:25:40,703 - INFO - HTTP Request: GET https://www.leier.hu/hu/dokumentumtar/2668 "HTTP/1.1 200 OK"
2025-07-01 23:25:40,711 - INFO - HTTP Request: GET https://www.leier.hu/hu/dokumentumtar/2368 "HTTP/1.1 200 OK"
2025-07-01 23:25:40,714 - INFO - ✅ Downloaded: hu/Részletrajzok/Csomópontok/Fal részletrajzok/dwg/f03-38as-falsarok/f03-38as-falsarok.pdf
2025-07-01 23:25:41,008 - INFO - HTTP Request: GET https://www.leier.hu/hu/dokumentumtar/3017 "HTTP/1.1 200 OK"
2025-07-01 23:25:41,010 - INFO - HTTP Request: GET https://www.leier.hu/hu/dokumentumtar/3734 "HTTP/1.1 200 OK"
2025-07-01 23:25:41,014 - INFO - ✅ Downloaded: hu/Részletrajzok/Csomópontok/Térburkolat részletrajzok/pln/b08-tamfal/b08-tamfal.pdf
2025-07-01 23:25:41,292 - INFO - ✅ Downloaded: hu/Részletrajzok/Elemrajzok (DWG, PDF)/Mélyépítés/Betoncsövek/TA 30 100 - Talpas betoncső hosszmetszet/TA 30 100 - Talpas betoncső hosszmetszet.pdf
2025-07-01 23:25:41,761 - INFO - HTTP Request: GET https://www.leier.hu/hu/dokumentumtar/3507 "HTTP/1.1 200 OK"
2025-07-01 23:25:41,780 - INFO - HTTP Request: GET https://www.leier.hu/hu/dokumentumtar/2125 "HTTP/1.1 200 OK"
2025-07-01 23:25:41,826 - INFO - ✅ Downloaded: hu/Részletrajzok/Elemrajzok (DWG, PDF)/Környezettechnika/Olajelválasztók PDF/LOL SUPER 40 max KF melleklet PDF/LOL SUPER 40 max KF melleklet PDF.pdf
2025-07-01 23:25:42,512 - INFO - HTTP Request: GET https://www.leier.hu/hu/dokumentumtar/2760 "HTTP/1.1 200 OK"
2025-07-01 23:25:42,519 - INFO - ✅ Downloaded: hu/Teljesítménynyilatkozatok/Kertépítés, díszburkolat/Kerítéskő - Gönyű - Teljesítménynyilatkozat - LE GO15435-01(K)/Kerítéskő - Gönyű - Teljesítménynyilatkozat - LE GO15435-01_K_.pdf
2025-07-01 23:25:43,249 - INFO - ✅ Downloaded: hu/Részletrajzok/Csomópontok/Kéregelemes födém részletrajzok/asc/leier-p04-kpanel-valaszfal/leier-p04-kpanel-valaszfal.pdf
2025-07-01 23:25:44,022 - INFO - ✅ Downloaded: hu/LeierPress/LeierPress 2015/LeierPress 2015.pdf
2025-07-01 23:25:44,710 - INFO - ✅ Downloaded: hu/Prospektusok/Típusházak prospektus/Típusházak prospektus.pdf
2025-07-01 23:25:45,813 - INFO - HTTP Request: GET https://www.leier.hu/hu/dokumentumtar/2904 "HTTP/1.1 200 OK"
2025-07-01 23:25:45,858 - INFO - ✅ Downloaded: hu/Részletrajzok/Elemrajzok (DWG, PDF)/Mélyépítés/Árokburkoló- és árokelemek/ÁBE F 30_40 - 50L - Bordás fedlap víznyerlős - felülnézet/ÁBE F 30_40 - 50L - Bordás fedlap víznyerlős - felülnézet.pdf
2025-07-01 23:25:46,559 - INFO - HTTP Request: GET https://www.leier.hu/hu/dokumentumtar/2771 "HTTP/1.1 200 OK"
2025-07-01 23:25:46,567 - INFO - HTTP Request: GET https://www.leier.hu/hu/dokumentumtar/2768 "HTTP/1.1 200 OK"
2025-07-01 23:25:46,597 - INFO - ✅ Downloaded: hu/Részletrajzok/Csomópontok/Kéregelemes födém részletrajzok/dxf/leier-p05b-kpanel-terasz2/leier-p05b-kpanel-terasz2.pdf
2025-07-01 23:25:46,607 - INFO - ✅ Downloaded: hu/Részletrajzok/Csomópontok/Kéregelemes födém részletrajzok/dxf/leier-p032-kpanel-belsok/leier-p032-kpanel-belsok.pdf
2025-07-01 23:25:48,115 - INFO - HTTP Request: GET https://www.leier.hu/hu/dokumentumtar/1984 "HTTP/1.1 200 OK"
2025-07-01 23:25:48,118 - INFO - HTTP Request: GET https://www.leier.hu/hu/dokumentumtar/3058 "HTTP/1.1 200 OK"
2025-07-01 23:25:48,123 - ERROR - ❌ Failed to download https://www.leier.hu/hu/dokumentumtar/1984: [Errno 2] No such file or directory: 'C:\\Users\\Admin\\.cursor\\Lambda\\src\\backend\\src\\downloads\\leier_materials_api\\documents\\hu\\Teljesítménynyilatkozatok\\Magasépítési termékek\\Tégla termékek\\Devecser - Teljesítménynyilatkozatok\\LeierPLAN\\Teljesítménynyilatkozat - LeierPLAN 44 iSO LE DE771-1-17-03.pdf'
2025-07-01 23:25:48,764 - INFO - ✅ Downloaded: hu/Részletrajzok/Elemrajzok (DWG, PDF)/Mélyépítés/Előfej támfalelemek/TFE 40 - Támfalelem metszet/TFE 40 - Támfalelem metszet.pdf
2025-07-01 23:25:49,517 - INFO - HTTP Request: GET https://www.leier.hu/hu/dokumentumtar/2714 "HTTP/1.1 200 OK"
2025-07-01 23:25:49,527 - INFO - ✅ Downloaded: hu/Részletrajzok/Csomópontok/Mélyépítési részletrajzok/asc/leier-c02-100-gumigyurus/leier-c02-100-gumigyurus.pdf
2025-07-01 23:25:50,424 - INFO - HTTP Request: GET https://www.leier.hu/hu/dokumentumtar/1982 "HTTP/1.1 200 OK"
2025-07-01 23:25:50,446 - INFO - HTTP Request: GET https://www.leier.hu/hu/dokumentumtar/1899 "HTTP/1.1 200 OK"
2025-07-01 23:25:50,457 - ERROR - ❌ Failed to download https://www.leier.hu/hu/dokumentumtar/1982: [Errno 2] No such file or directory: 'C:\\Users\\Admin\\.cursor\\Lambda\\src\\backend\\src\\downloads\\leier_materials_api\\documents\\hu\\Teljesítménynyilatkozatok\\Magasépítési termékek\\Tégla termékek\\Devecser - Teljesítménynyilatkozatok\\LeierPLAN\\Teljesítménynyilatkozat - LeierPLAN 38 N_F LE DE771-1-12-04.pdf'
2025-07-01 23:25:51,288 - INFO - HTTP Request: GET https://www.leier.hu/hu/dokumentumtar/2008 "HTTP/1.1 200 OK"
2025-07-01 23:25:51,301 - INFO - ✅ Downloaded: hu/Prospektusok/Leier előregyártott fedett gépkocsibeállók - Prospektus/Leier előregyártott fedett gépkocsibeállók - Prospektus.pdf
2025-07-01 23:25:51,695 - INFO - HTTP Request: GET https://www.leier.hu/hu/dokumentumtar/3522 "HTTP/1.1 200 OK"
2025-07-01 23:25:51,700 - ERROR - ❌ Failed to download https://www.leier.hu/hu/dokumentumtar/2008: [Errno 2] No such file or directory: 'C:\\Users\\Admin\\.cursor\\Lambda\\src\\backend\\src\\downloads\\leier_materials_api\\documents\\hu\\Teljesítménynyilatkozatok\\Magasépítési termékek\\Tégla termékek\\Devecser - Teljesítménynyilatkozatok\\Leiertherm\\Teljesítménynyilatkozat - Leiertherm Pro 38 - DE LE DE771-1-23-01.pdf'
2025-07-01 23:25:52,008 - INFO - HTTP Request: GET https://www.leier.hu/hu/dokumentumtar/3842 "HTTP/1.1 200 OK"
2025-07-01 23:25:52,011 - INFO - ✅ Downloaded: hu/Teljesítménynyilatkozatok/Magasépítési termékek/Beton falazóelemek/VF10 válaszfalelem - Jánosháza - Teljesítménynyilatkozat LE JH771-3-VF10-02/VF10 válaszfalelem - Jánosháza - Teljesítménynyilatkozat LE JH771-3-VF10-02.pdf
2025-07-01 23:25:52,326 - INFO - HTTP Request: GET https://www.leier.hu/hu/dokumentumtar/2600 "HTTP/1.1 200 OK"
2025-07-01 23:25:52,327 - INFO - ✅ Downloaded: hu/Részletrajzok/Elemrajzok (DWG, PDF)/Környezettechnika/Olajelválasztók PDF/LOL SUPER 25 KF melleklet PDF/LOL SUPER 25 KF melleklet PDF.pdf
2025-07-01 23:25:52,621 - INFO - ✅ Downloaded: hu/Részletrajzok/Csomópontok/Födém részletrajzok/asc/leier-m02b-mesterf-koszoru3/leier-m02b-mesterf-koszoru3.pdf
2025-07-01 23:25:52,946 - INFO - HTTP Request: GET https://www.leier.hu/hu/dokumentumtar/2758 "HTTP/1.1 200 OK"
2025-07-01 23:25:52,961 - INFO - ✅ Downloaded: hu/Részletrajzok/Csomópontok/Kéregelemes födém részletrajzok/asc/leier-p05b-kpanel-terasz2/leier-p05b-kpanel-terasz2.pdf
2025-07-01 23:25:53,299 - INFO - HTTP Request: GET https://www.leier.hu/hu/dokumentumtar/1960 "HTTP/1.1 200 OK"
2025-07-01 23:25:53,310 - INFO - ✅ Downloaded: hu/Teljesítménynyilatkozatok/Magasépítési termékek/Tégla termékek/Devecser - CE-tanúsítványok/LeierPLAN/CE - LeierPLAN 30 Pro - DE/CE - LeierPLAN 30 Pro - DE.pdf
2025-07-01 23:25:53,580 - INFO - HTTP Request: GET https://www.leier.hu/hu/dokumentumtar/1887 "HTTP/1.1 200 OK"
2025-07-01 23:25:53,581 - INFO - HTTP Request: GET https://www.leier.hu/hu/dokumentumtar/3432 "HTTP/1.1 200 OK"
2025-07-01 23:25:53,584 - INFO - ✅ Downloaded: hu/Részletrajzok/Elemrajzok (DWG, PDF)/Környezettechnika/Olajelválasztók DWG/LOL SUPER 10 max P melléklet/LOL SUPER 10 max P melle_klet.pdf
2025-07-01 23:25:53,953 - INFO - HTTP Request: GET https://www.leier.hu/hu/dokumentumtar/3605 "HTTP/1.1 200 OK"
2025-07-01 23:25:53,975 - INFO - ✅ Downloaded: hu/Részletrajzok/Elemrajzok (DWG, PDF)/Durisol zajárnyékolás/DSI 30 13 N - Durisol blokkelem - Felülnézet/DSI 30 13 N - Durisol blokkelem - Felülnézet.pdf
2025-07-01 23:25:54,318 - INFO - ✅ Downloaded: hu/Prospektusok/Leier Durisol - A környezettudatos építésért/Leier Durisol - A környezettudatos építésért.pdf
2025-07-01 23:25:54,621 - INFO - HTTP Request: GET https://www.leier.hu/hu/dokumentumtar/2905 "HTTP/1.1 200 OK"
2025-07-01 23:25:54,622 - INFO - HTTP Request: GET https://www.leier.hu/hu/dokumentumtar/2034 "HTTP/1.1 200 OK"
2025-07-01 23:25:54,625 - ERROR - ❌ Failed to download https://www.leier.hu/hu/dokumentumtar/2034: [Errno 2] No such file or directory: 'C:\\Users\\Admin\\.cursor\\Lambda\\src\\backend\\src\\downloads\\leier_materials_api\\documents\\hu\\Teljesítménynyilatkozatok\\Magasépítési termékek\\Tégla termékek\\Mátraderecske - Teljesítménynyilatkozatok\\Teljesítménynyilatkozat - Leiertherm 25\\Teljesítménynyilatkozat - Leiertherm 25_30 AKU LE MD771-1-11-04.pdf'
2025-07-01 23:25:54,911 - INFO - ✅ Downloaded: hu/Részletrajzok/Elemrajzok (DWG, PDF)/Mélyépítés/Árokburkoló- és árokelemek/ÁBE F 30_40 - 50L - Bordás fedlap és víznyelős - keresztmetszet/ÁBE F 30_40 - 50L - Bordás fedlap és víznyelős - keresztmetszet.pdf
2025-07-01 23:25:55,208 - INFO - HTTP Request: GET https://www.leier.hu/hu/dokumentumtar/2988 "HTTP/1.1 200 OK"
2025-07-01 23:25:55,228 - INFO - ✅ Downloaded: hu/Részletrajzok/Elemrajzok (DWG, PDF)/Mélyépítés/Betoncsövek/TOTA 50 200L - Tokos talpas betoncső hosszmetszet vízszintes/TOTA 50 200L - Tokos talpas betoncső hosszmetszet vízszintes.pdf
2025-07-01 23:25:55,509 - INFO - HTTP Request: GET https://www.leier.hu/hu/dokumentumtar/2811 "HTTP/1.1 200 OK"
2025-07-01 23:25:55,511 - INFO - HTTP Request: GET https://www.leier.hu/hu/dokumentumtar/3299 "HTTP/1.1 200 OK"
2025-07-01 23:25:55,511 - INFO - HTTP Request: GET https://www.leier.hu/hu/dokumentumtar/2981 "HTTP/1.1 200 OK"
2025-07-01 23:25:55,528 - INFO - ✅ Downloaded: hu/Előregyártott elemek tervezési segédlet/Vasalasi-adatszolgaltatas-LMP_MINTA.pdf/Vasalasi-adatszolgaltatas-LMP_MINTA.pdf
2025-07-01 23:25:55,809 - INFO - HTTP Request: GET https://www.leier.hu/hu/dokumentumtar/2312 "HTTP/1.1 200 OK"
2025-07-01 23:25:55,812 - INFO - ✅ Downloaded: hu/Részletrajzok/Elemrajzok (DWG, PDF)/Mélyépítés/Vízelnyelőakna elemek/V AFE 50 50 L - Víznyelő akna fenékelem átfolyós vízszintes metszet/V AFE 50 50 L - Víznyelő akna fenékelem átfolyós vízszintes metszet.pdf
2025-07-01 23:25:56,126 - INFO - ✅ Downloaded: hu/Részletrajzok/Elemrajzok (DWG, PDF)/Mélyépítés/Betoncsövek/TOTA 80 200L - Tokos talpas betoncső tokosmetszet/TOTA 80 200L - Tokos talpas betoncső tokosmetszet.pdf
2025-07-01 23:25:56,495 - INFO - ✅ Downloaded: hu/Termékadatlapok/Kertépítés, díszburkolat/Falazóelemek, kerítéskövek, fedlapok/ARCHITEKTURA szárazfalazó termékadatlap/ARCHITEKTURA szárazfalazó termékadatlap.pdf
2025-07-01 23:25:56,917 - INFO - HTTP Request: GET https://www.leier.hu/hu/dokumentumtar/1901 "HTTP/1.1 200 OK"
2025-07-01 23:25:56,930 - INFO - HTTP Request: GET https://www.leier.hu/hu/dokumentumtar/2639 "HTTP/1.1 200 OK"
2025-07-01 23:25:56,948 - INFO - ✅ Downloaded: hu/Prospektusok/Leier kábelcsatorna rendszerek - Prospektus/Leier kábelcsatorna rendszerek - Prospektus.pdf
2025-07-01 23:25:57,237 - INFO - HTTP Request: GET https://www.leier.hu/hu/dokumentumtar/3009 "HTTP/1.1 200 OK"
2025-07-01 23:25:57,239 - INFO - HTTP Request: GET https://www.leier.hu/hu/dokumentumtar/3097 "HTTP/1.1 200 OK"
2025-07-01 23:25:57,239 - INFO - HTTP Request: GET https://www.leier.hu/hu/dokumentumtar/3880 "HTTP/1.1 404 Not Found"
2025-07-01 23:25:57,247 - ERROR - ❌ Failed to download https://www.leier.hu/hu/dokumentumtar/3880: Client error '404 Not Found' for url 'https://www.leier.hu/hu/dokumentumtar/3880'
For more information check: https://developer.mozilla.org/en-US/docs/Web/HTTP/Status/404
2025-07-01 23:25:57,521 - INFO - ✅ Downloaded: hu/Részletrajzok/Csomópontok/Kéregfal részletrajzok/asc/leier-e05-keregfal-t-csat/leier-e05-keregfal-t-csat.pdf
2025-07-01 23:25:57,789 - INFO - ✅ Downloaded: hu/Részletrajzok/Elemrajzok (DWG, PDF)/Mélyépítés/Előfej támfalelemek/LEF 100 - Előfej betoncsőhöz - felülnézet/LEF 100 - Előfej betoncsőhöz - felülnézet.pdf
2025-07-01 23:25:58,056 - INFO - ✅ Downloaded: hu/Részletrajzok/Elemrajzok (DWG, PDF)/Mélyépítés/Betoncsövek/TA 80 100 - Talpas betoncső hosszmetszet/TA 80 100 - Talpas betoncső hosszmetszet.pdf
2025-07-01 23:25:58,434 - INFO - HTTP Request: GET https://www.leier.hu/hu/dokumentumtar/4101 "HTTP/1.1 200 OK"
2025-07-01 23:25:58,446 - INFO - HTTP Request: GET https://www.leier.hu/hu/dokumentumtar/3137 "HTTP/1.1 200 OK"
2025-07-01 23:25:58,456 - INFO - HTTP Request: GET https://www.leier.hu/hu/dokumentumtar/1999 "HTTP/1.1 200 OK"
2025-07-01 23:25:58,459 - INFO - ✅ Downloaded: hu/Termékadatlapok/Magasépítési termékek/Tégla termékek/LeierPlan 38 Pro adatlap.pdf/LeierPlan 38 Pro adatlap.pdf
2025-07-01 23:25:58,845 - INFO - HTTP Request: GET https://www.leier.hu/hu/dokumentumtar/3054 "HTTP/1.1 200 OK"
2025-07-01 23:25:58,850 - INFO - HTTP Request: GET https://www.leier.hu/hu/dokumentumtar/3901 "HTTP/1.1 200 OK"
2025-07-01 23:25:58,896 - ERROR - ❌ Failed to download https://www.leier.hu/hu/dokumentumtar/1999: [Errno 2] No such file or directory: 'C:\\Users\\Admin\\.cursor\\Lambda\\src\\backend\\src\\downloads\\leier_materials_api\\documents\\hu\\Teljesítménynyilatkozatok\\Magasépítési termékek\\Tégla termékek\\Devecser - Teljesítménynyilatkozatok\\Leiertherm\\Teljesítménynyilatkozat - Leiertherm 20 N_F LE DE771-1-25-02.pdf'
2025-07-01 23:25:59,709 - INFO - ✅ Downloaded: hu/Részletrajzok/Elemrajzok (DWG, PDF)/Mélyépítés/Kábelcsatorna/KCS fedlap irt bal elöl/KCS fedlap irt bal elöl.pdf
2025-07-01 23:26:00,485 - INFO - ✅ Downloaded: hu/Részletrajzok/Elemrajzok (DWG, PDF)/Mélyépítés/Előfej támfalelemek/TFE 50 - Támfalelem hátulnézet/TFE 50 - Támfalelem hátulnézet.pdf
2025-07-01 23:26:01,322 - INFO - ✅ Downloaded: hu/Prospektusok/Leier környezettechnika - Prospektus/Leier környezettechnika - Prospektus.pdf
2025-07-01 23:26:02,497 - INFO - HTTP Request: GET https://www.leier.hu/hu/dokumentumtar/3116 "HTTP/1.1 200 OK"
2025-07-01 23:26:02,532 - INFO - ✅ Downloaded: hu/Részletrajzok/Elemrajzok (DWG, PDF)/Mélyépítés/Kábelcsatorna/KCS vályú könnyített oldal/KCS vályú könnyített oldal.pdf
2025-07-01 23:26:03,179 - INFO - HTTP Request: GET https://www.leier.hu/hu/dokumentumtar/3264 "HTTP/1.1 200 OK"
2025-07-01 23:26:03,182 - INFO - HTTP Request: GET https://www.leier.hu/hu/dokumentumtar/1962 "HTTP/1.1 200 OK"
2025-07-01 23:26:03,200 - INFO - ✅ Downloaded: hu/Teljesítménynyilatkozatok/Magasépítési termékek/Tégla termékek/Devecser - CE-tanúsítványok/LeierPLAN/CE - LeierPLAN 45 N+F - DE/CE - LeierPLAN 45 N_F - DE.pdf
2025-07-01 23:26:04,008 - INFO - HTTP Request: GET https://www.leier.hu/hu/dokumentumtar/1927 "HTTP/1.1 200 OK"
2025-07-01 23:26:04,010 - INFO - HTTP Request: GET https://www.leier.hu/hu/dokumentumtar/2973 "HTTP/1.1 200 OK"
2025-07-01 23:26:04,016 - INFO - ✅ Downloaded: hu/Részletrajzok/Elemrajzok (DWG, PDF)/Mélyépítés/Tisztítóakna elemek/Akna fenékelemek/AFE 100 - 100 LG KN - Akna fenékelem gumigyűrűs künet nélkül - függőleges metszet/AFE 100 - 100 LG KN - Akna fenékelem gumigyűrűs künet nélkül - függőleges metszet.pdf
2025-07-01 23:26:04,762 - INFO - ✅ Downloaded: hu/Részletrajzok/Elemrajzok (DWG, PDF)/Mélyépítés/Átemelőakna elemek/AFE_200_215 LG - Átemelő fenékelem gumigyűrűs/AFE_200_215 LG - Átemelő fenékelem gumigyűrűs.pdf
2025-07-01 23:26:05,817 - INFO - HTTP Request: GET https://www.leier.hu/hu/dokumentumtar/2802 "HTTP/1.1 200 OK"
2025-07-01 23:26:05,924 - INFO - HTTP Request: GET https://www.leier.hu/hu/dokumentumtar/4015 "HTTP/1.1 200 OK"
2025-07-01 23:26:05,941 - INFO - ✅ Downloaded: hu/LeierPress/Leier Újság 2001/Leier Újság 2001.pdf
2025-07-01 23:26:07,449 - INFO - HTTP Request: GET https://www.leier.hu/hu/dokumentumtar/2670 "HTTP/1.1 200 OK"
2025-07-01 23:26:07,470 - INFO - ✅ Downloaded: hu/Részletrajzok/Csomópontok/Térburkolat részletrajzok/pln/b06a-folyoka1/b06a-folyoka1.pdf
2025-07-01 23:26:08,806 - INFO - ✅ Downloaded: at/Prospekte/Leier Betonblocksteine/Leier Betonblocksteine.pdf
2025-07-01 23:26:08,812 - INFO - HTTP Request: GET https://www.leier.hu/hu/dokumentumtar/2570 "HTTP/1.1 200 OK"
2025-07-01 23:26:10,108 - INFO - ✅ Downloaded: hu/Részletrajzok/Csomópontok/Födém részletrajzok/dwg/m05a-mesterf-terasz1/m05a-mesterf-terasz1.pdf
2025-07-01 23:26:11,719 - INFO - HTTP Request: GET https://www.leier.hu/hu/dokumentumtar/3400 "HTTP/1.1 200 OK"
2025-07-01 23:26:11,720 - INFO - HTTP Request: GET https://www.leier.hu/hu/dokumentumtar/2022 "HTTP/1.1 200 OK"
2025-07-01 23:26:11,726 - INFO - HTTP Request: GET https://www.leier.hu/hu/dokumentumtar/3582 "HTTP/1.1 200 OK"
2025-07-01 23:26:11,728 - INFO - HTTP Request: GET https://www.leier.hu/hu/dokumentumtar/3859 "HTTP/1.1 200 OK"
2025-07-01 23:26:11,740 - ERROR - ❌ Failed to download https://www.leier.hu/hu/dokumentumtar/2022: [Errno 2] No such file or directory: 'C:\\Users\\Admin\\.cursor\\Lambda\\src\\backend\\src\\downloads\\leier_materials_api\\documents\\hu\\Teljesítménynyilatkozatok\\Magasépítési termékek\\Tégla termékek\\Mátraderecske - CE-tanúsítványok\\CE - Leiertherm 250\\120\\CE - Leiertherm 250_120_65 Kisméretű tömör - MD.pdf'
2025-07-01 23:26:12,056 - INFO - ✅ Downloaded: hu/Teljesítménynyilatkozatok/Kertépítés, díszburkolat/Leier beton járdalapok Teljesitménynyilatkozat- NR LE HU1339 01/Leier beton járdalapok Teljesitménynyilatkozat- NR LE HU1339 01.pdf
2025-07-01 23:26:12,342 - INFO - ✅ Downloaded: hu/Részletrajzok/Elemrajzok (DWG, PDF)/Környezettechnika/Olajelválasztók DWG/LOL SUPER 40 max NF melléklet/LOL SUPER 40 max NF melle_klet.pdf
2025-07-01 23:26:12,651 - INFO - ✅ Downloaded: hu/Részletrajzok/Elemrajzok (DWG, PDF)/Durisol zajárnyékolás/Durisol panel 396 125 egyedi - Elölnézet/Durisol panel 396 125 egyedi - Elölnézet.pdf
2025-07-01 23:26:12,937 - INFO - ✅ Downloaded: hu/Durisol - Építés fabetonnal c. könyv/Durisol - Építés fabetonnal/Durisol - Építés fabetonnal.pdf
2025-07-01 23:26:13,237 - INFO - HTTP Request: GET https://www.leier.hu/hu/dokumentumtar/2465 "HTTP/1.1 200 OK"
2025-07-01 23:26:13,240 - INFO - ✅ Downloaded: hu/Részletrajzok/Csomópontok/Leier Durisol Magasépítő falazórendszer/25 cm magas áthidaló kialakítása DSs 37,5-12/25 cm magas áthidaló kialakítása DSs 37_5-12.pdf
2025-07-01 23:26:13,508 - INFO - HTTP Request: GET https://www.leier.hu/hu/dokumentumtar/2493 "HTTP/1.1 200 OK"
2025-07-01 23:26:13,511 - INFO - ✅ Downloaded: hu/Részletrajzok/Csomópontok/Tető részletrajzok/pdf/t04-felnyereg-gerinc/t04-felnyereg-gerinc.pdf
2025-07-01 23:26:13,800 - INFO - HTTP Request: GET https://www.leier.hu/hu/dokumentumtar/3532 "HTTP/1.1 200 OK"
2025-07-01 23:26:13,802 - INFO - HTTP Request: GET https://www.leier.hu/hu/dokumentumtar/2398 "HTTP/1.1 200 OK"
2025-07-01 23:26:13,805 - INFO - ✅ Downloaded: hu/Részletrajzok/Csomópontok/Fal részletrajzok/pln/f03-38as-falsarok/f03-38as-falsarok.pdf
2025-07-01 23:26:14,110 - INFO - HTTP Request: GET https://www.leier.hu/hu/dokumentumtar/3460 "HTTP/1.1 200 OK"
2025-07-01 23:26:14,114 - INFO - ✅ Downloaded: hu/Részletrajzok/Elemrajzok (DWG, PDF)/Környezettechnika/Olajelválasztók PDF/LOL SUPER 15 NF melleklet PDF/LOL SUPER 15 NF melleklet PDF.pdf
2025-07-01 23:26:14,461 - INFO - HTTP Request: GET https://www.leier.hu/hu/dokumentumtar/2796 "HTTP/1.1 200 OK"
2025-07-01 23:26:14,464 - INFO - ✅ Downloaded: hu/Részletrajzok/Elemrajzok (DWG, PDF)/Környezettechnika/Olajelválasztók PDF/LOL SUPER 150 P sullyesztett verzio melleklet PDF/LOL SUPER 150 P sullyesztett verzio melleklet PDF.pdf
2025-07-01 23:26:14,734 - INFO - HTTP Request: GET https://www.leier.hu/hu/dokumentumtar/4097 "HTTP/1.1 200 OK"
2025-07-01 23:26:14,737 - INFO - ✅ Downloaded: hu/Termékadatlapok/Magasépítési termékek/Tégla termékek/LeierPlan 25 NF adatlap.pdf/LeierPlan 25 NF adatlap.pdf
2025-07-01 23:26:15,062 - INFO - HTTP Request: GET https://www.leier.hu/hu/dokumentumtar/3407 "HTTP/1.1 200 OK"
2025-07-01 23:26:15,068 - INFO - ✅ Downloaded: hu/Részletrajzok/Elemrajzok (DWG, PDF)/Környezettechnika/Olajelválasztók DWG/LOL SUPER 30 max KF melléklet/LOL SUPER 30 max KF melle_klet.pdf
2025-07-01 23:26:15,402 - INFO - HTTP Request: GET https://www.leier.hu/hu/dokumentumtar/4164 "HTTP/1.1 200 OK"
2025-07-01 23:26:15,407 - INFO - ✅ Downloaded: hu/Éves energetikai szakreferensi riportok/Éves energetikai szakreferensi riport 2024 - Leier Monolit Kft./Éves energetikai szakreferensi riport 2024 - Leier Monolit Kft..pdf
2025-07-01 23:26:15,683 - INFO - HTTP Request: GET https://www.leier.hu/hu/dokumentumtar/2944 "HTTP/1.1 200 OK"
2025-07-01 23:26:15,699 - INFO - ✅ Downloaded: hu/Részletrajzok/Elemrajzok (DWG, PDF)/Mélyépítés/Átemelőakna elemek/AGY_200_215 LG V- Átemelő gyűrű gumigyűrűs végelem/AGY_200_215 LG V- Átemelő gyűrű gumigyűrűs végelem.pdf
2025-07-01 23:26:15,969 - INFO - HTTP Request: GET https://www.leier.hu/hu/dokumentumtar/1981 "HTTP/1.1 200 OK"
2025-07-01 23:26:15,975 - ERROR - ❌ Failed to download https://www.leier.hu/hu/dokumentumtar/1981: [Errno 2] No such file or directory: 'C:\\Users\\Admin\\.cursor\\Lambda\\src\\backend\\src\\downloads\\leier_materials_api\\documents\\hu\\Teljesítménynyilatkozatok\\Magasépítési termékek\\Tégla termékek\\Devecser - Teljesítménynyilatkozatok\\LeierPLAN\\Teljesítménynyilatkozat - LeierPLAN 30 Pro LE DE771-1-19-02.pdf'
2025-07-01 23:26:16,252 - INFO - HTTP Request: GET https://www.leier.hu/hu/dokumentumtar/3602 "HTTP/1.1 200 OK"
2025-07-01 23:26:16,253 - INFO - ✅ Downloaded: hu/LeierPress/Leier Újság 2008/Leier Újság 2008.pdf
2025-07-01 23:26:16,519 - INFO - ✅ Downloaded: hu/Részletrajzok/Elemrajzok (DWG, PDF)/Durisol zajárnyékolás/Durisol panel 296 100 DSI 25 13 N - Metszet/Durisol panel 296 100 DSI 25 13 N - Metszet.pdf
2025-07-01 23:26:16,786 - INFO - HTTP Request: GET https://www.leier.hu/hu/dokumentumtar/4072 "HTTP/1.1 200 OK"
2025-07-01 23:26:16,878 - INFO - HTTP Request: GET https://www.leier.hu/hu/dokumentumtar/2780 "HTTP/1.1 200 OK"
2025-07-01 23:26:16,887 - INFO - HTTP Request: GET https://www.leier.hu/hu/dokumentumtar/3143 "HTTP/1.1 200 OK"
2025-07-01 23:26:16,895 - INFO - ✅ Downloaded: hu/Részletrajzok/Csomópontok/Előregyártott lépcső részletrajzok/dwg/p10-egy-lepcso2/p10-egy-lepcso2.pdf
2025-07-01 23:26:17,162 - INFO - HTTP Request: GET https://www.leier.hu/hu/dokumentumtar/3072 "HTTP/1.1 200 OK"
2025-07-01 23:26:17,163 - INFO - HTTP Request: GET https://www.leier.hu/hu/dokumentumtar/2627 "HTTP/1.1 200 OK"
2025-07-01 23:26:17,168 - INFO - ✅ Downloaded: hu/Részletrajzok/Csomópontok/Kéregfal részletrajzok/pdf/e05-keregfal-t-csat/e05-keregfal-t-csat.pdf
2025-07-01 23:26:17,433 - INFO - ✅ Downloaded: hu/Részletrajzok/Elemrajzok (DWG, PDF)/Mélyépítés/Kábelcsatorna/KCS elválasztó ív nagy elöl/KCS elválasztó ív nagy elöl.pdf
2025-07-01 23:26:17,703 - INFO - ✅ Downloaded: hu/Részletrajzok/Elemrajzok (DWG, PDF)/Mélyépítés/Előfej támfalelemek/LEF 80 - Előfej betoncsőhöz - hosszmetszet/LEF 80 - Előfej betoncsőhöz - hosszmetszet.pdf
2025-07-01 23:26:18,044 - INFO - HTTP Request: GET https://www.leier.hu/hu/dokumentumtar/3001 "HTTP/1.1 200 OK"
2025-07-01 23:26:18,070 - INFO - HTTP Request: GET https://www.leier.hu/hu/dokumentumtar/2942 "HTTP/1.1 200 OK"
2025-07-01 23:26:18,083 - INFO - ✅ Downloaded: hu/Részletrajzok/Elemrajzok (DWG, PDF)/Mélyépítés/Betoncsövek/TO 60 200L - Tokos betoncső tokosmetszet/TO 60 200L - Tokos betoncső tokosmetszet.pdf
2025-07-01 23:26:18,394 - INFO - HTTP Request: GET https://www.leier.hu/hu/dokumentumtar/2993 "HTTP/1.1 200 OK"
2025-07-01 23:26:18,395 - INFO - HTTP Request: GET https://www.leier.hu/hu/dokumentumtar/3281 "HTTP/1.1 200 OK"
2025-07-01 23:26:18,403 - INFO - ✅ Downloaded: hu/Részletrajzok/Elemrajzok (DWG, PDF)/Mélyépítés/Átemelőakna elemek/AGY_240_115 LG V- Átemelő gyűrű gumigyűrűs végelem/AGY_240_115 LG V- Átemelő gyűrű gumigyűrűs végelem.pdf
2025-07-01 23:26:18,701 - INFO - ✅ Downloaded: hu/Részletrajzok/Elemrajzok (DWG, PDF)/Mélyépítés/Betoncsövek/TOTA 40 200L - Tokos talpas betoncső hosszmetszet vízszintes/TOTA 40 200L - Tokos talpas betoncső hosszmetszet vízszintes.pdf
2025-07-01 23:26:18,701 - INFO - ✅ Downloaded: hu/Részletrajzok/Elemrajzok (DWG, PDF)/Mélyépítés/Vízóra akna/VA 100 62.5 120 L+H - Vízóraakna hágcsóval függőleges metszet/VA 100 62.5 120 L_H - Vízóraakna hágcsóval függőleges metszet
2025-07-01 23:26:19,426 - INFO - HTTP Request: GET https://www.leier.hu/hu/dokumentumtar/3300 "HTTP/1.1 200 OK"
2025-07-01 23:26:19,456 - INFO - HTTP Request: GET https://www.leier.hu/hu/dokumentumtar/2585 "HTTP/1.1 200 OK"
2025-07-01 23:26:19,477 - INFO - ✅ Downloaded: hu/Részletrajzok/Csomópontok/Födém részletrajzok/pln/m06-mesterf-lepcso/m06-mesterf-lepcso.pdf
2025-07-01 23:26:19,478 - INFO - ✅ Downloaded: hu/Részletrajzok/Elemrajzok (DWG, PDF)/Mélyépítés/Vízelnyelőakna elemek/V AFE 50 50 L - Víznyelő akna fenékelem átfolyós függőleges metszet/V AFE 50 50 L - Víznyelő akna fenékelem átfolyós függőleges metszet.pdf
2025-07-01 23:26:20,019 - INFO - HTTP Request: GET https://www.leier.hu/hu/dokumentumtar/3952 "HTTP/1.1 200 OK"
2025-07-01 23:26:20,020 - INFO - HTTP Request: GET https://www.leier.hu/hu/dokumentumtar/3209 "HTTP/1.1 200 OK"
2025-07-01 23:26:20,025 - INFO - ✅ Downloaded: at/Allgemeine Hinweise/Allg. Hinweise zu Wartung + Pflege/Allg. Hinweise zu Wartung _ Pflege
2025-07-01 23:26:20,309 - INFO - ✅ Downloaded: hu/Részletrajzok/Elemrajzok (DWG, PDF)/Mélyépítés/Tisztítóakna elemek/Aknaszűkítő elemek/ASZ 100 - 62.5 - 60 L - Akna szűkítő - fügőleges metszet/ASZ 100 - 62.5 - 60 L - Akna szűkítő - fügőleges metszet
2025-07-01 23:26:20,667 - INFO - HTTP Request: GET https://www.leier.hu/hu/dokumentumtar/2309 "HTTP/1.1 200 OK"
2025-07-01 23:26:20,668 - INFO - HTTP Request: GET https://www.leier.hu/hu/dokumentumtar/2410 "HTTP/1.1 200 OK"
2025-07-01 23:26:20,669 - INFO - HTTP Request: GET https://www.leier.hu/hu/dokumentumtar/3589 "HTTP/1.1 200 OK"
2025-07-01 23:26:20,687 - INFO - ✅ Downloaded: hu/Termékadatlapok/Kertépítés, díszburkolat/Falazóelemek, kerítéskövek, fedlapok/CASTRUM lépcsőblokk termékadatlap/CASTRUM lépcsőblokk termékadatlap.pdf
2025-07-01 23:26:20,954 - INFO - HTTP Request: GET https://www.leier.hu/hu/dokumentumtar/2267 "HTTP/1.1 200 OK"
2025-07-01 23:26:20,962 - INFO - ✅ Downloaded: hu/Részletrajzok/Csomópontok/Fal részletrajzok/asc/leier-f10a-belso-uni-alapozas/leier-f10a-belso-uni-alapozas.pdf
2025-07-01 23:26:20,962 - INFO - ✅ Downloaded: hu/Termékadatlapok/Kertépítés, díszburkolat/Térkövek/Leier Kaiserstein MERCATO térkő termékadatlap/Leier Kaiserstein MERCATO térkő termékadatlap.pdf
2025-07-01 23:26:21,481 - INFO - ✅ Downloaded: hu/Részletrajzok/Elemrajzok (DWG, PDF)/Durisol zajárnyékolás/Durisol panel 396 100 DSI 25 13 N - Metszet/Durisol panel 396 100 DSI 25 13 N - Metszet.pdf
2025-07-01 23:26:21,794 - INFO - ✅ Downloaded: hu/Alkalmazástechnikák, Beépítési útmutatók/Leier falazóelemek alkalmazástechnika és tervezési segédlet/Leier falazóelemek alkalmazástechnika és tervezési segédlet.pdf
2025-07-01 23:26:21,864 - INFO - HTTP Request: GET https://www.leier.hu/hu/dokumentumtar/2091 "HTTP/1.1 200 OK"
2025-07-01 23:26:21,869 - INFO - HTTP Request: GET https://www.leier.hu/hu/dokumentumtar/2579 "HTTP/1.1 200 OK"
2025-07-01 23:26:21,872 - INFO - HTTP Request: GET https://www.leier.hu/hu/dokumentumtar/3916 "HTTP/1.1 200 OK"
2025-07-01 23:26:21,888 - INFO - HTTP Request: GET https://www.leier.hu/hu/dokumentumtar/4016 "HTTP/1.1 404 Not Found"
2025-07-01 23:26:21,901 - INFO - ✅ Downloaded: hu/Részletrajzok/Csomópontok/Födém részletrajzok/pdf/m05a-mesterf-terasz1/m05a-mesterf-terasz1.pdf
2025-07-01 23:26:21,902 - INFO - ✅ Downloaded: at/Aufbauanleitungen/Aufbauanleitung Durisol Hochbeet U1-Form/Aufbauanleitung Durisol Hochbeet U1-Form.pdf
2025-07-01 23:26:21,909 - INFO - ✅ Downloaded: hu/Teljesítménynyilatkozatok/Magasépítési termékek/Beton falazóelemek/Zsaluzóelem - Kiskunlacháza - Teljesítménynyilatkozat LE KL15435-01/Zsaluzóelem - Kiskunlacháza - Teljesítménynyilatkozat LE KL15435-01.pdf
2025-07-01 23:26:21,917 - ERROR - ❌ Failed to download https://www.leier.hu/hu/dokumentumtar/4016: Client error '404 Not Found' for url 'https://www.leier.hu/hu/dokumentumtar/4016'
For more information check: https://developer.mozilla.org/en-US/docs/Web/HTTP/Status/404
2025-07-01 23:26:21,920 - INFO - 📊 Report saved to C:\Users\Admin\.cursor\Lambda\src\backend\leier_scraping_reports\leier_api_recursive_report_20250701_232621.json
