2025-07-01 21:44:26,915 - INFO - 🚀 LEIER Recursive Scraper Initialized
2025-07-01 21:44:26,915 - INFO - --- Starting LEIER Recursive Scraping Run ---
2025-07-01 21:44:26,915 - INFO - Querying API for folder: https://www.leier.hu/hu/documents/api/documents
2025-07-01 21:44:27,475 - INFO - HTTP Request: GET https://www.leier.hu/hu/documents/api/documents "HTTP/1.1 200 OK"
2025-07-01 21:44:27,480 - INFO - Querying API for folder: https://www.leier.hu/hu/documents/api/documents/1859
2025-07-01 21:44:28,216 - INFO - HTTP Request: GET https://www.leier.hu/hu/documents/api/documents/1859 "HTTP/1.1 200 OK"
2025-07-01 21:44:28,234 - INFO - Querying API for folder: https://www.leier.hu/hu/documents/api/documents/1860
2025-07-01 21:44:28,630 - INFO - HTTP Request: GET https://www.leier.hu/hu/documents/api/documents/1860 "HTTP/1.1 200 OK"
2025-07-01 21:44:28,632 - INFO - Querying API for folder: https://www.leier.hu/hu/documents/api/documents/1861
2025-07-01 21:44:28,977 - INFO - HTTP Request: GET https://www.leier.hu/hu/documents/api/documents/1861 "HTTP/1.1 200 OK"
2025-07-01 21:44:28,982 - INFO - Querying API for folder: https://www.leier.hu/hu/documents/api/documents/1862
2025-07-01 21:44:29,414 - INFO - HTTP Request: GET https://www.leier.hu/hu/documents/api/documents/1862 "HTTP/1.1 200 OK"
2025-07-01 21:44:29,417 - INFO - Querying API for folder: https://www.leier.hu/hu/documents/api/documents/4175
2025-07-01 21:44:29,854 - INFO - HTTP Request: GET https://www.leier.hu/hu/documents/api/documents/4175 "HTTP/1.1 200 OK"
2025-07-01 21:44:29,860 - INFO - Querying API for folder: https://www.leier.hu/hu/documents/api/documents/4176
2025-07-01 21:44:30,280 - INFO - HTTP Request: GET https://www.leier.hu/hu/documents/api/documents/4176 "HTTP/1.1 200 OK"
2025-07-01 21:44:30,282 - INFO - Querying API for folder: https://www.leier.hu/hu/documents/api/documents/4177
2025-07-01 21:44:30,624 - INFO - HTTP Request: GET https://www.leier.hu/hu/documents/api/documents/4177 "HTTP/1.1 200 OK"
2025-07-01 21:44:30,627 - INFO - Querying API for folder: https://www.leier.hu/hu/documents/api/documents/4179
2025-07-01 21:44:31,051 - INFO - HTTP Request: GET https://www.leier.hu/hu/documents/api/documents/4179 "HTTP/1.1 200 OK"
2025-07-01 21:44:31,053 - INFO - Querying API for folder: https://www.leier.hu/hu/documents/api/documents/4182
2025-07-01 21:44:31,447 - INFO - HTTP Request: GET https://www.leier.hu/hu/documents/api/documents/4182 "HTTP/1.1 200 OK"
2025-07-01 21:44:31,450 - INFO - Querying API for folder: https://www.leier.hu/hu/documents/api/documents/1863
2025-07-01 21:44:31,861 - INFO - HTTP Request: GET https://www.leier.hu/hu/documents/api/documents/1863 "HTTP/1.1 200 OK"
2025-07-01 21:44:31,869 - INFO - Querying API for folder: https://www.leier.hu/hu/documents/api/documents/1864
2025-07-01 21:44:32,324 - INFO - HTTP Request: GET https://www.leier.hu/hu/documents/api/documents/1864 "HTTP/1.1 200 OK"
2025-07-01 21:44:32,326 - INFO - Querying API for folder: https://www.leier.hu/hu/documents/api/documents/1865
2025-07-01 21:44:32,958 - INFO - HTTP Request: GET https://www.leier.hu/hu/documents/api/documents/1865 "HTTP/1.1 200 OK"
2025-07-01 21:44:32,972 - INFO - Querying API for folder: https://www.leier.hu/hu/documents/api/documents/1928
2025-07-01 21:44:33,516 - INFO - HTTP Request: GET https://www.leier.hu/hu/documents/api/documents/1928 "HTTP/1.1 200 OK"
2025-07-01 21:44:33,520 - INFO - Querying API for folder: https://www.leier.hu/hu/documents/api/documents/1938
2025-07-01 21:44:34,085 - INFO - HTTP Request: GET https://www.leier.hu/hu/documents/api/documents/1938 "HTTP/1.1 200 OK"
2025-07-01 21:44:34,098 - INFO - Querying API for folder: https://www.leier.hu/hu/documents/api/documents/1945
2025-07-01 21:44:34,627 - INFO - HTTP Request: GET https://www.leier.hu/hu/documents/api/documents/1945 "HTTP/1.1 200 OK"
2025-07-01 21:44:34,632 - INFO - Querying API for folder: https://www.leier.hu/hu/documents/api/documents/1951
2025-07-01 21:44:35,135 - INFO - HTTP Request: GET https://www.leier.hu/hu/documents/api/documents/1951 "HTTP/1.1 200 OK"
2025-07-01 21:44:35,138 - INFO - Querying API for folder: https://www.leier.hu/hu/documents/api/documents/1952
2025-07-01 21:44:35,608 - INFO - HTTP Request: GET https://www.leier.hu/hu/documents/api/documents/1952 "HTTP/1.1 200 OK"
2025-07-01 21:44:35,610 - INFO - Querying API for folder: https://www.leier.hu/hu/documents/api/documents/1946
2025-07-01 21:44:36,185 - INFO - HTTP Request: GET https://www.leier.hu/hu/documents/api/documents/1946 "HTTP/1.1 200 OK"
2025-07-01 21:44:36,203 - INFO - Querying API for folder: https://www.leier.hu/hu/documents/api/documents/1974
2025-07-01 21:44:36,744 - INFO - HTTP Request: GET https://www.leier.hu/hu/documents/api/documents/1974 "HTTP/1.1 200 OK"
2025-07-01 21:44:36,752 - INFO - Querying API for folder: https://www.leier.hu/hu/documents/api/documents/1975
2025-07-01 21:44:37,250 - INFO - HTTP Request: GET https://www.leier.hu/hu/documents/api/documents/1975 "HTTP/1.1 200 OK"
2025-07-01 21:44:37,263 - INFO - Querying API for folder: https://www.leier.hu/hu/documents/api/documents/1947
2025-07-01 21:44:37,793 - INFO - HTTP Request: GET https://www.leier.hu/hu/documents/api/documents/1947 "HTTP/1.1 200 OK"
2025-07-01 21:44:37,797 - INFO - Querying API for folder: https://www.leier.hu/hu/documents/api/documents/1948
2025-07-01 21:44:38,321 - INFO - HTTP Request: GET https://www.leier.hu/hu/documents/api/documents/1948 "HTTP/1.1 200 OK"
2025-07-01 21:44:38,333 - INFO - Querying API for folder: https://www.leier.hu/hu/documents/api/documents/1949
2025-07-01 21:44:38,839 - INFO - HTTP Request: GET https://www.leier.hu/hu/documents/api/documents/1949 "HTTP/1.1 200 OK"
2025-07-01 21:44:38,844 - INFO - Querying API for folder: https://www.leier.hu/hu/documents/api/documents/1950
2025-07-01 21:44:39,353 - INFO - HTTP Request: GET https://www.leier.hu/hu/documents/api/documents/1950 "HTTP/1.1 200 OK"
2025-07-01 21:44:39,355 - INFO - Querying API for folder: https://www.leier.hu/hu/documents/api/documents/1939
2025-07-01 21:44:39,814 - INFO - HTTP Request: GET https://www.leier.hu/hu/documents/api/documents/1939 "HTTP/1.1 200 OK"
2025-07-01 21:44:39,820 - INFO - Querying API for folder: https://www.leier.hu/hu/documents/api/documents/1940
2025-07-01 21:44:40,289 - INFO - HTTP Request: GET https://www.leier.hu/hu/documents/api/documents/1940 "HTTP/1.1 200 OK"
2025-07-01 21:44:40,291 - INFO - Querying API for folder: https://www.leier.hu/hu/documents/api/documents/1941
2025-07-01 21:44:40,875 - INFO - HTTP Request: GET https://www.leier.hu/hu/documents/api/documents/1941 "HTTP/1.1 200 OK"
2025-07-01 21:44:40,878 - INFO - Querying API for folder: https://www.leier.hu/hu/documents/api/documents/1942
2025-07-01 21:44:41,363 - INFO - HTTP Request: GET https://www.leier.hu/hu/documents/api/documents/1942 "HTTP/1.1 200 OK"
2025-07-01 21:44:41,369 - INFO - Querying API for folder: https://www.leier.hu/hu/documents/api/documents/1943
2025-07-01 21:44:41,851 - INFO - HTTP Request: GET https://www.leier.hu/hu/documents/api/documents/1943 "HTTP/1.1 200 OK"
2025-07-01 21:44:41,858 - INFO - Querying API for folder: https://www.leier.hu/hu/documents/api/documents/1944
2025-07-01 21:44:42,441 - INFO - HTTP Request: GET https://www.leier.hu/hu/documents/api/documents/1944 "HTTP/1.1 200 OK"
2025-07-01 21:44:42,443 - INFO - Querying API for folder: https://www.leier.hu/hu/documents/api/documents/1929
2025-07-01 21:44:42,923 - INFO - HTTP Request: GET https://www.leier.hu/hu/documents/api/documents/1929 "HTTP/1.1 200 OK"
2025-07-01 21:44:42,925 - INFO - Querying API for folder: https://www.leier.hu/hu/documents/api/documents/1930
2025-07-01 21:44:43,370 - INFO - HTTP Request: GET https://www.leier.hu/hu/documents/api/documents/1930 "HTTP/1.1 200 OK"
2025-07-01 21:44:43,372 - INFO - Querying API for folder: https://www.leier.hu/hu/documents/api/documents/1931
2025-07-01 21:44:43,920 - INFO - HTTP Request: GET https://www.leier.hu/hu/documents/api/documents/1931 "HTTP/1.1 200 OK"
2025-07-01 21:44:43,924 - INFO - Querying API for folder: https://www.leier.hu/hu/documents/api/documents/1932
2025-07-01 21:44:44,429 - INFO - HTTP Request: GET https://www.leier.hu/hu/documents/api/documents/1932 "HTTP/1.1 200 OK"
2025-07-01 21:44:44,435 - INFO - Querying API for folder: https://www.leier.hu/hu/documents/api/documents/2134
2025-07-01 21:44:44,879 - INFO - HTTP Request: GET https://www.leier.hu/hu/documents/api/documents/2134 "HTTP/1.1 200 OK"
2025-07-01 21:44:44,886 - INFO - Querying API for folder: https://www.leier.hu/hu/documents/api/documents/2135
2025-07-01 21:44:45,314 - INFO - HTTP Request: GET https://www.leier.hu/hu/documents/api/documents/2135 "HTTP/1.1 200 OK"
2025-07-01 21:44:45,317 - INFO - Querying API for folder: https://www.leier.hu/hu/documents/api/documents/2136
2025-07-01 21:44:45,761 - INFO - HTTP Request: GET https://www.leier.hu/hu/documents/api/documents/2136 "HTTP/1.1 200 OK"
2025-07-01 21:44:45,764 - INFO - Querying API for folder: https://www.leier.hu/hu/documents/api/documents/2137
2025-07-01 21:44:46,204 - INFO - HTTP Request: GET https://www.leier.hu/hu/documents/api/documents/2137 "HTTP/1.1 200 OK"
2025-07-01 21:44:46,206 - INFO - Querying API for folder: https://www.leier.hu/hu/documents/api/documents/2138
2025-07-01 21:44:46,654 - INFO - HTTP Request: GET https://www.leier.hu/hu/documents/api/documents/2138 "HTTP/1.1 200 OK"
2025-07-01 21:44:46,662 - INFO - Querying API for folder: https://www.leier.hu/hu/documents/api/documents/1933
2025-07-01 21:44:47,125 - INFO - HTTP Request: GET https://www.leier.hu/hu/documents/api/documents/1933 "HTTP/1.1 200 OK"
2025-07-01 21:44:47,127 - INFO - Querying API for folder: https://www.leier.hu/hu/documents/api/documents/1935
2025-07-01 21:44:47,585 - INFO - HTTP Request: GET https://www.leier.hu/hu/documents/api/documents/1935 "HTTP/1.1 200 OK"
2025-07-01 21:44:47,589 - INFO - Querying API for folder: https://www.leier.hu/hu/documents/api/documents/4010
2025-07-01 21:44:48,064 - INFO - HTTP Request: GET https://www.leier.hu/hu/documents/api/documents/4010 "HTTP/1.1 200 OK"
2025-07-01 21:44:48,066 - INFO - Querying API for folder: https://www.leier.hu/hu/documents/api/documents/3677
2025-07-01 21:44:48,545 - INFO - HTTP Request: GET https://www.leier.hu/hu/documents/api/documents/3677 "HTTP/1.1 200 OK"
2025-07-01 21:44:48,549 - INFO - Querying API for folder: https://www.leier.hu/hu/documents/api/documents/1866
2025-07-01 21:44:49,088 - INFO - HTTP Request: GET https://www.leier.hu/hu/documents/api/documents/1866 "HTTP/1.1 200 OK"
2025-07-01 21:44:49,090 - INFO - Querying API for folder: https://www.leier.hu/hu/documents/api/documents/2162
2025-07-01 21:44:49,721 - INFO - HTTP Request: GET https://www.leier.hu/hu/documents/api/documents/2162 "HTTP/1.1 200 OK"
2025-07-01 21:44:49,743 - INFO - Querying API for folder: https://www.leier.hu/hu/documents/api/documents/2168
2025-07-01 21:44:50,232 - INFO - HTTP Request: GET https://www.leier.hu/hu/documents/api/documents/2168 "HTTP/1.1 200 OK"
2025-07-01 21:44:50,235 - INFO - Querying API for folder: https://www.leier.hu/hu/documents/api/documents/2169
2025-07-01 21:44:50,630 - INFO - HTTP Request: GET https://www.leier.hu/hu/documents/api/documents/2169 "HTTP/1.1 200 OK"
2025-07-01 21:44:50,633 - INFO - Querying API for folder: https://www.leier.hu/hu/documents/api/documents/2170
2025-07-01 21:44:51,082 - INFO - HTTP Request: GET https://www.leier.hu/hu/documents/api/documents/2170 "HTTP/1.1 200 OK"
2025-07-01 21:44:51,086 - INFO - Querying API for folder: https://www.leier.hu/hu/documents/api/documents/2171
2025-07-01 21:44:51,550 - INFO - HTTP Request: GET https://www.leier.hu/hu/documents/api/documents/2171 "HTTP/1.1 200 OK"
2025-07-01 21:44:51,553 - INFO - Querying API for folder: https://www.leier.hu/hu/documents/api/documents/2163
2025-07-01 21:44:51,991 - INFO - HTTP Request: GET https://www.leier.hu/hu/documents/api/documents/2163 "HTTP/1.1 200 OK"
2025-07-01 21:44:51,994 - INFO - Querying API for folder: https://www.leier.hu/hu/documents/api/documents/2164
2025-07-01 21:44:52,599 - INFO - HTTP Request: GET https://www.leier.hu/hu/documents/api/documents/2164 "HTTP/1.1 200 OK"
2025-07-01 21:44:52,620 - INFO - Querying API for folder: https://www.leier.hu/hu/documents/api/documents/2256
2025-07-01 21:44:53,170 - INFO - HTTP Request: GET https://www.leier.hu/hu/documents/api/documents/2256 "HTTP/1.1 200 OK"
2025-07-01 21:44:53,175 - INFO - Querying API for folder: https://www.leier.hu/hu/documents/api/documents/2257
2025-07-01 21:44:53,724 - INFO - HTTP Request: GET https://www.leier.hu/hu/documents/api/documents/2257 "HTTP/1.1 200 OK"
2025-07-01 21:44:53,728 - INFO - Querying API for folder: https://www.leier.hu/hu/documents/api/documents/2258
2025-07-01 21:44:54,199 - INFO - HTTP Request: GET https://www.leier.hu/hu/documents/api/documents/2258 "HTTP/1.1 200 OK"
2025-07-01 21:44:54,202 - INFO - Querying API for folder: https://www.leier.hu/hu/documents/api/documents/2259
2025-07-01 21:44:54,579 - INFO - HTTP Request: GET https://www.leier.hu/hu/documents/api/documents/2259 "HTTP/1.1 200 OK"
2025-07-01 21:44:54,582 - INFO - Querying API for folder: https://www.leier.hu/hu/documents/api/documents/2260
2025-07-01 21:44:54,944 - INFO - HTTP Request: GET https://www.leier.hu/hu/documents/api/documents/2260 "HTTP/1.1 200 OK"
2025-07-01 21:44:54,946 - INFO - Querying API for folder: https://www.leier.hu/hu/documents/api/documents/2165
2025-07-01 21:44:55,356 - INFO - HTTP Request: GET https://www.leier.hu/hu/documents/api/documents/2165 "HTTP/1.1 200 OK"
2025-07-01 21:44:55,359 - INFO - Querying API for folder: https://www.leier.hu/hu/documents/api/documents/2166
2025-07-01 21:44:55,711 - INFO - HTTP Request: GET https://www.leier.hu/hu/documents/api/documents/2166 "HTTP/1.1 200 OK"
2025-07-01 21:44:55,714 - INFO - Querying API for folder: https://www.leier.hu/hu/documents/api/documents/2326
2025-07-01 21:44:56,104 - INFO - HTTP Request: GET https://www.leier.hu/hu/documents/api/documents/2326 "HTTP/1.1 200 OK"
2025-07-01 21:44:56,111 - INFO - Querying API for folder: https://www.leier.hu/hu/documents/api/documents/1867
2025-07-01 21:44:56,517 - INFO - HTTP Request: GET https://www.leier.hu/hu/documents/api/documents/1867 "HTTP/1.1 200 OK"
2025-07-01 21:44:56,521 - INFO - Querying API for folder: https://www.leier.hu/hu/documents/api/documents/2336
2025-07-01 21:44:57,029 - INFO - HTTP Request: GET https://www.leier.hu/hu/documents/api/documents/2336 "HTTP/1.1 200 OK"
2025-07-01 21:44:57,037 - INFO - Querying API for folder: https://www.leier.hu/hu/documents/api/documents/2338
2025-07-01 21:44:57,646 - INFO - HTTP Request: GET https://www.leier.hu/hu/documents/api/documents/2338 "HTTP/1.1 200 OK"
2025-07-01 21:44:57,660 - INFO - Querying API for folder: https://www.leier.hu/hu/documents/api/documents/2351
2025-07-01 21:44:58,124 - INFO - HTTP Request: GET https://www.leier.hu/hu/documents/api/documents/2351 "HTTP/1.1 200 OK"
2025-07-01 21:44:58,131 - INFO - Querying API for folder: https://www.leier.hu/hu/documents/api/documents/2352
2025-07-01 21:44:58,628 - INFO - HTTP Request: GET https://www.leier.hu/hu/documents/api/documents/2352 "HTTP/1.1 200 OK"
2025-07-01 21:44:58,631 - INFO - Querying API for folder: https://www.leier.hu/hu/documents/api/documents/2353
2025-07-01 21:44:59,049 - INFO - HTTP Request: GET https://www.leier.hu/hu/documents/api/documents/2353 "HTTP/1.1 200 OK"
2025-07-01 21:44:59,052 - INFO - Querying API for folder: https://www.leier.hu/hu/documents/api/documents/2354
2025-07-01 21:44:59,467 - INFO - HTTP Request: GET https://www.leier.hu/hu/documents/api/documents/2354 "HTTP/1.1 200 OK"
2025-07-01 21:44:59,470 - INFO - Querying API for folder: https://www.leier.hu/hu/documents/api/documents/2355
2025-07-01 21:44:59,881 - INFO - HTTP Request: GET https://www.leier.hu/hu/documents/api/documents/2355 "HTTP/1.1 200 OK"
2025-07-01 21:44:59,883 - INFO - Querying API for folder: https://www.leier.hu/hu/documents/api/documents/2339
2025-07-01 21:45:00,382 - INFO - HTTP Request: GET https://www.leier.hu/hu/documents/api/documents/2339 "HTTP/1.1 200 OK"
2025-07-01 21:45:00,388 - INFO - Querying API for folder: https://www.leier.hu/hu/documents/api/documents/2430
2025-07-01 21:45:00,864 - INFO - HTTP Request: GET https://www.leier.hu/hu/documents/api/documents/2430 "HTTP/1.1 200 OK"
2025-07-01 21:45:00,866 - INFO - Querying API for folder: https://www.leier.hu/hu/documents/api/documents/2431
2025-07-01 21:45:01,294 - INFO - HTTP Request: GET https://www.leier.hu/hu/documents/api/documents/2431 "HTTP/1.1 200 OK"
2025-07-01 21:45:01,305 - INFO - Querying API for folder: https://www.leier.hu/hu/documents/api/documents/2340
2025-07-01 21:45:01,819 - INFO - HTTP Request: GET https://www.leier.hu/hu/documents/api/documents/2340 "HTTP/1.1 200 OK"
2025-07-01 21:45:01,823 - INFO - Querying API for folder: https://www.leier.hu/hu/documents/api/documents/2341
2025-07-01 21:45:02,471 - INFO - HTTP Request: GET https://www.leier.hu/hu/documents/api/documents/2341 "HTTP/1.1 200 OK"
2025-07-01 21:45:02,485 - INFO - Querying API for folder: https://www.leier.hu/hu/documents/api/documents/2466
2025-07-01 21:45:02,883 - INFO - HTTP Request: GET https://www.leier.hu/hu/documents/api/documents/2466 "HTTP/1.1 200 OK"
2025-07-01 21:45:02,888 - INFO - Querying API for folder: https://www.leier.hu/hu/documents/api/documents/2467
2025-07-01 21:45:03,305 - INFO - HTTP Request: GET https://www.leier.hu/hu/documents/api/documents/2467 "HTTP/1.1 200 OK"
2025-07-01 21:45:03,310 - INFO - Querying API for folder: https://www.leier.hu/hu/documents/api/documents/2468
2025-07-01 21:45:03,711 - INFO - HTTP Request: GET https://www.leier.hu/hu/documents/api/documents/2468 "HTTP/1.1 200 OK"
2025-07-01 21:45:03,714 - INFO - Querying API for folder: https://www.leier.hu/hu/documents/api/documents/2469
2025-07-01 21:45:04,121 - INFO - HTTP Request: GET https://www.leier.hu/hu/documents/api/documents/2469 "HTTP/1.1 200 OK"
2025-07-01 21:45:04,124 - INFO - Querying API for folder: https://www.leier.hu/hu/documents/api/documents/2470
2025-07-01 21:45:04,533 - INFO - HTTP Request: GET https://www.leier.hu/hu/documents/api/documents/2470 "HTTP/1.1 200 OK"
2025-07-01 21:45:04,535 - INFO - Querying API for folder: https://www.leier.hu/hu/documents/api/documents/2342
2025-07-01 21:45:05,035 - INFO - HTTP Request: GET https://www.leier.hu/hu/documents/api/documents/2342 "HTTP/1.1 200 OK"
2025-07-01 21:45:05,041 - INFO - Querying API for folder: https://www.leier.hu/hu/documents/api/documents/2524
2025-07-01 21:45:05,449 - INFO - HTTP Request: GET https://www.leier.hu/hu/documents/api/documents/2524 "HTTP/1.1 200 OK"
2025-07-01 21:45:05,453 - INFO - Querying API for folder: https://www.leier.hu/hu/documents/api/documents/2525
2025-07-01 21:45:05,814 - INFO - HTTP Request: GET https://www.leier.hu/hu/documents/api/documents/2525 "HTTP/1.1 200 OK"
2025-07-01 21:45:05,818 - INFO - Querying API for folder: https://www.leier.hu/hu/documents/api/documents/2526
2025-07-01 21:45:06,283 - INFO - HTTP Request: GET https://www.leier.hu/hu/documents/api/documents/2526 "HTTP/1.1 200 OK"
2025-07-01 21:45:06,286 - INFO - Querying API for folder: https://www.leier.hu/hu/documents/api/documents/2527
2025-07-01 21:45:06,683 - INFO - HTTP Request: GET https://www.leier.hu/hu/documents/api/documents/2527 "HTTP/1.1 200 OK"
2025-07-01 21:45:06,686 - INFO - Querying API for folder: https://www.leier.hu/hu/documents/api/documents/2528
2025-07-01 21:45:07,113 - INFO - HTTP Request: GET https://www.leier.hu/hu/documents/api/documents/2528 "HTTP/1.1 200 OK"
2025-07-01 21:45:07,116 - INFO - Querying API for folder: https://www.leier.hu/hu/documents/api/documents/2343
2025-07-01 21:45:07,668 - INFO - HTTP Request: GET https://www.leier.hu/hu/documents/api/documents/2343 "HTTP/1.1 200 OK"
2025-07-01 21:45:07,684 - INFO - Querying API for folder: https://www.leier.hu/hu/documents/api/documents/2562
2025-07-01 21:45:08,185 - INFO - HTTP Request: GET https://www.leier.hu/hu/documents/api/documents/2562 "HTTP/1.1 200 OK"
2025-07-01 21:45:08,188 - INFO - Querying API for folder: https://www.leier.hu/hu/documents/api/documents/2563
2025-07-01 21:45:08,608 - INFO - HTTP Request: GET https://www.leier.hu/hu/documents/api/documents/2563 "HTTP/1.1 200 OK"
2025-07-01 21:45:08,612 - INFO - Querying API for folder: https://www.leier.hu/hu/documents/api/documents/2564
2025-07-01 21:45:09,160 - INFO - HTTP Request: GET https://www.leier.hu/hu/documents/api/documents/2564 "HTTP/1.1 200 OK"
2025-07-01 21:45:09,167 - INFO - Querying API for folder: https://www.leier.hu/hu/documents/api/documents/2565
2025-07-01 21:45:09,773 - INFO - HTTP Request: GET https://www.leier.hu/hu/documents/api/documents/2565 "HTTP/1.1 200 OK"
2025-07-01 21:45:09,781 - INFO - Querying API for folder: https://www.leier.hu/hu/documents/api/documents/2566
2025-07-01 21:45:10,319 - INFO - HTTP Request: GET https://www.leier.hu/hu/documents/api/documents/2566 "HTTP/1.1 200 OK"
2025-07-01 21:45:10,326 - INFO - Querying API for folder: https://www.leier.hu/hu/documents/api/documents/2344
2025-07-01 21:45:10,874 - INFO - HTTP Request: GET https://www.leier.hu/hu/documents/api/documents/2344 "HTTP/1.1 200 OK"
2025-07-01 21:45:10,877 - INFO - Querying API for folder: https://www.leier.hu/hu/documents/api/documents/2612
2025-07-01 21:45:11,254 - INFO - HTTP Request: GET https://www.leier.hu/hu/documents/api/documents/2612 "HTTP/1.1 200 OK"
2025-07-01 21:45:11,257 - INFO - Querying API for folder: https://www.leier.hu/hu/documents/api/documents/2613
2025-07-01 21:45:11,642 - INFO - HTTP Request: GET https://www.leier.hu/hu/documents/api/documents/2613 "HTTP/1.1 200 OK"
2025-07-01 21:45:11,645 - INFO - Querying API for folder: https://www.leier.hu/hu/documents/api/documents/2614
2025-07-01 21:45:12,013 - INFO - HTTP Request: GET https://www.leier.hu/hu/documents/api/documents/2614 "HTTP/1.1 200 OK"
2025-07-01 21:45:12,017 - INFO - Querying API for folder: https://www.leier.hu/hu/documents/api/documents/2615
2025-07-01 21:45:12,390 - INFO - HTTP Request: GET https://www.leier.hu/hu/documents/api/documents/2615 "HTTP/1.1 200 OK"
2025-07-01 21:45:12,393 - INFO - Querying API for folder: https://www.leier.hu/hu/documents/api/documents/2345
2025-07-01 21:45:12,918 - INFO - HTTP Request: GET https://www.leier.hu/hu/documents/api/documents/2345 "HTTP/1.1 200 OK"
2025-07-01 21:45:12,926 - INFO - Querying API for folder: https://www.leier.hu/hu/documents/api/documents/2643
2025-07-01 21:45:13,307 - INFO - HTTP Request: GET https://www.leier.hu/hu/documents/api/documents/2643 "HTTP/1.1 200 OK"
2025-07-01 21:45:13,310 - INFO - Querying API for folder: https://www.leier.hu/hu/documents/api/documents/2644
2025-07-01 21:45:13,699 - INFO - HTTP Request: GET https://www.leier.hu/hu/documents/api/documents/2644 "HTTP/1.1 200 OK"
2025-07-01 21:45:13,701 - INFO - Querying API for folder: https://www.leier.hu/hu/documents/api/documents/2645
2025-07-01 21:45:14,077 - INFO - HTTP Request: GET https://www.leier.hu/hu/documents/api/documents/2645 "HTTP/1.1 200 OK"
2025-07-01 21:45:14,081 - INFO - Querying API for folder: https://www.leier.hu/hu/documents/api/documents/2646
2025-07-01 21:45:14,470 - INFO - HTTP Request: GET https://www.leier.hu/hu/documents/api/documents/2646 "HTTP/1.1 200 OK"
2025-07-01 21:45:14,480 - INFO - Querying API for folder: https://www.leier.hu/hu/documents/api/documents/2346
2025-07-01 21:45:14,965 - INFO - HTTP Request: GET https://www.leier.hu/hu/documents/api/documents/2346 "HTTP/1.1 200 OK"
2025-07-01 21:45:14,970 - INFO - Querying API for folder: https://www.leier.hu/hu/documents/api/documents/2687
2025-07-01 21:45:15,384 - INFO - HTTP Request: GET https://www.leier.hu/hu/documents/api/documents/2687 "HTTP/1.1 200 OK"
2025-07-01 21:45:15,386 - INFO - Querying API for folder: https://www.leier.hu/hu/documents/api/documents/2688
2025-07-01 21:45:15,782 - INFO - HTTP Request: GET https://www.leier.hu/hu/documents/api/documents/2688 "HTTP/1.1 200 OK"
2025-07-01 21:45:15,785 - INFO - Querying API for folder: https://www.leier.hu/hu/documents/api/documents/2689
2025-07-01 21:45:16,211 - INFO - HTTP Request: GET https://www.leier.hu/hu/documents/api/documents/2689 "HTTP/1.1 200 OK"
2025-07-01 21:45:16,214 - INFO - Querying API for folder: https://www.leier.hu/hu/documents/api/documents/2690
2025-07-01 21:45:16,609 - INFO - HTTP Request: GET https://www.leier.hu/hu/documents/api/documents/2690 "HTTP/1.1 200 OK"
2025-07-01 21:45:16,612 - INFO - Querying API for folder: https://www.leier.hu/hu/documents/api/documents/2347
2025-07-01 21:45:17,209 - INFO - HTTP Request: GET https://www.leier.hu/hu/documents/api/documents/2347 "HTTP/1.1 200 OK"
2025-07-01 21:45:17,222 - INFO - Querying API for folder: https://www.leier.hu/hu/documents/api/documents/2716
2025-07-01 21:45:17,717 - INFO - HTTP Request: GET https://www.leier.hu/hu/documents/api/documents/2716 "HTTP/1.1 200 OK"
2025-07-01 21:45:17,720 - INFO - Querying API for folder: https://www.leier.hu/hu/documents/api/documents/2717
2025-07-01 21:45:18,117 - INFO - HTTP Request: GET https://www.leier.hu/hu/documents/api/documents/2717 "HTTP/1.1 200 OK"
2025-07-01 21:45:18,121 - INFO - Querying API for folder: https://www.leier.hu/hu/documents/api/documents/2718
2025-07-01 21:45:18,592 - INFO - HTTP Request: GET https://www.leier.hu/hu/documents/api/documents/2718 "HTTP/1.1 200 OK"
2025-07-01 21:45:18,599 - INFO - Querying API for folder: https://www.leier.hu/hu/documents/api/documents/2719
2025-07-01 21:45:19,009 - INFO - HTTP Request: GET https://www.leier.hu/hu/documents/api/documents/2719 "HTTP/1.1 200 OK"
2025-07-01 21:45:19,011 - INFO - Querying API for folder: https://www.leier.hu/hu/documents/api/documents/2720
2025-07-01 21:45:19,394 - INFO - HTTP Request: GET https://www.leier.hu/hu/documents/api/documents/2720 "HTTP/1.1 200 OK"
2025-07-01 21:45:19,399 - INFO - Querying API for folder: https://www.leier.hu/hu/documents/api/documents/2349
2025-07-01 21:45:19,793 - INFO - HTTP Request: GET https://www.leier.hu/hu/documents/api/documents/2349 "HTTP/1.1 200 OK"
2025-07-01 21:45:19,796 - INFO - Querying API for folder: https://www.leier.hu/hu/documents/api/documents/2777
2025-07-01 21:45:20,181 - INFO - HTTP Request: GET https://www.leier.hu/hu/documents/api/documents/2777 "HTTP/1.1 200 OK"
2025-07-01 21:45:20,183 - INFO - Querying API for folder: https://www.leier.hu/hu/documents/api/documents/2778
2025-07-01 21:45:20,535 - INFO - HTTP Request: GET https://www.leier.hu/hu/documents/api/documents/2778 "HTTP/1.1 200 OK"
2025-07-01 21:45:20,537 - INFO - Querying API for folder: https://www.leier.hu/hu/documents/api/documents/2779
2025-07-01 21:45:20,897 - INFO - HTTP Request: GET https://www.leier.hu/hu/documents/api/documents/2779 "HTTP/1.1 200 OK"
2025-07-01 21:45:20,899 - INFO - Querying API for folder: https://www.leier.hu/hu/documents/api/documents/2337
2025-07-01 21:45:21,441 - INFO - HTTP Request: GET https://www.leier.hu/hu/documents/api/documents/2337 "HTTP/1.1 200 OK"
2025-07-01 21:45:21,457 - INFO - Querying API for folder: https://www.leier.hu/hu/documents/api/documents/2872
2025-07-01 21:45:23,053 - INFO - HTTP Request: GET https://www.leier.hu/hu/documents/api/documents/2872 "HTTP/1.1 200 OK"
2025-07-01 21:45:23,107 - INFO - Querying API for folder: https://www.leier.hu/hu/documents/api/documents/2875
2025-07-01 21:45:23,694 - INFO - HTTP Request: GET https://www.leier.hu/hu/documents/api/documents/2875 "HTTP/1.1 200 OK"
2025-07-01 21:45:23,708 - INFO - Querying API for folder: https://www.leier.hu/hu/documents/api/documents/2876
2025-07-01 21:45:24,206 - INFO - HTTP Request: GET https://www.leier.hu/hu/documents/api/documents/2876 "HTTP/1.1 200 OK"
2025-07-01 21:45:24,217 - INFO - Querying API for folder: https://www.leier.hu/hu/documents/api/documents/2877
2025-07-01 21:45:24,668 - INFO - HTTP Request: GET https://www.leier.hu/hu/documents/api/documents/2877 "HTTP/1.1 200 OK"
2025-07-01 21:45:24,683 - INFO - Querying API for folder: https://www.leier.hu/hu/documents/api/documents/2878
2025-07-01 21:45:25,146 - INFO - HTTP Request: GET https://www.leier.hu/hu/documents/api/documents/2878 "HTTP/1.1 200 OK"
2025-07-01 21:45:25,149 - INFO - Querying API for folder: https://www.leier.hu/hu/documents/api/documents/2879
2025-07-01 21:45:25,689 - INFO - HTTP Request: GET https://www.leier.hu/hu/documents/api/documents/2879 "HTTP/1.1 200 OK"
2025-07-01 21:45:25,709 - INFO - Querying API for folder: https://www.leier.hu/hu/documents/api/documents/2880
2025-07-01 21:45:26,217 - INFO - HTTP Request: GET https://www.leier.hu/hu/documents/api/documents/2880 "HTTP/1.1 200 OK"
2025-07-01 21:45:26,229 - INFO - Querying API for folder: https://www.leier.hu/hu/documents/api/documents/2881
2025-07-01 21:45:26,699 - INFO - HTTP Request: GET https://www.leier.hu/hu/documents/api/documents/2881 "HTTP/1.1 200 OK"
2025-07-01 21:45:26,704 - INFO - Querying API for folder: https://www.leier.hu/hu/documents/api/documents/2882
2025-07-01 21:45:27,421 - INFO - HTTP Request: GET https://www.leier.hu/hu/documents/api/documents/2882 "HTTP/1.1 200 OK"
2025-07-01 21:45:27,446 - INFO - Querying API for folder: https://www.leier.hu/hu/documents/api/documents/3191
2025-07-01 21:45:27,952 - INFO - HTTP Request: GET https://www.leier.hu/hu/documents/api/documents/3191 "HTTP/1.1 200 OK"
2025-07-01 21:45:27,960 - INFO - Querying API for folder: https://www.leier.hu/hu/documents/api/documents/3192
2025-07-01 21:45:28,585 - INFO - HTTP Request: GET https://www.leier.hu/hu/documents/api/documents/3192 "HTTP/1.1 200 OK"
2025-07-01 21:45:28,590 - INFO - Querying API for folder: https://www.leier.hu/hu/documents/api/documents/3193
2025-07-01 21:45:29,006 - INFO - HTTP Request: GET https://www.leier.hu/hu/documents/api/documents/3193 "HTTP/1.1 200 OK"
2025-07-01 21:45:29,010 - INFO - Querying API for folder: https://www.leier.hu/hu/documents/api/documents/3194
2025-07-01 21:45:29,357 - INFO - HTTP Request: GET https://www.leier.hu/hu/documents/api/documents/3194 "HTTP/1.1 200 OK"
2025-07-01 21:45:29,360 - INFO - Querying API for folder: https://www.leier.hu/hu/documents/api/documents/3195
2025-07-01 21:45:29,735 - INFO - HTTP Request: GET https://www.leier.hu/hu/documents/api/documents/3195 "HTTP/1.1 200 OK"
2025-07-01 21:45:29,737 - INFO - Querying API for folder: https://www.leier.hu/hu/documents/api/documents/3196
2025-07-01 21:45:30,098 - INFO - HTTP Request: GET https://www.leier.hu/hu/documents/api/documents/3196 "HTTP/1.1 200 OK"
2025-07-01 21:45:30,099 - INFO - Querying API for folder: https://www.leier.hu/hu/documents/api/documents/3197
2025-07-01 21:45:30,460 - INFO - HTTP Request: GET https://www.leier.hu/hu/documents/api/documents/3197 "HTTP/1.1 200 OK"
2025-07-01 21:45:30,463 - INFO - Querying API for folder: https://www.leier.hu/hu/documents/api/documents/2883
2025-07-01 21:45:30,820 - INFO - HTTP Request: GET https://www.leier.hu/hu/documents/api/documents/2883 "HTTP/1.1 200 OK"
2025-07-01 21:45:30,823 - INFO - Querying API for folder: https://www.leier.hu/hu/documents/api/documents/2884
2025-07-01 21:45:31,271 - INFO - HTTP Request: GET https://www.leier.hu/hu/documents/api/documents/2884 "HTTP/1.1 200 OK"
2025-07-01 21:45:31,277 - INFO - Querying API for folder: https://www.leier.hu/hu/documents/api/documents/2885
2025-07-01 21:45:31,692 - INFO - HTTP Request: GET https://www.leier.hu/hu/documents/api/documents/2885 "HTTP/1.1 200 OK"
2025-07-01 21:45:31,695 - INFO - Querying API for folder: https://www.leier.hu/hu/documents/api/documents/2873
2025-07-01 21:45:32,943 - INFO - HTTP Request: GET https://www.leier.hu/hu/documents/api/documents/2873 "HTTP/1.1 200 OK"
2025-07-01 21:45:32,989 - INFO - Querying API for folder: https://www.leier.hu/hu/documents/api/documents/3307
2025-07-01 21:45:33,368 - INFO - HTTP Request: GET https://www.leier.hu/hu/documents/api/documents/3307 "HTTP/1.1 200 OK"
2025-07-01 21:45:33,373 - INFO - Querying API for folder: https://www.leier.hu/hu/documents/api/documents/3308
2025-07-01 21:45:33,784 - INFO - HTTP Request: GET https://www.leier.hu/hu/documents/api/documents/3308 "HTTP/1.1 200 OK"
2025-07-01 21:45:33,787 - INFO - Querying API for folder: https://www.leier.hu/hu/documents/api/documents/3309
2025-07-01 21:45:34,441 - INFO - HTTP Request: GET https://www.leier.hu/hu/documents/api/documents/3309 "HTTP/1.1 200 OK"
2025-07-01 21:45:34,468 - INFO - Querying API for folder: https://www.leier.hu/hu/documents/api/documents/3310
2025-07-01 21:45:35,097 - INFO - HTTP Request: GET https://www.leier.hu/hu/documents/api/documents/3310 "HTTP/1.1 200 OK"
2025-07-01 21:45:35,118 - INFO - Querying API for folder: https://www.leier.hu/hu/documents/api/documents/3311
2025-07-01 21:45:35,490 - INFO - HTTP Request: GET https://www.leier.hu/hu/documents/api/documents/3311 "HTTP/1.1 200 OK"
2025-07-01 21:45:35,493 - INFO - Querying API for folder: https://www.leier.hu/hu/documents/api/documents/3312
2025-07-01 21:45:35,853 - INFO - HTTP Request: GET https://www.leier.hu/hu/documents/api/documents/3312 "HTTP/1.1 200 OK"
2025-07-01 21:45:35,856 - INFO - Querying API for folder: https://www.leier.hu/hu/documents/api/documents/2874
2025-07-01 21:45:36,320 - INFO - HTTP Request: GET https://www.leier.hu/hu/documents/api/documents/2874 "HTTP/1.1 200 OK"
2025-07-01 21:45:36,325 - INFO - Querying API for folder: https://www.leier.hu/hu/documents/api/documents/1868
2025-07-01 21:45:36,678 - INFO - HTTP Request: GET https://www.leier.hu/hu/documents/api/documents/1868 "HTTP/1.1 200 OK"
2025-07-01 21:45:36,680 - INFO - Querying API for folder: https://www.leier.hu/hu/documents/api/documents/1869
2025-07-01 21:45:37,056 - INFO - HTTP Request: GET https://www.leier.hu/hu/documents/api/documents/1869 "HTTP/1.1 200 OK"
2025-07-01 21:45:37,060 - INFO - Querying API for folder: https://www.leier.hu/hu/documents/api/documents/1870
2025-07-01 21:45:37,452 - INFO - HTTP Request: GET https://www.leier.hu/hu/documents/api/documents/1870 "HTTP/1.1 200 OK"
2025-07-01 21:45:37,455 - INFO - Querying API for folder: https://www.leier.hu/hu/documents/api/documents/3968
2025-07-01 21:45:37,813 - INFO - HTTP Request: GET https://www.leier.hu/hu/documents/api/documents/3968 "HTTP/1.1 200 OK"
2025-07-01 21:45:37,819 - INFO - Querying API for folder: https://www.leier.hu/hu/documents/api/documents/1871
2025-07-01 21:45:38,204 - INFO - HTTP Request: GET https://www.leier.hu/hu/documents/api/documents/1871 "HTTP/1.1 200 OK"
2025-07-01 21:45:38,208 - INFO - Querying API for folder: https://www.leier.hu/hu/documents/api/documents/1872
2025-07-01 21:45:38,599 - INFO - HTTP Request: GET https://www.leier.hu/hu/documents/api/documents/1872 "HTTP/1.1 200 OK"
2025-07-01 21:45:38,600 - INFO - Querying API for folder: https://www.leier.hu/hu/documents/api/documents/1874
2025-07-01 21:45:38,967 - INFO - HTTP Request: GET https://www.leier.hu/hu/documents/api/documents/1874 "HTTP/1.1 200 OK"
2025-07-01 21:45:38,970 - INFO - Querying API for folder: https://www.leier.hu/hu/documents/api/documents/2818
2025-07-01 21:45:39,374 - INFO - HTTP Request: GET https://www.leier.hu/hu/documents/api/documents/2818 "HTTP/1.1 200 OK"
2025-07-01 21:45:39,378 - INFO - Querying API for folder: https://www.leier.hu/hu/documents/api/documents/2822
2025-07-01 21:45:39,724 - INFO - HTTP Request: GET https://www.leier.hu/hu/documents/api/documents/2822 "HTTP/1.1 200 OK"
2025-07-01 21:45:39,727 - INFO - Querying API for folder: https://www.leier.hu/hu/documents/api/documents/2824
2025-07-01 21:45:40,069 - INFO - HTTP Request: GET https://www.leier.hu/hu/documents/api/documents/2824 "HTTP/1.1 200 OK"
2025-07-01 21:45:40,070 - INFO - Querying API for folder: https://www.leier.hu/hu/documents/api/documents/2825
2025-07-01 21:45:40,410 - INFO - HTTP Request: GET https://www.leier.hu/hu/documents/api/documents/2825 "HTTP/1.1 200 OK"
2025-07-01 21:45:40,412 - INFO - Querying API for folder: https://www.leier.hu/hu/documents/api/documents/2823
2025-07-01 21:45:40,784 - INFO - HTTP Request: GET https://www.leier.hu/hu/documents/api/documents/2823 "HTTP/1.1 200 OK"
2025-07-01 21:45:40,786 - INFO - Querying API for folder: https://www.leier.hu/hu/documents/api/documents/2828
2025-07-01 21:45:41,166 - INFO - HTTP Request: GET https://www.leier.hu/hu/documents/api/documents/2828 "HTTP/1.1 200 OK"
2025-07-01 21:45:41,168 - INFO - Querying API for folder: https://www.leier.hu/hu/documents/api/documents/2829
2025-07-01 21:45:41,516 - INFO - HTTP Request: GET https://www.leier.hu/hu/documents/api/documents/2829 "HTTP/1.1 200 OK"
2025-07-01 21:45:41,520 - INFO - Querying API for folder: https://www.leier.hu/hu/documents/api/documents/2819
2025-07-01 21:45:41,889 - INFO - HTTP Request: GET https://www.leier.hu/hu/documents/api/documents/2819 "HTTP/1.1 200 OK"
2025-07-01 21:45:41,891 - INFO - Querying API for folder: https://www.leier.hu/hu/documents/api/documents/2835
2025-07-01 21:45:42,257 - INFO - HTTP Request: GET https://www.leier.hu/hu/documents/api/documents/2835 "HTTP/1.1 200 OK"
2025-07-01 21:45:42,260 - INFO - Querying API for folder: https://www.leier.hu/hu/documents/api/documents/2837
2025-07-01 21:45:42,619 - INFO - HTTP Request: GET https://www.leier.hu/hu/documents/api/documents/2837 "HTTP/1.1 200 OK"
2025-07-01 21:45:42,622 - INFO - Querying API for folder: https://www.leier.hu/hu/documents/api/documents/2838
2025-07-01 21:45:42,981 - INFO - HTTP Request: GET https://www.leier.hu/hu/documents/api/documents/2838 "HTTP/1.1 200 OK"
2025-07-01 21:45:42,984 - INFO - Querying API for folder: https://www.leier.hu/hu/documents/api/documents/2836
2025-07-01 21:45:43,418 - INFO - HTTP Request: GET https://www.leier.hu/hu/documents/api/documents/2836 "HTTP/1.1 200 OK"
2025-07-01 21:45:43,423 - INFO - Querying API for folder: https://www.leier.hu/hu/documents/api/documents/2841
2025-07-01 21:45:43,891 - INFO - HTTP Request: GET https://www.leier.hu/hu/documents/api/documents/2841 "HTTP/1.1 200 OK"
2025-07-01 21:45:43,901 - INFO - Querying API for folder: https://www.leier.hu/hu/documents/api/documents/2842
2025-07-01 21:45:44,513 - INFO - HTTP Request: GET https://www.leier.hu/hu/documents/api/documents/2842 "HTTP/1.1 200 OK"
2025-07-01 21:45:44,522 - INFO - Querying API for folder: https://www.leier.hu/hu/documents/api/documents/2820
2025-07-01 21:45:45,099 - INFO - HTTP Request: GET https://www.leier.hu/hu/documents/api/documents/2820 "HTTP/1.1 200 OK"
2025-07-01 21:45:45,102 - INFO - Querying API for folder: https://www.leier.hu/hu/documents/api/documents/2850
2025-07-01 21:45:45,506 - INFO - HTTP Request: GET https://www.leier.hu/hu/documents/api/documents/2850 "HTTP/1.1 200 OK"
2025-07-01 21:45:45,513 - INFO - Querying API for folder: https://www.leier.hu/hu/documents/api/documents/2852
2025-07-01 21:45:46,049 - INFO - HTTP Request: GET https://www.leier.hu/hu/documents/api/documents/2852 "HTTP/1.1 200 OK"
2025-07-01 21:45:46,053 - INFO - Querying API for folder: https://www.leier.hu/hu/documents/api/documents/2853
2025-07-01 21:45:46,462 - INFO - HTTP Request: GET https://www.leier.hu/hu/documents/api/documents/2853 "HTTP/1.1 200 OK"
2025-07-01 21:45:46,464 - INFO - Querying API for folder: https://www.leier.hu/hu/documents/api/documents/2851
2025-07-01 21:45:46,901 - INFO - HTTP Request: GET https://www.leier.hu/hu/documents/api/documents/2851 "HTTP/1.1 200 OK"
2025-07-01 21:45:46,904 - INFO - Querying API for folder: https://www.leier.hu/hu/documents/api/documents/2856
2025-07-01 21:45:47,309 - INFO - HTTP Request: GET https://www.leier.hu/hu/documents/api/documents/2856 "HTTP/1.1 200 OK"
2025-07-01 21:45:47,312 - INFO - Querying API for folder: https://www.leier.hu/hu/documents/api/documents/2857
2025-07-01 21:45:47,836 - INFO - HTTP Request: GET https://www.leier.hu/hu/documents/api/documents/2857 "HTTP/1.1 200 OK"
2025-07-01 21:45:47,838 - INFO - Querying API for folder: https://www.leier.hu/hu/documents/api/documents/2821
2025-07-01 21:45:48,357 - INFO - HTTP Request: GET https://www.leier.hu/hu/documents/api/documents/2821 "HTTP/1.1 200 OK"
2025-07-01 21:45:48,360 - INFO - Querying API for folder: https://www.leier.hu/hu/documents/api/documents/2860
2025-07-01 21:45:48,858 - INFO - HTTP Request: GET https://www.leier.hu/hu/documents/api/documents/2860 "HTTP/1.1 200 OK"
2025-07-01 21:45:48,862 - INFO - Querying API for folder: https://www.leier.hu/hu/documents/api/documents/2862
2025-07-01 21:45:49,216 - INFO - HTTP Request: GET https://www.leier.hu/hu/documents/api/documents/2862 "HTTP/1.1 200 OK"
2025-07-01 21:45:49,217 - INFO - Querying API for folder: https://www.leier.hu/hu/documents/api/documents/2863
2025-07-01 21:45:49,591 - INFO - HTTP Request: GET https://www.leier.hu/hu/documents/api/documents/2863 "HTTP/1.1 200 OK"
2025-07-01 21:45:49,594 - INFO - Querying API for folder: https://www.leier.hu/hu/documents/api/documents/2861
2025-07-01 21:45:50,003 - INFO - HTTP Request: GET https://www.leier.hu/hu/documents/api/documents/2861 "HTTP/1.1 200 OK"
2025-07-01 21:45:50,010 - INFO - Querying API for folder: https://www.leier.hu/hu/documents/api/documents/2866
2025-07-01 21:45:50,443 - INFO - HTTP Request: GET https://www.leier.hu/hu/documents/api/documents/2866 "HTTP/1.1 200 OK"
2025-07-01 21:45:50,447 - INFO - Querying API for folder: https://www.leier.hu/hu/documents/api/documents/2867
2025-07-01 21:45:50,875 - INFO - HTTP Request: GET https://www.leier.hu/hu/documents/api/documents/2867 "HTTP/1.1 200 OK"
2025-07-01 21:45:50,877 - INFO - Querying API for folder: https://www.leier.hu/hu/documents/api/documents/1876
2025-07-01 21:45:51,257 - INFO - HTTP Request: GET https://www.leier.hu/hu/documents/api/documents/1876 "HTTP/1.1 200 OK"
2025-07-01 21:45:51,259 - INFO - Querying API for folder: https://www.leier.hu/hu/documents/api/documents/1830
2025-07-01 21:45:51,841 - INFO - HTTP Request: GET https://www.leier.hu/hu/documents/api/documents/1830 "HTTP/1.1 200 OK"
2025-07-01 21:45:51,848 - INFO - Querying API for folder: https://www.leier.hu/hu/documents/api/documents/1852
2025-07-01 21:45:52,249 - INFO - HTTP Request: GET https://www.leier.hu/hu/documents/api/documents/1852 "HTTP/1.1 200 OK"
2025-07-01 21:45:52,252 - INFO - Querying API for folder: https://www.leier.hu/hu/documents/api/documents/3617
2025-07-01 21:45:52,644 - INFO - HTTP Request: GET https://www.leier.hu/hu/documents/api/documents/3617 "HTTP/1.1 200 OK"
2025-07-01 21:45:52,646 - INFO - Querying API for folder: https://www.leier.hu/hu/documents/api/documents/3688
2025-07-01 21:45:53,040 - INFO - HTTP Request: GET https://www.leier.hu/hu/documents/api/documents/3688 "HTTP/1.1 200 OK"
2025-07-01 21:45:53,044 - INFO - Querying API for folder: https://www.leier.hu/hu/documents/api/documents/3622
2025-07-01 21:45:53,462 - INFO - HTTP Request: GET https://www.leier.hu/hu/documents/api/documents/3622 "HTTP/1.1 200 OK"
2025-07-01 21:45:53,468 - INFO - Querying API for folder: https://www.leier.hu/hu/documents/api/documents/3956
2025-07-01 21:45:53,915 - INFO - HTTP Request: GET https://www.leier.hu/hu/documents/api/documents/3956 "HTTP/1.1 200 OK"
2025-07-01 21:45:53,918 - INFO - Querying API for folder: https://www.leier.hu/hu/documents/api/documents/3793
2025-07-01 21:45:54,319 - INFO - HTTP Request: GET https://www.leier.hu/hu/documents/api/documents/3793 "HTTP/1.1 200 OK"
2025-07-01 21:45:54,321 - INFO - Querying API for folder: https://www.leier.hu/hu/documents/api/documents/3989
2025-07-01 21:45:54,679 - INFO - HTTP Request: GET https://www.leier.hu/hu/documents/api/documents/3989 "HTTP/1.1 200 OK"
2025-07-01 21:45:54,681 - INFO - Querying API for folder: https://www.leier.hu/hu/documents/api/documents/3683
2025-07-01 21:45:55,056 - INFO - HTTP Request: GET https://www.leier.hu/hu/documents/api/documents/3683 "HTTP/1.1 200 OK"
2025-07-01 21:45:55,058 - INFO - Discovery complete. Found 1588 total documents.
2025-07-01 21:45:55,059 - INFO - --- Downloading 1588 documents ---
2025-07-01 21:45:58,530 - INFO - HTTP Request: GET https://www.leier.hu/hu/dokumentumtar/2096 "HTTP/1.1 200 OK"
2025-07-01 21:45:58,536 - INFO - HTTP Request: GET https://www.leier.hu/hu/dokumentumtar/3399 "HTTP/1.1 200 OK"
2025-07-01 21:45:58,542 - INFO - HTTP Request: GET https://www.leier.hu/hu/dokumentumtar/2570 "HTTP/1.1 200 OK"
2025-07-01 21:45:58,546 - INFO - HTTP Request: GET https://www.leier.hu/hu/dokumentumtar/3242 "HTTP/1.1 200 OK"
2025-07-01 21:45:58,549 - INFO - ✅ Downloaded: C:\Users\Admin\.cursor\Lambda\src\backend\src\downloads\leier_datasheets\hu\Teljesítménynyilatkozatok\Kéményrendszerek\Teljesítménynyilatkozat_MULTIKERAM_LAS_P1_kéményrendszer_LE_KL13063-MULTIKERAM_LAS_P1-02.pdf
2025-07-01 21:45:58,815 - INFO - HTTP Request: GET https://www.leier.hu/hu/dokumentumtar/2642 "HTTP/1.1 200 OK"
2025-07-01 21:45:58,817 - INFO - HTTP Request: GET https://www.leier.hu/hu/dokumentumtar/3101 "HTTP/1.1 200 OK"
2025-07-01 21:45:58,819 - INFO - HTTP Request: GET https://www.leier.hu/hu/dokumentumtar/2973 "HTTP/1.1 200 OK"
2025-07-01 21:45:58,820 - INFO - HTTP Request: GET https://www.leier.hu/hu/dokumentumtar/3869 "HTTP/1.1 200 OK"
2025-07-01 21:45:58,821 - INFO - HTTP Request: GET https://www.leier.hu/hu/dokumentumtar/2740 "HTTP/1.1 200 OK"
2025-07-01 21:45:58,822 - INFO - HTTP Request: GET https://www.leier.hu/hu/dokumentumtar/1887 "HTTP/1.1 200 OK"
2025-07-01 21:45:58,837 - INFO - ✅ Downloaded: C:\Users\Admin\.cursor\Lambda\src\backend\src\downloads\leier_datasheets\hu\Részletrajzok\Csomópontok\Kéregfal_részletrajzok\asc\leier-e03a-falcsatl-szig.pdf
2025-07-01 21:45:58,837 - INFO - ✅ Downloaded: C:\Users\Admin\.cursor\Lambda\src\backend\src\downloads\leier_datasheets\hu\Részletrajzok\Csomópontok\Födém_részletrajzok\dwg\m05a-mesterf-terasz1.pdf
2025-07-01 21:45:59,368 - INFO - ✅ Downloaded: C:\Users\Admin\.cursor\Lambda\src\backend\src\downloads\leier_datasheets\hu\Részletrajzok\Csomópontok\Kéregelemes_födém_részletrajzok\pdf\p031-kpanel-belsokoszo_pdf.pdf
2025-07-01 21:45:59,368 - INFO - ✅ Downloaded: C:\Users\Admin\.cursor\Lambda\src\backend\src\downloads\leier_datasheets\hu\Részletrajzok\Elemrajzok__DWG__PDF_\Környezettechnika\Olajelválasztók_DWG\LOL_SUPER_40_max_P_melle_klet.pdf
2025-07-01 21:45:59,902 - INFO - ✅ Downloaded: C:\Users\Admin\.cursor\Lambda\src\backend\src\downloads\leier_datasheets\hu\Részletrajzok\Elemrajzok__DWG__PDF_\Mélyépítés\Tisztítóakna_elemek\Aknagyűrűk\AGY_100_L_-_Aknagyűrű_-_vízszintes_metszet.pdf
2025-07-01 21:46:00,175 - INFO - ✅ Downloaded: C:\Users\Admin\.cursor\Lambda\src\backend\src\downloads\leier_datasheets\hu\Részletrajzok\Elemrajzok__DWG__PDF_\Mélyépítés\Előfej_támfalelemek\LEF_60_1_1_5_előfej.pdf
2025-07-01 21:46:00,641 - INFO - ✅ Downloaded: C:\Users\Admin\.cursor\Lambda\src\backend\src\downloads\leier_datasheets\hu\Részletrajzok\Elemrajzok__DWG__PDF_\Mélyépítés\Átemelőakna_elemek\AFE_200_215_LG_-_Átemelő_fenékelem_gumigyűrűs.pdf
2025-07-01 21:46:01,470 - INFO - HTTP Request: GET https://www.leier.hu/hu/dokumentumtar/2439 "HTTP/1.1 200 OK"
2025-07-01 21:46:01,492 - INFO - ✅ Downloaded: C:\Users\Admin\.cursor\Lambda\src\backend\src\downloads\leier_datasheets\hu\Prospektusok\Leier_Durisol_-_A_környezettudatos_építésért.pdf
2025-07-01 21:46:02,171 - INFO - HTTP Request: GET https://www.leier.hu/hu/dokumentumtar/2780 "HTTP/1.1 200 OK"
2025-07-01 21:46:02,175 - INFO - HTTP Request: GET https://www.leier.hu/hu/dokumentumtar/2426 "HTTP/1.1 200 OK"
2025-07-01 21:46:02,191 - INFO - ✅ Downloaded: C:\Users\Admin\.cursor\Lambda\src\backend\src\downloads\leier_datasheets\hu\Részletrajzok\Csomópontok\Előregyártott_lépcső_részletrajzok\dwg\p10-egy-lepcso2.pdf
2025-07-01 21:46:02,916 - INFO - ✅ Downloaded: C:\Users\Admin\.cursor\Lambda\src\backend\src\downloads\leier_datasheets\hu\Részletrajzok\Csomópontok\Fal_részletrajzok\dxf\Leier_f07-belsofofal-alapoz1.pdf
2025-07-01 21:46:03,673 - INFO - ✅ Downloaded: C:\Users\Admin\.cursor\Lambda\src\backend\src\downloads\leier_datasheets\at\Prospekte\Leier_Dachsteine.pdf
2025-07-01 21:46:03,674 - INFO - ✅ Downloaded: C:\Users\Admin\.cursor\Lambda\src\backend\src\downloads\leier_datasheets\hu\Részletrajzok\Csomópontok\Leier_Durisol_zajárnyékoló_falak\DWG\DSi_25_13_-_W_típusrajz.pdf
2025-07-01 21:46:03,677 - INFO - HTTP Request: GET https://www.leier.hu/hu/dokumentumtar/3439 "HTTP/1.1 200 OK"
2025-07-01 21:46:03,680 - INFO - HTTP Request: GET https://www.leier.hu/hu/dokumentumtar/3220 "HTTP/1.1 200 OK"
2025-07-01 21:46:03,683 - INFO - HTTP Request: GET https://www.leier.hu/hu/dokumentumtar/2481 "HTTP/1.1 200 OK"
2025-07-01 21:46:03,685 - INFO - HTTP Request: GET https://www.leier.hu/hu/dokumentumtar/3520 "HTTP/1.1 200 OK"
2025-07-01 21:46:05,077 - INFO - ✅ Downloaded: C:\Users\Admin\.cursor\Lambda\src\backend\src\downloads\leier_datasheets\hu\Részletrajzok\Elemrajzok__DWG__PDF_\Környezettechnika\Olajelválasztók_DWG\LOL_SUPER_8_max_KF_melle_klet.pdf
2025-07-01 21:46:05,079 - INFO - ✅ Downloaded: C:\Users\Admin\.cursor\Lambda\src\backend\src\downloads\leier_datasheets\hu\Részletrajzok\Csomópontok\Tető_részletrajzok\dwg\t02-gerinc.pdf
2025-07-01 21:46:06,562 - INFO - ✅ Downloaded: C:\Users\Admin\.cursor\Lambda\src\backend\src\downloads\leier_datasheets\hu\Részletrajzok\Elemrajzok__DWG__PDF_\Környezettechnika\Olajelválasztók_PDF\LOL_SUPER_25_max_NF_melleklet_PDF.pdf
2025-07-01 21:46:06,566 - INFO - HTTP Request: GET https://www.leier.hu/hu/dokumentumtar/2315 "HTTP/1.1 200 OK"
2025-07-01 21:46:07,289 - INFO - ✅ Downloaded: C:\Users\Admin\.cursor\Lambda\src\backend\src\downloads\leier_datasheets\hu\Részletrajzok\Elemrajzok__DWG__PDF_\Mélyépítés\Tisztítóakna_elemek\Aknagyűrűk\AGY_80_-_25_L_-_Aknagyűrű_-_függőleges_metszet.pdf
2025-07-01 21:46:08,036 - INFO - HTTP Request: GET https://www.leier.hu/hu/dokumentumtar/3306 "HTTP/1.1 200 OK"
2025-07-01 21:46:08,062 - INFO - ✅ Downloaded: C:\Users\Admin\.cursor\Lambda\src\backend\src\downloads\leier_datasheets\hu\Termékadatlapok\Kertépítés__díszburkolat\Falazóelemek__kerítéskövek__fedlapok\ANTIK_kerítéskő_termékadatlap.pdf
2025-07-01 21:46:09,167 - INFO - HTTP Request: GET https://www.leier.hu/hu/dokumentumtar/3579 "HTTP/1.1 200 OK"
2025-07-01 21:46:09,182 - INFO - HTTP Request: GET https://www.leier.hu/hu/dokumentumtar/2767 "HTTP/1.1 200 OK"
2025-07-01 21:46:09,185 - INFO - HTTP Request: GET https://www.leier.hu/hu/dokumentumtar/2501 "HTTP/1.1 200 OK"
2025-07-01 21:46:09,187 - INFO - HTTP Request: GET https://www.leier.hu/hu/dokumentumtar/2917 "HTTP/1.1 200 OK"
2025-07-01 21:46:09,195 - INFO - ✅ Downloaded: C:\Users\Admin\.cursor\Lambda\src\backend\src\downloads\leier_datasheets\hu\Részletrajzok\Elemrajzok__DWG__PDF_\Mélyépítés\Vízelnyelőakna_elemek\V_AGY_50_10.pdf
2025-07-01 21:46:10,265 - INFO - HTTP Request: GET https://www.leier.hu/hu/dokumentumtar/2918 "HTTP/1.1 200 OK"
2025-07-01 21:46:10,269 - INFO - HTTP Request: GET https://www.leier.hu/hu/dokumentumtar/2776 "HTTP/1.1 200 OK"
2025-07-01 21:46:10,277 - INFO - ✅ Downloaded: C:\Users\Admin\.cursor\Lambda\src\backend\src\downloads\leier_datasheets\hu\Részletrajzok\Csomópontok\Kéregelemes_födém_részletrajzok\dxf\leier-p06-kpanel-lepcso.pdf
2025-07-01 21:46:11,039 - INFO - ✅ Downloaded: C:\Users\Admin\.cursor\Lambda\src\backend\src\downloads\leier_datasheets\hu\Részletrajzok\Csomópontok\Tető_részletrajzok\asc\leier-t072-tetoablak-vizsz.pdf
2025-07-01 21:46:11,783 - INFO - HTTP Request: GET https://www.leier.hu/hu/dokumentumtar/2002 "HTTP/1.1 200 OK"
2025-07-01 21:46:11,795 - INFO - ✅ Downloaded: C:\Users\Admin\.cursor\Lambda\src\backend\src\downloads\leier_datasheets\hu\Részletrajzok\Csomópontok\Kéregelemes_födém_részletrajzok\dxf\leier-p01-kpanel-koszoru1.pdf
2025-07-01 21:46:12,526 - INFO - ✅ Downloaded: C:\Users\Admin\.cursor\Lambda\src\backend\src\downloads\leier_datasheets\hu\Részletrajzok\Elemrajzok__DWG__PDF_\Mélyépítés\Árokburkoló-_és_árokelemek\ÁBE_40_50_-_200_L_-_árokburkoló_elem_-_felülnézet.pdf
2025-07-01 21:46:12,530 - INFO - ✅ Downloaded: C:\Users\Admin\.cursor\Lambda\src\backend\src\downloads\leier_datasheets\hu\Részletrajzok\Elemrajzok__DWG__PDF_\Durisol_zajárnyékolás\Durisol_panel_396_450_egyedi_-_Elölnézet.pdf
2025-07-01 21:46:13,657 - INFO - HTTP Request: GET https://www.leier.hu/hu/dokumentumtar/3151 "HTTP/1.1 200 OK"
2025-07-01 21:46:13,661 - INFO - HTTP Request: GET https://www.leier.hu/hu/dokumentumtar/2733 "HTTP/1.1 200 OK"
2025-07-01 21:46:13,663 - INFO - ✅ Downloaded: C:\Users\Admin\.cursor\Lambda\src\backend\src\downloads\leier_datasheets\hu\Részletrajzok\Elemrajzok__DWG__PDF_\Mélyépítés\Árokburkoló-_és_árokelemek\ÁBE_40_50_-_200L_-_árokburkoló_elem_-_elölnézet.pdf
2025-07-01 21:46:13,999 - INFO - HTTP Request: GET https://www.leier.hu/hu/dokumentumtar/3067 "HTTP/1.1 200 OK"
2025-07-01 21:46:14,000 - INFO - ✅ Downloaded: C:\Users\Admin\.cursor\Lambda\src\backend\src\downloads\leier_datasheets\hu\Teljesítménynyilatkozatok\Magasépítési_termékek\Tégla_termékek\Devecser_-_Teljesítménynyilatkozatok\Leiertherm\Teljesítménynyilatkozat_-_Leiertherm_30_Pro_LE_DE771-1-24-02.pdf
2025-07-01 21:46:14,317 - INFO - ✅ Downloaded: C:\Users\Admin\.cursor\Lambda\src\backend\src\downloads\leier_datasheets\hu\Részletrajzok\Elemrajzok__DWG__PDF_\Mélyépítés\Kábelcsatorna\KCS_va_lyu__teli_osztott.pdf
2025-07-01 21:46:14,613 - INFO - ✅ Downloaded: C:\Users\Admin\.cursor\Lambda\src\backend\src\downloads\leier_datasheets\hu\Részletrajzok\Csomópontok\Kéregelemes_födém_részletrajzok\pdf\p08-kpanel-erkely.pdf
2025-07-01 21:46:14,896 - INFO - HTTP Request: GET https://www.leier.hu/hu/dokumentumtar/3761 "HTTP/1.1 200 OK"
2025-07-01 21:46:14,900 - INFO - ✅ Downloaded: C:\Users\Admin\.cursor\Lambda\src\backend\src\downloads\leier_datasheets\hu\Részletrajzok\Elemrajzok__DWG__PDF_\Mélyépítés\Előfej_támfalelemek\TFE_100_-_Támfalelem_-_oldalnézet.pdf
2025-07-01 21:46:15,176 - INFO - HTTP Request: GET https://www.leier.hu/hu/dokumentumtar/3572 "HTTP/1.1 200 OK"
2025-07-01 21:46:15,178 - INFO - ✅ Downloaded: C:\Users\Admin\.cursor\Lambda\src\backend\src\downloads\leier_datasheets\hu\Termékadatlapok\Kertépítés__díszburkolat\Térkövek\Leier_Kaiserstein_BALNEUM_térkő_termékadatlap.pdf
2025-07-01 21:46:15,179 - INFO - HTTP Request: GET https://www.leier.hu/hu/dokumentumtar/3568 "HTTP/1.1 200 OK"
2025-07-01 21:46:15,450 - INFO - ✅ Downloaded: C:\Users\Admin\.cursor\Lambda\src\backend\src\downloads\leier_datasheets\hu\Részletrajzok\Elemrajzok__DWG__PDF_\Durisol_zajárnyékolás\Durisol_panel_496_100_egyedi_-_Elölnézet.pdf
2025-07-01 21:46:15,717 - INFO - HTTP Request: GET https://www.leier.hu/hu/dokumentumtar/2015 "HTTP/1.1 200 OK"
2025-07-01 21:46:15,718 - INFO - HTTP Request: GET https://www.leier.hu/hu/dokumentumtar/3153 "HTTP/1.1 200 OK"
2025-07-01 21:46:15,720 - INFO - HTTP Request: GET https://www.leier.hu/hu/dokumentumtar/3054 "HTTP/1.1 200 OK"
2025-07-01 21:46:15,721 - INFO - HTTP Request: GET https://www.leier.hu/hu/dokumentumtar/3320 "HTTP/1.1 200 OK"
2025-07-01 21:46:15,731 - INFO - ✅ Downloaded: C:\Users\Admin\.cursor\Lambda\src\backend\src\downloads\leier_datasheets\hu\Részletrajzok\Elemrajzok__DWG__PDF_\Durisol_zajárnyékolás\Durisol_panel_496_125_félkötés_-_Elölnézet.pdf
2025-07-01 21:46:15,992 - INFO - ✅ Downloaded: C:\Users\Admin\.cursor\Lambda\src\backend\src\downloads\leier_datasheets\hu\Részletrajzok\Elemrajzok__DWG__PDF_\Mélyépítés\Kábelcsatorna\KCS_va_lyu__ko_nnyi_tett_oldalkito_re_s.pdf
2025-07-01 21:46:15,993 - INFO - ✅ Downloaded: C:\Users\Admin\.cursor\Lambda\src\backend\src\downloads\leier_datasheets\hu\Teljesítménynyilatkozatok\Magasépítési_termékek\Tégla_termékek\Mátraderecske_-_CE-tanúsítványok\CE_-_Leiertherm_25_Objekt_-_MD.pdf
2025-07-01 21:46:16,515 - INFO - HTTP Request: GET https://www.leier.hu/hu/dokumentumtar/3107 "HTTP/1.1 200 OK"
2025-07-01 21:46:16,517 - INFO - HTTP Request: GET https://www.leier.hu/hu/dokumentumtar/3367 "HTTP/1.1 200 OK"
2025-07-01 21:46:16,522 - INFO - ✅ Downloaded: C:\Users\Admin\.cursor\Lambda\src\backend\src\downloads\leier_datasheets\hu\Részletrajzok\Elemrajzok__DWG__PDF_\Környezettechnika\Iszapfogók_DWG\LIF_160_200L_Iszapfogó_-_függőleges_metszet.pdf
2025-07-01 21:46:16,800 - INFO - ✅ Downloaded: C:\Users\Admin\.cursor\Lambda\src\backend\src\downloads\leier_datasheets\hu\Részletrajzok\Elemrajzok__DWG__PDF_\Mélyépítés\Előfej_támfalelemek\TFE_50_-_Támfalelem_hátulnézet.pdf
2025-07-01 21:46:17,078 - INFO - HTTP Request: GET https://www.leier.hu/hu/dokumentumtar/3484 "HTTP/1.1 200 OK"
2025-07-01 21:46:17,084 - INFO - ✅ Downloaded: C:\Users\Admin\.cursor\Lambda\src\backend\src\downloads\leier_datasheets\hu\Részletrajzok\Elemrajzok__DWG__PDF_\Környezettechnika\Olajelválasztók_DWG\LOL_SUPER_125_KF_melle_klet.pdf
2025-07-01 21:46:17,085 - INFO - HTTP Request: GET https://www.leier.hu/hu/dokumentumtar/3931 "HTTP/1.1 200 OK"
2025-07-01 21:46:17,355 - INFO - ✅ Downloaded: C:\Users\Admin\.cursor\Lambda\src\backend\src\downloads\leier_datasheets\hu\Részletrajzok\Elemrajzok__DWG__PDF_\Mélyépítés\Előfej_támfalelemek\LEF_30_1_1_tömbelőfej.pdf
2025-07-01 21:46:17,620 - INFO - HTTP Request: GET https://www.leier.hu/hu/dokumentumtar/3784 "HTTP/1.1 200 OK"
2025-07-01 21:46:17,622 - INFO - ✅ Downloaded: C:\Users\Admin\.cursor\Lambda\src\backend\src\downloads\leier_datasheets\hu\Részletrajzok\Elemrajzok__DWG__PDF_\Környezettechnika\Olajelválasztók_PDF\LOL_SUPER_80_max_KF_melleklet_PDF.pdf
2025-07-01 21:46:17,892 - INFO - ✅ Downloaded: C:\Users\Admin\.cursor\Lambda\src\backend\src\downloads\leier_datasheets\at\Aufbauanleitungen\Aufbauanleitung_Gartenbank_Set.pdf
2025-07-01 21:46:18,163 - INFO - HTTP Request: GET https://www.leier.hu/hu/dokumentumtar/4164 "HTTP/1.1 200 OK"
2025-07-01 21:46:18,164 - INFO - HTTP Request: GET https://www.leier.hu/hu/dokumentumtar/2420 "HTTP/1.1 200 OK"
2025-07-01 21:46:18,164 - INFO - HTTP Request: GET https://www.leier.hu/hu/dokumentumtar/2261 "HTTP/1.1 200 OK"
2025-07-01 21:46:18,171 - INFO - ✅ Downloaded: C:\Users\Admin\.cursor\Lambda\src\backend\src\downloads\leier_datasheets\hu\Részletrajzok\Csomópontok\Fal_részletrajzok\dxf\Leier_f10a-belso-uni-alapoz1.pdf
2025-07-01 21:46:18,470 - INFO - ✅ Downloaded: C:\Users\Admin\.cursor\Lambda\src\backend\src\downloads\leier_datasheets\hu\Éves_energetikai_szakreferensi_riportok\Éves_energetikai_szakreferensi_riport_2024_-_Leier_Monolit_Kft_.pdf
2025-07-01 21:46:18,849 - INFO - HTTP Request: GET https://www.leier.hu/hu/dokumentumtar/3611 "HTTP/1.1 200 OK"
2025-07-01 21:46:18,850 - INFO - HTTP Request: GET https://www.leier.hu/hu/dokumentumtar/3185 "HTTP/1.1 200 OK"
2025-07-01 21:46:18,851 - INFO - HTTP Request: GET https://www.leier.hu/hu/dokumentumtar/2947 "HTTP/1.1 200 OK"
2025-07-01 21:46:18,878 - INFO - ✅ Downloaded: C:\Users\Admin\.cursor\Lambda\src\backend\src\downloads\leier_datasheets\hu\Teljesítménynyilatkozatok\Magasépítési_termékek\Tégla_termékek\Petrovany_-_Teljesítménynyilatkozat\Teljesítménynyilatkozat__-_Petrovany_-_téglák.pdf
2025-07-01 21:46:19,300 - INFO - HTTP Request: GET https://www.leier.hu/hu/dokumentumtar/2832 "HTTP/1.1 200 OK"
2025-07-01 21:46:19,302 - INFO - HTTP Request: GET https://www.leier.hu/hu/dokumentumtar/2555 "HTTP/1.1 200 OK"
2025-07-01 21:46:19,307 - INFO - ✅ Downloaded: C:\Users\Admin\.cursor\Lambda\src\backend\src\downloads\leier_datasheets\hu\Részletrajzok\Elemrajzok__DWG__PDF_\Mélyépítés\Keretelemek\LKE_120_-_120_-_100_-_Keretelem_-_hosszmetszet.pdf
2025-07-01 21:46:19,308 - INFO - ✅ Downloaded: C:\Users\Admin\.cursor\Lambda\src\backend\src\downloads\leier_datasheets\hu\Részletrajzok\Elemrajzok__DWG__PDF_\Mélyépítés\Átemelőakna_elemek\AGY_200_200_LG_-_Átemelő_gyűrű_gumigyűrűs.pdf
2025-07-01 21:46:19,684 - INFO - ✅ Downloaded: C:\Users\Admin\.cursor\Lambda\src\backend\src\downloads\leier_datasheets\hu\Termékadatlapok\Liftakna_elem_-_Terméktájékoztató.pdf
2025-07-01 21:46:20,264 - INFO - HTTP Request: GET https://www.leier.hu/hu/dokumentumtar/3511 "HTTP/1.1 200 OK"
2025-07-01 21:46:20,293 - INFO - ✅ Downloaded: C:\Users\Admin\.cursor\Lambda\src\backend\src\downloads\leier_datasheets\hu\Szerelési_útmutatók\Előregyártott_Falak___Wandelemente\Teljesítménynyilatkozat___Leistungerklarung\DE\Wandelemente_Győr_Leistungserklärung.pdf
2025-07-01 21:46:20,576 - INFO - HTTP Request: GET https://www.leier.hu/hu/dokumentumtar/2418 "HTTP/1.1 200 OK"
2025-07-01 21:46:20,578 - INFO - HTTP Request: GET https://www.leier.hu/hu/dokumentumtar/4112 "HTTP/1.1 200 OK"
2025-07-01 21:46:20,580 - INFO - ✅ Downloaded: C:\Users\Admin\.cursor\Lambda\src\backend\src\downloads\leier_datasheets\hu\Részletrajzok\Csomópontok\Kémény_részletrajzok\asc\leier-k01-kemeny-alapozas.pdf
2025-07-01 21:46:20,885 - INFO - HTTP Request: GET https://www.leier.hu/hu/dokumentumtar/3223 "HTTP/1.1 200 OK"
2025-07-01 21:46:20,887 - INFO - ✅ Downloaded: C:\Users\Admin\.cursor\Lambda\src\backend\src\downloads\leier_datasheets\hu\Részletrajzok\Elemrajzok__DWG__PDF_\Környezettechnika\Olajelválasztók_PDF\LOL_SUPER_30_NF_melleklet_PDF.pdf
2025-07-01 21:46:21,236 - INFO - ✅ Downloaded: C:\Users\Admin\.cursor\Lambda\src\backend\src\downloads\leier_datasheets\hu\Termékadatlapok\Magasépítési_termékek\Tégla_termékek\Leiertherm_30_U_koszorúelem_adatlap_pdf.pdf
2025-07-01 21:46:21,498 - INFO - HTTP Request: GET https://www.leier.hu/hu/dokumentumtar/2597 "HTTP/1.1 200 OK"
2025-07-01 21:46:21,500 - INFO - HTTP Request: GET https://www.leier.hu/hu/dokumentumtar/3957 "HTTP/1.1 200 OK"
2025-07-01 21:46:21,501 - INFO - HTTP Request: GET https://www.leier.hu/hu/dokumentumtar/2810 "HTTP/1.1 200 OK"
2025-07-01 21:46:21,506 - INFO - ✅ Downloaded: C:\Users\Admin\.cursor\Lambda\src\backend\src\downloads\leier_datasheets\hu\Részletrajzok\Csomópontok\Fal_részletrajzok\asc\leier-f05-zsaluko-labazat.pdf
2025-07-01 21:46:21,794 - INFO - ✅ Downloaded: C:\Users\Admin\.cursor\Lambda\src\backend\src\downloads\leier_datasheets\hu\Részletrajzok\Elemrajzok__DWG__PDF_\Mélyépítés\Tisztítóakna_elemek\Aknagyűrűk\AGY_100_-_75_LG_H_-_Aknagyűrű_gumigyűrűs_hágcsóval_-_függőleges_metszet.pdf
2025-07-01 21:46:22,069 - INFO - ✅ Downloaded: C:\Users\Admin\.cursor\Lambda\src\backend\src\downloads\leier_datasheets\at\Verarbeitungsinfos\VÖB-FQP\VOEB_Fachgerechter_Umgang_mit_Schachtbauteilen_03-2015_pdf.pdf
2025-07-01 21:46:22,334 - INFO - HTTP Request: GET https://www.leier.hu/hu/dokumentumtar/2262 "HTTP/1.1 200 OK"
2025-07-01 21:46:22,335 - INFO - HTTP Request: GET https://www.leier.hu/hu/dokumentumtar/2454 "HTTP/1.1 200 OK"
2025-07-01 21:46:22,336 - INFO - ✅ Downloaded: C:\Users\Admin\.cursor\Lambda\src\backend\src\downloads\leier_datasheets\hu\Részletrajzok\Csomópontok\Födém_részletrajzok\asc\leier-m05a-mesterf-terasz1.pdf
2025-07-01 21:46:22,601 - INFO - ✅ Downloaded: C:\Users\Admin\.cursor\Lambda\src\backend\src\downloads\leier_datasheets\hu\Előregyártott_elemek_tervezési_segédlet\Tűzvédelmi_segédlet.pdf
2025-07-01 21:46:22,878 - INFO - HTTP Request: GET https://www.leier.hu/hu/dokumentumtar/2057 "HTTP/1.1 200 OK"
2025-07-01 21:46:22,879 - INFO - HTTP Request: GET https://www.leier.hu/hu/dokumentumtar/3033 "HTTP/1.1 200 OK"
2025-07-01 21:46:22,881 - INFO - ✅ Downloaded: C:\Users\Admin\.cursor\Lambda\src\backend\src\downloads\leier_datasheets\hu\Termékadatlapok\Kertépítés__díszburkolat\Térkövek\Leier_VERDE_gyeprács_termékadatlap.pdf
2025-07-01 21:46:23,142 - INFO - ✅ Downloaded: C:\Users\Admin\.cursor\Lambda\src\backend\src\downloads\leier_datasheets\hu\Részletrajzok\Csomópontok\Leier_Durisol_zajárnyékoló_falak\PDF\DSi_30_13_-_N_alap.pdf
2025-07-01 21:46:23,406 - INFO - HTTP Request: GET https://www.leier.hu/hu/dokumentumtar/2399 "HTTP/1.1 200 OK"
2025-07-01 21:46:23,420 - INFO - ✅ Downloaded: C:\Users\Admin\.cursor\Lambda\src\backend\src\downloads\leier_datasheets\hu\Teljesítménynyilatkozatok\Magasépítési_termékek\Födémrendszerek\Kéregfödém_-_Kiskunlacháza_-_Teljesítménynyilatkozat__LE_KL13747-03.pdf
2025-07-01 21:46:23,706 - INFO - HTTP Request: GET https://www.leier.hu/hu/dokumentumtar/3113 "HTTP/1.1 200 OK"
2025-07-01 21:46:23,707 - INFO - HTTP Request: GET https://www.leier.hu/hu/dokumentumtar/2667 "HTTP/1.1 200 OK"
2025-07-01 21:46:23,712 - INFO - ✅ Downloaded: C:\Users\Admin\.cursor\Lambda\src\backend\src\downloads\leier_datasheets\hu\Részletrajzok\Csomópontok\Fal_részletrajzok\pln\f02-vfal-t-csatlakozas.pdf
2025-07-01 21:46:23,712 - INFO - ✅ Downloaded: C:\Users\Admin\.cursor\Lambda\src\backend\src\downloads\leier_datasheets\hu\Részletrajzok\Elemrajzok__DWG__PDF_\Mélyépítés\Betontartályok\LBT_10_-_Betontartály_függőleges_metszet.pdf
2025-07-01 21:46:24,383 - INFO - HTTP Request: GET https://www.leier.hu/hu/dokumentumtar/3081 "HTTP/1.1 200 OK"
2025-07-01 21:46:24,388 - INFO - ✅ Downloaded: C:\Users\Admin\.cursor\Lambda\src\backend\src\downloads\leier_datasheets\hu\Részletrajzok\Csomópontok\Térburkolat_részletrajzok\pln\b07a-tereplepcso1.pdf
2025-07-01 21:46:24,669 - INFO - HTTP Request: GET https://www.leier.hu/hu/dokumentumtar/3555 "HTTP/1.1 200 OK"
2025-07-01 21:46:24,670 - INFO - HTTP Request: GET https://www.leier.hu/hu/dokumentumtar/2675 "HTTP/1.1 200 OK"
2025-07-01 21:46:24,671 - INFO - HTTP Request: GET https://www.leier.hu/hu/dokumentumtar/2516 "HTTP/1.1 200 OK"
2025-07-01 21:46:24,675 - INFO - ✅ Downloaded: C:\Users\Admin\.cursor\Lambda\src\backend\src\downloads\leier_datasheets\hu\Prospektusok\Toscana_szellőzőcserép_szórólap.pdf
2025-07-01 21:46:24,937 - INFO - ✅ Downloaded: C:\Users\Admin\.cursor\Lambda\src\backend\src\downloads\leier_datasheets\hu\Részletrajzok\Elemrajzok__DWG__PDF_\Mélyépítés\Kábelcsatorna\KCS_vályú_teli_osztott_hosszmetszet.pdf
2025-07-01 21:46:25,201 - INFO - HTTP Request: GET https://www.leier.hu/hu/dokumentumtar/3952 "HTTP/1.1 200 OK"
2025-07-01 21:46:25,204 - INFO - ✅ Downloaded: C:\Users\Admin\.cursor\Lambda\src\backend\src\downloads\leier_datasheets\hu\Részletrajzok\Elemrajzok__DWG__PDF_\Mélyépítés\Előfej_támfalelemek\LEF_50_-_Előfej_betoncsőhöz_-_hosszmetszet.pdf
2025-07-01 21:46:25,204 - INFO - ✅ Downloaded: C:\Users\Admin\.cursor\Lambda\src\backend\src\downloads\leier_datasheets\hu\Részletrajzok\Csomópontok\Térburkolat_részletrajzok\pln\b02-szegely2.pdf
2025-07-01 21:46:25,751 - INFO - ✅ Downloaded: C:\Users\Admin\.cursor\Lambda\src\backend\src\downloads\leier_datasheets\hu\Részletrajzok\Csomópontok\Tető_részletrajzok\pln\t071-tetoablak-fugg.pdf
2025-07-01 21:46:26,032 - INFO - HTTP Request: GET https://www.leier.hu/hu/dokumentumtar/2714 "HTTP/1.1 200 OK"
2025-07-01 21:46:26,034 - INFO - HTTP Request: GET https://www.leier.hu/hu/dokumentumtar/2659 "HTTP/1.1 200 OK"
2025-07-01 21:46:26,035 - INFO - ✅ Downloaded: C:\Users\Admin\.cursor\Lambda\src\backend\src\downloads\leier_datasheets\hu\Részletrajzok\Elemrajzok__DWG__PDF_\Környezettechnika\Olajelválasztók_PDF\LOL_SUPER_6_KF_melleklet_PDF.pdf
2025-07-01 21:46:26,298 - INFO - ✅ Downloaded: C:\Users\Admin\.cursor\Lambda\src\backend\src\downloads\leier_datasheets\at\Allgemeine_Hinweise\Allg__Hinweise_zu_Wartung___Pflege.pdf
2025-07-01 21:46:26,616 - INFO - HTTP Request: GET https://www.leier.hu/hu/dokumentumtar/3546 "HTTP/1.1 200 OK"
2025-07-01 21:46:26,634 - INFO - ✅ Downloaded: C:\Users\Admin\.cursor\Lambda\src\backend\src\downloads\leier_datasheets\hu\Részletrajzok\Csomópontok\Térburkolat_részletrajzok\pdf\b07a-tereplepcso1.pdf
2025-07-01 21:46:26,635 - INFO - ✅ Downloaded: C:\Users\Admin\.cursor\Lambda\src\backend\src\downloads\leier_datasheets\hu\Részletrajzok\Csomópontok\Mélyépítési_részletrajzok\asc\leier-c02-100-gumigyurus.pdf
2025-07-01 21:46:27,214 - INFO - HTTP Request: GET https://www.leier.hu/hu/dokumentumtar/2301 "HTTP/1.1 200 OK"
2025-07-01 21:46:27,217 - INFO - ✅ Downloaded: C:\Users\Admin\.cursor\Lambda\src\backend\src\downloads\leier_datasheets\hu\Részletrajzok\Elemrajzok__DWG__PDF_\Környezettechnika\Olajelválasztók_PDF\LOL_SUPER_8_max_P_melleklet_PDF.pdf
2025-07-01 21:46:27,475 - INFO - HTTP Request: GET https://www.leier.hu/hu/dokumentumtar/3892 "HTTP/1.1 200 OK"
2025-07-01 21:46:27,480 - INFO - HTTP Request: GET https://www.leier.hu/hu/dokumentumtar/2803 "HTTP/1.1 200 OK"
2025-07-01 21:46:27,481 - INFO - HTTP Request: GET https://www.leier.hu/hu/dokumentumtar/3168 "HTTP/1.1 200 OK"
2025-07-01 21:46:27,489 - INFO - ✅ Downloaded: C:\Users\Admin\.cursor\Lambda\src\backend\src\downloads\leier_datasheets\hu\Termékadatlapok\Kertépítés__díszburkolat\Szegélykövek\Folyóka_szegélykő_termékadatlap.pdf
2025-07-01 21:46:27,755 - INFO - HTTP Request: GET https://www.leier.hu/hu/dokumentumtar/1910 "HTTP/1.1 200 OK"
2025-07-01 21:46:27,756 - INFO - HTTP Request: GET https://www.leier.hu/hu/dokumentumtar/3279 "HTTP/1.1 200 OK"
2025-07-01 21:46:27,757 - INFO - HTTP Request: GET https://www.leier.hu/hu/dokumentumtar/1963 "HTTP/1.1 200 OK"
2025-07-01 21:46:27,762 - INFO - ✅ Downloaded: C:\Users\Admin\.cursor\Lambda\src\backend\src\downloads\leier_datasheets\hu\Termékadatlapok\Kertépítés__díszburkolat\Rézsűkövek__kiegészítők__virágtartók\Kiemelt_szegélykő_-_Termékadatlap.pdf
2025-07-01 21:46:28,043 - INFO - HTTP Request: GET https://www.leier.hu/hu/dokumentumtar/3471 "HTTP/1.1 200 OK"
2025-07-01 21:46:28,044 - INFO - HTTP Request: GET https://www.leier.hu/hu/dokumentumtar/2577 "HTTP/1.1 200 OK"
2025-07-01 21:46:28,047 - INFO - ✅ Downloaded: C:\Users\Admin\.cursor\Lambda\src\backend\src\downloads\leier_datasheets\hu\Részletrajzok\Elemrajzok__DWG__PDF_\Mélyépítés\Keretelemek\LKE_180_-_180_-_170_-_Keret_előfej_kezdőelem_-_hosszmetszet.pdf
2025-07-01 21:46:28,048 - INFO - ✅ Downloaded: C:\Users\Admin\.cursor\Lambda\src\backend\src\downloads\leier_datasheets\hu\Teljesítménynyilatkozatok\Magasépítési_termékek\Tégla_termékek\Devecser_-_CE-tanúsítványok\LeierPLAN\CE-_LeierPLAN_10_N_F_-_DE.pdf
2025-07-01 21:46:28,590 - INFO - HTTP Request: GET https://www.leier.hu/hu/dokumentumtar/2302 "HTTP/1.1 200 OK"
2025-07-01 21:46:28,594 - INFO - ✅ Downloaded: C:\Users\Admin\.cursor\Lambda\src\backend\src\downloads\leier_datasheets\hu\Részletrajzok\Elemrajzok__DWG__PDF_\Mélyépítés\Vasúti_peronelemek\Vasúti_peronelem_-_Előlnézet.pdf
2025-07-01 21:46:28,868 - INFO - ✅ Downloaded: C:\Users\Admin\.cursor\Lambda\src\backend\src\downloads\leier_datasheets\hu\Részletrajzok\Csomópontok\Födém_részletrajzok\pdf\m05b-mesterf-terasz2.pdf
2025-07-01 21:46:29,136 - INFO - HTTP Request: GET https://www.leier.hu/hu/dokumentumtar/3200 "HTTP/1.1 200 OK"
2025-07-01 21:46:29,142 - INFO - ✅ Downloaded: C:\Users\Admin\.cursor\Lambda\src\backend\src\downloads\leier_datasheets\hu\Részletrajzok\Elemrajzok__DWG__PDF_\Környezettechnika\Olajelválasztók_PDF\LOL_SUPER_125_max_KF_melleklet_PDF.pdf
2025-07-01 21:46:29,446 - INFO - ✅ Downloaded: C:\Users\Admin\.cursor\Lambda\src\backend\src\downloads\leier_datasheets\hu\LeierPress\Leier_Újság_2000.pdf
2025-07-01 21:46:29,716 - INFO - HTTP Request: GET https://www.leier.hu/hu/dokumentumtar/1977 "HTTP/1.1 200 OK"
2025-07-01 21:46:29,720 - INFO - ✅ Downloaded: C:\Users\Admin\.cursor\Lambda\src\backend\src\downloads\leier_datasheets\hu\Részletrajzok\Elemrajzok__DWG__PDF_\Mélyépítés\Tisztítóakna_elemek\Csatlakozó_elemek\KG_PVC_befalazo_k_gumigyűrűvel.pdf
2025-07-01 21:46:29,994 - INFO - ✅ Downloaded: C:\Users\Admin\.cursor\Lambda\src\backend\src\downloads\leier_datasheets\hu\Termékadatlapok\Kertépítés__díszburkolat\Rézsűkövek__kiegészítők__virágtartók\Süllyesztett_szegélykő_-_Termékadatlap.pdf
2025-07-01 21:46:29,995 - INFO - HTTP Request: GET https://www.leier.hu/hu/dokumentumtar/4045 "HTTP/1.1 200 OK"
2025-07-01 21:46:29,996 - INFO - HTTP Request: GET https://www.leier.hu/hu/dokumentumtar/4093 "HTTP/1.1 200 OK"
2025-07-01 21:46:30,265 - INFO - ✅ Downloaded: C:\Users\Admin\.cursor\Lambda\src\backend\src\downloads\leier_datasheets\hu\Teljesítménynyilatkozatok\Magasépítési_termékek\Tégla_termékek\Devecser_-_Teljesítménynyilatkozatok\LeierPLAN\Teljesítménynyilatkozat_-_LeierPLAN_10_N_F_LE_DE771-1-16-04.pdf
2025-07-01 21:46:30,537 - INFO - HTTP Request: GET https://www.leier.hu/hu/dokumentumtar/1961 "HTTP/1.1 200 OK"
2025-07-01 21:46:30,539 - INFO - HTTP Request: GET https://www.leier.hu/hu/dokumentumtar/2436 "HTTP/1.1 200 OK"
2025-07-01 21:46:30,543 - INFO - ✅ Downloaded: C:\Users\Admin\.cursor\Lambda\src\backend\src\downloads\leier_datasheets\hu\Termékadatlapok\Magasépítési_termékek\Tégla_termékek\Leier_pincefalazó_UNI_adatlap_pdf.pdf
2025-07-01 21:46:30,543 - INFO - ✅ Downloaded: C:\Users\Admin\.cursor\Lambda\src\backend\src\downloads\leier_datasheets\hu\Termékadatlapok\Tetőfedő_rendszerek\Leier_Toscana_tető_és_idomcserepek_-_Termékadatlap.pdf
2025-07-01 21:46:31,078 - INFO - HTTP Request: GET https://www.leier.hu/hu/dokumentumtar/3041 "HTTP/1.1 200 OK"
2025-07-01 21:46:31,079 - INFO - HTTP Request: GET https://www.leier.hu/hu/dokumentumtar/2249 "HTTP/1.1 200 OK"
2025-07-01 21:46:31,085 - INFO - ✅ Downloaded: C:\Users\Admin\.cursor\Lambda\src\backend\src\downloads\leier_datasheets\hu\Teljesítménynyilatkozatok\Magasépítési_termékek\Tégla_termékek\Devecser_-_CE-tanúsítványok\LeierPLAN\CE_-_LeierPLAN_44_Pro_-_DE.pdf
2025-07-01 21:46:31,351 - INFO - HTTP Request: GET https://www.leier.hu/hu/dokumentumtar/2388 "HTTP/1.1 200 OK"
2025-07-01 21:46:31,353 - INFO - ✅ Downloaded: C:\Users\Admin\.cursor\Lambda\src\backend\src\downloads\leier_datasheets\hu\Részletrajzok\Elemrajzok__DWG__PDF_\Mélyépítés\Betontartályok\LBT_2_akna_melle_klet.pdf
2025-07-01 21:46:31,640 - INFO - ✅ Downloaded: C:\Users\Admin\.cursor\Lambda\src\backend\src\downloads\leier_datasheets\hu\Részletrajzok\Csomópontok\Leier_Durisol_zajárnyékoló_falak\DWG\DSi_30_13_-_W_típusrajz.pdf
2025-07-01 21:46:31,968 - INFO - HTTP Request: GET https://www.leier.hu/hu/dokumentumtar/3052 "HTTP/1.1 200 OK"
2025-07-01 21:46:31,970 - INFO - HTTP Request: GET https://www.leier.hu/hu/dokumentumtar/3404 "HTTP/1.1 200 OK"
2025-07-01 21:46:31,980 - INFO - ✅ Downloaded: C:\Users\Admin\.cursor\Lambda\src\backend\src\downloads\leier_datasheets\hu\Részletrajzok\Csomópontok\Fal_részletrajzok\pln\f09c-zsaluko-alap-tv.pdf
2025-07-01 21:46:32,276 - INFO - ✅ Downloaded: C:\Users\Admin\.cursor\Lambda\src\backend\src\downloads\leier_datasheets\hu\Termékadatlapok\Kéményrendszerek\Turbo_kéményrendszer_-_Termékadatlap.pdf
2025-07-01 21:46:32,543 - INFO - HTTP Request: GET https://www.leier.hu/hu/dokumentumtar/2925 "HTTP/1.1 200 OK"
2025-07-01 21:46:32,544 - INFO - HTTP Request: GET https://www.leier.hu/hu/dokumentumtar/3474 "HTTP/1.1 200 OK"
2025-07-01 21:46:32,546 - INFO - ✅ Downloaded: C:\Users\Admin\.cursor\Lambda\src\backend\src\downloads\leier_datasheets\hu\Részletrajzok\Elemrajzok__DWG__PDF_\Környezettechnika\Olajelválasztók_DWG\LOL_SUPER_30_NF_melle_klet.pdf
2025-07-01 21:46:32,820 - INFO - HTTP Request: GET https://www.leier.hu/hu/dokumentumtar/3099 "HTTP/1.1 200 OK"
2025-07-01 21:46:32,821 - INFO - ✅ Downloaded: C:\Users\Admin\.cursor\Lambda\src\backend\src\downloads\leier_datasheets\hu\Részletrajzok\Elemrajzok__DWG__PDF_\Mélyépítés\Előfej_támfalelemek\TFE_50_-_Támfalelem_oldalnézet.pdf
2025-07-01 21:46:33,096 - INFO - ✅ Downloaded: C:\Users\Admin\.cursor\Lambda\src\backend\src\downloads\leier_datasheets\hu\Részletrajzok\Elemrajzok__DWG__PDF_\Környezettechnika\Olajelválasztók_PDF\LOL_SUPER_100_P_melleklet_PDF.pdf
2025-07-01 21:46:33,359 - INFO - ✅ Downloaded: C:\Users\Admin\.cursor\Lambda\src\backend\src\downloads\leier_datasheets\hu\Részletrajzok\Elemrajzok__DWG__PDF_\Mélyépítés\Árokburkoló-_és_árokelemek\ÁBE_30_40_-_200L_-_árokburkoló_elem_-_alulnézet.pdf
2025-07-01 21:46:33,639 - INFO - HTTP Request: GET https://www.leier.hu/hu/dokumentumtar/3136 "HTTP/1.1 200 OK"
2025-07-01 21:46:33,640 - INFO - HTTP Request: GET https://www.leier.hu/hu/dokumentumtar/2099 "HTTP/1.1 200 OK"
2025-07-01 21:46:33,646 - INFO - ✅ Downloaded: C:\Users\Admin\.cursor\Lambda\src\backend\src\downloads\leier_datasheets\hu\Részletrajzok\Elemrajzok__DWG__PDF_\Mélyépítés\Előfej_támfalelemek\LEF_100_1_1_5_előfej.pdf
2025-07-01 21:46:33,910 - INFO - HTTP Request: GET https://www.leier.hu/hu/dokumentumtar/3895 "HTTP/1.1 200 OK"
2025-07-01 21:46:33,912 - INFO - HTTP Request: GET https://www.leier.hu/hu/dokumentumtar/2907 "HTTP/1.1 200 OK"
2025-07-01 21:46:33,915 - INFO - ✅ Downloaded: C:\Users\Admin\.cursor\Lambda\src\backend\src\downloads\leier_datasheets\hu\Teljesítménynyilatkozatok\Kéményrendszerek\Teljesítménynyilatkozat_LT_kéményrendszer_LE_KL13063-LT-02.pdf
2025-07-01 21:46:34,181 - INFO - HTTP Request: GET https://www.leier.hu/hu/dokumentumtar/3569 "HTTP/1.1 200 OK"
2025-07-01 21:46:34,182 - INFO - HTTP Request: GET https://www.leier.hu/hu/dokumentumtar/2308 "HTTP/1.1 200 OK"
2025-07-01 21:46:34,182 - INFO - ✅ Downloaded: C:\Users\Admin\.cursor\Lambda\src\backend\src\downloads\leier_datasheets\hu\Részletrajzok\Elemrajzok__DWG__PDF_\Mélyépítés\Kábelcsatorna\KCS_fedlap_irt_bal_felül.pdf
2025-07-01 21:46:34,460 - INFO - ✅ Downloaded: C:\Users\Admin\.cursor\Lambda\src\backend\src\downloads\leier_datasheets\hu\Alkalmazástechnikák__Beépítési_útmutatók\Előregyártott_betonelemek_tervezési_segédlet_-_részletrajzok.pdf
2025-07-01 21:46:34,743 - INFO - ✅ Downloaded: C:\Users\Admin\.cursor\Lambda\src\backend\src\downloads\leier_datasheets\hu\Termékadatlapok\Kertépítés__díszburkolat\Szegélykövek\Lunetta_szegélykő_-_Termékadatlap.pdf
2025-07-01 21:46:35,037 - INFO - HTTP Request: GET https://www.leier.hu/hu/dokumentumtar/3143 "HTTP/1.1 200 OK"
2025-07-01 21:46:35,038 - INFO - HTTP Request: GET https://www.leier.hu/hu/dokumentumtar/2761 "HTTP/1.1 200 OK"
2025-07-01 21:46:35,040 - INFO - ✅ Downloaded: C:\Users\Admin\.cursor\Lambda\src\backend\src\downloads\leier_datasheets\hu\Részletrajzok\Elemrajzok__DWG__PDF_\Mélyépítés\Árokburkoló-_és_árokelemek\ÁBE_F_30_40_-_100_-_fedlap_-_keresztmetszet.pdf
2025-07-01 21:46:35,315 - INFO - ✅ Downloaded: C:\Users\Admin\.cursor\Lambda\src\backend\src\downloads\leier_datasheets\hu\Termékadatlapok\Kertépítés__díszburkolat\Falazóelemek__kerítéskövek__fedlapok\KAISERSTEIN_térkő_és_falazó_termékadatlap.pdf
2025-07-01 21:46:35,577 - INFO - HTTP Request: GET https://www.leier.hu/hu/dokumentumtar/2459 "HTTP/1.1 200 OK"
2025-07-01 21:46:35,578 - INFO - ✅ Downloaded: C:\Users\Admin\.cursor\Lambda\src\backend\src\downloads\leier_datasheets\hu\Részletrajzok\Elemrajzok__DWG__PDF_\Durisol_zajárnyékolás\Durisol_panel_496_125_egyedi_-_Elölnézet.pdf
2025-07-01 21:46:35,854 - INFO - ✅ Downloaded: C:\Users\Admin\.cursor\Lambda\src\backend\src\downloads\leier_datasheets\hu\Részletrajzok\Csomópontok\Kéregelemes_födém_részletrajzok\asc\leier-p032-kpanel-belsokoszo.pdf
2025-07-01 21:46:36,144 - INFO - HTTP Request: GET https://www.leier.hu/hu/dokumentumtar/2268 "HTTP/1.1 200 OK"
2025-07-01 21:46:36,145 - INFO - ✅ Downloaded: C:\Users\Admin\.cursor\Lambda\src\backend\src\downloads\leier_datasheets\hu\Részletrajzok\Csomópontok\Leier_Durisol_Magasépítő_falazórendszer\Koszorú_és_áthidaló_kialakítása_DSs_37_5-12.pdf
2025-07-01 21:46:36,145 - INFO - ✅ Downloaded: C:\Users\Admin\.cursor\Lambda\src\backend\src\downloads\leier_datasheets\hu\Részletrajzok\Elemrajzok__DWG__PDF_\Mélyépítés\Kábelcsatorna\KCS_elválasztó_ív_nagy_elöl.pdf
2025-07-01 21:46:36,146 - INFO - HTTP Request: GET https://www.leier.hu/hu/dokumentumtar/2604 "HTTP/1.1 200 OK"
2025-07-01 21:46:36,671 - INFO - ✅ Downloaded: C:\Users\Admin\.cursor\Lambda\src\backend\src\downloads\leier_datasheets\hu\Részletrajzok\Csomópontok\Födém_részletrajzok\dxf\leier-m05b-mesterf-terasz2.pdf
2025-07-01 21:46:36,933 - INFO - ✅ Downloaded: C:\Users\Admin\.cursor\Lambda\src\backend\src\downloads\leier_datasheets\hu\Termékadatlapok\Kertépítés__díszburkolat\Térkövek\Leier_Kaiserstein_DOM_térkő_termékadatlap.pdf
2025-07-01 21:46:37,209 - INFO - HTTP Request: GET https://www.leier.hu/hu/dokumentumtar/2091 "HTTP/1.1 200 OK"
2025-07-01 21:46:37,210 - INFO - HTTP Request: GET https://www.leier.hu/hu/dokumentumtar/3870 "HTTP/1.1 200 OK"
2025-07-01 21:46:37,211 - INFO - HTTP Request: GET https://www.leier.hu/hu/dokumentumtar/3092 "HTTP/1.1 200 OK"
2025-07-01 21:46:37,217 - INFO - ✅ Downloaded: C:\Users\Admin\.cursor\Lambda\src\backend\src\downloads\leier_datasheets\at\Preislisten\Preisliste_Hochbau-Zustellgebiet_Nord_2024.pdf
2025-07-01 21:46:37,487 - INFO - HTTP Request: GET https://www.leier.hu/hu/dokumentumtar/3889 "HTTP/1.1 200 OK"
2025-07-01 21:46:37,489 - INFO - HTTP Request: GET https://www.leier.hu/hu/dokumentumtar/2950 "HTTP/1.1 200 OK"
2025-07-01 21:46:37,491 - INFO - ✅ Downloaded: C:\Users\Admin\.cursor\Lambda\src\backend\src\downloads\leier_datasheets\hu\Teljesítménynyilatkozatok\Magasépítési_termékek\Beton_falazóelemek\Zsaluzóelem_-_Kiskunlacháza_-_Teljesítménynyilatkozat_LE_KL15435-01.pdf
2025-07-01 21:46:37,760 - INFO - ✅ Downloaded: C:\Users\Admin\.cursor\Lambda\src\backend\src\downloads\leier_datasheets\hu\Részletrajzok\Elemrajzok__DWG__PDF_\Mélyépítés\Előfej_támfalelemek\LEF_30_-_Tömbelőfej_betoncsőhöz_-_elölnézet.pdf
2025-07-01 21:46:38,037 - INFO - HTTP Request: GET https://www.leier.hu/hu/dokumentumtar/3004 "HTTP/1.1 200 OK"
2025-07-01 21:46:38,039 - INFO - HTTP Request: GET https://www.leier.hu/hu/dokumentumtar/3254 "HTTP/1.1 200 OK"
2025-07-01 21:46:38,045 - INFO - ✅ Downloaded: C:\Users\Admin\.cursor\Lambda\src\backend\src\downloads\leier_datasheets\hu\Termékadatlapok\Kertépítés__díszburkolat\Szegélykövek\Leier_kiemelet_szegélykő_termékadatlap.pdf
2025-07-01 21:46:38,045 - INFO - ✅ Downloaded: C:\Users\Admin\.cursor\Lambda\src\backend\src\downloads\leier_datasheets\hu\Részletrajzok\Elemrajzok__DWG__PDF_\Mélyépítés\Átemelőakna_elemek\AGY_200_150_LG_V-_Átemelő_gyűrű_gumigyűrűs_végelem.pdf
2025-07-01 21:46:38,597 - INFO - HTTP Request: GET https://www.leier.hu/hu/dokumentumtar/2506 "HTTP/1.1 200 OK"
2025-07-01 21:46:38,598 - INFO - HTTP Request: GET https://www.leier.hu/hu/dokumentumtar/3650 "HTTP/1.1 200 OK"
2025-07-01 21:46:38,599 - INFO - HTTP Request: GET https://www.leier.hu/hu/dokumentumtar/3262 "HTTP/1.1 200 OK"
2025-07-01 21:46:38,606 - INFO - ✅ Downloaded: C:\Users\Admin\.cursor\Lambda\src\backend\src\downloads\leier_datasheets\hu\Részletrajzok\Elemrajzok__DWG__PDF_\Mélyépítés\Tisztítóakna_elemek\Akna_fenékelemek\AFE_100_-_75_LG_KN_-_Akna_fenékelem_gumigyűrűs_künet_nélkül_-_függőleges_metszet.pdf
2025-07-01 21:46:38,876 - INFO - ✅ Downloaded: C:\Users\Admin\.cursor\Lambda\src\backend\src\downloads\leier_datasheets\hu\Részletrajzok\Elemrajzok__DWG__PDF_\Mélyépítés\Betoncsövek\TO_30_200L_-_Tokos_betoncső_tokosmetszet.pdf
2025-07-01 21:46:39,153 - INFO - HTTP Request: GET https://www.leier.hu/hu/dokumentumtar/2362 "HTTP/1.1 200 OK"
2025-07-01 21:46:39,155 - INFO - ✅ Downloaded: C:\Users\Admin\.cursor\Lambda\src\backend\src\downloads\leier_datasheets\hu\Részletrajzok\Csomópontok\Tető_részletrajzok\asc\leier-t03-felnyereg-falcs.pdf
2025-07-01 21:46:39,433 - INFO - HTTP Request: GET https://www.leier.hu/hu/dokumentumtar/1918 "HTTP/1.1 200 OK"
2025-07-01 21:46:39,437 - INFO - ✅ Downloaded: C:\Users\Admin\.cursor\Lambda\src\backend\src\downloads\leier_datasheets\hu\Részletrajzok\Elemrajzok__DWG__PDF_\Mélyépítés\Tisztítóakna_elemek\Akna_fenékelemek\AFE_100_-_130_LG_KN_-_Akna_fenékelem_gumigyűrűs_künet_nélkül_-_függőleges_metszet.pdf
2025-07-01 21:46:39,776 - INFO - HTTP Request: GET https://www.leier.hu/hu/dokumentumtar/4165 "HTTP/1.1 200 OK"
2025-07-01 21:46:39,783 - INFO - ✅ Downloaded: C:\Users\Admin\.cursor\Lambda\src\backend\src\downloads\leier_datasheets\hu\Részletrajzok\Csomópontok\Fal_részletrajzok\dwg\f07-belsofofal-alapozas.pdf
2025-07-01 21:46:40,072 - INFO - HTTP Request: GET https://www.leier.hu/hu/dokumentumtar/3237 "HTTP/1.1 200 OK"
2025-07-01 21:46:40,074 - INFO - HTTP Request: GET https://www.leier.hu/hu/dokumentumtar/1994 "HTTP/1.1 200 OK"
2025-07-01 21:46:40,075 - INFO - HTTP Request: GET https://www.leier.hu/hu/dokumentumtar/3890 "HTTP/1.1 200 OK"
2025-07-01 21:46:40,082 - INFO - ✅ Downloaded: C:\Users\Admin\.cursor\Lambda\src\backend\src\downloads\leier_datasheets\hu\Éves_energetikai_szakreferensi_riportok\Éves_energetikai_szakreferensi_riport_2024_LCC.pdf
2025-07-01 21:46:40,371 - INFO - HTTP Request: GET https://www.leier.hu/hu/dokumentumtar/2788 "HTTP/1.1 200 OK"
2025-07-01 21:46:40,372 - INFO - HTTP Request: GET https://www.leier.hu/hu/dokumentumtar/3412 "HTTP/1.1 200 OK"
2025-07-01 21:46:40,381 - INFO - ✅ Downloaded: C:\Users\Admin\.cursor\Lambda\src\backend\src\downloads\leier_datasheets\hu\Termékadatlapok\Kertépítés__díszburkolat\Szegélykövek\Süllyesztett_szegélykő_-_Termékadatlap.pdf
2025-07-01 21:46:40,670 - INFO - ✅ Downloaded: C:\Users\Admin\.cursor\Lambda\src\backend\src\downloads\leier_datasheets\hu\Teljesítménynyilatkozatok\Magasépítési_termékek\Tégla_termékek\Devecser_-_Teljesítménynyilatkozatok\LeierPLAN\Teljesítménynyilatkozat_-_LeierPLAN_25_N_F_-_DE_LE_DE771-1-14-03.pdf
2025-07-01 21:46:40,941 - INFO - HTTP Request: GET https://www.leier.hu/hu/dokumentumtar/2987 "HTTP/1.1 200 OK"
2025-07-01 21:46:40,949 - INFO - ✅ Downloaded: C:\Users\Admin\.cursor\Lambda\src\backend\src\downloads\leier_datasheets\hu\Részletrajzok\Elemrajzok__DWG__PDF_\Mélyépítés\Tisztítóakna_elemek\Aknagyűrűk\AGY_100_-_100_L_H_-_Aknagyűrű_hágcsóval_-_függőleges_metszet.pdf
2025-07-01 21:46:41,310 - INFO - ✅ Downloaded: C:\Users\Admin\.cursor\Lambda\src\backend\src\downloads\leier_datasheets\hu\Részletrajzok\Elemrajzok__DWG__PDF_\Környezettechnika\Olajelválasztók_DWG\LOL_SUPER_25_max_P_melle_klet.pdf
2025-07-01 21:46:41,579 - INFO - HTTP Request: GET https://www.leier.hu/hu/dokumentumtar/3158 "HTTP/1.1 200 OK"
2025-07-01 21:46:41,587 - INFO - ✅ Downloaded: C:\Users\Admin\.cursor\Lambda\src\backend\src\downloads\leier_datasheets\hu\Részletrajzok\Elemrajzok__DWG__PDF_\Mélyépítés\Kábelcsatorna\KCS_fedlap_egyenes.pdf
2025-07-01 21:46:41,588 - INFO - ✅ Downloaded: C:\Users\Admin\.cursor\Lambda\src\backend\src\downloads\leier_datasheets\hu\Részletrajzok\Elemrajzok__DWG__PDF_\Mélyépítés\Betoncsövek\TOTA_50_200L_-_Tokos_talpas_betoncső_keresztmetszet.pdf
2025-07-01 21:46:42,114 - INFO - HTTP Request: GET https://www.leier.hu/hu/dokumentumtar/2966 "HTTP/1.1 200 OK"
2025-07-01 21:46:42,128 - INFO - ✅ Downloaded: C:\Users\Admin\.cursor\Lambda\src\backend\src\downloads\leier_datasheets\hu\Részletrajzok\Elemrajzok__DWG__PDF_\Mélyépítés\Átemelőakna_elemek\AFE_240_255_L_-_Átemelő_fenékelem.pdf
2025-07-01 21:46:42,396 - INFO - HTTP Request: GET https://www.leier.hu/hu/dokumentumtar/3446 "HTTP/1.1 200 OK"
2025-07-01 21:46:42,400 - INFO - HTTP Request: GET https://www.leier.hu/hu/dokumentumtar/3130 "HTTP/1.1 200 OK"
2025-07-01 21:46:42,408 - INFO - ✅ Downloaded: C:\Users\Admin\.cursor\Lambda\src\backend\src\downloads\leier_datasheets\hu\Részletrajzok\Elemrajzok__DWG__PDF_\Környezettechnika\Olajelválasztók_DWG\LOL_SUPER_6_max_KF_melle_klet.pdf
2025-07-01 21:46:42,689 - INFO - HTTP Request: GET https://www.leier.hu/hu/dokumentumtar/3549 "HTTP/1.1 200 OK"
2025-07-01 21:46:42,690 - INFO - HTTP Request: GET https://www.leier.hu/hu/dokumentumtar/3077 "HTTP/1.1 200 OK"
2025-07-01 21:46:42,703 - INFO - ✅ Downloaded: C:\Users\Admin\.cursor\Lambda\src\backend\src\downloads\leier_datasheets\hu\Részletrajzok\Elemrajzok__DWG__PDF_\Mélyépítés\Kábelcsatorna\KCS_vályú_irt_bal_felül.pdf
2025-07-01 21:46:42,989 - INFO - HTTP Request: GET https://www.leier.hu/hu/dokumentumtar/1899 "HTTP/1.1 200 OK"
2025-07-01 21:46:42,990 - INFO - HTTP Request: GET https://www.leier.hu/hu/dokumentumtar/3841 "HTTP/1.1 200 OK"
2025-07-01 21:46:42,991 - INFO - ✅ Downloaded: C:\Users\Admin\.cursor\Lambda\src\backend\src\downloads\leier_datasheets\hu\Részletrajzok\Elemrajzok__DWG__PDF_\Környezettechnika\Olajelválasztók_PDF\LOL_SUPER_6_60_P_zapor_tulfolyoval_melleklet_PDF.pdf
2025-07-01 21:46:43,274 - INFO - ✅ Downloaded: C:\Users\Admin\.cursor\Lambda\src\backend\src\downloads\leier_datasheets\hu\Részletrajzok\Elemrajzok__DWG__PDF_\Mélyépítés\Előfej_támfalelemek\LEF_60_-_Előfej_betoncsőhöz_-_elölnézet.pdf
2025-07-01 21:46:43,541 - INFO - ✅ Downloaded: C:\Users\Admin\.cursor\Lambda\src\backend\src\downloads\leier_datasheets\hu\Teljesítménynyilatkozatok\Magasépítési_termékek\Beton_falazóelemek\UNI_pincefalazó_-_Jánossomorja_-_Teljesítménynyilatkozat_LE_JS771-3-UNI-03.pdf
2025-07-01 21:46:43,542 - INFO - HTTP Request: GET https://www.leier.hu/hu/dokumentumtar/2013 "HTTP/1.1 200 OK"
2025-07-01 21:46:43,822 - INFO - ✅ Downloaded: C:\Users\Admin\.cursor\Lambda\src\backend\src\downloads\leier_datasheets\hu\Prospektusok\Leier_előregyártott_fedett_gépkocsibeállók_-_Prospektus.pdf
2025-07-01 21:46:44,109 - INFO - HTTP Request: GET https://www.leier.hu/hu/dokumentumtar/2631 "HTTP/1.1 200 OK"
2025-07-01 21:46:44,115 - INFO - ✅ Downloaded: C:\Users\Admin\.cursor\Lambda\src\backend\src\downloads\leier_datasheets\hu\Teljesítménynyilatkozatok\Magasépítési_termékek\Tégla_termékek\Devecser_-_Teljesítménynyilatkozatok\Leiertherm\Teljesítménynyilatkozat_-_Leiertherm_10\50_N_F_-_DE_LE_DE771-1-06-03.pdf
2025-07-01 21:46:44,428 - INFO - HTTP Request: GET https://www.leier.hu/hu/dokumentumtar/2424 "HTTP/1.1 200 OK"
2025-07-01 21:46:44,429 - INFO - HTTP Request: GET https://www.leier.hu/hu/dokumentumtar/4122 "HTTP/1.1 200 OK"
2025-07-01 21:46:44,434 - INFO - ✅ Downloaded: C:\Users\Admin\.cursor\Lambda\src\backend\src\downloads\leier_datasheets\hu\Részletrajzok\Csomópontok\Kéregfal_részletrajzok\pln\e08-belso-fodemcsat.pdf
2025-07-01 21:46:44,809 - INFO - HTTP Request: GET https://www.leier.hu/hu/dokumentumtar/2632 "HTTP/1.1 200 OK"
2025-07-01 21:46:44,812 - INFO - ✅ Downloaded: C:\Users\Admin\.cursor\Lambda\src\backend\src\downloads\leier_datasheets\hu\Részletrajzok\Csomópontok\Fal_részletrajzok\dxf\Leier_f09a-uni-alapozas-tn1.pdf
2025-07-01 21:46:45,196 - INFO - ✅ Downloaded: C:\Users\Admin\.cursor\Lambda\src\backend\src\downloads\leier_datasheets\hu\Termékadatlapok\Magasépítési_termékek\Beton_falazóelemek\Leier_beton_pillérzsalu_30_adatlap_pdf.pdf
2025-07-01 21:46:45,468 - INFO - HTTP Request: GET https://www.leier.hu/hu/dokumentumtar/3078 "HTTP/1.1 200 OK"
2025-07-01 21:46:45,469 - INFO - HTTP Request: GET https://www.leier.hu/hu/dokumentumtar/2742 "HTTP/1.1 200 OK"
2025-07-01 21:46:45,473 - INFO - ✅ Downloaded: C:\Users\Admin\.cursor\Lambda\src\backend\src\downloads\leier_datasheets\hu\Részletrajzok\Csomópontok\Kéregfal_részletrajzok\pln\e07-kulso-fodemcsat.pdf
2025-07-01 21:46:45,786 - INFO - HTTP Request: GET https://www.leier.hu/hu/dokumentumtar/3836 "HTTP/1.1 200 OK"
2025-07-01 21:46:45,790 - INFO - ✅ Downloaded: C:\Users\Admin\.cursor\Lambda\src\backend\src\downloads\leier_datasheets\hu\Részletrajzok\Csomópontok\Kéregelemes_födém_részletrajzok\pdf\p02a-kpanel-koszoru2.pdf
2025-07-01 21:46:46,057 - INFO - HTTP Request: GET https://www.leier.hu/hu/dokumentumtar/2139 "HTTP/1.1 200 OK"
2025-07-01 21:46:46,061 - INFO - ✅ Downloaded: C:\Users\Admin\.cursor\Lambda\src\backend\src\downloads\leier_datasheets\hu\Részletrajzok\Elemrajzok__DWG__PDF_\Mélyépítés\Előfej_támfalelemek\LEF_50_-_Tömbelőfej_betoncsőhöz_hosszmetszet.pdf
2025-07-01 21:46:46,320 - INFO - ✅ Downloaded: C:\Users\Admin\.cursor\Lambda\src\backend\src\downloads\leier_datasheets\at\Preislisten\Preisliste_Betonblocksteine_2024.pdf
2025-07-01 21:46:46,594 - INFO - HTTP Request: GET https://www.leier.hu/hu/dokumentumtar/2507 "HTTP/1.1 200 OK"
2025-07-01 21:46:46,595 - INFO - HTTP Request: GET https://www.leier.hu/hu/dokumentumtar/2031 "HTTP/1.1 200 OK"
2025-07-01 21:46:46,601 - INFO - ✅ Downloaded: C:\Users\Admin\.cursor\Lambda\src\backend\src\downloads\leier_datasheets\hu\Teljesítménynyilatkozatok\Mély-_és_vasútépítés__környezettechnika\Mélyépítés\Betoncső_-_Jánossomorja_-_Teljesítménynyilatkozat_LE_JS1916-01.pdf
2025-07-01 21:46:46,897 - INFO - ✅ Downloaded: C:\Users\Admin\.cursor\Lambda\src\backend\src\downloads\leier_datasheets\hu\LeierPress\LeierPress_2021.pdf
2025-07-01 21:46:47,169 - INFO - HTTP Request: GET https://www.leier.hu/hu/dokumentumtar/2428 "HTTP/1.1 200 OK"
2025-07-01 21:46:47,170 - INFO - ✅ Downloaded: C:\Users\Admin\.cursor\Lambda\src\backend\src\downloads\leier_datasheets\hu\Teljesítménynyilatkozatok\Magasépítési_termékek\Tégla_termékek\Mátraderecske_-_Teljesítménynyilatkozatok\Teljesítménynyilatkozat_-_Leiertherm_30_N_F_LE_MD771-1-03-05.pdf
2025-07-01 21:46:47,437 - INFO - ✅ Downloaded: C:\Users\Admin\.cursor\Lambda\src\backend\src\downloads\leier_datasheets\hu\Részletrajzok\Csomópontok\Tető_részletrajzok\asc\leier-t02-gerinc.pdf
2025-07-01 21:46:47,704 - INFO - HTTP Request: GET https://www.leier.hu/hu/dokumentumtar/3515 "HTTP/1.1 200 OK"
2025-07-01 21:46:47,707 - INFO - ✅ Downloaded: C:\Users\Admin\.cursor\Lambda\src\backend\src\downloads\leier_datasheets\hu\Részletrajzok\Csomópontok\Fal_részletrajzok\dxf\Leier_f06a-uni-labazat1.pdf
2025-07-01 21:46:47,982 - INFO - ✅ Downloaded: C:\Users\Admin\.cursor\Lambda\src\backend\src\downloads\leier_datasheets\hu\Részletrajzok\Elemrajzok__DWG__PDF_\Környezettechnika\Olajelválasztók_PDF\LOL_SUPER_30_KF_melleklet_PDF.pdf
2025-07-01 21:46:48,308 - INFO - HTTP Request: GET https://www.leier.hu/hu/dokumentumtar/3216 "HTTP/1.1 200 OK"
2025-07-01 21:46:48,310 - INFO - HTTP Request: GET https://www.leier.hu/hu/dokumentumtar/2781 "HTTP/1.1 200 OK"
2025-07-01 21:46:48,312 - INFO - HTTP Request: GET https://www.leier.hu/hu/dokumentumtar/3706 "HTTP/1.1 200 OK"
2025-07-01 21:46:48,328 - INFO - ✅ Downloaded: C:\Users\Admin\.cursor\Lambda\src\backend\src\downloads\leier_datasheets\hu\Részletrajzok\Csomópontok\Előregyártott_lépcső_részletrajzok\dwg\p09-egy-lepcso1.pdf
2025-07-01 21:46:48,690 - INFO - ✅ Downloaded: C:\Users\Admin\.cursor\Lambda\src\backend\src\downloads\leier_datasheets\hu\Részletrajzok\Elemrajzok__DWG__PDF_\Mélyépítés\Tisztítóakna_elemek\Aknaszűkítő_elemek\ASZ_100_PE_CS.pdf
2025-07-01 21:46:48,957 - INFO - HTTP Request: GET https://www.leier.hu/hu/dokumentumtar/2989 "HTTP/1.1 200 OK"
2025-07-01 21:46:48,958 - INFO - HTTP Request: GET https://www.leier.hu/hu/dokumentumtar/2695 "HTTP/1.1 200 OK"
2025-07-01 21:46:48,969 - INFO - ✅ Downloaded: C:\Users\Admin\.cursor\Lambda\src\backend\src\downloads\leier_datasheets\hu\Részletrajzok\Csomópontok\Mélyépítési_részletrajzok\dwg\c03-80-csaphornyos.pdf
2025-07-01 21:46:49,238 - INFO - HTTP Request: GET https://www.leier.hu/hu/dokumentumtar/2557 "HTTP/1.1 200 OK"
2025-07-01 21:46:49,240 - INFO - HTTP Request: GET https://www.leier.hu/hu/dokumentumtar/2625 "HTTP/1.1 200 OK"
2025-07-01 21:46:49,250 - INFO - ✅ Downloaded: C:\Users\Admin\.cursor\Lambda\src\backend\src\downloads\leier_datasheets\hu\Részletrajzok\Elemrajzok__DWG__PDF_\Mélyépítés\Betoncsövek\TOTA_50_200L_-_Tokos_talpas_betoncső_hosszmetszet_függőleges.pdf
2025-07-01 21:46:49,559 - INFO - ✅ Downloaded: C:\Users\Admin\.cursor\Lambda\src\backend\src\downloads\leier_datasheets\hu\Részletrajzok\Csomópontok\Kémény_részletrajzok\dxf\leier-k042-kemeny-tetoat21.pdf
2025-07-01 21:46:49,561 - INFO - ✅ Downloaded: C:\Users\Admin\.cursor\Lambda\src\backend\src\downloads\leier_datasheets\hu\Részletrajzok\Csomópontok\Kéregfal_részletrajzok\pdf\e08-belso-fodemcsat.pdf
2025-07-01 21:46:49,903 - INFO - HTTP Request: GET https://www.leier.hu/hu/dokumentumtar/2587 "HTTP/1.1 200 OK"
2025-07-01 21:46:50,291 - INFO - ✅ Downloaded: C:\Users\Admin\.cursor\Lambda\src\backend\src\downloads\leier_datasheets\hu\Részletrajzok\Csomópontok\Födém_részletrajzok\pln\m05b-mesterf-terasz2.pdf
2025-07-01 21:46:50,567 - INFO - HTTP Request: GET https://www.leier.hu/hu/dokumentumtar/2937 "HTTP/1.1 200 OK"
2025-07-01 21:46:50,568 - INFO - HTTP Request: GET https://www.leier.hu/hu/dokumentumtar/2101 "HTTP/1.1 200 OK"
2025-07-01 21:46:50,576 - INFO - ✅ Downloaded: C:\Users\Admin\.cursor\Lambda\src\backend\src\downloads\leier_datasheets\hu\Biztonságtechnikai_adatlapok\LeierFIX_univerzális_ragasztóhab_-_Biztonságtechnikai_adatlap.pdf
2025-07-01 21:46:50,852 - INFO - ✅ Downloaded: C:\Users\Admin\.cursor\Lambda\src\backend\src\downloads\leier_datasheets\hu\Teljesítménynyilatkozatok\Kéményrendszerek\Teljesítménynyilatkozat_MULTIKERAM_LAS_kéményrendszer_LE_KLETA-12-0491-MULTIKERAM_LAS-01.pdf
2025-07-01 21:46:51,124 - INFO - HTTP Request: GET https://www.leier.hu/hu/dokumentumtar/2791 "HTTP/1.1 200 OK"
2025-07-01 21:46:51,139 - INFO - ✅ Downloaded: C:\Users\Admin\.cursor\Lambda\src\backend\src\downloads\leier_datasheets\hu\Részletrajzok\Elemrajzok__DWG__PDF_\Mélyépítés\Átemelőakna_elemek\AGY_240_175_LG_V-_Átemelő_gyűrű_gumigyűrűs_végelem.pdf
2025-07-01 21:46:51,413 - INFO - HTTP Request: GET https://www.leier.hu/hu/dokumentumtar/2912 "HTTP/1.1 200 OK"
2025-07-01 21:46:51,415 - INFO - HTTP Request: GET https://www.leier.hu/hu/dokumentumtar/3445 "HTTP/1.1 200 OK"
2025-07-01 21:46:51,415 - INFO - HTTP Request: GET https://www.leier.hu/hu/dokumentumtar/1953 "HTTP/1.1 200 OK"
2025-07-01 21:46:51,432 - INFO - ✅ Downloaded: C:\Users\Admin\.cursor\Lambda\src\backend\src\downloads\leier_datasheets\hu\Részletrajzok\Elemrajzok__DWG__PDF_\Környezettechnika\Olajelválasztók_DWG\LOL_SUPER_6_max_P_melle_klet.pdf
2025-07-01 21:46:51,726 - INFO - HTTP Request: GET https://www.leier.hu/hu/dokumentumtar/2682 "HTTP/1.1 200 OK"
2025-07-01 21:46:51,731 - INFO - ✅ Downloaded: C:\Users\Admin\.cursor\Lambda\src\backend\src\downloads\leier_datasheets\hu\Teljesítménynyilatkozatok\Magasépítési_termékek\Tégla_termékek\Devecser_-_CE-tanúsítványok\CE_-_Leiertherm_38_Pro_-_DE.pdf
2025-07-01 21:46:51,996 - INFO - HTTP Request: GET https://www.leier.hu/hu/dokumentumtar/3540 "HTTP/1.1 200 OK"
2025-07-01 21:46:51,997 - INFO - HTTP Request: GET https://www.leier.hu/hu/dokumentumtar/2561 "HTTP/1.1 200 OK"
2025-07-01 21:46:52,000 - INFO - ✅ Downloaded: C:\Users\Admin\.cursor\Lambda\src\backend\src\downloads\leier_datasheets\hu\Részletrajzok\Elemrajzok__DWG__PDF_\Mélyépítés\Árokburkoló-_és_árokelemek\ÁBE_F_20_30_-_100L_-_fedlap_-_keresztmetszet.pdf
2025-07-01 21:46:52,288 - INFO - HTTP Request: GET https://www.leier.hu/hu/dokumentumtar/2961 "HTTP/1.1 200 OK"
2025-07-01 21:46:52,291 - INFO - ✅ Downloaded: C:\Users\Admin\.cursor\Lambda\src\backend\src\downloads\leier_datasheets\hu\Részletrajzok\Csomópontok\Kémény_részletrajzok\dxf\leier-k01-kemeny-alapozas1.pdf
2025-07-01 21:46:52,292 - INFO - ✅ Downloaded: C:\Users\Admin\.cursor\Lambda\src\backend\src\downloads\leier_datasheets\hu\Részletrajzok\Csomópontok\Térburkolat_részletrajzok\asc\leier-b05-szegely5.pdf
2025-07-01 21:46:52,865 - INFO - ✅ Downloaded: C:\Users\Admin\.cursor\Lambda\src\backend\src\downloads\leier_datasheets\hu\Részletrajzok\Elemrajzok__DWG__PDF_\Környezettechnika\Olajelválasztók_PDF\LOL_SUPER_10_max_NF_melleklet_PDF.pdf
2025-07-01 21:46:53,145 - INFO - HTTP Request: GET https://www.leier.hu/hu/dokumentumtar/2442 "HTTP/1.1 200 OK"
2025-07-01 21:46:53,152 - INFO - ✅ Downloaded: C:\Users\Admin\.cursor\Lambda\src\backend\src\downloads\leier_datasheets\hu\Részletrajzok\Elemrajzok__DWG__PDF_\Mélyépítés\Átemelőakna_elemek\AGY_160_175_LG_-_Átemelő_gyűrű_gumigyűrűs.pdf
2025-07-01 21:46:53,432 - INFO - HTTP Request: GET https://www.leier.hu/hu/dokumentumtar/3597 "HTTP/1.1 200 OK"
2025-07-01 21:46:53,446 - INFO - ✅ Downloaded: C:\Users\Admin\.cursor\Lambda\src\backend\src\downloads\leier_datasheets\hu\Részletrajzok\Csomópontok\Leier_Durisol_zajárnyékoló_falak\DWG\Leier_Durisol_fal_hosszszelvény_metszettel.pdf
2025-07-01 21:46:53,724 - INFO - HTTP Request: GET https://www.leier.hu/hu/dokumentumtar/2001 "HTTP/1.1 200 OK"
2025-07-01 21:46:53,725 - INFO - HTTP Request: GET https://www.leier.hu/hu/dokumentumtar/2359 "HTTP/1.1 200 OK"
2025-07-01 21:46:53,757 - INFO - HTTP Request: GET https://www.leier.hu/hu/dokumentumtar/3795 "HTTP/1.1 200 OK"
2025-07-01 21:46:53,768 - INFO - ✅ Downloaded: C:\Users\Admin\.cursor\Lambda\src\backend\src\downloads\leier_datasheets\hu\Részletrajzok\Elemrajzok__DWG__PDF_\Durisol_zajárnyékolás\Durisol_panel_296_100_félkötés_-_Elölnézet.pdf
2025-07-01 21:46:53,769 - INFO - ✅ Downloaded: C:\Users\Admin\.cursor\Lambda\src\backend\src\downloads\leier_datasheets\at\Verlegemuster\Verlegemuster_Dom-I_Pflaster.pdf
2025-07-01 21:46:54,344 - INFO - ✅ Downloaded: C:\Users\Admin\.cursor\Lambda\src\backend\src\downloads\leier_datasheets\hu\Teljesítménynyilatkozatok\Magasépítési_termékek\Tégla_termékek\Devecser_-_Teljesítménynyilatkozatok\Leiertherm\Teljesítménynyilatkozat_-_Leiertherm_30_N_F_LE_DE771-1-03-04.pdf
2025-07-01 21:46:54,346 - INFO - ✅ Downloaded: C:\Users\Admin\.cursor\Lambda\src\backend\src\downloads\leier_datasheets\hu\Részletrajzok\Csomópontok\Fal_részletrajzok\dwg\f09b-zsaluko-alap-tn.pdf
2025-07-01 21:46:54,968 - INFO - HTTP Request: GET https://www.leier.hu/hu/dokumentumtar/2956 "HTTP/1.1 200 OK"
2025-07-01 21:46:54,990 - INFO - ✅ Downloaded: C:\Users\Admin\.cursor\Lambda\src\backend\src\downloads\leier_datasheets\hu\Részletrajzok\Elemrajzok__DWG__PDF_\Mélyépítés\Átemelőakna_elemek\AGY_160_200_LG_V-_Átemelő_gyűrű_gumigyűrűs_végelem.pdf
2025-07-01 21:46:55,303 - INFO - HTTP Request: GET https://www.leier.hu/hu/dokumentumtar/1883 "HTTP/1.1 200 OK"
2025-07-01 21:46:55,307 - INFO - ✅ Downloaded: C:\Users\Admin\.cursor\Lambda\src\backend\src\downloads\leier_datasheets\hu\LeierPress\LeierPress_2018.pdf
2025-07-01 21:46:55,596 - INFO - HTTP Request: GET https://www.leier.hu/hu/dokumentumtar/3275 "HTTP/1.1 200 OK"
2025-07-01 21:46:55,605 - INFO - ✅ Downloaded: C:\Users\Admin\.cursor\Lambda\src\backend\src\downloads\leier_datasheets\hu\Részletrajzok\Elemrajzok__DWG__PDF_\Mélyépítés\Tisztítóakna_elemek\Akna_fenékelemek\AFE_80.pdf
2025-07-01 21:46:55,900 - INFO - HTTP Request: GET https://www.leier.hu/hu/dokumentumtar/2412 "HTTP/1.1 200 OK"
2025-07-01 21:46:55,901 - INFO - HTTP Request: GET https://www.leier.hu/hu/dokumentumtar/3084 "HTTP/1.1 200 OK"
2025-07-01 21:46:55,901 - INFO - HTTP Request: GET https://www.leier.hu/hu/dokumentumtar/2797 "HTTP/1.1 200 OK"
2025-07-01 21:46:55,902 - INFO - HTTP Request: GET https://www.leier.hu/hu/dokumentumtar/3949 "HTTP/1.1 200 OK"
2025-07-01 21:46:55,961 - INFO - ✅ Downloaded: C:\Users\Admin\.cursor\Lambda\src\backend\src\downloads\leier_datasheets\at\Allgemeine_Hinweise\Projekt-Tipps.pdf
2025-07-01 21:46:56,314 - INFO - ✅ Downloaded: C:\Users\Admin\.cursor\Lambda\src\backend\src\downloads\leier_datasheets\hu\Prospektusok\Leier_Magasles.pdf
2025-07-01 21:46:56,314 - INFO - ✅ Downloaded: C:\Users\Admin\.cursor\Lambda\src\backend\src\downloads\leier_datasheets\hu\Alkalmazástechnikák__Beépítési_útmutatók\Durisol_Falazóelemek_-_Alkalmazástechnika_és_tervezési_segédlet.pdf
2025-07-01 21:46:56,864 - INFO - HTTP Request: GET https://www.leier.hu/hu/dokumentumtar/3126 "HTTP/1.1 200 OK"
2025-07-01 21:46:56,865 - INFO - HTTP Request: GET https://www.leier.hu/hu/dokumentumtar/3707 "HTTP/1.1 200 OK"
2025-07-01 21:46:56,870 - INFO - ✅ Downloaded: C:\Users\Admin\.cursor\Lambda\src\backend\src\downloads\leier_datasheets\hu\Részletrajzok\Csomópontok\Fal_részletrajzok\asc\leier-f09c-zsaluko-alap-tv.pdf
2025-07-01 21:46:56,871 - INFO - ✅ Downloaded: C:\Users\Admin\.cursor\Lambda\src\backend\src\downloads\leier_datasheets\hu\Részletrajzok\Elemrajzok__DWG__PDF_\Mélyépítés\Előfej_támfalelemek\LEF_40_-_Tömbelőfej_betoncsőhöz_-_hosszmetszet.pdf
2025-07-01 21:46:57,432 - INFO - ✅ Downloaded: C:\Users\Admin\.cursor\Lambda\src\backend\src\downloads\leier_datasheets\hu\Biztonságtechnikai_adatlapok\Leier_kémény_béléscső_ragasztó_biztonságtechnikai_adatlap.pdf
2025-07-01 21:46:57,702 - INFO - HTTP Request: GET https://www.leier.hu/hu/dokumentumtar/2539 "HTTP/1.1 200 OK"
2025-07-01 21:46:57,703 - INFO - ✅ Downloaded: C:\Users\Admin\.cursor\Lambda\src\backend\src\downloads\leier_datasheets\hu\Részletrajzok\Elemrajzok__DWG__PDF_\Mélyépítés\Kábelcsatorna\KCS_vályú_irt_jobb_felül.pdf
2025-07-01 21:46:57,974 - INFO - ✅ Downloaded: C:\Users\Admin\.cursor\Lambda\src\backend\src\downloads\leier_datasheets\hu\Részletrajzok\Csomópontok\Kémény_részletrajzok\pdf\k03-kemeny-fodemattor3.pdf
2025-07-01 21:46:58,266 - INFO - HTTP Request: GET https://www.leier.hu/hu/dokumentumtar/2579 "HTTP/1.1 200 OK"
2025-07-01 21:46:58,275 - INFO - ✅ Downloaded: C:\Users\Admin\.cursor\Lambda\src\backend\src\downloads\leier_datasheets\hu\Részletrajzok\Csomópontok\Födém_részletrajzok\pdf\m05a-mesterf-terasz1.pdf
2025-07-01 21:46:58,540 - INFO - HTTP Request: GET https://www.leier.hu/hu/dokumentumtar/2569 "HTTP/1.1 200 OK"
2025-07-01 21:46:58,540 - INFO - HTTP Request: GET https://www.leier.hu/hu/dokumentumtar/3219 "HTTP/1.1 200 OK"
2025-07-01 21:46:58,542 - INFO - HTTP Request: GET https://www.leier.hu/hu/dokumentumtar/3202 "HTTP/1.1 200 OK"
2025-07-01 21:46:58,543 - INFO - HTTP Request: GET https://www.leier.hu/hu/dokumentumtar/2741 "HTTP/1.1 200 OK"
2025-07-01 21:46:58,543 - INFO - ✅ Downloaded: C:\Users\Admin\.cursor\Lambda\src\backend\src\downloads\leier_datasheets\hu\LeierPress\Leier_Újság_2007.pdf
2025-07-01 21:46:58,813 - INFO - ✅ Downloaded: C:\Users\Admin\.cursor\Lambda\src\backend\src\downloads\leier_datasheets\hu\Részletrajzok\Csomópontok\Födém_részletrajzok\dwg\m04-mesterf-valaszfal.pdf
2025-07-01 21:46:59,087 - INFO - ✅ Downloaded: C:\Users\Admin\.cursor\Lambda\src\backend\src\downloads\leier_datasheets\hu\Részletrajzok\Csomópontok\Kéregelemes_födém_részletrajzok\pdf\p02c-kpanel-koszoru4.pdf
2025-07-01 21:46:59,356 - INFO - HTTP Request: GET https://www.leier.hu/hu/dokumentumtar/2928 "HTTP/1.1 200 OK"
2025-07-01 21:46:59,357 - INFO - HTTP Request: GET https://www.leier.hu/hu/dokumentumtar/2032 "HTTP/1.1 200 OK"
2025-07-01 21:46:59,359 - INFO - ✅ Downloaded: C:\Users\Admin\.cursor\Lambda\src\backend\src\downloads\leier_datasheets\hu\Részletrajzok\Elemrajzok__DWG__PDF_\Mélyépítés\Tisztítóakna_elemek\Aknagyűrűk\AGY_80_-_50_L_-_Aknagyűrű_-_függőleges_metszet.pdf
2025-07-01 21:46:59,360 - INFO - ✅ Downloaded: C:\Users\Admin\.cursor\Lambda\src\backend\src\downloads\leier_datasheets\hu\Részletrajzok\Elemrajzok__DWG__PDF_\Mélyépítés\Tisztítóakna_elemek\Aknaszűkítő_elemek\ASZ_80_-_60_-_30_L_-_Akna_szűkítő_-_függőleges_metszet.pdf
2025-07-01 21:46:59,916 - INFO - HTTP Request: GET https://www.leier.hu/hu/dokumentumtar/3238 "HTTP/1.1 200 OK"
2025-07-01 21:46:59,924 - INFO - ✅ Downloaded: C:\Users\Admin\.cursor\Lambda\src\backend\src\downloads\leier_datasheets\hu\Teljesítménynyilatkozatok\Magasépítési_termékek\Tégla_termékek\Mátraderecske_-_Teljesítménynyilatkozatok\Teljesítménynyilatkozat_-_Leiertherm_38_N_F_LE_MD771-1-02-04.pdf
2025-07-01 21:47:00,208 - INFO - HTTP Request: GET https://www.leier.hu/hu/dokumentumtar/2490 "HTTP/1.1 200 OK"
2025-07-01 21:47:00,209 - INFO - HTTP Request: GET https://www.leier.hu/hu/dokumentumtar/3764 "HTTP/1.1 200 OK"
2025-07-01 21:47:00,215 - INFO - ✅ Downloaded: C:\Users\Admin\.cursor\Lambda\src\backend\src\downloads\leier_datasheets\hu\Részletrajzok\Elemrajzok__DWG__PDF_\Mélyépítés\Árokburkoló-_és_árokelemek\ÁBE_20_30_-_200_L_-_árokburkoló_elem_-_felülnézet.pdf
2025-07-01 21:47:00,481 - INFO - HTTP Request: GET https://www.leier.hu/hu/dokumentumtar/3883 "HTTP/1.1 200 OK"
2025-07-01 21:47:00,482 - INFO - ✅ Downloaded: C:\Users\Admin\.cursor\Lambda\src\backend\src\downloads\leier_datasheets\hu\Részletrajzok\Csomópontok\Tető_részletrajzok\pdf\t071-tetoablak-fugg.pdf
2025-07-01 21:47:00,754 - INFO - ✅ Downloaded: C:\Users\Admin\.cursor\Lambda\src\backend\src\downloads\leier_datasheets\hu\Termékadatlapok\Kertépítés__díszburkolat\Térkövek\Leier_Kaiserstein_PATRIA_térkő_termékadatlap.pdf
2025-07-01 21:47:01,019 - INFO - ✅ Downloaded: C:\Users\Admin\.cursor\Lambda\src\backend\src\downloads\leier_datasheets\hu\Részletrajzok\Elemrajzok__DWG__PDF_\Mélyépítés\Tisztítóakna_elemek\Aknagyűrűk\AGY_100_-_100_L_-_Aknagyűrű_-_függőleges_metszet.pdf
2025-07-01 21:47:01,020 - INFO - HTTP Request: GET https://www.leier.hu/hu/dokumentumtar/4115 "HTTP/1.1 200 OK"
2025-07-01 21:47:01,279 - INFO - HTTP Request: GET https://www.leier.hu/hu/dokumentumtar/3190 "HTTP/1.1 200 OK"
2025-07-01 21:47:01,280 - INFO - HTTP Request: GET https://www.leier.hu/hu/dokumentumtar/3566 "HTTP/1.1 200 OK"
2025-07-01 21:47:01,288 - INFO - ✅ Downloaded: C:\Users\Admin\.cursor\Lambda\src\backend\src\downloads\leier_datasheets\hu\Termékadatlapok\Kertépítés__díszburkolat\Térkövek\Leier_Kaiserstein_TAVERNA_térkő_termékadatlap.pdf
2025-07-01 21:47:01,557 - INFO - HTTP Request: GET https://www.leier.hu/hu/dokumentumtar/2677 "HTTP/1.1 200 OK"
2025-07-01 21:47:01,559 - INFO - ✅ Downloaded: C:\Users\Admin\.cursor\Lambda\src\backend\src\downloads\leier_datasheets\hu\Termékadatlapok\Magasépítési_termékek\Tégla_termékek\Leiertherm_38_Pro_adatlap_pdf.pdf
2025-07-01 21:47:01,830 - INFO - HTTP Request: GET https://www.leier.hu/hu/dokumentumtar/3789 "HTTP/1.1 200 OK"
2025-07-01 21:47:01,833 - INFO - ✅ Downloaded: C:\Users\Admin\.cursor\Lambda\src\backend\src\downloads\leier_datasheets\hu\Részletrajzok\Elemrajzok__DWG__PDF_\Durisol_zajárnyékolás\Durisol_panel_496_450_egyedi_-_Elölnézet.pdf
2025-07-01 21:47:02,113 - INFO - ✅ Downloaded: C:\Users\Admin\.cursor\Lambda\src\backend\src\downloads\leier_datasheets\hu\Részletrajzok\Csomópontok\Térburkolat_részletrajzok\asc\leier-b08-tamfal.pdf
2025-07-01 21:47:02,441 - INFO - HTTP Request: GET https://www.leier.hu/hu/dokumentumtar/2849 "HTTP/1.1 200 OK"
2025-07-01 21:47:02,457 - INFO - ✅ Downloaded: C:\Users\Admin\.cursor\Lambda\src\backend\src\downloads\leier_datasheets\hu\Teljesítménynyilatkozatok\Kőanyaghalmazok__adalékanyagok__betonhoz\Kőanyaghalmazok__adalékanyagok__betonhoz_Teljesítménynyilatkozat__LE_NY12620-04_pdf.pdf
2025-07-01 21:47:02,796 - INFO - HTTP Request: GET https://www.leier.hu/hu/dokumentumtar/2427 "HTTP/1.1 200 OK"
2025-07-01 21:47:02,797 - INFO - HTTP Request: GET https://www.leier.hu/hu/dokumentumtar/2990 "HTTP/1.1 200 OK"
2025-07-01 21:47:02,798 - INFO - HTTP Request: GET https://www.leier.hu/hu/dokumentumtar/2981 "HTTP/1.1 200 OK"
2025-07-01 21:47:02,806 - INFO - ✅ Downloaded: C:\Users\Admin\.cursor\Lambda\src\backend\src\downloads\leier_datasheets\hu\Szerelési_útmutatók\Mesterpanel___Elementdecke\Teljesítménynilatkozat___Leistungserklärung\HU\Mesterpanel_Győr_Teljesítménynyilatkozat.pdf
2025-07-01 21:47:03,072 - INFO - ✅ Downloaded: C:\Users\Admin\.cursor\Lambda\src\backend\src\downloads\leier_datasheets\hu\Részletrajzok\Csomópontok\Fal_részletrajzok\dxf\Leier_f06b-zsaluko-labazat1.pdf
2025-07-01 21:47:03,329 - INFO - ✅ Downloaded: C:\Users\Admin\.cursor\Lambda\src\backend\src\downloads\leier_datasheets\hu\Részletrajzok\Elemrajzok__DWG__PDF_\Mélyépítés\Keretelemek\Előregyártott_keretelemek.pdf
2025-07-01 21:47:03,596 - INFO - HTTP Request: GET https://www.leier.hu/hu/dokumentumtar/3181 "HTTP/1.1 200 OK"
2025-07-01 21:47:03,600 - INFO - ✅ Downloaded: C:\Users\Admin\.cursor\Lambda\src\backend\src\downloads\leier_datasheets\hu\Részletrajzok\Elemrajzok__DWG__PDF_\Mélyépítés\Betoncsövek\TOTA_80_200L_-_Tokos_talpas_betoncső_tokosmetszet.pdf
2025-07-01 21:47:03,600 - INFO - ✅ Downloaded: C:\Users\Admin\.cursor\Lambda\src\backend\src\downloads\leier_datasheets\hu\Részletrajzok\Elemrajzok__DWG__PDF_\Mélyépítés\Betoncsövek\TOTA_50_200L_-_Tokos_talpas_betoncső_csaposmetszet.pdf
2025-07-01 21:47:04,116 - INFO - HTTP Request: GET https://www.leier.hu/hu/dokumentumtar/2600 "HTTP/1.1 200 OK"
2025-07-01 21:47:04,117 - INFO - HTTP Request: GET https://www.leier.hu/hu/dokumentumtar/2711 "HTTP/1.1 200 OK"
2025-07-01 21:47:04,125 - INFO - ✅ Downloaded: C:\Users\Admin\.cursor\Lambda\src\backend\src\downloads\leier_datasheets\hu\Részletrajzok\Csomópontok\Mélyépítési_részletrajzok\asc\leier-c05-nagyatmero-csaphor.pdf
2025-07-01 21:47:04,125 - INFO - ✅ Downloaded: C:\Users\Admin\.cursor\Lambda\src\backend\src\downloads\leier_datasheets\hu\Részletrajzok\Elemrajzok__DWG__PDF_\Mélyépítés\Keretelemek\LKE_120_-_120_-_110_-_Keret_előfej_végelem_-_felülnézet.pdf
2025-07-01 21:47:04,658 - INFO - HTTP Request: GET https://www.leier.hu/hu/dokumentumtar/3095 "HTTP/1.1 200 OK"
2025-07-01 21:47:04,659 - INFO - HTTP Request: GET https://www.leier.hu/hu/dokumentumtar/3218 "HTTP/1.1 200 OK"
2025-07-01 21:47:04,665 - INFO - ✅ Downloaded: C:\Users\Admin\.cursor\Lambda\src\backend\src\downloads\leier_datasheets\hu\Részletrajzok\Csomópontok\Födém_részletrajzok\asc\leier-m02b-mesterf-koszoru3.pdf
2025-07-01 21:47:04,929 - INFO - HTTP Request: GET https://www.leier.hu/hu/dokumentumtar/3316 "HTTP/1.1 200 OK"
2025-07-01 21:47:04,929 - INFO - HTTP Request: GET https://www.leier.hu/hu/dokumentumtar/3448 "HTTP/1.1 200 OK"
2025-07-01 21:47:04,941 - INFO - ✅ Downloaded: C:\Users\Admin\.cursor\Lambda\src\backend\src\downloads\leier_datasheets\hu\Részletrajzok\Elemrajzok__DWG__PDF_\Mélyépítés\Előfej_támfalelemek\LEF_30_-_Előfej_betoncsőhöz_-_elölnézet.pdf
2025-07-01 21:47:05,207 - INFO - ✅ Downloaded: C:\Users\Admin\.cursor\Lambda\src\backend\src\downloads\leier_datasheets\hu\Részletrajzok\Elemrajzok__DWG__PDF_\Környezettechnika\Olajelválasztók_DWG\LOL_SUPER_3_P_melle_klet.pdf
2025-07-01 21:47:05,208 - INFO - ✅ Downloaded: C:\Users\Admin\.cursor\Lambda\src\backend\src\downloads\leier_datasheets\hu\Részletrajzok\Elemrajzok__DWG__PDF_\Mélyépítés\Tisztítóakna_elemek\Aknagyűrűk\AGY_80_-_75_L_-_Aknagyűrű_-_függőleges_metszet.pdf
2025-07-01 21:47:05,738 - INFO - HTTP Request: GET https://www.leier.hu/hu/dokumentumtar/3187 "HTTP/1.1 200 OK"
2025-07-01 21:47:05,739 - INFO - HTTP Request: GET https://www.leier.hu/hu/dokumentumtar/3245 "HTTP/1.1 200 OK"
2025-07-01 21:47:05,748 - INFO - ✅ Downloaded: C:\Users\Admin\.cursor\Lambda\src\backend\src\downloads\leier_datasheets\hu\Részletrajzok\Elemrajzok__DWG__PDF_\Környezettechnika\Iszapfogók_DWG\LIF_200_230L_Iszapfogó_-_függőleges_metszet.pdf
2025-07-01 21:47:06,010 - INFO - HTTP Request: GET https://www.leier.hu/hu/dokumentumtar/3651 "HTTP/1.1 200 OK"
2025-07-01 21:47:06,011 - INFO - HTTP Request: GET https://www.leier.hu/hu/dokumentumtar/3954 "HTTP/1.1 200 OK"
2025-07-01 21:47:06,016 - INFO - ✅ Downloaded: C:\Users\Admin\.cursor\Lambda\src\backend\src\downloads\leier_datasheets\hu\Részletrajzok\Elemrajzok__DWG__PDF_\Mélyépítés\Keretelemek\LKE_100_-_100_-_190_-_Keret_előfej_-_felülnézet.pdf
2025-07-01 21:47:06,279 - INFO - HTTP Request: GET https://www.leier.hu/hu/dokumentumtar/2800 "HTTP/1.1 200 OK"
2025-07-01 21:47:06,282 - INFO - ✅ Downloaded: C:\Users\Admin\.cursor\Lambda\src\backend\src\downloads\leier_datasheets\hu\Részletrajzok\Elemrajzok__DWG__PDF_\Mélyépítés\Tisztítóakna_elemek\Akna_fenékelemek\AFE_80_-_75_L_K_-_Akna_fenékelem_künettel_-_függőleges_metszet.pdf
2025-07-01 21:47:06,544 - INFO - HTTP Request: GET https://www.leier.hu/hu/dokumentumtar/3390 "HTTP/1.1 200 OK"
2025-07-01 21:47:06,545 - INFO - HTTP Request: GET https://www.leier.hu/hu/dokumentumtar/3233 "HTTP/1.1 200 OK"
2025-07-01 21:47:06,556 - INFO - ✅ Downloaded: C:\Users\Admin\.cursor\Lambda\src\backend\src\downloads\leier_datasheets\at\Allgemeine_Hinweise\Sicherheitsdatenblatt_Karo_Totalreiniger_bei_Verfärbungen.pdf
2025-07-01 21:47:06,820 - INFO - HTTP Request: GET https://www.leier.hu/hu/dokumentumtar/2764 "HTTP/1.1 200 OK"
2025-07-01 21:47:06,821 - INFO - ✅ Downloaded: C:\Users\Admin\.cursor\Lambda\src\backend\src\downloads\leier_datasheets\hu\Részletrajzok\Elemrajzok__DWG__PDF_\Környezettechnika\Olajelválasztók_DWG\LOL_SUPER_50_250_KF_zápor_túlfolyóval_melléklet.pdf
2025-07-01 21:47:07,085 - INFO - HTTP Request: GET https://www.leier.hu/hu/dokumentumtar/3421 "HTTP/1.1 200 OK"
2025-07-01 21:47:07,089 - INFO - HTTP Request: GET https://www.leier.hu/hu/dokumentumtar/1965 "HTTP/1.1 200 OK"
2025-07-01 21:47:07,090 - INFO - ✅ Downloaded: C:\Users\Admin\.cursor\Lambda\src\backend\src\downloads\leier_datasheets\hu\Részletrajzok\Elemrajzok__DWG__PDF_\Mélyépítés\Tisztítóakna_elemek\Aknagyűrűk\AGY_100_-_25_L_H_-_Aknagyűrű_hágcsóval_-_függőleges_metszet.pdf
2025-07-01 21:47:07,359 - INFO - ✅ Downloaded: C:\Users\Admin\.cursor\Lambda\src\backend\src\downloads\leier_datasheets\hu\Részletrajzok\Csomópontok\Kéregelemes_födém_részletrajzok\asc\leier-p02b-kpanel-koszoru3.pdf
2025-07-01 21:47:07,614 - INFO - ✅ Downloaded: C:\Users\Admin\.cursor\Lambda\src\backend\src\downloads\leier_datasheets\hu\Részletrajzok\Elemrajzok__DWG__PDF_\Környezettechnika\Olajelválasztók_DWG\LOL_SUPER_20_KF_melle_klet.pdf
2025-07-01 21:47:07,880 - INFO - HTTP Request: GET https://www.leier.hu/hu/dokumentumtar/3088 "HTTP/1.1 200 OK"
2025-07-01 21:47:07,882 - INFO - ✅ Downloaded: C:\Users\Admin\.cursor\Lambda\src\backend\src\downloads\leier_datasheets\hu\Teljesítménynyilatkozatok\Magasépítési_termékek\Tégla_termékek\Devecser_-_CE-tanúsítványok\Leiertherm\CE_-_Leiertherm_25_N_F_-_DE.pdf
2025-07-01 21:47:08,145 - INFO - HTTP Request: GET https://www.leier.hu/hu/dokumentumtar/2310 "HTTP/1.1 200 OK"
2025-07-01 21:47:08,146 - INFO - HTTP Request: GET https://www.leier.hu/hu/dokumentumtar/4172 "HTTP/1.1 200 OK"
2025-07-01 21:47:08,158 - INFO - ✅ Downloaded: C:\Users\Admin\.cursor\Lambda\src\backend\src\downloads\leier_datasheets\hu\Termékadatlapok\Kertépítés__díszburkolat\Falazóelemek__kerítéskövek__fedlapok\CASTRUM_falazókő_termékadatlap.pdf
2025-07-01 21:47:08,158 - INFO - ✅ Downloaded: C:\Users\Admin\.cursor\Lambda\src\backend\src\downloads\leier_datasheets\hu\Részletrajzok\Elemrajzok__DWG__PDF_\Mélyépítés\Előfej_támfalelemek\LEF_40_-_Előfej_betoncsőhöz_-_felülnézet.pdf
2025-07-01 21:47:08,674 - INFO - ✅ Downloaded: C:\Users\Admin\.cursor\Lambda\src\backend\src\downloads\leier_datasheets\hu\LeierPress\Leier_Újság_2003.pdf
2025-07-01 21:47:08,951 - INFO - HTTP Request: GET https://www.leier.hu/hu/dokumentumtar/3454 "HTTP/1.1 200 OK"
2025-07-01 21:47:08,959 - INFO - ✅ Downloaded: C:\Users\Admin\.cursor\Lambda\src\backend\src\downloads\leier_datasheets\hu\Részletrajzok\Elemrajzok__DWG__PDF_\Környezettechnika\Olajelválasztók_DWG\LOL_SUPER_1_5_KF_melle_klet.pdf
2025-07-01 21:47:09,225 - INFO - HTTP Request: GET https://www.leier.hu/hu/dokumentumtar/3201 "HTTP/1.1 200 OK"
2025-07-01 21:47:09,226 - INFO - HTTP Request: GET https://www.leier.hu/hu/dokumentumtar/2026 "HTTP/1.1 200 OK"
2025-07-01 21:47:09,235 - INFO - ✅ Downloaded: C:\Users\Admin\.cursor\Lambda\src\backend\src\downloads\leier_datasheets\hu\Részletrajzok\Elemrajzok__DWG__PDF_\Mélyépítés\Tisztítóakna_elemek\Vasbeton_aknafedlapok\Beton_aknafedlap.pdf
2025-07-01 21:47:09,236 - INFO - ✅ Downloaded: C:\Users\Admin\.cursor\Lambda\src\backend\src\downloads\leier_datasheets\hu\Teljesítménynyilatkozatok\Magasépítési_termékek\Tégla_termékek\Mátraderecske_-_Teljesítménynyilatkozatok\Teljesítménynyilatkozat_-_Leiertherm_AKU_30_HT_-_LE_MD771-1-13-01.pdf
2025-07-01 21:47:09,761 - INFO - HTTP Request: GET https://www.leier.hu/hu/dokumentumtar/2890 "HTTP/1.1 200 OK"
2025-07-01 21:47:09,801 - INFO - ✅ Downloaded: C:\Users\Admin\.cursor\Lambda\src\backend\src\downloads\leier_datasheets\hu\Részletrajzok\Elemrajzok__DWG__PDF_\Mélyépítés\Árokburkoló-_és_árokelemek\ÁE_40_35_-_50L_-_árokburkoló_elem_-_oldalnézet.pdf
2025-07-01 21:47:10,089 - INFO - HTTP Request: GET https://www.leier.hu/hu/dokumentumtar/2585 "HTTP/1.1 200 OK"
2025-07-01 21:47:10,093 - INFO - HTTP Request: GET https://www.leier.hu/hu/dokumentumtar/3441 "HTTP/1.1 200 OK"
2025-07-01 21:47:10,095 - INFO - HTTP Request: GET https://www.leier.hu/hu/dokumentumtar/2666 "HTTP/1.1 200 OK"
2025-07-01 21:47:10,098 - INFO - HTTP Request: GET https://www.leier.hu/hu/dokumentumtar/3102 "HTTP/1.1 200 OK"
2025-07-01 21:47:10,151 - INFO - ✅ Downloaded: C:\Users\Admin\.cursor\Lambda\src\backend\src\downloads\leier_datasheets\hu\Részletrajzok\Csomópontok\Födém_részletrajzok\pln\m06-mesterf-lepcso.pdf
2025-07-01 21:47:10,421 - INFO - ✅ Downloaded: C:\Users\Admin\.cursor\Lambda\src\backend\src\downloads\leier_datasheets\hu\Részletrajzok\Csomópontok\Térburkolat_részletrajzok\pdf\b01-szegely1.pdf
2025-07-01 21:47:10,421 - INFO - ✅ Downloaded: C:\Users\Admin\.cursor\Lambda\src\backend\src\downloads\leier_datasheets\hu\Részletrajzok\Elemrajzok__DWG__PDF_\Környezettechnika\Olajelválasztók_DWG\LOL_SUPER_6_60_P_zápor_túlfolyóval_melléklet.pdf
2025-07-01 21:47:10,940 - INFO - HTTP Request: GET https://www.leier.hu/hu/dokumentumtar/3378 "HTTP/1.1 200 OK"
2025-07-01 21:47:10,941 - INFO - HTTP Request: GET https://www.leier.hu/hu/dokumentumtar/2906 "HTTP/1.1 200 OK"
2025-07-01 21:47:10,945 - INFO - ✅ Downloaded: C:\Users\Admin\.cursor\Lambda\src\backend\src\downloads\leier_datasheets\hu\Részletrajzok\Elemrajzok__DWG__PDF_\Mélyépítés\Előfej_támfalelemek\LEF_50_1_1_5_előfej.pdf
2025-07-01 21:47:11,219 - INFO - ✅ Downloaded: C:\Users\Admin\.cursor\Lambda\src\backend\src\downloads\leier_datasheets\hu\Részletrajzok\Elemrajzok__DWG__PDF_\Környezettechnika\Olajelválasztók_DWG\LOL_SUPER_80_max_NF_melle_klet.pdf
2025-07-01 21:47:11,481 - INFO - ✅ Downloaded: C:\Users\Admin\.cursor\Lambda\src\backend\src\downloads\leier_datasheets\hu\Részletrajzok\Elemrajzok__DWG__PDF_\Mélyépítés\Árokburkoló-_és_árokelemek\ÁBE_F_30_40_-_100_-_fedlap_-_felülnézet.pdf
2025-07-01 21:47:11,482 - INFO - HTTP Request: GET https://www.leier.hu/hu/dokumentumtar/2624 "HTTP/1.1 200 OK"
2025-07-01 21:47:11,768 - INFO - ✅ Downloaded: C:\Users\Admin\.cursor\Lambda\src\backend\src\downloads\leier_datasheets\at\Prospekte\Leier_Press_2022.pdf
2025-07-01 21:47:12,028 - INFO - HTTP Request: GET https://www.leier.hu/hu/dokumentumtar/4052 "HTTP/1.1 200 OK"
2025-07-01 21:47:12,030 - INFO - HTTP Request: GET https://www.leier.hu/hu/dokumentumtar/2595 "HTTP/1.1 200 OK"
2025-07-01 21:47:12,030 - INFO - HTTP Request: GET https://www.leier.hu/hu/dokumentumtar/4096 "HTTP/1.1 200 OK"
2025-07-01 21:47:12,035 - INFO - HTTP Request: GET https://www.leier.hu/hu/dokumentumtar/2843 "HTTP/1.1 200 OK"
2025-07-01 21:47:12,051 - INFO - ✅ Downloaded: C:\Users\Admin\.cursor\Lambda\src\backend\src\downloads\leier_datasheets\hu\Termékadatlapok\Magasépítési_termékek\Tégla_termékek\LeierPlan_30_NF_adatlap_pdf.pdf
2025-07-01 21:47:12,052 - INFO - ✅ Downloaded: C:\Users\Admin\.cursor\Lambda\src\backend\src\downloads\leier_datasheets\hu\Szerelési_útmutatók\Mesterpanel___Elementdecke\Teljesítménynilatkozat___Leistungserklärung\DE\Elementdecke_Jánossomorja_Leistungserklärung.pdf
2025-07-01 21:47:12,052 - INFO - ✅ Downloaded: C:\Users\Admin\.cursor\Lambda\src\backend\src\downloads\leier_datasheets\hu\Árlisták_viszonteladók_részére\Kéményrendszerek_árlista_viszonteladók_részére_-_Érvényes__2025_04_01-től.pdf
2025-07-01 21:47:12,826 - INFO - ✅ Downloaded: C:\Users\Admin\.cursor\Lambda\src\backend\src\downloads\leier_datasheets\hu\Részletrajzok\Csomópontok\Födém_részletrajzok\asc\leier-m05b-mesterf-terasz2.pdf
2025-07-01 21:47:13,109 - INFO - HTTP Request: GET https://www.leier.hu/hu/dokumentumtar/3541 "HTTP/1.1 200 OK"
2025-07-01 21:47:13,127 - INFO - ✅ Downloaded: C:\Users\Admin\.cursor\Lambda\src\backend\src\downloads\leier_datasheets\hu\Részletrajzok\Elemrajzok__DWG__PDF_\Környezettechnika\Olajelválasztók_PDF\LOL_SUPER_10_max_P_melleklet_PDF.pdf
2025-07-01 21:47:13,399 - INFO - HTTP Request: GET https://www.leier.hu/hu/dokumentumtar/3340 "HTTP/1.1 200 OK"
2025-07-01 21:47:13,400 - INFO - HTTP Request: GET https://www.leier.hu/hu/dokumentumtar/2799 "HTTP/1.1 200 OK"
2025-07-01 21:47:13,410 - INFO - ✅ Downloaded: C:\Users\Admin\.cursor\Lambda\src\backend\src\downloads\leier_datasheets\hu\Részletrajzok\Elemrajzok__DWG__PDF_\Környezettechnika\Iszapfogók_PDF\LIF_160_200_melléklet_PDF.pdf
2025-07-01 21:47:13,670 - INFO - HTTP Request: GET https://www.leier.hu/hu/dokumentumtar/3411 "HTTP/1.1 200 OK"
2025-07-01 21:47:13,675 - INFO - HTTP Request: GET https://www.leier.hu/hu/dokumentumtar/3333 "HTTP/1.1 200 OK"
2025-07-01 21:47:13,677 - INFO - HTTP Request: GET https://www.leier.hu/hu/dokumentumtar/3177 "HTTP/1.1 200 OK"
2025-07-01 21:47:13,694 - INFO - ✅ Downloaded: C:\Users\Admin\.cursor\Lambda\src\backend\src\downloads\leier_datasheets\hu\Részletrajzok\Elemrajzok__DWG__PDF_\Környezettechnika\Olajelválasztók_DWG\LOL_SUPER_25_NF_melle_klet.pdf
2025-07-01 21:47:13,951 - INFO - ✅ Downloaded: C:\Users\Admin\.cursor\Lambda\src\backend\src\downloads\leier_datasheets\hu\Részletrajzok\Elemrajzok__DWG__PDF_\Környezettechnika\Zsírleválasztók_DWG\LZS_10_melle_klet_rajz.pdf
2025-07-01 21:47:14,211 - INFO - HTTP Request: GET https://www.leier.hu/hu/dokumentumtar/2392 "HTTP/1.1 200 OK"
2025-07-01 21:47:14,221 - INFO - ✅ Downloaded: C:\Users\Admin\.cursor\Lambda\src\backend\src\downloads\leier_datasheets\hu\Részletrajzok\Elemrajzok__DWG__PDF_\Mélyépítés\Keretelemek\LKE_150_-_150_-_133_-_Keret_előfej_kezdőelem_-_felülnézet.pdf
2025-07-01 21:47:14,490 - INFO - ✅ Downloaded: C:\Users\Admin\.cursor\Lambda\src\backend\src\downloads\leier_datasheets\hu\Részletrajzok\Csomópontok\Fal_részletrajzok\pln\f07-belsofofal-alapozas.pdf
2025-07-01 21:47:14,776 - INFO - HTTP Request: GET https://www.leier.hu/hu/dokumentumtar/3403 "HTTP/1.1 200 OK"
2025-07-01 21:47:14,788 - INFO - ✅ Downloaded: C:\Users\Admin\.cursor\Lambda\src\backend\src\downloads\leier_datasheets\hu\Részletrajzok\Elemrajzok__DWG__PDF_\Környezettechnika\Olajelválasztók_DWG\LOL_SUPER_30_P_melle_klet.pdf
2025-07-01 21:47:15,053 - INFO - HTTP Request: GET https://www.leier.hu/hu/dokumentumtar/1893 "HTTP/1.1 200 OK"
2025-07-01 21:47:15,058 - INFO - ✅ Downloaded: C:\Users\Admin\.cursor\Lambda\src\backend\src\downloads\leier_datasheets\hu\LeierPress\Leier_Újság_2004.pdf
2025-07-01 21:47:15,337 - INFO - HTTP Request: GET https://www.leier.hu/hu/dokumentumtar/2609 "HTTP/1.1 200 OK"
2025-07-01 21:47:15,338 - INFO - HTTP Request: GET https://www.leier.hu/hu/dokumentumtar/3300 "HTTP/1.1 200 OK"
2025-07-01 21:47:15,346 - INFO - ✅ Downloaded: C:\Users\Admin\.cursor\Lambda\src\backend\src\downloads\leier_datasheets\hu\Részletrajzok\Csomópontok\Födém_részletrajzok\dxf\leier-m02b-mesterf-koszoru3.pdf
2025-07-01 21:47:15,611 - INFO - HTTP Request: GET https://www.leier.hu/hu/dokumentumtar/2724 "HTTP/1.1 200 OK"
2025-07-01 21:47:15,612 - INFO - HTTP Request: GET https://www.leier.hu/hu/dokumentumtar/3371 "HTTP/1.1 200 OK"
2025-07-01 21:47:15,613 - INFO - ✅ Downloaded: C:\Users\Admin\.cursor\Lambda\src\backend\src\downloads\leier_datasheets\hu\Prospektusok\Leier_FIX_Univerzális_építési_ragasztó_-_Prospektus.pdf
2025-07-01 21:47:15,882 - INFO - ✅ Downloaded: C:\Users\Admin\.cursor\Lambda\src\backend\src\downloads\leier_datasheets\hu\Részletrajzok\Elemrajzok__DWG__PDF_\Mélyépítés\Vízelnyelőakna_elemek\V_AFE_50_50_L_-_Víznyelő_akna_fenékelem_átfolyós_függőleges_metszet.pdf
2025-07-01 21:47:15,882 - INFO - ✅ Downloaded: C:\Users\Admin\.cursor\Lambda\src\backend\src\downloads\leier_datasheets\hu\Részletrajzok\Csomópontok\Kéregelemes_födém_részletrajzok\dwg\p06-kpanel-lepcso.pdf
2025-07-01 21:47:16,414 - INFO - HTTP Request: GET https://www.leier.hu/hu/dokumentumtar/3261 "HTTP/1.1 200 OK"
2025-07-01 21:47:16,417 - INFO - ✅ Downloaded: C:\Users\Admin\.cursor\Lambda\src\backend\src\downloads\leier_datasheets\hu\Részletrajzok\Elemrajzok__DWG__PDF_\Környezettechnika\Olajelválasztók_DWG\LOL_SUPER_100_max_P_melle_klet.pdf
2025-07-01 21:47:16,696 - INFO - ✅ Downloaded: C:\Users\Admin\.cursor\Lambda\src\backend\src\downloads\leier_datasheets\hu\Részletrajzok\Elemrajzok__DWG__PDF_\Mélyépítés\Tisztítóakna_elemek\Akna_fenékelemek\AFE_100_-_130_LG_KN_-_Akna_fenékelem_gumigyűrűs_künet_nélkül_-_vízszintes_metszet.pdf
2025-07-01 21:47:16,961 - INFO - HTTP Request: GET https://www.leier.hu/hu/dokumentumtar/3109 "HTTP/1.1 200 OK"
2025-07-01 21:47:16,978 - INFO - ✅ Downloaded: C:\Users\Admin\.cursor\Lambda\src\backend\src\downloads\leier_datasheets\hu\Részletrajzok\Elemrajzok__DWG__PDF_\Mélyépítés\Kábelcsatorna\KCS_vályú_teljes_hosszmetszet.pdf
2025-07-01 21:47:17,260 - INFO - HTTP Request: GET https://www.leier.hu/hu/dokumentumtar/3438 "HTTP/1.1 200 OK"
2025-07-01 21:47:17,262 - INFO - HTTP Request: GET https://www.leier.hu/hu/dokumentumtar/3061 "HTTP/1.1 200 OK"
2025-07-01 21:47:17,274 - INFO - ✅ Downloaded: C:\Users\Admin\.cursor\Lambda\src\backend\src\downloads\leier_datasheets\hu\Részletrajzok\Elemrajzok__DWG__PDF_\Környezettechnika\Olajelválasztók_DWG\LOL_SUPER_8_max_P_melle_klet.pdf
2025-07-01 21:47:17,535 - INFO - HTTP Request: GET https://www.leier.hu/hu/dokumentumtar/2492 "HTTP/1.1 200 OK"
2025-07-01 21:47:17,536 - INFO - HTTP Request: GET https://www.leier.hu/hu/dokumentumtar/3414 "HTTP/1.1 200 OK"
2025-07-01 21:47:17,540 - INFO - HTTP Request: GET https://www.leier.hu/hu/dokumentumtar/2538 "HTTP/1.1 200 OK"
2025-07-01 21:47:17,551 - INFO - ✅ Downloaded: C:\Users\Admin\.cursor\Lambda\src\backend\src\downloads\leier_datasheets\hu\Részletrajzok\Elemrajzok__DWG__PDF_\Mélyépítés\Előfej_támfalelemek\TFE_40_-_Támfalelem_elölnézet.pdf
2025-07-01 21:47:17,810 - INFO - ✅ Downloaded: C:\Users\Admin\.cursor\Lambda\src\backend\src\downloads\leier_datasheets\hu\Részletrajzok\Csomópontok\Tető_részletrajzok\pdf\t05-elgerinc.pdf
2025-07-01 21:47:17,811 - INFO - ✅ Downloaded: C:\Users\Admin\.cursor\Lambda\src\backend\src\downloads\leier_datasheets\hu\Részletrajzok\Csomópontok\Kémény_részletrajzok\pdf\k041-kemeny-tetoatvez1.pdf
2025-07-01 21:47:18,340 - INFO - ✅ Downloaded: C:\Users\Admin\.cursor\Lambda\src\backend\src\downloads\leier_datasheets\hu\Részletrajzok\Elemrajzok__DWG__PDF_\Környezettechnika\Olajelválasztók_DWG\LOL_SUPER_25_max_KF_melle_klet.pdf
2025-07-01 21:47:18,342 - INFO - HTTP Request: GET https://www.leier.hu/hu/dokumentumtar/2760 "HTTP/1.1 200 OK"
2025-07-01 21:47:18,632 - INFO - ✅ Downloaded: C:\Users\Admin\.cursor\Lambda\src\backend\src\downloads\leier_datasheets\hu\LeierPress\LeierPress_2024.pdf
2025-07-01 21:47:18,903 - INFO - HTTP Request: GET https://www.leier.hu/hu/dokumentumtar/1969 "HTTP/1.1 200 OK"
2025-07-01 21:47:18,903 - INFO - ✅ Downloaded: C:\Users\Admin\.cursor\Lambda\src\backend\src\downloads\leier_datasheets\hu\Részletrajzok\Csomópontok\Kéregelemes_födém_részletrajzok\asc\leier-p04-kpanel-valaszfal.pdf
2025-07-01 21:47:19,175 - INFO - ✅ Downloaded: C:\Users\Admin\.cursor\Lambda\src\backend\src\downloads\leier_datasheets\hu\Teljesítménynyilatkozatok\Magasépítési_termékek\Tégla_termékek\Devecser_-_CE-tanúsítványok\Leiertherm\CE_-_Leiertherm_45_N_F_-_DE.pdf
2025-07-01 21:47:19,440 - INFO - HTTP Request: GET https://www.leier.hu/hu/dokumentumtar/3985 "HTTP/1.1 200 OK"
2025-07-01 21:47:19,469 - INFO - ✅ Downloaded: C:\Users\Admin\.cursor\Lambda\src\backend\src\downloads\leier_datasheets\hu\Részletrajzok\Csomópontok\Kéregfal_részletrajzok\pdf\e01-keregfal-alaplemez-j.pdf
2025-07-01 21:47:19,817 - INFO - HTTP Request: GET https://www.leier.hu/hu/dokumentumtar/2219 "HTTP/1.1 200 OK"
2025-07-01 21:47:19,820 - INFO - HTTP Request: GET https://www.leier.hu/hu/dokumentumtar/3982 "HTTP/1.1 200 OK"
2025-07-01 21:47:19,839 - INFO - HTTP Request: GET https://www.leier.hu/hu/dokumentumtar/3535 "HTTP/1.1 200 OK"
2025-07-01 21:47:19,842 - INFO - HTTP Request: GET https://www.leier.hu/hu/dokumentumtar/2541 "HTTP/1.1 200 OK"
2025-07-01 21:47:19,844 - INFO - HTTP Request: GET https://www.leier.hu/hu/dokumentumtar/3722 "HTTP/1.1 200 OK"
2025-07-01 21:47:19,849 - INFO - HTTP Request: GET https://www.leier.hu/hu/dokumentumtar/2432 "HTTP/1.1 200 OK"
2025-07-01 21:47:19,863 - INFO - ✅ Downloaded: C:\Users\Admin\.cursor\Lambda\src\backend\src\downloads\leier_datasheets\at\Verarbeitungsinfos\Verarbeitungsinfo_Pflastersteine.pdf
2025-07-01 21:47:20,137 - INFO - ✅ Downloaded: C:\Users\Admin\.cursor\Lambda\src\backend\src\downloads\leier_datasheets\hu\Termékadatlapok\Magasépítési_termékek\Nyílásáthidalók\MDE_terhelési_táblázat.pdf
2025-07-01 21:47:20,435 - INFO - ✅ Downloaded: C:\Users\Admin\.cursor\Lambda\src\backend\src\downloads\leier_datasheets\hu\Részletrajzok\Csomópontok\Kémény_részletrajzok\pdf\k02a-kemeny-fodemattor1.pdf
2025-07-01 21:47:20,760 - INFO - ✅ Downloaded: C:\Users\Admin\.cursor\Lambda\src\backend\src\downloads\leier_datasheets\hu\Részletrajzok\Elemrajzok__DWG__PDF_\Környezettechnika\Olajelválasztók_PDF\LOL_SUPER_15_max_KF_melleklet_PDF.pdf
2025-07-01 21:47:21,053 - INFO - HTTP Request: GET https://www.leier.hu/hu/dokumentumtar/2367 "HTTP/1.1 200 OK"
2025-07-01 21:47:21,071 - INFO - ✅ Downloaded: C:\Users\Admin\.cursor\Lambda\src\backend\src\downloads\leier_datasheets\hu\Részletrajzok\Csomópontok\Leier_Durisol_zajárnyékoló_falak\DWG\LSA_50_12_25_-_W_típusrajz.pdf
2025-07-01 21:47:21,357 - INFO - ✅ Downloaded: C:\Users\Admin\.cursor\Lambda\src\backend\src\downloads\leier_datasheets\hu\Részletrajzok\Csomópontok\Fal_részletrajzok\dwg\f04a-kulso-nyilaszaro1.pdf
2025-07-01 21:47:21,627 - INFO - HTTP Request: GET https://www.leier.hu/hu/dokumentumtar/2396 "HTTP/1.1 200 OK"
2025-07-01 21:47:21,637 - INFO - ✅ Downloaded: C:\Users\Admin\.cursor\Lambda\src\backend\src\downloads\leier_datasheets\hu\Részletrajzok\Csomópontok\Fal_részletrajzok\pln\f04b-kulso-nyilaszaro2.pdf
2025-07-01 21:47:21,908 - INFO - HTTP Request: GET https://www.leier.hu/hu/dokumentumtar/1968 "HTTP/1.1 200 OK"
2025-07-01 21:47:21,910 - INFO - HTTP Request: GET https://www.leier.hu/hu/dokumentumtar/3585 "HTTP/1.1 200 OK"
2025-07-01 21:47:21,925 - INFO - ✅ Downloaded: C:\Users\Admin\.cursor\Lambda\src\backend\src\downloads\leier_datasheets\hu\Teljesítménynyilatkozatok\Magasépítési_termékek\Tégla_termékek\Devecser_-_CE-tanúsítványok\Leiertherm\CE_-_Leiertherm_44_Pro_-_DE.pdf
2025-07-01 21:47:22,200 - INFO - ✅ Downloaded: C:\Users\Admin\.cursor\Lambda\src\backend\src\downloads\leier_datasheets\hu\Alkalmazástechnikák__Beépítési_útmutatók\Leier_tömör_vasbeton_födém_beépítési_útmutató.pdf
2025-07-01 21:47:22,201 - INFO - HTTP Request: GET https://www.leier.hu/hu/dokumentumtar/2798 "HTTP/1.1 200 OK"
2025-07-01 21:47:22,202 - INFO - HTTP Request: GET https://www.leier.hu/hu/dokumentumtar/3020 "HTTP/1.1 200 OK"
2025-07-01 21:47:22,494 - INFO - ✅ Downloaded: C:\Users\Admin\.cursor\Lambda\src\backend\src\downloads\leier_datasheets\hu\Részletrajzok\Elemrajzok__DWG__PDF_\Durisol_zajárnyékolás\Durisol_panel_396_100_egyedi_-_Elölnézet.pdf
2025-07-01 21:47:22,828 - INFO - HTTP Request: GET https://www.leier.hu/hu/dokumentumtar/3491 "HTTP/1.1 200 OK"
2025-07-01 21:47:22,829 - INFO - HTTP Request: GET https://www.leier.hu/hu/dokumentumtar/3774 "HTTP/1.1 200 OK"
2025-07-01 21:47:22,839 - INFO - ✅ Downloaded: C:\Users\Admin\.cursor\Lambda\src\backend\src\downloads\leier_datasheets\hu\Részletrajzok\Elemrajzok__DWG__PDF_\Mélyépítés\Betontartályok\LBT_7_-_Betontartály_vízszintes_metszet.pdf
2025-07-01 21:47:23,165 - INFO - ✅ Downloaded: C:\Users\Admin\.cursor\Lambda\src\backend\src\downloads\leier_datasheets\hu\Termékadatlapok\Kertépítés__díszburkolat\Térkövek\Leier_PIAZZA_20x10x8_térkő_termékadatlap.pdf
2025-07-01 21:47:23,435 - INFO - HTTP Request: GET https://www.leier.hu/hu/dokumentumtar/1973 "HTTP/1.1 200 OK"
2025-07-01 21:47:23,438 - INFO - ✅ Downloaded: C:\Users\Admin\.cursor\Lambda\src\backend\src\downloads\leier_datasheets\hu\Részletrajzok\Elemrajzok__DWG__PDF_\Környezettechnika\Olajelválasztók_PDF\LOL_SUPER_60_max_NF_melleklet_PDF.pdf
2025-07-01 21:47:23,706 - INFO - HTTP Request: GET https://www.leier.hu/hu/dokumentumtar/3926 "HTTP/1.1 200 OK"
2025-07-01 21:47:23,715 - INFO - ✅ Downloaded: C:\Users\Admin\.cursor\Lambda\src\backend\src\downloads\leier_datasheets\hu\Teljesítménynyilatkozatok\Magasépítési_termékek\Tégla_termékek\Devecser_-_CE-tanúsítványok\Leiertherm\CE_-_Leiertherm_30_Pro_-_DE.pdf
2025-07-01 21:47:24,052 - INFO - ✅ Downloaded: C:\Users\Admin\.cursor\Lambda\src\backend\src\downloads\leier_datasheets\hu\LeierPress\Leier_Újság_2005.pdf
2025-07-01 21:47:24,054 - INFO - HTTP Request: GET https://www.leier.hu/hu/dokumentumtar/3588 "HTTP/1.1 200 OK"
2025-07-01 21:47:24,335 - INFO - ✅ Downloaded: C:\Users\Admin\.cursor\Lambda\src\backend\src\downloads\leier_datasheets\at\Aufbauanleitungen\Aufbauanleitung_Architektur_Hochbeet_Set_Rosmarin.pdf
2025-07-01 21:47:24,613 - INFO - HTTP Request: GET https://www.leier.hu/hu/dokumentumtar/3953 "HTTP/1.1 200 OK"
2025-07-01 21:47:24,614 - INFO - HTTP Request: GET https://www.leier.hu/hu/dokumentumtar/4071 "HTTP/1.1 200 OK"
2025-07-01 21:47:24,621 - INFO - ✅ Downloaded: C:\Users\Admin\.cursor\Lambda\src\backend\src\downloads\leier_datasheets\hu\Részletrajzok\Elemrajzok__DWG__PDF_\Durisol_zajárnyékolás\Durisol_panel_396_100_DSI_25_13_W_-_Metszet.pdf
2025-07-01 21:47:24,944 - INFO - ✅ Downloaded: C:\Users\Admin\.cursor\Lambda\src\backend\src\downloads\leier_datasheets\at\Allgemeine_Hinweise\Allg__Hinweise_zu_Tausalz.pdf
2025-07-01 21:47:25,209 - INFO - HTTP Request: GET https://www.leier.hu/hu/dokumentumtar/2479 "HTTP/1.1 200 OK"
2025-07-01 21:47:25,210 - INFO - HTTP Request: GET https://www.leier.hu/hu/dokumentumtar/3413 "HTTP/1.1 200 OK"
2025-07-01 21:47:25,218 - INFO - ✅ Downloaded: C:\Users\Admin\.cursor\Lambda\src\backend\src\downloads\leier_datasheets\hu\Teljesítménynyilatkozatok\Magasépítési_termékek\Tégla_termékek\Mátraderecske_-_Teljesítménynyilatkozatok\Teljesítménynyilatkozat_Leiertherm_12_N_F_-_LE_MD771-1-16-01.pdf
2025-07-01 21:47:25,493 - INFO - ✅ Downloaded: C:\Users\Admin\.cursor\Lambda\src\backend\src\downloads\leier_datasheets\hu\Részletrajzok\Elemrajzok__DWG__PDF_\Környezettechnika\Olajelválasztók_DWG\LOL_SUPER_25_max_NF_melle_klet.pdf
2025-07-01 21:47:25,494 - INFO - ✅ Downloaded: C:\Users\Admin\.cursor\Lambda\src\backend\src\downloads\leier_datasheets\hu\Részletrajzok\Csomópontok\Tető_részletrajzok\dwg\t05-elgerinc.pdf
2025-07-01 21:47:25,495 - INFO - HTTP Request: GET https://www.leier.hu/hu/dokumentumtar/2358 "HTTP/1.1 200 OK"
2025-07-01 21:47:25,496 - INFO - HTTP Request: GET https://www.leier.hu/hu/dokumentumtar/1898 "HTTP/1.1 200 OK"
2025-07-01 21:47:26,075 - INFO - ✅ Downloaded: C:\Users\Admin\.cursor\Lambda\src\backend\src\downloads\leier_datasheets\hu\Részletrajzok\Csomópontok\Fal_részletrajzok\dwg\f09c-zsaluko-alap-tv.pdf
2025-07-01 21:47:26,352 - INFO - HTTP Request: GET https://www.leier.hu/hu/dokumentumtar/3264 "HTTP/1.1 200 OK"
2025-07-01 21:47:26,373 - INFO - ✅ Downloaded: C:\Users\Admin\.cursor\Lambda\src\backend\src\downloads\leier_datasheets\hu\Részletrajzok\Elemrajzok__DWG__PDF_\Mélyépítés\Tisztítóakna_elemek\Akna_fenékelemek\AFE_100_-_100_LG_KN_-_Akna_fenékelem_gumigyűrűs_künet_nélkül_-_függőleges_metszet.pdf
2025-07-01 21:47:26,663 - INFO - HTTP Request: GET https://www.leier.hu/hu/dokumentumtar/3209 "HTTP/1.1 200 OK"
2025-07-01 21:47:26,664 - INFO - HTTP Request: GET https://www.leier.hu/hu/dokumentumtar/3425 "HTTP/1.1 200 OK"
2025-07-01 21:47:26,676 - INFO - ✅ Downloaded: C:\Users\Admin\.cursor\Lambda\src\backend\src\downloads\leier_datasheets\hu\Részletrajzok\Elemrajzok__DWG__PDF_\Környezettechnika\Olajelválasztók_DWG\LOL_SUPER_15_NF_melle_klet.pdf
2025-07-01 21:47:26,953 - INFO - HTTP Request: GET https://www.leier.hu/hu/dokumentumtar/2450 "HTTP/1.1 200 OK"
2025-07-01 21:47:26,954 - INFO - HTTP Request: GET https://www.leier.hu/hu/dokumentumtar/4129 "HTTP/1.1 200 OK"
2025-07-01 21:47:26,955 - INFO - HTTP Request: GET https://www.leier.hu/hu/dokumentumtar/1919 "HTTP/1.1 200 OK"
2025-07-01 21:47:26,971 - INFO - ✅ Downloaded: C:\Users\Admin\.cursor\Lambda\src\backend\src\downloads\leier_datasheets\hu\Részletrajzok\Elemrajzok__DWG__PDF_\Mélyépítés\Tisztítóakna_elemek\Aknaszűkítő_elemek\ASZ_100_-_62_5_-_60_L_-_Akna_szűkítő_-_fügőleges_metszet.pdf
2025-07-01 21:47:27,249 - INFO - ✅ Downloaded: C:\Users\Admin\.cursor\Lambda\src\backend\src\downloads\leier_datasheets\hu\Termékadatlapok\Magasépítési_termékek\Beton_falazóelemek\Leier_beton_ZS30_adatlap_pdf.pdf
2025-07-01 21:47:27,511 - INFO - ✅ Downloaded: C:\Users\Admin\.cursor\Lambda\src\backend\src\downloads\leier_datasheets\hu\Részletrajzok\Csomópontok\Leier_Durisol_zajárnyékoló_falak\PDF\Kiékelés_részletrajza.pdf
2025-07-01 21:47:27,512 - INFO - HTTP Request: GET https://www.leier.hu/hu/dokumentumtar/2605 "HTTP/1.1 200 OK"
2025-07-01 21:47:27,788 - INFO - ✅ Downloaded: C:\Users\Admin\.cursor\Lambda\src\backend\src\downloads\leier_datasheets\hu\Alkalmazástechnikák__Beépítési_útmutatók\Kéregelemes_födémek_-_beépítési_útmutató.pdf
2025-07-01 21:47:28,066 - INFO - ✅ Downloaded: C:\Users\Admin\.cursor\Lambda\src\backend\src\downloads\leier_datasheets\hu\Részletrajzok\Csomópontok\Födém_részletrajzok\dxf\leier-m05a-mesterf-terasz1.pdf
2025-07-01 21:47:28,338 - INFO - HTTP Request: GET https://www.leier.hu/hu/dokumentumtar/3048 "HTTP/1.1 200 OK"
2025-07-01 21:47:28,344 - INFO - ✅ Downloaded: C:\Users\Admin\.cursor\Lambda\src\backend\src\downloads\leier_datasheets\hu\Prospektusok\Leier_Modul-Skate_pályaelemek_-_Prospektus.pdf
2025-07-01 21:47:28,613 - INFO - HTTP Request: GET https://www.leier.hu/hu/dokumentumtar/3286 "HTTP/1.1 200 OK"
2025-07-01 21:47:28,621 - INFO - ✅ Downloaded: C:\Users\Admin\.cursor\Lambda\src\backend\src\downloads\leier_datasheets\hu\Részletrajzok\Elemrajzok__DWG__PDF_\Mélyépítés\Előfej_támfalelemek\TFE_60_-_Támfalelem_metszet.pdf
2025-07-01 21:47:28,888 - INFO - HTTP Request: GET https://www.leier.hu/hu/dokumentumtar/2623 "HTTP/1.1 200 OK"
2025-07-01 21:47:28,889 - INFO - HTTP Request: GET https://www.leier.hu/hu/dokumentumtar/2010 "HTTP/1.1 200 OK"
2025-07-01 21:47:28,896 - INFO - HTTP Request: GET https://www.leier.hu/hu/dokumentumtar/1985 "HTTP/1.1 200 OK"
2025-07-01 21:47:28,910 - INFO - ✅ Downloaded: C:\Users\Admin\.cursor\Lambda\src\backend\src\downloads\leier_datasheets\hu\Részletrajzok\Elemrajzok__DWG__PDF_\Mélyépítés\Vízelnyelőakna_elemek\V_FE_50_5_L_-_Víznyelő_felsőelem_felülnézet.pdf
2025-07-01 21:47:29,173 - INFO - ✅ Downloaded: C:\Users\Admin\.cursor\Lambda\src\backend\src\downloads\leier_datasheets\hu\Teljesítménynyilatkozatok\Magasépítési_termékek\Tégla_termékek\Devecser_-_Teljesítménynyilatkozatok\LeierPLAN\Teljesítménynyilatkozat_-_LeierPLAN_44_iSO__LE_DE771-1-18-03.pdf
2025-07-01 21:47:29,430 - INFO - ✅ Downloaded: C:\Users\Admin\.cursor\Lambda\src\backend\src\downloads\leier_datasheets\hu\Teljesítménynyilatkozatok\Magasépítési_termékek\Tégla_termékek\Devecser_-_Teljesítménynyilatkozatok\Leiertherm\Teljesítménynyilatkozat_-_Leiertherm_45_N_F_-_DE_LE_DE771-1-01-03.pdf
2025-07-01 21:47:29,691 - INFO - HTTP Request: GET https://www.leier.hu/hu/dokumentumtar/3884 "HTTP/1.1 200 OK"
2025-07-01 21:47:29,694 - INFO - HTTP Request: GET https://www.leier.hu/hu/dokumentumtar/3416 "HTTP/1.1 200 OK"
2025-07-01 21:47:29,705 - INFO - ✅ Downloaded: C:\Users\Admin\.cursor\Lambda\src\backend\src\downloads\leier_datasheets\hu\Teljesítménynyilatkozatok\Tetőfedő_rendszerek\Betoncserép_-_Hajdúszoboszló_-_Teljesítménynyilatkozat_LE_HA490-04.pdf
2025-07-01 21:47:29,964 - INFO - ✅ Downloaded: C:\Users\Admin\.cursor\Lambda\src\backend\src\downloads\leier_datasheets\hu\Részletrajzok\Elemrajzok__DWG__PDF_\Környezettechnika\Olajelválasztók_DWG\LOL_SUPER_20_P_melle_klet.pdf
2025-07-01 21:47:30,235 - INFO - HTTP Request: GET https://www.leier.hu/hu/dokumentumtar/2042 "HTTP/1.1 200 OK"
2025-07-01 21:47:30,245 - INFO - ✅ Downloaded: C:\Users\Admin\.cursor\Lambda\src\backend\src\downloads\leier_datasheets\hu\Teljesítménynyilatkozatok\Magasépítési_termékek\Tégla_termékek\Mátraderecske_-_Teljesítménynyilatkozatok\Teljesítménynyilatkozat_-_Leiertherm_38_N_F_-_MD_LE_MD771-1-02-03.pdf
2025-07-01 21:47:30,549 - INFO - HTTP Request: GET https://www.leier.hu/hu/dokumentumtar/2036 "HTTP/1.1 200 OK"
2025-07-01 21:47:30,567 - INFO - ✅ Downloaded: C:\Users\Admin\.cursor\Lambda\src\backend\src\downloads\leier_datasheets\hu\Teljesítménynyilatkozatok\Magasépítési_termékek\Tégla_termékek\Mátraderecske_-_Teljesítménynyilatkozatok\Teljesítménynyilatkozat_-_Leiertherm_250\120\65_kisméretű_LE_MD771-1-08-03.pdf
2025-07-01 21:47:30,845 - INFO - ✅ Downloaded: C:\Users\Admin\.cursor\Lambda\src\backend\src\downloads\leier_datasheets\at\Preislisten\Preisliste_Garten_2024.pdf
2025-07-01 21:47:31,109 - INFO - HTTP Request: GET https://www.leier.hu/hu/dokumentumtar/3301 "HTTP/1.1 200 OK"
2025-07-01 21:47:31,111 - INFO - HTTP Request: GET https://www.leier.hu/hu/dokumentumtar/3244 "HTTP/1.1 200 OK"
2025-07-01 21:47:31,115 - INFO - HTTP Request: GET https://www.leier.hu/hu/dokumentumtar/2448 "HTTP/1.1 200 OK"
2025-07-01 21:47:31,126 - INFO - ✅ Downloaded: C:\Users\Admin\.cursor\Lambda\src\backend\src\downloads\leier_datasheets\hu\Részletrajzok\Elemrajzok__DWG__PDF_\Mélyépítés\Vízelnyelőakna_elemek\Vi_znyelő_összea_ll_.pdf
2025-07-01 21:47:31,126 - INFO - ✅ Downloaded: C:\Users\Admin\.cursor\Lambda\src\backend\src\downloads\leier_datasheets\hu\Részletrajzok\Elemrajzok__DWG__PDF_\Mélyépítés\Tisztítóakna_elemek\Aknagyűrűk\AGY_80_100_L.pdf
2025-07-01 21:47:31,654 - INFO - HTTP Request: GET https://www.leier.hu/hu/dokumentumtar/2421 "HTTP/1.1 200 OK"
2025-07-01 21:47:31,666 - INFO - HTTP Request: GET https://www.leier.hu/hu/dokumentumtar/3097 "HTTP/1.1 200 OK"
2025-07-01 21:47:31,674 - INFO - ✅ Downloaded: C:\Users\Admin\.cursor\Lambda\src\backend\src\downloads\leier_datasheets\hu\Részletrajzok\Csomópontok\Fal_részletrajzok\dxf\Leier_f10b-belso-zsalu-alap1.pdf
2025-07-01 21:47:31,966 - INFO - HTTP Request: GET https://www.leier.hu/hu/dokumentumtar/2372 "HTTP/1.1 200 OK"
2025-07-01 21:47:31,970 - INFO - ✅ Downloaded: C:\Users\Admin\.cursor\Lambda\src\backend\src\downloads\leier_datasheets\hu\Részletrajzok\Csomópontok\Leier_Durisol_zajárnyékoló_falak\PDF\Leier_Durisol_fal_hossz_szelvény_metszettel.pdf
2025-07-01 21:47:32,285 - INFO - HTTP Request: GET https://www.leier.hu/hu/dokumentumtar/4046 "HTTP/1.1 200 OK"
2025-07-01 21:47:32,286 - INFO - HTTP Request: GET https://www.leier.hu/hu/dokumentumtar/3236 "HTTP/1.1 200 OK"
2025-07-01 21:47:32,291 - INFO - ✅ Downloaded: C:\Users\Admin\.cursor\Lambda\src\backend\src\downloads\leier_datasheets\hu\Részletrajzok\Elemrajzok__DWG__PDF_\Mélyépítés\Előfej_támfalelemek\LEF_100_-_Előfej_betoncsőhöz_-_felülnézet.pdf
2025-07-01 21:47:32,561 - INFO - ✅ Downloaded: C:\Users\Admin\.cursor\Lambda\src\backend\src\downloads\leier_datasheets\hu\Részletrajzok\Csomópontok\Fal_részletrajzok\pdf\f10b-belso-zsalu-alap.pdf
2025-07-01 21:47:32,847 - INFO - HTTP Request: GET https://www.leier.hu/hu/dokumentumtar/2125 "HTTP/1.1 200 OK"
2025-07-01 21:47:32,848 - INFO - HTTP Request: GET https://www.leier.hu/hu/dokumentumtar/3796 "HTTP/1.1 200 OK"
2025-07-01 21:47:32,857 - INFO - ✅ Downloaded: C:\Users\Admin\.cursor\Lambda\src\backend\src\downloads\leier_datasheets\at\Verlegemuster\Verlegemuster_Dorfplatz_Pflaster.pdf
2025-07-01 21:47:33,117 - INFO - ✅ Downloaded: C:\Users\Admin\.cursor\Lambda\src\backend\src\downloads\leier_datasheets\hu\Részletrajzok\Elemrajzok__DWG__PDF_\Mélyépítés\Tisztítóakna_elemek\Aknagyűrűk\AGY_100_-_100_LG_-_Aknagyűrű_gumigyűrűs_-_függőleges_metszet.pdf
2025-07-01 21:47:33,390 - INFO - HTTP Request: GET https://www.leier.hu/hu/dokumentumtar/3427 "HTTP/1.1 200 OK"
2025-07-01 21:47:33,391 - INFO - ✅ Downloaded: C:\Users\Admin\.cursor\Lambda\src\backend\src\downloads\leier_datasheets\hu\Teljesítménynyilatkozatok\Kertépítés__díszburkolat\Kerítéskő_-_Gönyű_-_Teljesítménynyilatkozat_-_LE_GO15435-01_K_.pdf
2025-07-01 21:47:33,657 - INFO - ✅ Downloaded: C:\Users\Admin\.cursor\Lambda\src\backend\src\downloads\leier_datasheets\hu\Teljesítménynyilatkozatok\Kertépítés__díszburkolat\Leier_kertépitesi_szegélykövek_teljesítménynyilatkozat-NR_LE_HU1340_K__01.pdf
2025-07-01 21:47:33,935 - INFO - HTTP Request: GET https://www.leier.hu/hu/dokumentumtar/1902 "HTTP/1.1 200 OK"
2025-07-01 21:47:33,939 - INFO - ✅ Downloaded: C:\Users\Admin\.cursor\Lambda\src\backend\src\downloads\leier_datasheets\hu\Részletrajzok\Elemrajzok__DWG__PDF_\Környezettechnika\Olajelválasztók_DWG\LOL_SUPER_15_max_NF_melle_klet.pdf
2025-07-01 21:47:34,210 - INFO - HTTP Request: GET https://www.leier.hu/hu/dokumentumtar/2510 "HTTP/1.1 200 OK"
2025-07-01 21:47:34,211 - INFO - HTTP Request: GET https://www.leier.hu/hu/dokumentumtar/2070 "HTTP/1.1 200 OK"
2025-07-01 21:47:34,226 - INFO - ✅ Downloaded: C:\Users\Admin\.cursor\Lambda\src\backend\src\downloads\leier_datasheets\hu\Prospektusok\Leier_Durisol_peronelem_-_Prospektus.pdf
2025-07-01 21:47:34,227 - INFO - ✅ Downloaded: C:\Users\Admin\.cursor\Lambda\src\backend\src\downloads\leier_datasheets\hu\Teljesítménynyilatkozatok\Magasépítési_termékek\Beton_falazóelemek\Zsaluzóelem_-_Gönyű_-_Teljesítménynyilatkozat_LE_GO15435-02.pdf
2025-07-01 21:47:34,761 - INFO - ✅ Downloaded: C:\Users\Admin\.cursor\Lambda\src\backend\src\downloads\leier_datasheets\hu\Részletrajzok\Csomópontok\Tető_részletrajzok\pln\t10-szellozo.pdf
2025-07-01 21:47:35,047 - INFO - HTTP Request: GET https://www.leier.hu/hu/dokumentumtar/3490 "HTTP/1.1 200 OK"
2025-07-01 21:47:35,049 - INFO - HTTP Request: GET https://www.leier.hu/hu/dokumentumtar/2946 "HTTP/1.1 200 OK"
2025-07-01 21:47:35,061 - INFO - ✅ Downloaded: C:\Users\Admin\.cursor\Lambda\src\backend\src\downloads\leier_datasheets\hu\Részletrajzok\Elemrajzok__DWG__PDF_\Környezettechnika\Olajelválasztók_PDF\LOL_SUPER_60_max_P_melleklet_PDF.pdf
2025-07-01 21:47:35,323 - INFO - HTTP Request: GET https://www.leier.hu/hu/dokumentumtar/3314 "HTTP/1.1 200 OK"
2025-07-01 21:47:35,324 - INFO - HTTP Request: GET https://www.leier.hu/hu/dokumentumtar/2544 "HTTP/1.1 200 OK"
2025-07-01 21:47:35,332 - INFO - ✅ Downloaded: C:\Users\Admin\.cursor\Lambda\src\backend\src\downloads\leier_datasheets\hu\Részletrajzok\Elemrajzok__DWG__PDF_\Mélyépítés\Átemelőakna_elemek\AGY_200_215_LG_-_Átemelő_gyűrű_gumigyűrűs.pdf
2025-07-01 21:47:35,646 - INFO - HTTP Request: GET https://www.leier.hu/hu/dokumentumtar/2495 "HTTP/1.1 200 OK"
2025-07-01 21:47:35,647 - INFO - ✅ Downloaded: C:\Users\Admin\.cursor\Lambda\src\backend\src\downloads\leier_datasheets\hu\Részletrajzok\Csomópontok\Kémény_részletrajzok\pln\k042-kemeny-tetoatvez2.pdf
2025-07-01 21:47:35,919 - INFO - ✅ Downloaded: C:\Users\Admin\.cursor\Lambda\src\backend\src\downloads\leier_datasheets\hu\Részletrajzok\Elemrajzok__DWG__PDF_\Környezettechnika\Iszapfogók_DWG\LIF_240_215L_Iszapfogó_-_függőleges_metszet.pdf
2025-07-01 21:47:36,193 - INFO - ✅ Downloaded: C:\Users\Admin\.cursor\Lambda\src\backend\src\downloads\leier_datasheets\hu\Részletrajzok\Csomópontok\Tető_részletrajzok\pdf\t02-gerinc.pdf
2025-07-01 21:47:36,194 - INFO - HTTP Request: GET https://www.leier.hu/hu/dokumentumtar/2513 "HTTP/1.1 200 OK"
2025-07-01 21:47:36,195 - INFO - HTTP Request: GET https://www.leier.hu/hu/dokumentumtar/2735 "HTTP/1.1 200 OK"
2025-07-01 21:47:36,195 - INFO - HTTP Request: GET https://www.leier.hu/hu/dokumentumtar/2651 "HTTP/1.1 200 OK"
2025-07-01 21:47:36,463 - INFO - ✅ Downloaded: C:\Users\Admin\.cursor\Lambda\src\backend\src\downloads\leier_datasheets\hu\Részletrajzok\Csomópontok\Kéregelemes_födém_részletrajzok\pdf\p06-kpanel-lepcso.pdf
2025-07-01 21:47:36,723 - INFO - ✅ Downloaded: C:\Users\Admin\.cursor\Lambda\src\backend\src\downloads\leier_datasheets\hu\Részletrajzok\Csomópontok\Tető_részletrajzok\pln\t08a-orom-cserep.pdf
2025-07-01 21:47:36,987 - INFO - HTTP Request: GET https://www.leier.hu/hu/dokumentumtar/1978 "HTTP/1.1 200 OK"
2025-07-01 21:47:36,995 - INFO - ✅ Downloaded: C:\Users\Admin\.cursor\Lambda\src\backend\src\downloads\leier_datasheets\hu\Részletrajzok\Csomópontok\Térburkolat_részletrajzok\dwg\b06a-folyoka1.pdf
2025-07-01 21:47:37,260 - INFO - HTTP Request: GET https://www.leier.hu/hu/dokumentumtar/3577 "HTTP/1.1 200 OK"
2025-07-01 21:47:37,262 - INFO - HTTP Request: GET https://www.leier.hu/hu/dokumentumtar/3900 "HTTP/1.1 200 OK"
2025-07-01 21:47:37,265 - INFO - ✅ Downloaded: C:\Users\Admin\.cursor\Lambda\src\backend\src\downloads\leier_datasheets\hu\Teljesítménynyilatkozatok\Magasépítési_termékek\Tégla_termékek\Devecser_-_Teljesítménynyilatkozatok\LeierPLAN\Teljesítménynyilatkozat_-_LeierPLAN_12_N_F_LE_DE771-1-15-04.pdf
2025-07-01 21:47:37,549 - INFO - ✅ Downloaded: C:\Users\Admin\.cursor\Lambda\src\backend\src\downloads\leier_datasheets\hu\Részletrajzok\Elemrajzok__DWG__PDF_\Durisol_zajárnyékolás\Durisol_panel_396_450_hálós_-_Elölnézet.pdf
2025-07-01 21:47:37,820 - INFO - HTTP Request: GET https://www.leier.hu/hu/dokumentumtar/2327 "HTTP/1.1 200 OK"
2025-07-01 21:47:37,821 - INFO - HTTP Request: GET https://www.leier.hu/hu/dokumentumtar/3678 "HTTP/1.1 200 OK"
2025-07-01 21:47:37,822 - INFO - HTTP Request: GET https://www.leier.hu/hu/dokumentumtar/3396 "HTTP/1.1 200 OK"
2025-07-01 21:47:37,833 - INFO - ✅ Downloaded: C:\Users\Admin\.cursor\Lambda\src\backend\src\downloads\leier_datasheets\hu\Részletrajzok\Elemrajzok__DWG__PDF_\Környezettechnika\Olajelválasztók_DWG\LOL_SUPER_50_KF_melle_klet.pdf
2025-07-01 21:47:38,128 - INFO - HTTP Request: GET https://www.leier.hu/hu/dokumentumtar/3861 "HTTP/1.1 200 OK"
2025-07-01 21:47:38,130 - INFO - HTTP Request: GET https://www.leier.hu/hu/dokumentumtar/3026 "HTTP/1.1 200 OK"
2025-07-01 21:47:38,134 - INFO - ✅ Downloaded: C:\Users\Admin\.cursor\Lambda\src\backend\src\downloads\leier_datasheets\hu\Biztonságtechnikai_adatlapok\LeierPLAN_vékonyágyas_falazóhabarcs_-_Biztonságtechnikai_adatlap.pdf
2025-07-01 21:47:38,406 - INFO - HTTP Request: GET https://www.leier.hu/hu/dokumentumtar/2586 "HTTP/1.1 200 OK"
2025-07-01 21:47:38,411 - INFO - ✅ Downloaded: C:\Users\Admin\.cursor\Lambda\src\backend\src\downloads\leier_datasheets\hu\Teljesítménynyilatkozatok\Kertépítés__díszburkolat\Leier_útépitési_szegélykövek_-Teljesítménynyilatkozat-NR_LE_HU1340_U_01.pdf
2025-07-01 21:47:38,672 - INFO - ✅ Downloaded: C:\Users\Admin\.cursor\Lambda\src\backend\src\downloads\leier_datasheets\hu\Termékadatlapok\Előregyártott_termékek\Tűzvédelmi_segédlet.pdf
2025-07-01 21:47:38,957 - INFO - HTTP Request: GET https://www.leier.hu/hu/dokumentumtar/3369 "HTTP/1.1 200 OK"
2025-07-01 21:47:38,960 - INFO - ✅ Downloaded: C:\Users\Admin\.cursor\Lambda\src\backend\src\downloads\leier_datasheets\hu\Prospektusok\Leier_Durisol_zajárnyékoló_falrendszerek_-_Prospektus.pdf
2025-07-01 21:47:39,221 - INFO - ✅ Downloaded: C:\Users\Admin\.cursor\Lambda\src\backend\src\downloads\leier_datasheets\hu\Részletrajzok\Elemrajzok__DWG__PDF_\Mélyépítés\Betontartályok\LBT_4_-_Betontartály_vízszintes_metszet.pdf
2025-07-01 21:47:39,221 - INFO - ✅ Downloaded: C:\Users\Admin\.cursor\Lambda\src\backend\src\downloads\leier_datasheets\hu\Részletrajzok\Csomópontok\Födém_részletrajzok\pln\m05a-mesterf-terasz1.pdf
2025-07-01 21:47:39,736 - INFO - HTTP Request: GET https://www.leier.hu/hu/dokumentumtar/2976 "HTTP/1.1 200 OK"
2025-07-01 21:47:39,749 - INFO - ✅ Downloaded: C:\Users\Admin\.cursor\Lambda\src\backend\src\downloads\leier_datasheets\hu\Részletrajzok\Elemrajzok__DWG__PDF_\Környezettechnika\Olajelválasztók_DWG\LOL_SUPER_100_P_melle_klet.pdf
2025-07-01 21:47:40,016 - INFO - HTTP Request: GET https://www.leier.hu/hu/dokumentumtar/2472 "HTTP/1.1 200 OK"
2025-07-01 21:47:40,024 - INFO - ✅ Downloaded: C:\Users\Admin\.cursor\Lambda\src\backend\src\downloads\leier_datasheets\hu\Részletrajzok\Elemrajzok__DWG__PDF_\Mélyépítés\Átemelőakna_elemek\AFE_160_230_L_-_Átemelő_fenékelem.pdf
2025-07-01 21:47:40,297 - INFO - ✅ Downloaded: C:\Users\Admin\.cursor\Lambda\src\backend\src\downloads\leier_datasheets\hu\Részletrajzok\Csomópontok\Tető_részletrajzok\dwg\t09b-alcsat-fem.pdf
2025-07-01 21:47:40,298 - INFO - HTTP Request: GET https://www.leier.hu/hu/dokumentumtar/3117 "HTTP/1.1 200 OK"
2025-07-01 21:47:40,300 - INFO - HTTP Request: GET https://www.leier.hu/hu/dokumentumtar/3076 "HTTP/1.1 200 OK"
2025-07-01 21:47:40,601 - INFO - ✅ Downloaded: C:\Users\Admin\.cursor\Lambda\src\backend\src\downloads\leier_datasheets\hu\Részletrajzok\Elemrajzok__DWG__PDF_\Mélyépítés\Kábelcsatorna\KCS_vályú_könnyített_hosszmetszet.pdf
2025-07-01 21:47:40,880 - INFO - HTTP Request: GET https://www.leier.hu/hu/dokumentumtar/3302 "HTTP/1.1 200 OK"
2025-07-01 21:47:40,881 - INFO - HTTP Request: GET https://www.leier.hu/hu/dokumentumtar/3015 "HTTP/1.1 200 OK"
2025-07-01 21:47:40,882 - INFO - HTTP Request: GET https://www.leier.hu/hu/dokumentumtar/2909 "HTTP/1.1 200 OK"
2025-07-01 21:47:40,887 - INFO - ✅ Downloaded: C:\Users\Admin\.cursor\Lambda\src\backend\src\downloads\leier_datasheets\hu\Részletrajzok\Elemrajzok__DWG__PDF_\Mélyépítés\Előfej_támfalelemek\LEF_60_-_Előfej_betoncsőhöz_-_felülnézet.pdf
2025-07-01 21:47:41,157 - INFO - HTTP Request: GET https://www.leier.hu/hu/dokumentumtar/2390 "HTTP/1.1 200 OK"
2025-07-01 21:47:41,160 - INFO - ✅ Downloaded: C:\Users\Admin\.cursor\Lambda\src\backend\src\downloads\leier_datasheets\hu\Részletrajzok\Elemrajzok__DWG__PDF_\Mélyépítés\Vízelnyelőakna_elemek\VFE.pdf
2025-07-01 21:47:41,450 - INFO - ✅ Downloaded: C:\Users\Admin\.cursor\Lambda\src\backend\src\downloads\leier_datasheets\hu\Részletrajzok\Elemrajzok__DWG__PDF_\Mélyépítés\Betoncsövek\TA_40_100_-_Talpas_betoncső_hosszmetszet.pdf
2025-07-01 21:47:41,450 - INFO - ✅ Downloaded: C:\Users\Admin\.cursor\Lambda\src\backend\src\downloads\leier_datasheets\hu\Részletrajzok\Csomópontok\Fal_részletrajzok\pln\f09a-uni-alapozas-tn.pdf
2025-07-01 21:47:41,451 - INFO - ✅ Downloaded: C:\Users\Admin\.cursor\Lambda\src\backend\src\downloads\leier_datasheets\hu\Részletrajzok\Elemrajzok__DWG__PDF_\Mélyépítés\Árokburkoló-_és_árokelemek\ÁBE_F_20_30_-_50L_-_Bordás_fedlap_víznyelős_-_felülnézet.pdf
2025-07-01 21:47:42,250 - INFO - HTTP Request: GET https://www.leier.hu/hu/dokumentumtar/3513 "HTTP/1.1 200 OK"
2025-07-01 21:47:42,251 - INFO - HTTP Request: GET https://www.leier.hu/hu/dokumentumtar/3146 "HTTP/1.1 200 OK"
2025-07-01 21:47:42,263 - INFO - ✅ Downloaded: C:\Users\Admin\.cursor\Lambda\src\backend\src\downloads\leier_datasheets\hu\Részletrajzok\Elemrajzok__DWG__PDF_\Környezettechnika\Olajelválasztók_PDF\LOL_SUPER_30_max_NF_melleklet_PDF.pdf
2025-07-01 21:47:42,534 - INFO - HTTP Request: GET https://www.leier.hu/hu/dokumentumtar/3163 "HTTP/1.1 200 OK"
2025-07-01 21:47:42,542 - INFO - ✅ Downloaded: C:\Users\Admin\.cursor\Lambda\src\backend\src\downloads\leier_datasheets\hu\Részletrajzok\Csomópontok\Kéregfal_részletrajzok\pdf\e02-alapozas-szig-j.pdf
2025-07-01 21:47:42,814 - INFO - ✅ Downloaded: C:\Users\Admin\.cursor\Lambda\src\backend\src\downloads\leier_datasheets\hu\Részletrajzok\Elemrajzok__DWG__PDF_\Mélyépítés\Kábelcsatorna\KCS_elválasztó_ív_kicsi_elöl.pdf
2025-07-01 21:47:43,086 - INFO - HTTP Request: GET https://www.leier.hu/hu/dokumentumtar/2035 "HTTP/1.1 200 OK"
2025-07-01 21:47:43,088 - INFO - HTTP Request: GET https://www.leier.hu/hu/dokumentumtar/4050 "HTTP/1.1 200 OK"
2025-07-01 21:47:43,101 - ERROR - ❌ Failed to download https://www.leier.hu/hu/dokumentumtar/2035: [Errno 2] No such file or directory: 'C:\\Users\\Admin\\.cursor\\Lambda\\src\\backend\\src\\downloads\\leier_datasheets\\hu\\Teljesítménynyilatkozatok\\Magasépítési_termékek\\Tégla_termékek\\Mátraderecske_-_Teljesítménynyilatkozatok\\Teljesítménynyilatkozat_-_Leiertherm_250\\120\\65_kevéslyukú_LE_MD771-1-09-03.pdf'
2025-07-01 21:47:43,365 - INFO - ✅ Downloaded: C:\Users\Admin\.cursor\Lambda\src\backend\src\downloads\leier_datasheets\hu\Részletrajzok\Elemrajzok__DWG__PDF_\Mélyépítés\Keretelemek\LKE_200_-_200_-_197_-_Keret_előfej_kezdőelem_-_felülnézet.pdf
2025-07-01 21:47:43,633 - INFO - HTTP Request: GET https://www.leier.hu/hu/dokumentumtar/3771 "HTTP/1.1 200 OK"
2025-07-01 21:47:43,635 - INFO - HTTP Request: GET https://www.leier.hu/hu/dokumentumtar/3557 "HTTP/1.1 200 OK"
2025-07-01 21:47:43,636 - INFO - HTTP Request: GET https://www.leier.hu/hu/dokumentumtar/4173 "HTTP/1.1 200 OK"
2025-07-01 21:47:43,646 - INFO - ✅ Downloaded: C:\Users\Admin\.cursor\Lambda\src\backend\src\downloads\leier_datasheets\hu\Termékadatlapok\Kertépítés__díszburkolat\Térkövek\Leier_SOLIDO_térkő_termékadatlap.pdf
2025-07-01 21:47:43,975 - INFO - ✅ Downloaded: C:\Users\Admin\.cursor\Lambda\src\backend\src\downloads\leier_datasheets\hu\Részletrajzok\Elemrajzok__DWG__PDF_\Környezettechnika\Olajelválasztók_PDF\LOL_SUPER_3_max_P_melleklet_PDF.pdf
2025-07-01 21:47:43,976 - INFO - HTTP Request: GET https://www.leier.hu/hu/dokumentumtar/3002 "HTTP/1.1 200 OK"
2025-07-01 21:47:44,261 - INFO - ✅ Downloaded: C:\Users\Admin\.cursor\Lambda\src\backend\src\downloads\leier_datasheets\hu\Részletrajzok\Elemrajzok__DWG__PDF_\Mélyépítés\Betoncsövek\to-60-200l-tokos-betoncso-hosszmetszet_dwg.pdf
2025-07-01 21:47:44,587 - INFO - HTTP Request: GET https://www.leier.hu/hu/dokumentumtar/3334 "HTTP/1.1 200 OK"
2025-07-01 21:47:44,588 - INFO - HTTP Request: GET https://www.leier.hu/hu/dokumentumtar/2960 "HTTP/1.1 200 OK"
2025-07-01 21:47:44,600 - INFO - ✅ Downloaded: C:\Users\Admin\.cursor\Lambda\src\backend\src\downloads\leier_datasheets\hu\Részletrajzok\Elemrajzok__DWG__PDF_\Környezettechnika\Zsírleválasztók_DWG\LZS_7_melle_klet_rajz.pdf
2025-07-01 21:47:44,871 - INFO - HTTP Request: GET https://www.leier.hu/hu/dokumentumtar/2373 "HTTP/1.1 200 OK"
2025-07-01 21:47:44,872 - INFO - HTTP Request: GET https://www.leier.hu/hu/dokumentumtar/2443 "HTTP/1.1 200 OK"
2025-07-01 21:47:44,888 - INFO - ✅ Downloaded: C:\Users\Admin\.cursor\Lambda\src\backend\src\downloads\leier_datasheets\hu\Részletrajzok\Elemrajzok__DWG__PDF_\Mélyépítés\Átemelőakna_elemek\AGY_160_150_LG_V-_Átemelő_gyűrű_gumigyűrűs_végelem.pdf
2025-07-01 21:47:45,184 - INFO - ✅ Downloaded: C:\Users\Admin\.cursor\Lambda\src\backend\src\downloads\leier_datasheets\hu\Részletrajzok\Csomópontok\Fal_részletrajzok\pdf\f09c-zsaluko-alap-tv.pdf
2025-07-01 21:47:45,445 - INFO - HTTP Request: GET https://www.leier.hu/hu/dokumentumtar/4097 "HTTP/1.1 200 OK"
2025-07-01 21:47:45,449 - INFO - HTTP Request: GET https://www.leier.hu/hu/dokumentumtar/2707 "HTTP/1.1 200 OK"
2025-07-01 21:47:45,461 - INFO - ✅ Downloaded: C:\Users\Admin\.cursor\Lambda\src\backend\src\downloads\leier_datasheets\hu\Részletrajzok\Csomópontok\Mélyépítési_részletrajzok\pln\c03-80-csaphornyos.pdf
2025-07-01 21:47:45,735 - INFO - ✅ Downloaded: C:\Users\Admin\.cursor\Lambda\src\backend\src\downloads\leier_datasheets\hu\Termékadatlapok\Magasépítési_termékek\Tégla_termékek\LeierPlan_25_NF_adatlap_pdf.pdf
2025-07-01 21:47:45,999 - INFO - HTTP Request: GET https://www.leier.hu/hu/dokumentumtar/2375 "HTTP/1.1 200 OK"
2025-07-01 21:47:46,017 - INFO - ✅ Downloaded: C:\Users\Admin\.cursor\Lambda\src\backend\src\downloads\leier_datasheets\hu\Részletrajzok\Csomópontok\Fal_részletrajzok\pdf\f09a-uni-alapozas-tn.pdf
2025-07-01 21:47:46,285 - INFO - ✅ Downloaded: C:\Users\Admin\.cursor\Lambda\src\backend\src\downloads\leier_datasheets\hu\Részletrajzok\Csomópontok\Leier_Durisol_zajárnyékoló_falak\DWG\Leier_Durisol_falazóblokk_geometria.pdf
2025-07-01 21:47:46,555 - INFO - HTTP Request: GET https://www.leier.hu/hu/dokumentumtar/2395 "HTTP/1.1 200 OK"
2025-07-01 21:47:46,560 - INFO - ✅ Downloaded: C:\Users\Admin\.cursor\Lambda\src\backend\src\downloads\leier_datasheets\hu\Árlisták_viszonteladók_részére\Mélyépítés-környezettechnika_árlista_viszonteladók_részére_-_Frissítve_árváltozás_nélkül__2025_06_23_.pdf
2025-07-01 21:47:46,826 - INFO - HTTP Request: GET https://www.leier.hu/hu/dokumentumtar/2500 "HTTP/1.1 200 OK"
2025-07-01 21:47:46,827 - INFO - HTTP Request: GET https://www.leier.hu/hu/dokumentumtar/3359 "HTTP/1.1 200 OK"
2025-07-01 21:47:46,829 - INFO - ✅ Downloaded: C:\Users\Admin\.cursor\Lambda\src\backend\src\downloads\leier_datasheets\hu\Részletrajzok\Csomópontok\Fal_részletrajzok\pln\f06a-uni-labazat.pdf
2025-07-01 21:47:47,101 - INFO - HTTP Request: GET https://www.leier.hu/hu/dokumentumtar/2386 "HTTP/1.1 200 OK"
2025-07-01 21:47:47,102 - INFO - HTTP Request: GET https://www.leier.hu/hu/dokumentumtar/3086 "HTTP/1.1 200 OK"
2025-07-01 21:47:47,107 - INFO - ✅ Downloaded: C:\Users\Admin\.cursor\Lambda\src\backend\src\downloads\leier_datasheets\hu\Részletrajzok\Csomópontok\Tető_részletrajzok\asc\leier-t08a-orom-cserep.pdf
2025-07-01 21:47:47,372 - INFO - ✅ Downloaded: C:\Users\Admin\.cursor\Lambda\src\backend\src\downloads\leier_datasheets\hu\Részletrajzok\Elemrajzok__DWG__PDF_\Környezettechnika\Olajelválasztók_DWG\LOL_SUPER_150_max_NF_melle_klet.pdf
2025-07-01 21:47:47,642 - INFO - ✅ Downloaded: C:\Users\Admin\.cursor\Lambda\src\backend\src\downloads\leier_datasheets\hu\Részletrajzok\Csomópontok\Fal_részletrajzok\pln\f10b-belso-zsalu-alap.pdf
2025-07-01 21:47:47,912 - INFO - HTTP Request: GET https://www.leier.hu/hu/dokumentumtar/2663 "HTTP/1.1 200 OK"
2025-07-01 21:47:47,916 - INFO - ✅ Downloaded: C:\Users\Admin\.cursor\Lambda\src\backend\src\downloads\leier_datasheets\hu\Részletrajzok\Elemrajzok__DWG__PDF_\Mélyépítés\Előfej_támfalelemek\LEF_40_-_Tömbelőfej_betoncsőhöz_-_elölnézet.pdf
2025-07-01 21:47:48,182 - INFO - HTTP Request: GET https://www.leier.hu/hu/dokumentumtar/3467 "HTTP/1.1 200 OK"
2025-07-01 21:47:48,183 - INFO - HTTP Request: GET https://www.leier.hu/hu/dokumentumtar/3801 "HTTP/1.1 200 OK"
2025-07-01 21:47:48,186 - INFO - ✅ Downloaded: C:\Users\Admin\.cursor\Lambda\src\backend\src\downloads\leier_datasheets\hu\Részletrajzok\Csomópontok\Térburkolat_részletrajzok\pdf\b04-szegely4.pdf
2025-07-01 21:47:48,453 - INFO - HTTP Request: GET https://www.leier.hu/hu/dokumentumtar/4142 "HTTP/1.1 200 OK"
2025-07-01 21:47:48,458 - INFO - ✅ Downloaded: C:\Users\Admin\.cursor\Lambda\src\backend\src\downloads\leier_datasheets\at\Verlegemuster\Verlegemuster_Piazza_Pflaster.pdf
2025-07-01 21:47:48,717 - INFO - HTTP Request: GET https://www.leier.hu/hu/dokumentumtar/4136 "HTTP/1.1 200 OK"
2025-07-01 21:47:48,718 - INFO - HTTP Request: GET https://www.leier.hu/hu/dokumentumtar/2145 "HTTP/1.1 200 OK"
2025-07-01 21:47:48,720 - INFO - HTTP Request: GET https://www.leier.hu/hu/dokumentumtar/2220 "HTTP/1.1 200 OK"
2025-07-01 21:47:48,720 - INFO - ✅ Downloaded: C:\Users\Admin\.cursor\Lambda\src\backend\src\downloads\leier_datasheets\hu\Részletrajzok\Elemrajzok__DWG__PDF_\Környezettechnika\Olajelválasztók_PDF\LOL_SUPER_125_P_melleklet_PDF.pdf
2025-07-01 21:47:48,992 - INFO - ✅ Downloaded: C:\Users\Admin\.cursor\Lambda\src\backend\src\downloads\leier_datasheets\hu\Termékadatlapok\Magasépítési_termékek\Nyílásáthidalók\Leier_MDA_nyílásáthidaló_adatlap_pdf.pdf
2025-07-01 21:47:49,251 - INFO - ✅ Downloaded: C:\Users\Admin\.cursor\Lambda\src\backend\src\downloads\leier_datasheets\hu\Termékadatlapok\Magasépítési_termékek\Nyílásáthidalók\MDA_terhelési_táblázat.pdf
2025-07-01 21:47:49,512 - INFO - ✅ Downloaded: C:\Users\Admin\.cursor\Lambda\src\backend\src\downloads\leier_datasheets\hu\Teljesítménynyilatkozatok\Mély-_és_vasútépítés__környezettechnika\Környezettechnika\Zsírleválasztó_-_Jánossomorja_-_Teljesítménynyilatkozat_LE_JS1825-1-01.pdf
2025-07-01 21:47:49,777 - INFO - HTTP Request: GET https://www.leier.hu/hu/dokumentumtar/2508 "HTTP/1.1 200 OK"
2025-07-01 21:47:49,787 - INFO - ✅ Downloaded: C:\Users\Admin\.cursor\Lambda\src\backend\src\downloads\leier_datasheets\hu\Részletrajzok\Csomópontok\Tető_részletrajzok\asc\leier-t01-eresz.pdf
2025-07-01 21:47:50,055 - INFO - HTTP Request: GET https://www.leier.hu/hu/dokumentumtar/3835 "HTTP/1.1 200 OK"
2025-07-01 21:47:50,071 - INFO - ✅ Downloaded: C:\Users\Admin\.cursor\Lambda\src\backend\src\downloads\leier_datasheets\at\Prospekte\Leier_Press_2024.pdf
2025-07-01 21:47:50,339 - INFO - HTTP Request: GET https://www.leier.hu/hu/dokumentumtar/3458 "HTTP/1.1 200 OK"
2025-07-01 21:47:50,340 - INFO - HTTP Request: GET https://www.leier.hu/hu/dokumentumtar/3206 "HTTP/1.1 200 OK"
2025-07-01 21:47:50,355 - INFO - ✅ Downloaded: C:\Users\Admin\.cursor\Lambda\src\backend\src\downloads\leier_datasheets\hu\Részletrajzok\Elemrajzok__DWG__PDF_\Környezettechnika\Olajelválasztók_PDF\LOL_SUPER_200_KF_melleklet_PDF.pdf
2025-07-01 21:47:50,626 - INFO - HTTP Request: GET https://www.leier.hu/hu/dokumentumtar/2062 "HTTP/1.1 200 OK"
2025-07-01 21:47:50,627 - INFO - HTTP Request: GET https://www.leier.hu/hu/dokumentumtar/2254 "HTTP/1.1 200 OK"
2025-07-01 21:47:50,628 - INFO - HTTP Request: GET https://www.leier.hu/hu/dokumentumtar/2943 "HTTP/1.1 200 OK"
2025-07-01 21:47:50,636 - INFO - ✅ Downloaded: C:\Users\Admin\.cursor\Lambda\src\backend\src\downloads\leier_datasheets\hu\Részletrajzok\Elemrajzok__DWG__PDF_\Mélyépítés\Tisztítóakna_elemek\Aknaszűkítő_elemek\ASZ_100_-_62_5_-_60_LG_H_-_Akna_szűkítő_gumigyűrűs_hágcsóval_-_felülnézet.pdf
2025-07-01 21:47:50,911 - INFO - HTTP Request: GET https://www.leier.hu/hu/dokumentumtar/3496 "HTTP/1.1 200 OK"
2025-07-01 21:47:50,913 - INFO - ✅ Downloaded: C:\Users\Admin\.cursor\Lambda\src\backend\src\downloads\leier_datasheets\hu\Teljesítménynyilatkozatok\Magasépítési_termékek\Födémrendszerek\Kéregfödém_-_Jánossomorja_-_Teljesítménynyilatkozat_LE_JS13747-02.pdf
2025-07-01 21:47:51,183 - INFO - ✅ Downloaded: C:\Users\Admin\.cursor\Lambda\src\backend\src\downloads\leier_datasheets\hu\Részletrajzok\Elemrajzok__DWG__PDF_\Mélyépítés\Átemelőakna_elemek\AGY_200_200_LG_V-_Átemelő_gyűrű_gumigyűrűs_végelem.pdf
2025-07-01 21:47:51,449 - INFO - ✅ Downloaded: C:\Users\Admin\.cursor\Lambda\src\backend\src\downloads\leier_datasheets\hu\Termékadatlapok\Kéményrendszerek\SMART_kéményrendszer_-_Termékadatlap.pdf
2025-07-01 21:47:51,709 - INFO - ✅ Downloaded: C:\Users\Admin\.cursor\Lambda\src\backend\src\downloads\leier_datasheets\hu\Részletrajzok\Elemrajzok__DWG__PDF_\Környezettechnika\Olajelválasztók_PDF\LOL_SUPER_50_P_melleklet_PDF.pdf
2025-07-01 21:47:51,970 - INFO - HTTP Request: GET https://www.leier.hu/hu/dokumentumtar/3392 "HTTP/1.1 200 OK"
2025-07-01 21:47:51,985 - INFO - ✅ Downloaded: C:\Users\Admin\.cursor\Lambda\src\backend\src\downloads\leier_datasheets\hu\Részletrajzok\Elemrajzok__DWG__PDF_\Környezettechnika\Olajelválasztók_DWG\LOL_SUPER_50_NF_melle_klet.pdf
2025-07-01 21:47:52,253 - INFO - HTTP Request: GET https://www.leier.hu/hu/dokumentumtar/4109 "HTTP/1.1 200 OK"
2025-07-01 21:47:52,264 - INFO - ✅ Downloaded: C:\Users\Admin\.cursor\Lambda\src\backend\src\downloads\leier_datasheets\hu\Termékadatlapok\Magasépítési_termékek\Tégla_termékek\Leiertherm_25_OBJEKT_adatlap_pdf.pdf
2025-07-01 21:47:52,534 - INFO - HTTP Request: GET https://www.leier.hu/hu/dokumentumtar/2702 "HTTP/1.1 200 OK"
2025-07-01 21:47:52,536 - INFO - HTTP Request: GET https://www.leier.hu/hu/dokumentumtar/3481 "HTTP/1.1 200 OK"
2025-07-01 21:47:52,546 - INFO - ✅ Downloaded: C:\Users\Admin\.cursor\Lambda\src\backend\src\downloads\leier_datasheets\hu\Részletrajzok\Csomópontok\Mélyépítési_részletrajzok\pdf\c01-100-csaphornyos.pdf
2025-07-01 21:47:52,813 - INFO - HTTP Request: GET https://www.leier.hu/hu/dokumentumtar/3896 "HTTP/1.1 200 OK"
2025-07-01 21:47:52,817 - INFO - HTTP Request: GET https://www.leier.hu/hu/dokumentumtar/3131 "HTTP/1.1 200 OK"
2025-07-01 21:47:52,818 - INFO - HTTP Request: GET https://www.leier.hu/hu/dokumentumtar/2498 "HTTP/1.1 200 OK"
2025-07-01 21:47:52,819 - INFO - ✅ Downloaded: C:\Users\Admin\.cursor\Lambda\src\backend\src\downloads\leier_datasheets\hu\Részletrajzok\Elemrajzok__DWG__PDF_\Környezettechnika\Olajelválasztók_PDF\LOL_SUPER_80_NF_melleklet_PDF.pdf
2025-07-01 21:47:53,099 - INFO - HTTP Request: GET https://www.leier.hu/hu/dokumentumtar/3843 "HTTP/1.1 200 OK"
2025-07-01 21:47:53,107 - INFO - ✅ Downloaded: C:\Users\Admin\.cursor\Lambda\src\backend\src\downloads\leier_datasheets\hu\Prospektusok\Leier_tavaszi_ajánlat_2025.pdf
2025-07-01 21:47:53,369 - INFO - ✅ Downloaded: C:\Users\Admin\.cursor\Lambda\src\backend\src\downloads\leier_datasheets\hu\Részletrajzok\Csomópontok\Tető_részletrajzok\asc\leier-t09a-falcsat-szegely.pdf
2025-07-01 21:47:53,643 - INFO - ✅ Downloaded: C:\Users\Admin\.cursor\Lambda\src\backend\src\downloads\leier_datasheets\hu\Teljesítménynyilatkozatok\Magasépítési_termékek\Beton_falazóelemek\VF10_válaszfalelem_-_Jánossomorja_-_Teljesítménynyilatkozat_LE_JS771-3-VF10-03.pdf
2025-07-01 21:47:53,911 - INFO - ✅ Downloaded: C:\Users\Admin\.cursor\Lambda\src\backend\src\downloads\leier_datasheets\hu\Részletrajzok\Elemrajzok__DWG__PDF_\Mélyépítés\Kábelcsatorna\KCS_vályú_irt_bal_elöl.pdf
2025-07-01 21:47:54,240 - INFO - ✅ Downloaded: C:\Users\Admin\.cursor\Lambda\src\backend\src\downloads\leier_datasheets\at\Aufbauanleitungen\Einbauanleitung_Kaminsystem-LSK.pdf
2025-07-01 21:47:54,577 - INFO - HTTP Request: GET https://www.leier.hu/hu/dokumentumtar/3975 "HTTP/1.1 200 OK"
2025-07-01 21:47:54,579 - INFO - HTTP Request: GET https://www.leier.hu/hu/dokumentumtar/4127 "HTTP/1.1 200 OK"
2025-07-01 21:47:54,597 - INFO - ✅ Downloaded: C:\Users\Admin\.cursor\Lambda\src\backend\src\downloads\leier_datasheets\hu\Arculati_elemek\Új_Leier_logó\Logo_Leier-white_NEW_2024_png.pdf
2025-07-01 21:47:54,960 - INFO - ✅ Downloaded: C:\Users\Admin\.cursor\Lambda\src\backend\src\downloads\leier_datasheets\hu\Termékadatlapok\Magasépítési_termékek\Beton_falazóelemek\Leier_beton_ZS20_adatlap_pdf.pdf
2025-07-01 21:47:55,306 - INFO - HTTP Request: GET https://www.leier.hu/hu/dokumentumtar/2110 "HTTP/1.1 200 OK"
2025-07-01 21:47:55,307 - INFO - HTTP Request: GET https://www.leier.hu/hu/dokumentumtar/3049 "HTTP/1.1 200 OK"
2025-07-01 21:47:55,308 - INFO - ✅ Downloaded: C:\Users\Admin\.cursor\Lambda\src\backend\src\downloads\leier_datasheets\at\Prospekte\Leier_Press_2023.pdf
2025-07-01 21:47:55,604 - INFO - ✅ Downloaded: C:\Users\Admin\.cursor\Lambda\src\backend\src\downloads\leier_datasheets\hu\Teljesítménynyilatkozatok\Kertépítés__díszburkolat\Kerti_termékek_-_Jánossomorja_-_Teljesítménynyilatkozat_-_LE_JS13198-01.pdf
2025-07-01 21:47:55,918 - INFO - HTTP Request: GET https://www.leier.hu/hu/dokumentumtar/3442 "HTTP/1.1 200 OK"
2025-07-01 21:47:55,919 - INFO - HTTP Request: GET https://www.leier.hu/hu/dokumentumtar/3461 "HTTP/1.1 200 OK"
2025-07-01 21:47:55,919 - INFO - HTTP Request: GET https://www.leier.hu/hu/dokumentumtar/3338 "HTTP/1.1 200 OK"
2025-07-01 21:47:55,920 - INFO - ✅ Downloaded: C:\Users\Admin\.cursor\Lambda\src\backend\src\downloads\leier_datasheets\hu\Részletrajzok\Elemrajzok__DWG__PDF_\Mélyépítés\Előfej_támfalelemek\TFE_60_-_Támfalelem_hátulnézet.pdf
2025-07-01 21:47:56,243 - INFO - HTTP Request: GET https://www.leier.hu/hu/dokumentumtar/2449 "HTTP/1.1 200 OK"
2025-07-01 21:47:56,247 - INFO - ✅ Downloaded: C:\Users\Admin\.cursor\Lambda\src\backend\src\downloads\leier_datasheets\hu\Részletrajzok\Elemrajzok__DWG__PDF_\Környezettechnika\Olajelválasztók_DWG\LOL_SUPER_6_60_KF_zápor_túlfolyóval_melléklet.pdf
2025-07-01 21:47:56,247 - INFO - ✅ Downloaded: C:\Users\Admin\.cursor\Lambda\src\backend\src\downloads\leier_datasheets\hu\Részletrajzok\Elemrajzok__DWG__PDF_\Környezettechnika\Iszapfogók_PDF\LIF_200_230_melleklet_PDF.pdf
2025-07-01 21:47:56,807 - INFO - ✅ Downloaded: C:\Users\Admin\.cursor\Lambda\src\backend\src\downloads\leier_datasheets\hu\Részletrajzok\Elemrajzok__DWG__PDF_\Környezettechnika\Olajelválasztók_PDF\LOL_SUPER_150_P_melleklet_PDF.pdf
2025-07-01 21:47:57,105 - INFO - ✅ Downloaded: C:\Users\Admin\.cursor\Lambda\src\backend\src\downloads\leier_datasheets\hu\Részletrajzok\Csomópontok\Leier_Durisol_zajárnyékoló_falak\PDF\LSA_50_12_25_-_W_alap.pdf
2025-07-01 21:47:57,419 - INFO - HTTP Request: GET https://www.leier.hu/hu/dokumentumtar/2846 "HTTP/1.1 200 OK"
2025-07-01 21:47:57,420 - INFO - HTTP Request: GET https://www.leier.hu/hu/dokumentumtar/3463 "HTTP/1.1 200 OK"
2025-07-01 21:47:57,421 - INFO - HTTP Request: GET https://www.leier.hu/hu/dokumentumtar/3268 "HTTP/1.1 200 OK"
2025-07-01 21:47:57,430 - INFO - ✅ Downloaded: C:\Users\Admin\.cursor\Lambda\src\backend\src\downloads\leier_datasheets\hu\Szerelési_útmutatók\Mesterpanel___Elementdecke\Teljesítménynilatkozat___Leistungserklärung\DE\Elementdecke_Horitschon_Leistungserklärung.pdf
2025-07-01 21:47:57,711 - INFO - HTTP Request: GET https://www.leier.hu/hu/dokumentumtar/3180 "HTTP/1.1 200 OK"
2025-07-01 21:47:57,716 - INFO - HTTP Request: GET https://www.leier.hu/hu/dokumentumtar/3001 "HTTP/1.1 200 OK"
2025-07-01 21:47:57,723 - INFO - ✅ Downloaded: C:\Users\Admin\.cursor\Lambda\src\backend\src\downloads\leier_datasheets\hu\Részletrajzok\Elemrajzok__DWG__PDF_\Környezettechnika\Olajelválasztók_PDF\LOL_SUPER_150_max_P_melleklet_PDF.pdf
2025-07-01 21:47:58,024 - INFO - HTTP Request: GET https://www.leier.hu/hu/dokumentumtar/1901 "HTTP/1.1 200 OK"
2025-07-01 21:47:58,025 - INFO - HTTP Request: GET https://www.leier.hu/hu/dokumentumtar/2140 "HTTP/1.1 200 OK"
2025-07-01 21:47:58,026 - INFO - ✅ Downloaded: C:\Users\Admin\.cursor\Lambda\src\backend\src\downloads\leier_datasheets\hu\Részletrajzok\Elemrajzok__DWG__PDF_\Mélyépítés\Tisztítóakna_elemek\Akna_fenékelemek\AFE_100_LG_KN_-_Akna_fenékelem_gumigyűrűs_künet_nélkül_-_vízszintes_metszet.pdf
2025-07-01 21:47:58,355 - INFO - ✅ Downloaded: C:\Users\Admin\.cursor\Lambda\src\backend\src\downloads\leier_datasheets\hu\Részletrajzok\Elemrajzok__DWG__PDF_\Mélyépítés\Keretelemek\LKE_120_-_120_-_110_-_Keret_előfej_végelem_-_hosszmetszet.pdf
2025-07-01 21:47:58,677 - INFO - ✅ Downloaded: C:\Users\Admin\.cursor\Lambda\src\backend\src\downloads\leier_datasheets\hu\Részletrajzok\Elemrajzok__DWG__PDF_\Mélyépítés\Betoncsövek\TO_60_200L_-_Tokos_betoncső_tokosmetszet.pdf
2025-07-01 21:47:58,678 - INFO - ✅ Downloaded: C:\Users\Admin\.cursor\Lambda\src\backend\src\downloads\leier_datasheets\hu\Teljesítménynyilatkozatok\Mély-_és_vasútépítés__környezettechnika\Mélyépítés\Beton_aknaelem_-_Jánossomorja_-_Teljesítménynyilatkozat_LE_JS1917-01.pdf
2025-07-01 21:47:59,220 - INFO - HTTP Request: GET https://www.leier.hu/hu/dokumentumtar/2811 "HTTP/1.1 200 OK"
2025-07-01 21:47:59,222 - INFO - HTTP Request: GET https://www.leier.hu/hu/dokumentumtar/2931 "HTTP/1.1 200 OK"
2025-07-01 21:47:59,225 - INFO - ✅ Downloaded: C:\Users\Admin\.cursor\Lambda\src\backend\src\downloads\leier_datasheets\hu\Prospektusok\Leier_kábelcsatorna_rendszerek_-_Prospektus.pdf
2025-07-01 21:47:59,488 - INFO - HTTP Request: GET https://www.leier.hu/hu/dokumentumtar/2986 "HTTP/1.1 200 OK"
2025-07-01 21:47:59,494 - INFO - ✅ Downloaded: C:\Users\Admin\.cursor\Lambda\src\backend\src\downloads\leier_datasheets\hu\Előregyártott_elemek_tervezési_segédlet\Vasalasi-adatszolgaltatas-LMP_MINTA_pdf.pdf
2025-07-01 21:47:59,495 - INFO - ✅ Downloaded: C:\Users\Admin\.cursor\Lambda\src\backend\src\downloads\leier_datasheets\hu\Részletrajzok\Elemrajzok__DWG__PDF_\Mélyépítés\Árokburkoló-_és_árokelemek\ÁBE_20_30_-_200_L_-_árokburkoló_elem_-_alulnézet.pdf
2025-07-01 21:48:00,026 - INFO - HTTP Request: GET https://www.leier.hu/hu/dokumentumtar/2446 "HTTP/1.1 200 OK"
2025-07-01 21:48:00,037 - INFO - ✅ Downloaded: C:\Users\Admin\.cursor\Lambda\src\backend\src\downloads\leier_datasheets\hu\Részletrajzok\Elemrajzok__DWG__PDF_\Mélyépítés\Betoncsövek\TOTA_50_200L_-_Tokos_talpas_betoncső_tokosmetszet.pdf
2025-07-01 21:48:00,038 - INFO - ✅ Downloaded: C:\Users\Admin\.cursor\Lambda\src\backend\src\downloads\leier_datasheets\hu\Részletrajzok\Csomópontok\Leier_Durisol_zajárnyékoló_falak\PDF\Leier_Durisol_Menekülőkapu.pdf
2025-07-01 21:48:00,564 - INFO - HTTP Request: GET https://www.leier.hu/hu/dokumentumtar/4054 "HTTP/1.1 200 OK"
2025-07-01 21:48:00,567 - INFO - HTTP Request: GET https://www.leier.hu/hu/dokumentumtar/2029 "HTTP/1.1 200 OK"
2025-07-01 21:48:00,568 - INFO - HTTP Request: GET https://www.leier.hu/hu/dokumentumtar/3440 "HTTP/1.1 200 OK"
2025-07-01 21:48:00,569 - INFO - HTTP Request: GET https://www.leier.hu/hu/dokumentumtar/3978 "HTTP/1.1 200 OK"
2025-07-01 21:48:00,577 - INFO - ✅ Downloaded: C:\Users\Admin\.cursor\Lambda\src\backend\src\downloads\leier_datasheets\hu\Arculati_elemek\Új_Leier_logó\Logo_Leier-white_blue-bg_MAIN_NEW_2024_png.pdf
2025-07-01 21:48:00,839 - INFO - ✅ Downloaded: C:\Users\Admin\.cursor\Lambda\src\backend\src\downloads\leier_datasheets\hu\Teljesítménynyilatkozatok\Magasépítési_termékek\Tégla_termékek\Mátraderecske_-_Teljesítménynyilatkozatok\Teljesítménynyilatkozat_-_Leiertherm_20_N_F_LE_MD771-1-05-03.pdf
2025-07-01 21:48:00,840 - INFO - ✅ Downloaded: C:\Users\Admin\.cursor\Lambda\src\backend\src\downloads\leier_datasheets\hu\Részletrajzok\Elemrajzok__DWG__PDF_\Környezettechnika\Olajelválasztók_DWG\LOL_SUPER_8_KF_melle_klet.pdf
2025-07-01 21:48:01,399 - INFO - HTTP Request: GET https://www.leier.hu/hu/dokumentumtar/2482 "HTTP/1.1 200 OK"
2025-07-01 21:48:01,408 - INFO - ✅ Downloaded: C:\Users\Admin\.cursor\Lambda\src\backend\src\downloads\leier_datasheets\hu\Szerelési_útmutatók\Előregyártott_Falak___Wandelemente\Szerelési_útmutató___Montageanleitung\HU\Leier_előregyártott_falak_beépítési_útmutató.pdf
2025-07-01 21:48:01,408 - INFO - ✅ Downloaded: C:\Users\Admin\.cursor\Lambda\src\backend\src\downloads\leier_datasheets\hu\Részletrajzok\Csomópontok\Tető_részletrajzok\dwg\t03-felnyereg-falcs.pdf
2025-07-01 21:48:01,967 - INFO - HTTP Request: GET https://www.leier.hu/hu/dokumentumtar/3521 "HTTP/1.1 200 OK"
2025-07-01 21:48:01,969 - INFO - HTTP Request: GET https://www.leier.hu/hu/dokumentumtar/3065 "HTTP/1.1 200 OK"
2025-07-01 21:48:01,979 - INFO - ✅ Downloaded: C:\Users\Admin\.cursor\Lambda\src\backend\src\downloads\leier_datasheets\hu\Részletrajzok\Elemrajzok__DWG__PDF_\Környezettechnika\Olajelválasztók_PDF\LOL_SUPER_25_max_KF_melleklet_PDF.pdf
2025-07-01 21:48:02,246 - INFO - HTTP Request: GET https://www.leier.hu/hu/dokumentumtar/2571 "HTTP/1.1 200 OK"
2025-07-01 21:48:02,250 - INFO - HTTP Request: GET https://www.leier.hu/hu/dokumentumtar/2905 "HTTP/1.1 200 OK"
2025-07-01 21:48:02,256 - INFO - ✅ Downloaded: C:\Users\Admin\.cursor\Lambda\src\backend\src\downloads\leier_datasheets\hu\Részletrajzok\Elemrajzok__DWG__PDF_\Mélyépítés\Előfej_támfalelemek\TFE_30_-_Támfalelem_felülnézet.pdf
2025-07-01 21:48:02,529 - INFO - HTTP Request: GET https://www.leier.hu/hu/dokumentumtar/3576 "HTTP/1.1 200 OK"
2025-07-01 21:48:02,530 - INFO - HTTP Request: GET https://www.leier.hu/hu/dokumentumtar/2045 "HTTP/1.1 200 OK"
2025-07-01 21:48:02,532 - INFO - HTTP Request: GET https://www.leier.hu/hu/dokumentumtar/4012 "HTTP/1.1 200 OK"
2025-07-01 21:48:02,534 - INFO - ✅ Downloaded: C:\Users\Admin\.cursor\Lambda\src\backend\src\downloads\leier_datasheets\hu\Részletrajzok\Csomópontok\Födém_részletrajzok\dwg\m032-mesterf-belsokosz.pdf
2025-07-01 21:48:02,819 - INFO - HTTP Request: GET https://www.leier.hu/hu/dokumentumtar/3897 "HTTP/1.1 200 OK"
2025-07-01 21:48:02,826 - INFO - ✅ Downloaded: C:\Users\Admin\.cursor\Lambda\src\backend\src\downloads\leier_datasheets\hu\Teljesítménynyilatkozatok\Magasépítési_termékek\Tégla_termékek\Mátraderecske_-_Teljesítménynyilatkozatok\Teljesítménynyilatkozat_-_Leiertherm_17_5_N_F_-_MD_LE_MD771-1-06-01.pdf
2025-07-01 21:48:03,103 - INFO - ✅ Downloaded: C:\Users\Admin\.cursor\Lambda\src\backend\src\downloads\leier_datasheets\hu\Részletrajzok\Elemrajzok__DWG__PDF_\Mélyépítés\Árokburkoló-_és_árokelemek\ÁBE_F_30_40_-_50L_-_Bordás_fedlap_és_víznyelős_-_keresztmetszet.pdf
2025-07-01 21:48:03,377 - INFO - HTTP Request: GET https://www.leier.hu/hu/dokumentumtar/2933 "HTTP/1.1 200 OK"
2025-07-01 21:48:03,379 - INFO - ✅ Downloaded: C:\Users\Admin\.cursor\Lambda\src\backend\src\downloads\leier_datasheets\hu\Részletrajzok\Elemrajzok__DWG__PDF_\Durisol_zajárnyékolás\Durisol_panel_496_100_DSI_25_13_N_-_Metszet.pdf
2025-07-01 21:48:03,642 - INFO - HTTP Request: GET https://www.leier.hu/hu/dokumentumtar/2769 "HTTP/1.1 200 OK"
2025-07-01 21:48:03,651 - INFO - ✅ Downloaded: C:\Users\Admin\.cursor\Lambda\src\backend\src\downloads\leier_datasheets\hu\Részletrajzok\Elemrajzok__DWG__PDF_\Mélyépítés\Átemelőakna_elemek\AGY_240_215_LG_-_Átemelő_gyűrű_gumigyűrűs.pdf
2025-07-01 21:48:03,651 - INFO - ✅ Downloaded: C:\Users\Admin\.cursor\Lambda\src\backend\src\downloads\leier_datasheets\hu\Részletrajzok\Csomópontok\Kéregelemes_födém_részletrajzok\dxf\leier-p05a-kpanel-terasz1.pdf
2025-07-01 21:48:04,171 - INFO - HTTP Request: GET https://www.leier.hu/hu/dokumentumtar/2387 "HTTP/1.1 200 OK"
2025-07-01 21:48:04,181 - INFO - ✅ Downloaded: C:\Users\Admin\.cursor\Lambda\src\backend\src\downloads\leier_datasheets\hu\Részletrajzok\Csomópontok\Fal_részletrajzok\pln\f10a-belso-uni-alapozas.pdf
2025-07-01 21:48:04,446 - INFO - HTTP Request: GET https://www.leier.hu/hu/dokumentumtar/2969 "HTTP/1.1 200 OK"
2025-07-01 21:48:04,447 - INFO - HTTP Request: GET https://www.leier.hu/hu/dokumentumtar/2578 "HTTP/1.1 200 OK"
2025-07-01 21:48:04,464 - INFO - ✅ Downloaded: C:\Users\Admin\.cursor\Lambda\src\backend\src\downloads\leier_datasheets\hu\Részletrajzok\Csomópontok\Födém_részletrajzok\pdf\m04-mesterf-valaszfal.pdf
2025-07-01 21:48:04,731 - INFO - HTTP Request: GET https://www.leier.hu/hu/dokumentumtar/3518 "HTTP/1.1 200 OK"
2025-07-01 21:48:04,731 - INFO - HTTP Request: GET https://www.leier.hu/hu/dokumentumtar/3055 "HTTP/1.1 200 OK"
2025-07-01 21:48:04,742 - INFO - ✅ Downloaded: C:\Users\Admin\.cursor\Lambda\src\backend\src\downloads\leier_datasheets\at\Aufbauanleitungen\Einbauanleitung_Kaminsystem-Multikeram-LAS.pdf
2025-07-01 21:48:05,004 - INFO - ✅ Downloaded: C:\Users\Admin\.cursor\Lambda\src\backend\src\downloads\leier_datasheets\hu\Részletrajzok\Elemrajzok__DWG__PDF_\Mélyépítés\Átemelőakna_elemek\AFE_240_215_LG_-_Átemelő_fenékelem_gumigyűrűs.pdf
2025-07-01 21:48:05,267 - INFO - HTTP Request: GET https://www.leier.hu/hu/dokumentumtar/1926 "HTTP/1.1 200 OK"
2025-07-01 21:48:05,268 - INFO - HTTP Request: GET https://www.leier.hu/hu/dokumentumtar/3072 "HTTP/1.1 200 OK"
2025-07-01 21:48:05,271 - INFO - ✅ Downloaded: C:\Users\Admin\.cursor\Lambda\src\backend\src\downloads\leier_datasheets\hu\Részletrajzok\Elemrajzok__DWG__PDF_\Környezettechnika\Olajelválasztók_PDF\LOL_SUPER_25_NF_melleklet_PDF.pdf
2025-07-01 21:48:05,534 - INFO - HTTP Request: GET https://www.leier.hu/hu/dokumentumtar/2004 "HTTP/1.1 200 OK"
2025-07-01 21:48:05,538 - INFO - ✅ Downloaded: C:\Users\Admin\.cursor\Lambda\src\backend\src\downloads\leier_datasheets\hu\Részletrajzok\Elemrajzok__DWG__PDF_\Mélyépítés\Előfej_támfalelemek\TFE_50_-_Támfalelem_felülnézet.pdf
2025-07-01 21:48:05,808 - INFO - HTTP Request: GET https://www.leier.hu/hu/dokumentumtar/2380 "HTTP/1.1 200 OK"
2025-07-01 21:48:05,814 - INFO - ✅ Downloaded: C:\Users\Admin\.cursor\Lambda\src\backend\src\downloads\leier_datasheets\hu\Részletrajzok\Elemrajzok__DWG__PDF_\Mélyépítés\Előfej_támfalelemek\LEF_80_-_Előfej_betoncsőhöz_-_hosszmetszet.pdf
2025-07-01 21:48:06,118 - INFO - HTTP Request: GET https://www.leier.hu/hu/dokumentumtar/2913 "HTTP/1.1 200 OK"
2025-07-01 21:48:06,122 - INFO - ✅ Downloaded: C:\Users\Admin\.cursor\Lambda\src\backend\src\downloads\leier_datasheets\hu\Részletrajzok\Csomópontok\Fal_részletrajzok\pdf\f05-zsaluko-labazat.pdf
2025-07-01 21:48:06,122 - INFO - ✅ Downloaded: C:\Users\Admin\.cursor\Lambda\src\backend\src\downloads\leier_datasheets\hu\Teljesítménynyilatkozatok\Magasépítési_termékek\Tégla_termékek\Devecser_-_Teljesítménynyilatkozatok\Leiertherm\Teljesítménynyilatkozat_-_Leiertherm_38_Pro_LE_DE771-1-23-02.pdf
2025-07-01 21:48:06,660 - INFO - HTTP Request: GET https://www.leier.hu/hu/dokumentumtar/3287 "HTTP/1.1 200 OK"
2025-07-01 21:48:06,661 - INFO - HTTP Request: GET https://www.leier.hu/hu/dokumentumtar/2991 "HTTP/1.1 200 OK"
2025-07-01 21:48:06,665 - INFO - ✅ Downloaded: C:\Users\Admin\.cursor\Lambda\src\backend\src\downloads\leier_datasheets\hu\Alkalmazástechnikák__Beépítési_útmutatók\MULTIKERAM_LAS__MULTIKERAM_kéményrendszer_-_Beépítési_útmutató.pdf
2025-07-01 21:48:06,936 - INFO - HTTP Request: GET https://www.leier.hu/hu/dokumentumtar/3121 "HTTP/1.1 200 OK"
2025-07-01 21:48:06,943 - INFO - ✅ Downloaded: C:\Users\Admin\.cursor\Lambda\src\backend\src\downloads\leier_datasheets\hu\Részletrajzok\Elemrajzok__DWG__PDF_\Mélyépítés\Árokburkoló-_és_árokelemek\ÁBE_F_20_30_-_100L_-_fedlap_-_felülnézet.pdf
2025-07-01 21:48:07,217 - INFO - HTTP Request: GET https://www.leier.hu/hu/dokumentumtar/3205 "HTTP/1.1 200 OK"
2025-07-01 21:48:07,218 - INFO - ✅ Downloaded: C:\Users\Admin\.cursor\Lambda\src\backend\src\downloads\leier_datasheets\hu\Részletrajzok\Elemrajzok__DWG__PDF_\Mélyépítés\Vízelnyelőakna_elemek\V_FE_50_10_L_-_Víznyelő_felsőelem_függőleges_metszet.pdf
2025-07-01 21:48:07,522 - INFO - HTTP Request: GET https://www.leier.hu/hu/dokumentumtar/2636 "HTTP/1.1 200 OK"
2025-07-01 21:48:07,524 - INFO - HTTP Request: GET https://www.leier.hu/hu/dokumentumtar/2465 "HTTP/1.1 200 OK"
2025-07-01 21:48:07,526 - INFO - ✅ Downloaded: C:\Users\Admin\.cursor\Lambda\src\backend\src\downloads\leier_datasheets\hu\Részletrajzok\Elemrajzok__DWG__PDF_\Mélyépítés\Betoncsövek\TOTA_40_200L_-_Tokos_talpas_betoncső_tokosmetszet.pdf
2025-07-01 21:48:07,905 - INFO - ✅ Downloaded: C:\Users\Admin\.cursor\Lambda\src\backend\src\downloads\leier_datasheets\hu\Részletrajzok\Elemrajzok__DWG__PDF_\Mélyépítés\Kábelcsatorna\KCS_vályú_könnyített_oldalkitörés_hosszmetszet.pdf
2025-07-01 21:48:08,191 - INFO - ✅ Downloaded: C:\Users\Admin\.cursor\Lambda\src\backend\src\downloads\leier_datasheets\hu\Részletrajzok\Csomópontok\Leier_Durisol_Magasépítő_falazórendszer\25_cm_magas_áthidaló_kialakítása_DSs_37_5-12.pdf
2025-07-01 21:48:08,477 - INFO - ✅ Downloaded: C:\Users\Admin\.cursor\Lambda\src\backend\src\downloads\leier_datasheets\hu\Részletrajzok\Csomópontok\Kéregfal_részletrajzok\pln\e03b-pincefal-szig.pdf
2025-07-01 21:48:08,754 - INFO - ✅ Downloaded: C:\Users\Admin\.cursor\Lambda\src\backend\src\downloads\leier_datasheets\hu\Részletrajzok\Elemrajzok__DWG__PDF_\Mélyépítés\Tisztítóakna_elemek\Aknaszűkítő_elemek\ASZ_100_-_62_5_-_60_L_H_-_Akna_szűkítő_hágcsóval_-_függőleges_metszet.pdf
2025-07-01 21:48:09,027 - INFO - HTTP Request: GET https://www.leier.hu/hu/dokumentumtar/2419 "HTTP/1.1 200 OK"
2025-07-01 21:48:09,030 - INFO - HTTP Request: GET https://www.leier.hu/hu/dokumentumtar/2959 "HTTP/1.1 200 OK"
2025-07-01 21:48:09,039 - INFO - ✅ Downloaded: C:\Users\Admin\.cursor\Lambda\src\backend\src\downloads\leier_datasheets\hu\Részletrajzok\Csomópontok\Fal_részletrajzok\asc\leier-f04b-kulso-nyilaszaro2.pdf
2025-07-01 21:48:09,299 - INFO - HTTP Request: GET https://www.leier.hu/hu/dokumentumtar/1992 "HTTP/1.1 200 OK"
2025-07-01 21:48:09,306 - ERROR - ❌ Failed to download https://www.leier.hu/hu/dokumentumtar/1992: [Errno 2] No such file or directory: 'C:\\Users\\Admin\\.cursor\\Lambda\\src\\backend\\src\\downloads\\leier_datasheets\\hu\\Teljesítménynyilatkozatok\\Magasépítési_termékek\\Tégla_termékek\\Devecser_-_Teljesítménynyilatkozatok\\LeierPLAN\\Teljesítménynyilatkozat_-_LeierPLAN_vékonyágyas_falazóhabarcs_LE_HU998-2-02.pdf'
2025-07-01 21:48:09,571 - INFO - HTTP Request: GET https://www.leier.hu/hu/dokumentumtar/2478 "HTTP/1.1 200 OK"
2025-07-01 21:48:09,572 - INFO - ✅ Downloaded: C:\Users\Admin\.cursor\Lambda\src\backend\src\downloads\leier_datasheets\hu\Részletrajzok\Elemrajzok__DWG__PDF_\Mélyépítés\Átemelőakna_elemek\AGY_160_175_LG_V-_Átemelő_gyűrű_gumigyűrűs_végelem.pdf
2025-07-01 21:48:09,573 - INFO - HTTP Request: GET https://www.leier.hu/hu/dokumentumtar/3862 "HTTP/1.1 200 OK"
2025-07-01 21:48:09,574 - INFO - ✅ Downloaded: C:\Users\Admin\.cursor\Lambda\src\backend\src\downloads\leier_datasheets\hu\Prospektusok\Leier_őszi_termékkínálat_2024.pdf
2025-07-01 21:48:10,108 - INFO - ✅ Downloaded: C:\Users\Admin\.cursor\Lambda\src\backend\src\downloads\leier_datasheets\hu\Teljesítménynyilatkozatok\Kertépítés__díszburkolat\Leier_térkövek_Teljesítménynyilatkozat-NR_LE_HU1338_01.pdf
2025-07-01 21:48:10,108 - INFO - ✅ Downloaded: C:\Users\Admin\.cursor\Lambda\src\backend\src\downloads\leier_datasheets\hu\Részletrajzok\Csomópontok\Tető_részletrajzok\dwg\t06-vapa.pdf
2025-07-01 21:48:10,632 - INFO - HTTP Request: GET https://www.leier.hu/hu/dokumentumtar/3176 "HTTP/1.1 200 OK"
2025-07-01 21:48:10,634 - INFO - HTTP Request: GET https://www.leier.hu/hu/dokumentumtar/3735 "HTTP/1.1 200 OK"
2025-07-01 21:48:10,635 - INFO - HTTP Request: GET https://www.leier.hu/hu/dokumentumtar/3091 "HTTP/1.1 200 OK"
2025-07-01 21:48:10,651 - INFO - ✅ Downloaded: C:\Users\Admin\.cursor\Lambda\src\backend\src\downloads\leier_datasheets\hu\Részletrajzok\Elemrajzok__DWG__PDF_\Mélyépítés\Keretelemek\LKE_150_-_150_-_133_-_Keret_előfej_kezdőelem_-_hosszmetszet.pdf
2025-07-01 21:48:10,944 - INFO - HTTP Request: GET https://www.leier.hu/hu/dokumentumtar/2410 "HTTP/1.1 200 OK"
2025-07-01 21:48:10,955 - INFO - ✅ Downloaded: C:\Users\Admin\.cursor\Lambda\src\backend\src\downloads\leier_datasheets\hu\Részletrajzok\Elemrajzok__DWG__PDF_\Mélyépítés\Előfej_támfalelemek\LEF_30_-_Tömbelőfej_betoncsőhöz_-_hátulnézet.pdf
2025-07-01 21:48:11,253 - INFO - HTTP Request: GET https://www.leier.hu/hu/dokumentumtar/4053 "HTTP/1.1 200 OK"
2025-07-01 21:48:11,254 - INFO - HTTP Request: GET https://www.leier.hu/hu/dokumentumtar/3362 "HTTP/1.1 200 OK"
2025-07-01 21:48:11,255 - INFO - HTTP Request: GET https://www.leier.hu/hu/dokumentumtar/2357 "HTTP/1.1 200 OK"
2025-07-01 21:48:11,261 - INFO - ✅ Downloaded: C:\Users\Admin\.cursor\Lambda\src\backend\src\downloads\leier_datasheets\hu\Részletrajzok\Csomópontok\Fal_részletrajzok\asc\leier-f10a-belso-uni-alapozas.pdf
2025-07-01 21:48:11,528 - INFO - HTTP Request: GET https://www.leier.hu/hu/dokumentumtar/2626 "HTTP/1.1 200 OK"
2025-07-01 21:48:11,533 - INFO - ✅ Downloaded: C:\Users\Admin\.cursor\Lambda\src\backend\src\downloads\leier_datasheets\hu\Részletrajzok\Csomópontok\Fal_részletrajzok\dwg\f10a-belso-uni-alapozas.pdf
2025-07-01 21:48:11,798 - INFO - ✅ Downloaded: C:\Users\Admin\.cursor\Lambda\src\backend\src\downloads\leier_datasheets\hu\Részletrajzok\Elemrajzok__DWG__PDF_\Környezettechnika\Olajelválasztók_DWG\LOL_SUPER_125_P_melle_klet.pdf
2025-07-01 21:48:12,072 - INFO - HTTP Request: GET https://www.leier.hu/hu/dokumentumtar/3167 "HTTP/1.1 200 OK"
2025-07-01 21:48:12,073 - INFO - ✅ Downloaded: C:\Users\Admin\.cursor\Lambda\src\backend\src\downloads\leier_datasheets\hu\Részletrajzok\Csomópontok\Kéregfal_részletrajzok\pdf\e07-kulso-fodemcsat.pdf
2025-07-01 21:48:12,341 - INFO - ✅ Downloaded: C:\Users\Admin\.cursor\Lambda\src\backend\src\downloads\leier_datasheets\hu\Alkalmazástechnikák__Beépítési_útmutatók\Kéregfalelemek_-_beépítési_útmutató.pdf
2025-07-01 21:48:12,609 - INFO - HTTP Request: GET https://www.leier.hu/hu/dokumentumtar/3046 "HTTP/1.1 200 OK"
2025-07-01 21:48:12,612 - INFO - ✅ Downloaded: C:\Users\Admin\.cursor\Lambda\src\backend\src\downloads\leier_datasheets\hu\Részletrajzok\Elemrajzok__DWG__PDF_\Mélyépítés\Keretelemek\LKE_200_-_200_-_100_-_Keretelem_-_hosszmetszet.pdf
2025-07-01 21:48:12,922 - INFO - HTTP Request: GET https://www.leier.hu/hu/dokumentumtar/2812 "HTTP/1.1 200 OK"
2025-07-01 21:48:12,923 - INFO - HTTP Request: GET https://www.leier.hu/hu/dokumentumtar/4123 "HTTP/1.1 200 OK"
2025-07-01 21:48:12,933 - INFO - ✅ Downloaded: C:\Users\Admin\.cursor\Lambda\src\backend\src\downloads\leier_datasheets\hu\Részletrajzok\Elemrajzok__DWG__PDF_\Mélyépítés\Előfej_támfalelemek\TFE_80_-_Támfalelem_elölnézet.pdf
2025-07-01 21:48:13,199 - INFO - ✅ Downloaded: C:\Users\Admin\.cursor\Lambda\src\backend\src\downloads\leier_datasheets\hu\Termékadatlapok\Magasépítési_termékek\Beton_falazóelemek\Leier_beton_pillérzsalu_40_adatlap_pdf.pdf
2025-07-01 21:48:13,200 - INFO - ✅ Downloaded: C:\Users\Admin\.cursor\Lambda\src\backend\src\downloads\leier_datasheets\hu\Előregyártott_elemek_tervezési_segédlet\Vasalasi-adatszolgaltatas_LKF_MINTA_pdf.pdf
2025-07-01 21:48:13,718 - INFO - HTTP Request: GET https://www.leier.hu/hu/dokumentumtar/3533 "HTTP/1.1 200 OK"
2025-07-01 21:48:13,721 - INFO - HTTP Request: GET https://www.leier.hu/hu/dokumentumtar/2754 "HTTP/1.1 200 OK"
2025-07-01 21:48:13,722 - INFO - HTTP Request: GET https://www.leier.hu/hu/dokumentumtar/4055 "HTTP/1.1 200 OK"
2025-07-01 21:48:13,740 - INFO - ✅ Downloaded: C:\Users\Admin\.cursor\Lambda\src\backend\src\downloads\leier_datasheets\hu\Részletrajzok\Csomópontok\Kéregelemes_födém_részletrajzok\pln\p02b-kpanel-koszoru3.pdf
2025-07-01 21:48:14,020 - INFO - HTTP Request: GET https://www.leier.hu/hu/dokumentumtar/2440 "HTTP/1.1 200 OK"
2025-07-01 21:48:14,021 - INFO - ✅ Downloaded: C:\Users\Admin\.cursor\Lambda\src\backend\src\downloads\leier_datasheets\hu\Részletrajzok\Elemrajzok__DWG__PDF_\Környezettechnika\Olajelválasztók_PDF\LOL_SUPER_15_max_P_melleklet_PDF.pdf
2025-07-01 21:48:14,288 - INFO - HTTP Request: GET https://www.leier.hu/hu/dokumentumtar/2581 "HTTP/1.1 200 OK"
2025-07-01 21:48:14,294 - INFO - ✅ Downloaded: C:\Users\Admin\.cursor\Lambda\src\backend\src\downloads\leier_datasheets\hu\Részletrajzok\Csomópontok\Leier_Durisol_zajárnyékoló_falak\DWG\Leier_Durisol_Menekülőkapu.pdf
2025-07-01 21:48:14,294 - INFO - ✅ Downloaded: C:\Users\Admin\.cursor\Lambda\src\backend\src\downloads\leier_datasheets\hu\Szerelési_útmutatók\Előregyártott_Falak___Wandelemente\Szerelési_útmutató___Montageanleitung\DE\Leier_Wandelemente_Montageanleitung.pdf
2025-07-01 21:48:14,987 - INFO - ✅ Downloaded: C:\Users\Admin\.cursor\Lambda\src\backend\src\downloads\leier_datasheets\hu\Prospektusok\Leier_előregyártott_betonelemek_prospektus.pdf
2025-07-01 21:48:15,264 - INFO - ✅ Downloaded: C:\Users\Admin\.cursor\Lambda\src\backend\src\downloads\leier_datasheets\hu\Részletrajzok\Csomópontok\Födém_részletrajzok\pdf\m031-mesterf-belsokosz_pdf.pdf
2025-07-01 21:48:15,524 - INFO - HTTP Request: GET https://www.leier.hu/hu/dokumentumtar/2554 "HTTP/1.1 200 OK"
2025-07-01 21:48:15,536 - INFO - ✅ Downloaded: C:\Users\Admin\.cursor\Lambda\src\backend\src\downloads\leier_datasheets\hu\Részletrajzok\Csomópontok\Kémény_részletrajzok\asc\leier-k02a-kemeny-fodemattor1.pdf
2025-07-01 21:48:15,810 - INFO - HTTP Request: GET https://www.leier.hu/hu/dokumentumtar/1917 "HTTP/1.1 200 OK"
2025-07-01 21:48:15,811 - INFO - HTTP Request: GET https://www.leier.hu/hu/dokumentumtar/3417 "HTTP/1.1 200 OK"
2025-07-01 21:48:15,812 - INFO - HTTP Request: GET https://www.leier.hu/hu/dokumentumtar/3591 "HTTP/1.1 200 OK"
2025-07-01 21:48:15,819 - INFO - ✅ Downloaded: C:\Users\Admin\.cursor\Lambda\src\backend\src\downloads\leier_datasheets\hu\Részletrajzok\Elemrajzok__DWG__PDF_\Környezettechnika\Olajelválasztók_DWG\LOL_SUPER_20_NF_melle_klet.pdf
2025-07-01 21:48:16,179 - INFO - HTTP Request: GET https://www.leier.hu/hu/dokumentumtar/3930 "HTTP/1.1 200 OK"
2025-07-01 21:48:16,191 - INFO - ✅ Downloaded: C:\Users\Admin\.cursor\Lambda\src\backend\src\downloads\leier_datasheets\hu\Részletrajzok\Elemrajzok__DWG__PDF_\Durisol_zajárnyékolás\Durisol_panel_296_450_félkötés_-_Elölnézet.pdf
2025-07-01 21:48:16,509 - INFO - HTTP Request: GET https://www.leier.hu/hu/dokumentumtar/3402 "HTTP/1.1 200 OK"
2025-07-01 21:48:16,514 - INFO - HTTP Request: GET https://www.leier.hu/hu/dokumentumtar/3112 "HTTP/1.1 200 OK"
2025-07-01 21:48:16,515 - INFO - HTTP Request: GET https://www.leier.hu/hu/dokumentumtar/3802 "HTTP/1.1 200 OK"
2025-07-01 21:48:16,516 - INFO - HTTP Request: GET https://www.leier.hu/hu/dokumentumtar/3605 "HTTP/1.1 200 OK"
2025-07-01 21:48:16,527 - INFO - ✅ Downloaded: C:\Users\Admin\.cursor\Lambda\src\backend\src\downloads\leier_datasheets\at\Verlegemuster\Verlegemuster_Via_Romana_Pflaster.pdf
2025-07-01 21:48:16,932 - INFO - ✅ Downloaded: C:\Users\Admin\.cursor\Lambda\src\backend\src\downloads\leier_datasheets\hu\Részletrajzok\Elemrajzok__DWG__PDF_\Környezettechnika\Olajelválasztók_DWG\LOL_SUPER_40_KF_melle_klet.pdf
2025-07-01 21:48:17,289 - INFO - HTTP Request: GET https://www.leier.hu/hu/dokumentumtar/3516 "HTTP/1.1 200 OK"
2025-07-01 21:48:17,291 - INFO - ✅ Downloaded: C:\Users\Admin\.cursor\Lambda\src\backend\src\downloads\leier_datasheets\at\Aufbauanleitungen\Aufbauanleitung_Durisol_Weinlagerstein.pdf
2025-07-01 21:48:17,569 - INFO - ✅ Downloaded: C:\Users\Admin\.cursor\Lambda\src\backend\src\downloads\leier_datasheets\hu\Részletrajzok\Elemrajzok__DWG__PDF_\Durisol_zajárnyékolás\DSI_30_13_N_-_Durisol_blokkelem_-_Felülnézet.pdf
2025-07-01 21:48:17,831 - INFO - ✅ Downloaded: C:\Users\Admin\.cursor\Lambda\src\backend\src\downloads\leier_datasheets\hu\Részletrajzok\Elemrajzok__DWG__PDF_\Mélyépítés\Kábelcsatorna\KCS_vályú_teli_osztott_oldal.pdf
2025-07-01 21:48:18,099 - INFO - HTTP Request: GET https://www.leier.hu/hu/dokumentumtar/2658 "HTTP/1.1 200 OK"
2025-07-01 21:48:18,102 - INFO - ✅ Downloaded: C:\Users\Admin\.cursor\Lambda\src\backend\src\downloads\leier_datasheets\hu\Részletrajzok\Elemrajzok__DWG__PDF_\Környezettechnika\Olajelválasztók_PDF\LOL_SUPER_25_125_max_KF_zapor_tulfolyoval_melleklet_PDF.pdf
2025-07-01 21:48:18,374 - INFO - HTTP Request: GET https://www.leier.hu/hu/dokumentumtar/2869 "HTTP/1.1 200 OK"
2025-07-01 21:48:18,376 - INFO - HTTP Request: GET https://www.leier.hu/hu/dokumentumtar/3043 "HTTP/1.1 200 OK"
2025-07-01 21:48:18,382 - INFO - ✅ Downloaded: C:\Users\Admin\.cursor\Lambda\src\backend\src\downloads\leier_datasheets\hu\Részletrajzok\Csomópontok\Térburkolat_részletrajzok\pdf\b08-tamfal.pdf
2025-07-01 21:48:18,648 - INFO - HTTP Request: GET https://www.leier.hu/hu/dokumentumtar/2484 "HTTP/1.1 200 OK"
2025-07-01 21:48:18,651 - INFO - ✅ Downloaded: C:\Users\Admin\.cursor\Lambda\src\backend\src\downloads\leier_datasheets\hu\Szerelési_útmutatók\Lépcső___Treppe\Teljesítménynyilatkozat___Leistungserklärung\HU\Lépcső_Jánossomorja_Teljesítménynyilatkozat.pdf
2025-07-01 21:48:18,945 - INFO - HTTP Request: GET https://www.leier.hu/hu/dokumentumtar/1988 "HTTP/1.1 200 OK"
2025-07-01 21:48:18,946 - INFO - HTTP Request: GET https://www.leier.hu/hu/dokumentumtar/3060 "HTTP/1.1 200 OK"
2025-07-01 21:48:18,946 - INFO - HTTP Request: GET https://www.leier.hu/hu/dokumentumtar/2886 "HTTP/1.1 200 OK"
2025-07-01 21:48:18,948 - INFO - ✅ Downloaded: C:\Users\Admin\.cursor\Lambda\src\backend\src\downloads\leier_datasheets\hu\Részletrajzok\Csomópontok\Tető_részletrajzok\pdf\t10-szellozo.pdf
2025-07-01 21:48:19,215 - INFO - ✅ Downloaded: C:\Users\Admin\.cursor\Lambda\src\backend\src\downloads\leier_datasheets\hu\Részletrajzok\Elemrajzok__DWG__PDF_\Mélyépítés\Előfej_támfalelemek\TFE_80_-_Támfalelem_metszet.pdf
2025-07-01 21:48:19,485 - INFO - HTTP Request: GET https://www.leier.hu/hu/dokumentumtar/3032 "HTTP/1.1 200 OK"
2025-07-01 21:48:19,491 - INFO - ✅ Downloaded: C:\Users\Admin\.cursor\Lambda\src\backend\src\downloads\leier_datasheets\hu\Teljesítménynyilatkozatok\Magasépítési_termékek\Tégla_termékek\Devecser_-_Teljesítménynyilatkozatok\LeierPLAN\Teljesítménynyilatkozat_-_Bekötőszalag_GB-DoP-2013-CS-1_10_HU.pdf
2025-07-01 21:48:19,766 - INFO - ✅ Downloaded: C:\Users\Admin\.cursor\Lambda\src\backend\src\downloads\leier_datasheets\hu\Részletrajzok\Elemrajzok__DWG__PDF_\Mélyépítés\Előfej_támfalelemek\TFE_40_-_Támfalelem_felülnézet.pdf
2025-07-01 21:48:20,040 - INFO - ✅ Downloaded: C:\Users\Admin\.cursor\Lambda\src\backend\src\downloads\leier_datasheets\hu\Részletrajzok\Elemrajzok__DWG__PDF_\Mélyépítés\Árokburkoló-_és_árokelemek\ÁE_60_35_-_40L_-_árokburkoló_elem_-_oldalnézet.pdf
2025-07-01 21:48:20,041 - INFO - HTTP Request: GET https://www.leier.hu/hu/dokumentumtar/2620 "HTTP/1.1 200 OK"
2025-07-01 21:48:20,042 - INFO - HTTP Request: GET https://www.leier.hu/hu/dokumentumtar/1915 "HTTP/1.1 200 OK"
2025-07-01 21:48:20,313 - INFO - ✅ Downloaded: C:\Users\Admin\.cursor\Lambda\src\backend\src\downloads\leier_datasheets\hu\Részletrajzok\Csomópontok\Kéregfal_részletrajzok\dwg\e04-keregfal-sarok.pdf
2025-07-01 21:48:20,577 - INFO - ✅ Downloaded: C:\Users\Admin\.cursor\Lambda\src\backend\src\downloads\leier_datasheets\hu\Részletrajzok\Elemrajzok__DWG__PDF_\Mélyépítés\Betontartályok\LBT_10_-_Betontartály_vízszintes_metszet.pdf
2025-07-01 21:48:20,890 - INFO - HTTP Request: GET https://www.leier.hu/hu/dokumentumtar/2683 "HTTP/1.1 200 OK"
2025-07-01 21:48:20,926 - INFO - ✅ Downloaded: C:\Users\Admin\.cursor\Lambda\src\backend\src\downloads\leier_datasheets\hu\Részletrajzok\Csomópontok\Térburkolat_részletrajzok\asc\leier-b04-szegely4.pdf
2025-07-01 21:48:21,361 - INFO - HTTP Request: GET https://www.leier.hu/hu/dokumentumtar/2914 "HTTP/1.1 200 OK"
2025-07-01 21:48:21,393 - INFO - ✅ Downloaded: C:\Users\Admin\.cursor\Lambda\src\backend\src\downloads\leier_datasheets\hu\Alkalmazástechnikák__Beépítési_útmutatók\LSK__SMART_és_LK_kéményrendszerek_-_Beépítési_útmutató.pdf
2025-07-01 21:48:21,786 - INFO - HTTP Request: GET https://www.leier.hu/hu/dokumentumtar/1962 "HTTP/1.1 200 OK"
2025-07-01 21:48:21,787 - INFO - HTTP Request: GET https://www.leier.hu/hu/dokumentumtar/2059 "HTTP/1.1 200 OK"
2025-07-01 21:48:21,788 - INFO - HTTP Request: GET https://www.leier.hu/hu/dokumentumtar/2679 "HTTP/1.1 200 OK"
2025-07-01 21:48:21,790 - INFO - HTTP Request: GET https://www.leier.hu/hu/dokumentumtar/3156 "HTTP/1.1 200 OK"
2025-07-01 21:48:21,791 - INFO - HTTP Request: GET https://www.leier.hu/hu/dokumentumtar/3903 "HTTP/1.1 200 OK"
2025-07-01 21:48:21,794 - INFO - ✅ Downloaded: C:\Users\Admin\.cursor\Lambda\src\backend\src\downloads\leier_datasheets\hu\Részletrajzok\Elemrajzok__DWG__PDF_\Mélyépítés\Árokburkoló-_és_árokelemek\ÁBE_40_50_-_200L_-_árokburkoló_elem_-_oldalnézet.pdf
2025-07-01 21:48:22,127 - INFO - ✅ Downloaded: C:\Users\Admin\.cursor\Lambda\src\backend\src\downloads\leier_datasheets\hu\Részletrajzok\Elemrajzok__DWG__PDF_\Mélyépítés\Kábelcsatorna\KCS_fedlap_irt_bal.pdf
2025-07-01 21:48:22,503 - INFO - ✅ Downloaded: C:\Users\Admin\.cursor\Lambda\src\backend\src\downloads\leier_datasheets\hu\Teljesítménynyilatkozatok\Magasépítési_termékek\Födémrendszerek\LÜF_-_Jánossomorja_-Teljesítménynyilatkozat_LE_JS1168-03.pdf
2025-07-01 21:48:22,505 - INFO - ✅ Downloaded: C:\Users\Admin\.cursor\Lambda\src\backend\src\downloads\leier_datasheets\hu\Teljesítménynyilatkozatok\Magasépítési_termékek\Tégla_termékek\Devecser_-_CE-tanúsítványok\LeierPLAN\CE_-_LeierPLAN_45_N_F_-_DE.pdf
2025-07-01 21:48:23,049 - INFO - HTTP Request: GET https://www.leier.hu/hu/dokumentumtar/4039 "HTTP/1.1 200 OK"
2025-07-01 21:48:23,050 - INFO - ✅ Downloaded: C:\Users\Admin\.cursor\Lambda\src\backend\src\downloads\leier_datasheets\hu\Részletrajzok\Csomópontok\Térburkolat_részletrajzok\asc\leier-b07a-tereplepcso1.pdf
2025-07-01 21:48:23,332 - INFO - ✅ Downloaded: C:\Users\Admin\.cursor\Lambda\src\backend\src\downloads\leier_datasheets\hu\Teljesítménynyilatkozatok\Kertépítés__díszburkolat\Beton_fedlap_-_Teljesitménynyilatkozat_-_LE_HU1339F-01.pdf
2025-07-01 21:48:23,608 - INFO - ✅ Downloaded: C:\Users\Admin\.cursor\Lambda\src\backend\src\downloads\leier_datasheets\hu\Prospektusok\Leier_Durisol_falazóelem_rendszer.pdf
2025-07-01 21:48:23,929 - INFO - HTTP Request: GET https://www.leier.hu/hu/dokumentumtar/3925 "HTTP/1.1 200 OK"
2025-07-01 21:48:23,930 - INFO - HTTP Request: GET https://www.leier.hu/hu/dokumentumtar/3106 "HTTP/1.1 200 OK"
2025-07-01 21:48:23,947 - INFO - ✅ Downloaded: C:\Users\Admin\.cursor\Lambda\src\backend\src\downloads\leier_datasheets\at\Aufbauanleitungen\Aufbauanleitung_Architektur_Hochbeet_Set_Basilikum.pdf
2025-07-01 21:48:24,247 - INFO - HTTP Request: GET https://www.leier.hu/hu/dokumentumtar/2100 "HTTP/1.1 200 OK"
2025-07-01 21:48:24,248 - INFO - HTTP Request: GET https://www.leier.hu/hu/dokumentumtar/2356 "HTTP/1.1 200 OK"
2025-07-01 21:48:24,250 - INFO - HTTP Request: GET https://www.leier.hu/hu/dokumentumtar/2289 "HTTP/1.1 200 OK"
2025-07-01 21:48:24,250 - INFO - HTTP Request: GET https://www.leier.hu/hu/dokumentumtar/3182 "HTTP/1.1 200 OK"
2025-07-01 21:48:24,256 - INFO - ✅ Downloaded: C:\Users\Admin\.cursor\Lambda\src\backend\src\downloads\leier_datasheets\hu\Részletrajzok\Elemrajzok__DWG__PDF_\Mélyépítés\Előfej_támfalelemek\LEF_30_1_1_5_előfej.pdf
2025-07-01 21:48:24,518 - INFO - HTTP Request: GET https://www.leier.hu/hu/dokumentumtar/3012 "HTTP/1.1 200 OK"
2025-07-01 21:48:24,522 - INFO - ✅ Downloaded: C:\Users\Admin\.cursor\Lambda\src\backend\src\downloads\leier_datasheets\hu\Teljesítménynyilatkozatok\Kéményrendszerek\Teljesítménynyilatkozat_SMART_kéményrendszer_LE_KL13063-SMART-02.pdf
2025-07-01 21:48:24,523 - INFO - ✅ Downloaded: C:\Users\Admin\.cursor\Lambda\src\backend\src\downloads\leier_datasheets\hu\Termékadatlapok\Kertépítés__díszburkolat\Kerti_lapok\REGNUM_naturo_lapok_termékadatlap.pdf
2025-07-01 21:48:24,523 - INFO - ✅ Downloaded: C:\Users\Admin\.cursor\Lambda\src\backend\src\downloads\leier_datasheets\hu\Részletrajzok\Csomópontok\Fal_részletrajzok\dwg\f10b-belso-zsalu-alap.pdf
2025-07-01 21:48:25,393 - INFO - HTTP Request: GET https://www.leier.hu/hu/dokumentumtar/2295 "HTTP/1.1 200 OK"
2025-07-01 21:48:25,398 - INFO - ✅ Downloaded: C:\Users\Admin\.cursor\Lambda\src\backend\src\downloads\leier_datasheets\hu\Részletrajzok\Elemrajzok__DWG__PDF_\Mélyépítés\Keretelemek\LKE_120_-_120_-_110_-_Keret_előfej_kezdőelem_-_hosszmetszet.pdf
2025-07-01 21:48:25,669 - INFO - HTTP Request: GET https://www.leier.hu/hu/dokumentumtar/3276 "HTTP/1.1 200 OK"
2025-07-01 21:48:25,670 - INFO - ✅ Downloaded: C:\Users\Admin\.cursor\Lambda\src\backend\src\downloads\leier_datasheets\hu\Termékadatlapok\Kertépítés__díszburkolat\Kerti_lapok\CLASSIC_LINE_lapok_termékadatlap.pdf
2025-07-01 21:48:25,670 - INFO - ✅ Downloaded: C:\Users\Admin\.cursor\Lambda\src\backend\src\downloads\leier_datasheets\hu\Részletrajzok\Elemrajzok__DWG__PDF_\Mélyépítés\Betoncsövek\TA_50_100_-_Talpas_betoncső_keresztmetszet.pdf
2025-07-01 21:48:26,258 - INFO - HTTP Request: GET https://www.leier.hu/hu/dokumentumtar/4170 "HTTP/1.1 200 OK"
2025-07-01 21:48:26,267 - INFO - ✅ Downloaded: C:\Users\Admin\.cursor\Lambda\src\backend\src\downloads\leier_datasheets\hu\Részletrajzok\Elemrajzok__DWG__PDF_\Mélyépítés\Vasúti_peronelemek\Vasúti_peronelem_-_Vízszintes_metszet.pdf
2025-07-01 21:48:26,650 - INFO - ✅ Downloaded: C:\Users\Admin\.cursor\Lambda\src\backend\src\downloads\leier_datasheets\hu\Alkalmazástechnikák__Beépítési_útmutatók\DÍSZBURKOLATOK_ALKALMAZÁSTECHNIKA_ÉS_TERVEZÉSI_SEGÉDLET.pdf
2025-07-01 21:48:27,036 - INFO - HTTP Request: GET https://www.leier.hu/hu/dokumentumtar/3305 "HTTP/1.1 200 OK"
2025-07-01 21:48:27,042 - INFO - HTTP Request: GET https://www.leier.hu/hu/dokumentumtar/2023 "HTTP/1.1 200 OK"
2025-07-01 21:48:27,047 - INFO - HTTP Request: GET https://www.leier.hu/hu/dokumentumtar/3434 "HTTP/1.1 200 OK"
2025-07-01 21:48:27,051 - INFO - HTTP Request: GET https://www.leier.hu/hu/dokumentumtar/3010 "HTTP/1.1 200 OK"
2025-07-01 21:48:27,055 - INFO - HTTP Request: GET https://www.leier.hu/hu/dokumentumtar/3144 "HTTP/1.1 200 OK"
2025-07-01 21:48:27,093 - INFO - ✅ Downloaded: C:\Users\Admin\.cursor\Lambda\src\backend\src\downloads\leier_datasheets\hu\Részletrajzok\Elemrajzok__DWG__PDF_\Mélyépítés\Vízelnyelőakna_elemek\V_AGY_50_25.pdf
2025-07-01 21:48:27,093 - INFO - ✅ Downloaded: C:\Users\Admin\.cursor\Lambda\src\backend\src\downloads\leier_datasheets\hu\Teljesítménynyilatkozatok\Magasépítési_termékek\Tégla_termékek\Mátraderecske_-_CE-tanúsítványok\CE_-_Leiertherm_45_N_F_-_MD.pdf
2025-07-01 21:48:27,666 - INFO - ✅ Downloaded: C:\Users\Admin\.cursor\Lambda\src\backend\src\downloads\leier_datasheets\hu\Részletrajzok\Elemrajzok__DWG__PDF_\Környezettechnika\Olajelválasztók_DWG\LOL_SUPER_10_max_KF_melle_klet.pdf
2025-07-01 21:48:27,935 - INFO - HTTP Request: GET https://www.leier.hu/hu/dokumentumtar/2743 "HTTP/1.1 200 OK"
2025-07-01 21:48:27,936 - INFO - HTTP Request: GET https://www.leier.hu/hu/dokumentumtar/2762 "HTTP/1.1 200 OK"
2025-07-01 21:48:27,939 - INFO - ✅ Downloaded: C:\Users\Admin\.cursor\Lambda\src\backend\src\downloads\leier_datasheets\hu\Részletrajzok\Elemrajzok__DWG__PDF_\Mélyépítés\Betoncsövek\TA_60_100_-_Talpas_betoncső_keresztmetszet.pdf
2025-07-01 21:48:27,939 - INFO - ✅ Downloaded: C:\Users\Admin\.cursor\Lambda\src\backend\src\downloads\leier_datasheets\hu\Részletrajzok\Elemrajzok__DWG__PDF_\Mélyépítés\Kábelcsatorna\KCS_elválasztó_ív_kicsi_oldal.pdf
2025-07-01 21:48:28,513 - INFO - ✅ Downloaded: C:\Users\Admin\.cursor\Lambda\src\backend\src\downloads\leier_datasheets\hu\Részletrajzok\Csomópontok\Kéregelemes_födém_részletrajzok\pdf\p02b-kpanel-koszoru3.pdf
2025-07-01 21:48:28,780 - INFO - ✅ Downloaded: C:\Users\Admin\.cursor\Lambda\src\backend\src\downloads\leier_datasheets\hu\Részletrajzok\Csomópontok\Kéregelemes_födém_részletrajzok\asc\leier-p031-kpanel-belsokoszo.pdf
2025-07-01 21:48:29,045 - INFO - HTTP Request: GET https://www.leier.hu/hu/dokumentumtar/2090 "HTTP/1.1 200 OK"
2025-07-01 21:48:29,054 - INFO - ✅ Downloaded: C:\Users\Admin\.cursor\Lambda\src\backend\src\downloads\leier_datasheets\hu\Teljesítménynyilatkozatok\Magasépítési_termékek\Beton_falazóelemek\Zsaluzóelem_-_Jánosháza_-_Teljesítménynyilatkozat_LE_JH15435-01.pdf
2025-07-01 21:48:29,328 - INFO - HTTP Request: GET https://www.leier.hu/hu/dokumentumtar/3251 "HTTP/1.1 200 OK"
2025-07-01 21:48:29,329 - INFO - HTTP Request: GET https://www.leier.hu/hu/dokumentumtar/2366 "HTTP/1.1 200 OK"
2025-07-01 21:48:29,337 - INFO - ✅ Downloaded: C:\Users\Admin\.cursor\Lambda\src\backend\src\downloads\leier_datasheets\hu\Részletrajzok\Csomópontok\Fal_részletrajzok\dwg\f04b-kulso-nyilaszaro2.pdf
2025-07-01 21:48:29,604 - INFO - HTTP Request: GET https://www.leier.hu/hu/dokumentumtar/3064 "HTTP/1.1 200 OK"
2025-07-01 21:48:29,605 - INFO - HTTP Request: GET https://www.leier.hu/hu/dokumentumtar/2583 "HTTP/1.1 200 OK"
2025-07-01 21:48:29,606 - INFO - HTTP Request: GET https://www.leier.hu/hu/dokumentumtar/3133 "HTTP/1.1 200 OK"
2025-07-01 21:48:29,610 - INFO - ✅ Downloaded: C:\Users\Admin\.cursor\Lambda\src\backend\src\downloads\leier_datasheets\hu\Árlisták_viszonteladók_részére\Díszburkolat_árlista_viszonteladók_részére_-_Érvényes__2025_04_01-től__frissítve__árváltozás_nélkül_.pdf
2025-07-01 21:48:29,922 - INFO - HTTP Request: GET https://www.leier.hu/hu/dokumentumtar/3376 "HTTP/1.1 200 OK"
2025-07-01 21:48:29,923 - INFO - HTTP Request: GET https://www.leier.hu/hu/dokumentumtar/3154 "HTTP/1.1 200 OK"
2025-07-01 21:48:29,925 - INFO - ✅ Downloaded: C:\Users\Admin\.cursor\Lambda\src\backend\src\downloads\leier_datasheets\hu\Részletrajzok\Elemrajzok__DWG__PDF_\Mélyépítés\Tisztítóakna_elemek\Akna_fenékelemek\AFE_80_L_KN_-_Akna_fenékelem_künet_nélkül_-_vízszintes_metszet.pdf
2025-07-01 21:48:30,227 - INFO - ✅ Downloaded: C:\Users\Admin\.cursor\Lambda\src\backend\src\downloads\leier_datasheets\hu\Részletrajzok\Csomópontok\Födém_részletrajzok\pdf\m02a-mesterf-koszoru2.pdf
2025-07-01 21:48:30,491 - INFO - HTTP Request: GET https://www.leier.hu/hu/dokumentumtar/2955 "HTTP/1.1 200 OK"
2025-07-01 21:48:30,492 - INFO - ✅ Downloaded: C:\Users\Admin\.cursor\Lambda\src\backend\src\downloads\leier_datasheets\hu\Részletrajzok\Elemrajzok__DWG__PDF_\Mélyépítés\Előfej_támfalelemek\TFE_30_-_Támfalelem_hátulnézet.pdf
2025-07-01 21:48:30,768 - INFO - ✅ Downloaded: C:\Users\Admin\.cursor\Lambda\src\backend\src\downloads\leier_datasheets\hu\Részletrajzok\Elemrajzok__DWG__PDF_\Környezettechnika\Olajelválasztók_DWG\LOL_SUPER_80_NF_melle_klet.pdf
2025-07-01 21:48:30,769 - INFO - ✅ Downloaded: C:\Users\Admin\.cursor\Lambda\src\backend\src\downloads\leier_datasheets\hu\Részletrajzok\Elemrajzok__DWG__PDF_\Mélyépítés\Kábelcsatorna\KCS_va_lyu__irt__jobb.pdf
2025-07-01 21:48:30,769 - INFO - ✅ Downloaded: C:\Users\Admin\.cursor\Lambda\src\backend\src\downloads\leier_datasheets\hu\Részletrajzok\Elemrajzok__DWG__PDF_\Mélyépítés\Kábelcsatorna\KCS_fedlap_irt_jobb_felül.pdf
2025-07-01 21:48:31,606 - INFO - HTTP Request: GET https://www.leier.hu/hu/dokumentumtar/2520 "HTTP/1.1 200 OK"
2025-07-01 21:48:31,614 - INFO - ✅ Downloaded: C:\Users\Admin\.cursor\Lambda\src\backend\src\downloads\leier_datasheets\hu\Részletrajzok\Csomópontok\Tető_részletrajzok\pln\t03-felnyereg-falcs.pdf
2025-07-01 21:48:31,614 - INFO - ✅ Downloaded: C:\Users\Admin\.cursor\Lambda\src\backend\src\downloads\leier_datasheets\hu\Részletrajzok\Elemrajzok__DWG__PDF_\Mélyépítés\Átemelőakna_elemek\AGY_160_215_LG_-_Átemelő_gyűrű_gumigyűrűs.pdf
2025-07-01 21:48:32,262 - INFO - HTTP Request: GET https://www.leier.hu/hu/dokumentumtar/4042 "HTTP/1.1 200 OK"
2025-07-01 21:48:32,297 - INFO - ✅ Downloaded: C:\Users\Admin\.cursor\Lambda\src\backend\src\downloads\leier_datasheets\hu\Teljesítménynyilatkozatok\Mély-_és_vasútépítés__környezettechnika\Mélyépítés\Leier_Easyblock_támfalrendszer_Jánossomorja.pdf
2025-07-01 21:48:32,630 - INFO - HTTP Request: GET https://www.leier.hu/hu/dokumentumtar/3293 "HTTP/1.1 200 OK"
2025-07-01 21:48:32,631 - INFO - HTTP Request: GET https://www.leier.hu/hu/dokumentumtar/3135 "HTTP/1.1 200 OK"
2025-07-01 21:48:32,632 - INFO - HTTP Request: GET https://www.leier.hu/hu/dokumentumtar/3034 "HTTP/1.1 200 OK"
2025-07-01 21:48:32,653 - INFO - ✅ Downloaded: C:\Users\Admin\.cursor\Lambda\src\backend\src\downloads\leier_datasheets\hu\Részletrajzok\Elemrajzok__DWG__PDF_\Mélyépítés\Betontartályok\LBT_paraméteres.pdf
2025-07-01 21:48:32,934 - INFO - ✅ Downloaded: C:\Users\Admin\.cursor\Lambda\src\backend\src\downloads\leier_datasheets\hu\Részletrajzok\Elemrajzok__DWG__PDF_\Mélyépítés\Vízelnyelőakna_elemek\V_AFE_50_80_L_-_Víznyelő_akna_fenékelem_vég_vízszintes_metszet.pdf
2025-07-01 21:48:32,935 - INFO - HTTP Request: GET https://www.leier.hu/hu/dokumentumtar/2039 "HTTP/1.1 200 OK"
2025-07-01 21:48:32,936 - INFO - HTTP Request: GET https://www.leier.hu/hu/dokumentumtar/3559 "HTTP/1.1 200 OK"
2025-07-01 21:48:32,937 - INFO - HTTP Request: GET https://www.leier.hu/hu/dokumentumtar/2608 "HTTP/1.1 200 OK"
2025-07-01 21:48:32,938 - INFO - HTTP Request: GET https://www.leier.hu/hu/dokumentumtar/2550 "HTTP/1.1 200 OK"
2025-07-01 21:48:32,939 - INFO - HTTP Request: GET https://www.leier.hu/hu/dokumentumtar/3558 "HTTP/1.1 200 OK"
2025-07-01 21:48:33,210 - ERROR - ❌ Failed to download https://www.leier.hu/hu/dokumentumtar/2039: [Errno 2] No such file or directory: 'C:\\Users\\Admin\\.cursor\\Lambda\\src\\backend\\src\\downloads\\leier_datasheets\\hu\\Teljesítménynyilatkozatok\\Magasépítési_termékek\\Tégla_termékek\\Mátraderecske_-_Teljesítménynyilatkozatok\\Teljesítménynyilatkozat_-_Leiertherm_250\\120\\65_kevéslyukú_-_MD_LE_MD771-1-09-02.pdf'
2025-07-01 21:48:33,482 - INFO - ✅ Downloaded: C:\Users\Admin\.cursor\Lambda\src\backend\src\downloads\leier_datasheets\hu\Részletrajzok\Elemrajzok__DWG__PDF_\Mélyépítés\Kábelcsatorna\KCS_fedlap_irt_bal_oldal.pdf
2025-07-01 21:48:33,746 - INFO - ✅ Downloaded: C:\Users\Admin\.cursor\Lambda\src\backend\src\downloads\leier_datasheets\hu\Részletrajzok\Csomópontok\Födém_részletrajzok\dxf\leier-m031-mesterf-belsok.pdf
2025-07-01 21:48:34,009 - INFO - ✅ Downloaded: C:\Users\Admin\.cursor\Lambda\src\backend\src\downloads\leier_datasheets\hu\Részletrajzok\Elemrajzok__DWG__PDF_\Környezettechnika\Olajelválasztók_PDF\LOL_SUPER_3_KF_melleklet_PDF.pdf
2025-07-01 21:48:34,289 - INFO - ✅ Downloaded: C:\Users\Admin\.cursor\Lambda\src\backend\src\downloads\leier_datasheets\hu\Részletrajzok\Elemrajzok__DWG__PDF_\Környezettechnika\Olajelválasztók_PDF\LOL_SUPER_3_max_KF_melleklet_PDF.pdf
2025-07-01 21:48:34,290 - INFO - ✅ Downloaded: C:\Users\Admin\.cursor\Lambda\src\backend\src\downloads\leier_datasheets\hu\Részletrajzok\Csomópontok\Kémény_részletrajzok\asc\leier-k042-kemeny-tetoatvez2.pdf
2025-07-01 21:48:34,849 - INFO - HTTP Request: GET https://www.leier.hu/hu/dokumentumtar/3379 "HTTP/1.1 200 OK"
2025-07-01 21:48:34,859 - INFO - ✅ Downloaded: C:\Users\Admin\.cursor\Lambda\src\backend\src\downloads\leier_datasheets\hu\Részletrajzok\Elemrajzok__DWG__PDF_\Környezettechnika\Olajelválasztók_DWG\LOL_SUPER_80_max_KF_melle_klet.pdf
2025-07-01 21:48:35,142 - INFO - HTTP Request: GET https://www.leier.hu/hu/dokumentumtar/1924 "HTTP/1.1 200 OK"
2025-07-01 21:48:35,143 - INFO - HTTP Request: GET https://www.leier.hu/hu/dokumentumtar/3226 "HTTP/1.1 200 OK"
2025-07-01 21:48:35,183 - INFO - ✅ Downloaded: C:\Users\Admin\.cursor\Lambda\src\backend\src\downloads\leier_datasheets\hu\Részletrajzok\Elemrajzok__DWG__PDF_\Mélyépítés\Tisztítóakna_elemek\Aknagyűrűk\AGY_100_-_75_L_-_Aknagyűrű_-_függőleges_metszet.pdf
2025-07-01 21:48:35,455 - INFO - HTTP Request: GET https://www.leier.hu/hu/dokumentumtar/3482 "HTTP/1.1 200 OK"
2025-07-01 21:48:35,458 - INFO - HTTP Request: GET https://www.leier.hu/hu/dokumentumtar/2900 "HTTP/1.1 200 OK"
2025-07-01 21:48:35,459 - INFO - HTTP Request: GET https://www.leier.hu/hu/dokumentumtar/2650 "HTTP/1.1 200 OK"
2025-07-01 21:48:35,460 - INFO - HTTP Request: GET https://www.leier.hu/hu/dokumentumtar/3422 "HTTP/1.1 200 OK"
2025-07-01 21:48:35,461 - INFO - HTTP Request: GET https://www.leier.hu/hu/dokumentumtar/3234 "HTTP/1.1 200 OK"
2025-07-01 21:48:35,462 - INFO - HTTP Request: GET https://www.leier.hu/hu/dokumentumtar/3460 "HTTP/1.1 200 OK"
2025-07-01 21:48:35,476 - INFO - ✅ Downloaded: C:\Users\Admin\.cursor\Lambda\src\backend\src\downloads\leier_datasheets\hu\Részletrajzok\Elemrajzok__DWG__PDF_\Környezettechnika\Olajelválasztók_DWG\LOL_SUPER_15_150_KF_zápor_túlfolyóval_melléklet.pdf
2025-07-01 21:48:35,477 - INFO - ✅ Downloaded: C:\Users\Admin\.cursor\Lambda\src\backend\src\downloads\leier_datasheets\hu\Részletrajzok\Elemrajzok__DWG__PDF_\Környezettechnika\Olajelválasztók_PDF\LOL_SUPER_80_max_P_melleklet_PDF.pdf
2025-07-01 21:48:36,003 - INFO - HTTP Request: GET https://www.leier.hu/hu/dokumentumtar/3937 "HTTP/1.1 200 OK"
2025-07-01 21:48:36,008 - INFO - ✅ Downloaded: C:\Users\Admin\.cursor\Lambda\src\backend\src\downloads\leier_datasheets\hu\Részletrajzok\Elemrajzok__DWG__PDF_\Környezettechnika\Olajelválasztók_PDF\LOL_SUPER_150_P_sullyesztett_verzio_melleklet_PDF.pdf
2025-07-01 21:48:36,308 - INFO - ✅ Downloaded: C:\Users\Admin\.cursor\Lambda\src\backend\src\downloads\leier_datasheets\hu\Részletrajzok\Elemrajzok__DWG__PDF_\Mélyépítés\Árokburkoló-_és_árokelemek\ÁBE_F_40_50_-_50L_-_Bordás_és_víznyelős_fedlap_-_keresztmetszet1.pdf
2025-07-01 21:48:36,309 - INFO - ✅ Downloaded: C:\Users\Admin\.cursor\Lambda\src\backend\src\downloads\leier_datasheets\hu\Részletrajzok\Elemrajzok__DWG__PDF_\Mélyépítés\Tisztítóakna_elemek\Aknagyűrűk\AGY_100_-_25_L_-_Aknagyűrű_-_függőleges_metszet.pdf
2025-07-01 21:48:36,602 - INFO - ✅ Downloaded: C:\Users\Admin\.cursor\Lambda\src\backend\src\downloads\leier_datasheets\hu\Részletrajzok\Csomópontok\Térburkolat_részletrajzok\dwg\b06b-folyoka2.pdf
2025-07-01 21:48:37,146 - INFO - HTTP Request: GET https://www.leier.hu/hu/dokumentumtar/2414 "HTTP/1.1 200 OK"
2025-07-01 21:48:37,170 - INFO - ✅ Downloaded: C:\Users\Admin\.cursor\Lambda\src\backend\src\downloads\leier_datasheets\hu\Részletrajzok\Csomópontok\Fal_részletrajzok\asc\leier-f09a-uni-alapozas-tn.pdf
2025-07-01 21:48:37,438 - INFO - HTTP Request: GET https://www.leier.hu/hu/dokumentumtar/3100 "HTTP/1.1 200 OK"
2025-07-01 21:48:37,439 - INFO - HTTP Request: GET https://www.leier.hu/hu/dokumentumtar/3183 "HTTP/1.1 200 OK"
2025-07-01 21:48:37,440 - INFO - HTTP Request: GET https://www.leier.hu/hu/dokumentumtar/3373 "HTTP/1.1 200 OK"
2025-07-01 21:48:37,478 - INFO - ✅ Downloaded: C:\Users\Admin\.cursor\Lambda\src\backend\src\downloads\leier_datasheets\hu\Részletrajzok\Elemrajzok__DWG__PDF_\Környezettechnika\Olajelválasztók_DWG\LOL_SUPER_100_max_KF_melle_klet.pdf
2025-07-01 21:48:37,748 - INFO - HTTP Request: GET https://www.leier.hu/hu/dokumentumtar/2996 "HTTP/1.1 200 OK"
2025-07-01 21:48:37,749 - INFO - HTTP Request: GET https://www.leier.hu/hu/dokumentumtar/4174 "HTTP/1.1 200 OK"
2025-07-01 21:48:37,755 - INFO - ✅ Downloaded: C:\Users\Admin\.cursor\Lambda\src\backend\src\downloads\leier_datasheets\hu\Részletrajzok\Elemrajzok__DWG__PDF_\Mélyépítés\Keretelemek\LKE_120_-_120_-_110_-_Keret_előfej_kezdőelem_-_felülnézet.pdf
2025-07-01 21:48:38,023 - INFO - ✅ Downloaded: C:\Users\Admin\.cursor\Lambda\src\backend\src\downloads\leier_datasheets\hu\Részletrajzok\Elemrajzok__DWG__PDF_\Mélyépítés\Előfej_támfalelemek\LEF_80_1_1_5_előfej.pdf
2025-07-01 21:48:38,314 - INFO - HTTP Request: GET https://www.leier.hu/hu/dokumentumtar/3406 "HTTP/1.1 200 OK"
2025-07-01 21:48:38,327 - INFO - ✅ Downloaded: C:\Users\Admin\.cursor\Lambda\src\backend\src\downloads\leier_datasheets\hu\Részletrajzok\Elemrajzok__DWG__PDF_\Környezettechnika\Olajelválasztók_DWG\LOL_SUPER_30_max_NF_melle_klet.pdf
2025-07-01 21:48:38,327 - INFO - ✅ Downloaded: C:\Users\Admin\.cursor\Lambda\src\backend\src\downloads\leier_datasheets\hu\Részletrajzok\Elemrajzok__DWG__PDF_\Mélyépítés\Betoncsövek\TOTA_100_200L_-_Tokos_talpas_betoncső_tokosmetszet.pdf
2025-07-01 21:48:38,866 - INFO - HTTP Request: GET https://www.leier.hu/hu/dokumentumtar/3517 "HTTP/1.1 200 OK"
2025-07-01 21:48:38,880 - INFO - ✅ Downloaded: C:\Users\Admin\.cursor\Lambda\src\backend\src\downloads\leier_datasheets\at\Verarbeitungsinfos\Verarbeitungsinfo_Durchwurfbriefkasten.pdf
2025-07-01 21:48:39,141 - INFO - ✅ Downloaded: C:\Users\Admin\.cursor\Lambda\src\backend\src\downloads\leier_datasheets\hu\Részletrajzok\Elemrajzok__DWG__PDF_\Környezettechnika\Olajelválasztók_PDF\LOL_SUPER_25_P_melleklet_PDF.pdf
2025-07-01 21:48:39,405 - INFO - HTTP Request: GET https://www.leier.hu/hu/dokumentumtar/3573 "HTTP/1.1 200 OK"
2025-07-01 21:48:39,422 - INFO - ✅ Downloaded: C:\Users\Admin\.cursor\Lambda\src\backend\src\downloads\leier_datasheets\hu\Árlisták_viszonteladók_részére\Tetőfedés_árlista_viszonteladók_részére_-_Érvényes__2025_04_01-től.pdf
2025-07-01 21:48:39,684 - INFO - ✅ Downloaded: C:\Users\Admin\.cursor\Lambda\src\backend\src\downloads\leier_datasheets\hu\Részletrajzok\Elemrajzok__DWG__PDF_\Durisol_zajárnyékolás\Durisol_panel_496_100_DSI_30_13_W_-_Metszet.pdf
2025-07-01 21:48:39,948 - INFO - HTTP Request: GET https://www.leier.hu/hu/dokumentumtar/2451 "HTTP/1.1 200 OK"
2025-07-01 21:48:39,949 - INFO - HTTP Request: GET https://www.leier.hu/hu/dokumentumtar/2269 "HTTP/1.1 200 OK"
2025-07-01 21:48:39,956 - INFO - ✅ Downloaded: C:\Users\Admin\.cursor\Lambda\src\backend\src\downloads\leier_datasheets\hu\Termékadatlapok\Kertépítés__díszburkolat\Térkövek\Leier_Kaiserstein_KANT_univerzális_térkő_adatlap.pdf
2025-07-01 21:48:39,957 - INFO - ✅ Downloaded: C:\Users\Admin\.cursor\Lambda\src\backend\src\downloads\leier_datasheets\hu\Részletrajzok\Csomópontok\Leier_Durisol_zajárnyékoló_falak\PDF\Földelés_részletrajza.pdf
2025-07-01 21:48:40,488 - INFO - HTTP Request: GET https://www.leier.hu/hu/dokumentumtar/4169 "HTTP/1.1 200 OK"
2025-07-01 21:48:40,489 - INFO - HTTP Request: GET https://www.leier.hu/hu/dokumentumtar/2371 "HTTP/1.1 200 OK"
2025-07-01 21:48:40,496 - INFO - ✅ Downloaded: C:\Users\Admin\.cursor\Lambda\src\backend\src\downloads\leier_datasheets\hu\Alkalmazástechnikák__Beépítési_útmutatók\Durisol_zajárnyékoló_rendszer__vasútépítés_-_Alkalmazástechnika.pdf
2025-07-01 21:48:40,761 - INFO - ✅ Downloaded: C:\Users\Admin\.cursor\Lambda\src\backend\src\downloads\leier_datasheets\hu\Részletrajzok\Csomópontok\Fal_részletrajzok\pdf\f10a-belso-uni-alapozas.pdf
2025-07-01 21:48:40,762 - INFO - HTTP Request: GET https://www.leier.hu/hu/dokumentumtar/3532 "HTTP/1.1 200 OK"
2025-07-01 21:48:40,763 - INFO - HTTP Request: GET https://www.leier.hu/hu/dokumentumtar/2529 "HTTP/1.1 200 OK"
2025-07-01 21:48:41,061 - INFO - ✅ Downloaded: C:\Users\Admin\.cursor\Lambda\src\backend\src\downloads\leier_datasheets\hu\Részletrajzok\Csomópontok\Kémény_részletrajzok\dwg\k042-kemeny-tetoatvez2.pdf
2025-07-01 21:48:41,451 - INFO - ✅ Downloaded: C:\Users\Admin\.cursor\Lambda\src\backend\src\downloads\leier_datasheets\hu\Részletrajzok\Elemrajzok__DWG__PDF_\Környezettechnika\Olajelválasztók_PDF\LOL_SUPER_15_NF_melleklet_PDF.pdf
2025-07-01 21:48:41,776 - INFO - HTTP Request: GET https://www.leier.hu/hu/dokumentumtar/2858 "HTTP/1.1 200 OK"
2025-07-01 21:48:41,777 - INFO - HTTP Request: GET https://www.leier.hu/hu/dokumentumtar/3600 "HTTP/1.1 200 OK"
2025-07-01 21:48:41,785 - INFO - ✅ Downloaded: C:\Users\Admin\.cursor\Lambda\src\backend\src\downloads\leier_datasheets\hu\Szerelési_útmutatók\Üreges_Födémpalló___Hohldiele\Teljesítménynyilatkozat___Leistungserklärung\DE\Vorgespannte_Hohldielendecke_Jánossomorja_Leistungserklärung.pdf
2025-07-01 21:48:42,165 - INFO - HTTP Request: GET https://www.leier.hu/hu/dokumentumtar/3003 "HTTP/1.1 200 OK"
2025-07-01 21:48:42,167 - INFO - HTTP Request: GET https://www.leier.hu/hu/dokumentumtar/2397 "HTTP/1.1 200 OK"
2025-07-01 21:48:42,182 - INFO - ✅ Downloaded: C:\Users\Admin\.cursor\Lambda\src\backend\src\downloads\leier_datasheets\hu\Részletrajzok\Elemrajzok__DWG__PDF_\Durisol_zajárnyékolás\Durisol_panel_296_100_DSI_30_13_N_-_Metszet.pdf
2025-07-01 21:48:42,569 - INFO - ✅ Downloaded: C:\Users\Admin\.cursor\Lambda\src\backend\src\downloads\leier_datasheets\hu\Részletrajzok\Csomópontok\Fal_részletrajzok\pln\f04a-kulso-nyilaszaro1.pdf
2025-07-01 21:48:42,836 - INFO - HTTP Request: GET https://www.leier.hu/hu/dokumentumtar/3450 "HTTP/1.1 200 OK"
2025-07-01 21:48:42,837 - INFO - HTTP Request: GET https://www.leier.hu/hu/dokumentumtar/3000 "HTTP/1.1 200 OK"
2025-07-01 21:48:42,846 - INFO - ✅ Downloaded: C:\Users\Admin\.cursor\Lambda\src\backend\src\downloads\leier_datasheets\hu\Részletrajzok\Elemrajzok__DWG__PDF_\Környezettechnika\Olajelválasztók_DWG\LOL_SUPER_3_max_KF_melle_klet.pdf
2025-07-01 21:48:42,847 - INFO - ✅ Downloaded: C:\Users\Admin\.cursor\Lambda\src\backend\src\downloads\leier_datasheets\hu\Részletrajzok\Elemrajzok__DWG__PDF_\Mélyépítés\Betoncsövek\TO_60_200L_-_Tokos_betoncső_csaposmetszet.pdf
2025-07-01 21:48:43,394 - INFO - HTTP Request: GET https://www.leier.hu/hu/dokumentumtar/3031 "HTTP/1.1 200 OK"
2025-07-01 21:48:43,395 - INFO - HTTP Request: GET https://www.leier.hu/hu/dokumentumtar/3498 "HTTP/1.1 200 OK"
2025-07-01 21:48:43,408 - INFO - ✅ Downloaded: C:\Users\Admin\.cursor\Lambda\src\backend\src\downloads\leier_datasheets\hu\Részletrajzok\Elemrajzok__DWG__PDF_\Mélyépítés\Betoncsövek\TOTA_100_200L_-_Tokos_talpas_betoncső_csaposmetszet.pdf
2025-07-01 21:48:43,704 - INFO - HTTP Request: GET https://www.leier.hu/hu/dokumentumtar/4124 "HTTP/1.1 200 OK"
2025-07-01 21:48:43,708 - INFO - ✅ Downloaded: C:\Users\Admin\.cursor\Lambda\src\backend\src\downloads\leier_datasheets\hu\Részletrajzok\Elemrajzok__DWG__PDF_\Környezettechnika\Olajelválasztók_PDF\LOL_SUPER_50_max_P_melleklet_PDF.pdf
2025-07-01 21:48:43,981 - INFO - ✅ Downloaded: C:\Users\Admin\.cursor\Lambda\src\backend\src\downloads\leier_datasheets\hu\Termékadatlapok\Magasépítési_termékek\Beton_falazóelemek\Leier_beton_VF10_adatlap_pdf.pdf
2025-07-01 21:48:44,265 - INFO - ✅ Downloaded: C:\Users\Admin\.cursor\Lambda\src\backend\src\downloads\leier_datasheets\hu\Részletrajzok\Elemrajzok__DWG__PDF_\Mélyépítés\Betontartályok\LBT_2_-_Betontartály_függőleges_metszet.pdf
2025-07-01 21:48:44,544 - INFO - HTTP Request: GET https://www.leier.hu/hu/dokumentumtar/1983 "HTTP/1.1 200 OK"
2025-07-01 21:48:44,552 - INFO - HTTP Request: GET https://www.leier.hu/hu/dokumentumtar/3489 "HTTP/1.1 200 OK"
2025-07-01 21:48:44,563 - INFO - ✅ Downloaded: C:\Users\Admin\.cursor\Lambda\src\backend\src\downloads\leier_datasheets\hu\Részletrajzok\Elemrajzok__DWG__PDF_\Környezettechnika\Olajelválasztók_PDF\LOL_SUPER_60_NF_melleklet_PDF.pdf
2025-07-01 21:48:44,850 - INFO - ✅ Downloaded: C:\Users\Admin\.cursor\Lambda\src\backend\src\downloads\leier_datasheets\hu\Teljesítménynyilatkozatok\Magasépítési_termékek\Tégla_termékek\Devecser_-_Teljesítménynyilatkozatok\LeierPLAN\Teljesítménynyilatkozat_-_LeierPLAN_38_Pro_LE_DE771-1-20-02.pdf
2025-07-01 21:48:45,136 - INFO - HTTP Request: GET https://www.leier.hu/hu/dokumentumtar/2497 "HTTP/1.1 200 OK"
2025-07-01 21:48:45,137 - INFO - HTTP Request: GET https://www.leier.hu/hu/dokumentumtar/3047 "HTTP/1.1 200 OK"
2025-07-01 21:48:45,149 - INFO - ✅ Downloaded: C:\Users\Admin\.cursor\Lambda\src\backend\src\downloads\leier_datasheets\hu\Részletrajzok\Csomópontok\Tető_részletrajzok\asc\leier-t10-szellozo.pdf
2025-07-01 21:48:45,430 - INFO - HTTP Request: GET https://www.leier.hu/hu/dokumentumtar/2648 "HTTP/1.1 200 OK"
2025-07-01 21:48:45,435 - INFO - HTTP Request: GET https://www.leier.hu/hu/dokumentumtar/2488 "HTTP/1.1 200 OK"
2025-07-01 21:48:45,442 - INFO - ✅ Downloaded: C:\Users\Admin\.cursor\Lambda\src\backend\src\downloads\leier_datasheets\hu\Részletrajzok\Elemrajzok__DWG__PDF_\Mélyépítés\Előfej_támfalelemek\TFE_60_-_Támfalelem_oldalnézet.pdf
2025-07-01 21:48:45,713 - INFO - ✅ Downloaded: C:\Users\Admin\.cursor\Lambda\src\backend\src\downloads\leier_datasheets\hu\Részletrajzok\Csomópontok\Tető_részletrajzok\pdf\t08a-orom-cserep.pdf
2025-07-01 21:48:45,977 - INFO - HTTP Request: GET https://www.leier.hu/hu/dokumentumtar/3277 "HTTP/1.1 200 OK"
2025-07-01 21:48:45,979 - INFO - HTTP Request: GET https://www.leier.hu/hu/dokumentumtar/3281 "HTTP/1.1 200 OK"
2025-07-01 21:48:45,991 - INFO - ✅ Downloaded: C:\Users\Admin\.cursor\Lambda\src\backend\src\downloads\leier_datasheets\hu\Részletrajzok\Csomópontok\Térburkolat_részletrajzok\dwg\b07b-tereplepcso2.pdf
2025-07-01 21:48:46,309 - INFO - HTTP Request: GET https://www.leier.hu/hu/dokumentumtar/3525 "HTTP/1.1 200 OK"
2025-07-01 21:48:46,310 - INFO - HTTP Request: GET https://www.leier.hu/hu/dokumentumtar/3239 "HTTP/1.1 200 OK"
2025-07-01 21:48:46,323 - INFO - ✅ Downloaded: C:\Users\Admin\.cursor\Lambda\src\backend\src\downloads\leier_datasheets\hu\Részletrajzok\Elemrajzok__DWG__PDF_\Mélyépítés\Vasúti_peronelemek\Vasúti_peronelem_-_Oldalnézet.pdf
2025-07-01 21:48:46,323 - INFO - ✅ Downloaded: C:\Users\Admin\.cursor\Lambda\src\backend\src\downloads\leier_datasheets\hu\Részletrajzok\Elemrajzok__DWG__PDF_\Mélyépítés\Vízóra_akna\VA_100_62_5_120_L_H_-_Vízóraakna_hágcsóval_függőleges_metszet.pdf
2025-07-01 21:48:47,108 - INFO - HTTP Request: GET https://www.leier.hu/hu/dokumentumtar/2296 "HTTP/1.1 200 OK"
2025-07-01 21:48:47,110 - INFO - ✅ Downloaded: C:\Users\Admin\.cursor\Lambda\src\backend\src\downloads\leier_datasheets\hu\Részletrajzok\Elemrajzok__DWG__PDF_\Környezettechnika\Olajelválasztók_PDF\LOL_SUPER_20_max_P_melleklet_PDF.pdf
2025-07-01 21:48:47,487 - INFO - HTTP Request: GET https://www.leier.hu/hu/dokumentumtar/2300 "HTTP/1.1 200 OK"
2025-07-01 21:48:47,488 - INFO - HTTP Request: GET https://www.leier.hu/hu/dokumentumtar/3111 "HTTP/1.1 200 OK"
2025-07-01 21:48:47,493 - INFO - ✅ Downloaded: C:\Users\Admin\.cursor\Lambda\src\backend\src\downloads\leier_datasheets\hu\Részletrajzok\Elemrajzok__DWG__PDF_\Mélyépítés\Tisztítóakna_elemek\Aknagyűrűk\AGY_100_LG_H_-_Aknagyűrű_gumigyűrűs_hágcsóval_-_vízszintes_metszet.pdf
2025-07-01 21:48:47,796 - INFO - ✅ Downloaded: C:\Users\Admin\.cursor\Lambda\src\backend\src\downloads\leier_datasheets\hu\Termékadatlapok\Kertépítés__díszburkolat\Kerti_lapok\CENTRUM_lapok_termékadatlap.pdf
2025-07-01 21:48:48,066 - INFO - ✅ Downloaded: C:\Users\Admin\.cursor\Lambda\src\backend\src\downloads\leier_datasheets\hu\Termékadatlapok\Kertépítés__díszburkolat\Rézsűkövek__kiegészítők__virágtartók\CASTRUM_paliszád_termékadatlap.pdf
2025-07-01 21:48:48,341 - INFO - HTTP Request: GET https://www.leier.hu/hu/dokumentumtar/3159 "HTTP/1.1 200 OK"
2025-07-01 21:48:48,342 - INFO - HTTP Request: GET https://www.leier.hu/hu/dokumentumtar/2572 "HTTP/1.1 200 OK"
2025-07-01 21:48:48,342 - INFO - HTTP Request: GET https://www.leier.hu/hu/dokumentumtar/3098 "HTTP/1.1 200 OK"
2025-07-01 21:48:48,346 - INFO - ✅ Downloaded: C:\Users\Admin\.cursor\Lambda\src\backend\src\downloads\leier_datasheets\hu\Részletrajzok\Elemrajzok__DWG__PDF_\Mélyépítés\Kábelcsatorna\KCS_vályú_teljes_elöl.pdf
2025-07-01 21:48:48,619 - INFO - HTTP Request: GET https://www.leier.hu/hu/dokumentumtar/3142 "HTTP/1.1 200 OK"
2025-07-01 21:48:48,620 - INFO - ✅ Downloaded: C:\Users\Admin\.cursor\Lambda\src\backend\src\downloads\leier_datasheets\hu\Részletrajzok\Elemrajzok__DWG__PDF_\Mélyépítés\Kábelcsatorna\KCS_elva_laszto__i_v_nagy.pdf
2025-07-01 21:48:48,881 - INFO - ✅ Downloaded: C:\Users\Admin\.cursor\Lambda\src\backend\src\downloads\leier_datasheets\hu\Részletrajzok\Csomópontok\Födém_részletrajzok\dwg\m031-mesterf-belsokosz.pdf
2025-07-01 21:48:49,164 - INFO - HTTP Request: GET https://www.leier.hu/hu/dokumentumtar/3563 "HTTP/1.1 200 OK"
2025-07-01 21:48:49,169 - INFO - ✅ Downloaded: C:\Users\Admin\.cursor\Lambda\src\backend\src\downloads\leier_datasheets\hu\Részletrajzok\Elemrajzok__DWG__PDF_\Mélyépítés\Előfej_támfalelemek\LEF_100_-_Előfej_betoncsőhöz_-_elölnézet.pdf
2025-07-01 21:48:49,437 - INFO - HTTP Request: GET https://www.leier.hu/hu/dokumentumtar/2830 "HTTP/1.1 200 OK"
2025-07-01 21:48:49,438 - INFO - HTTP Request: GET https://www.leier.hu/hu/dokumentumtar/2433 "HTTP/1.1 200 OK"
2025-07-01 21:48:49,440 - INFO - ✅ Downloaded: C:\Users\Admin\.cursor\Lambda\src\backend\src\downloads\leier_datasheets\hu\Részletrajzok\Elemrajzok__DWG__PDF_\Mélyépítés\Kábelcsatorna\KCS_elválasztó_ív_nagy_felül.pdf
2025-07-01 21:48:49,735 - INFO - HTTP Request: GET https://www.leier.hu/hu/dokumentumtar/2584 "HTTP/1.1 200 OK"
2025-07-01 21:48:49,736 - INFO - ✅ Downloaded: C:\Users\Admin\.cursor\Lambda\src\backend\src\downloads\leier_datasheets\hu\Részletrajzok\Elemrajzok__DWG__PDF_\Durisol_zajárnyékolás\HEA_Acéloszlop_-_Felülnézet.pdf
2025-07-01 21:48:50,001 - INFO - ✅ Downloaded: C:\Users\Admin\.cursor\Lambda\src\backend\src\downloads\leier_datasheets\hu\Szerelési_útmutatók\Előregyártott_Falak___Wandelemente\Teljesítménynyilatkozat___Leistungerklarung\DE\Wandelemente_Jánossomorja_Leistungserklärung.pdf
2025-07-01 21:48:50,284 - INFO - ✅ Downloaded: C:\Users\Admin\.cursor\Lambda\src\backend\src\downloads\leier_datasheets\hu\Részletrajzok\Csomópontok\Födém_részletrajzok\pdf\m01-mesterf-koszoru1.pdf
2025-07-01 21:48:50,285 - INFO - ✅ Downloaded: C:\Users\Admin\.cursor\Lambda\src\backend\src\downloads\leier_datasheets\hu\Részletrajzok\Csomópontok\Leier_Durisol_zajárnyékoló_falak\DWG\HEA_acélprofilok.pdf
2025-07-01 21:48:50,873 - INFO - HTTP Request: GET https://www.leier.hu/hu/dokumentumtar/3229 "HTTP/1.1 200 OK"
2025-07-01 21:48:50,874 - INFO - HTTP Request: GET https://www.leier.hu/hu/dokumentumtar/3923 "HTTP/1.1 200 OK"
2025-07-01 21:48:50,906 - INFO - ✅ Downloaded: C:\Users\Admin\.cursor\Lambda\src\backend\src\downloads\leier_datasheets\hu\Részletrajzok\Elemrajzok__DWG__PDF_\Mélyépítés\Tisztítóakna_elemek\Aknagyűrűk\AGY_100_-_50_L_H_-_Aknagyűrű_hágcsóval_-_függőleges_metszet.pdf
2025-07-01 21:48:51,262 - INFO - HTTP Request: GET https://www.leier.hu/hu/dokumentumtar/2985 "HTTP/1.1 200 OK"
2025-07-01 21:48:51,263 - INFO - HTTP Request: GET https://www.leier.hu/hu/dokumentumtar/3017 "HTTP/1.1 200 OK"
2025-07-01 21:48:51,264 - INFO - HTTP Request: GET https://www.leier.hu/hu/dokumentumtar/3426 "HTTP/1.1 200 OK"
2025-07-01 21:48:51,277 - INFO - ✅ Downloaded: C:\Users\Admin\.cursor\Lambda\src\backend\src\downloads\leier_datasheets\hu\Részletrajzok\Elemrajzok__DWG__PDF_\Környezettechnika\Olajelválasztók_DWG\LOL_SUPER_15_max_P_melle_klet.pdf
2025-07-01 21:48:51,558 - INFO - HTTP Request: GET https://www.leier.hu/hu/dokumentumtar/3420 "HTTP/1.1 200 OK"
2025-07-01 21:48:51,568 - INFO - ✅ Downloaded: C:\Users\Admin\.cursor\Lambda\src\backend\src\downloads\leier_datasheets\hu\Részletrajzok\Elemrajzok__DWG__PDF_\Mélyépítés\Betoncsövek\TOTA_80_200L_-_Tokos_talpas_betoncső_csaposmetszet.pdf
2025-07-01 21:48:51,843 - INFO - ✅ Downloaded: C:\Users\Admin\.cursor\Lambda\src\backend\src\downloads\leier_datasheets\at\Aufbauanleitungen\Aufbauanleitung_Durisol_Frühbeetaufsatz_K-Form.pdf
2025-07-01 21:48:52,157 - INFO - ✅ Downloaded: C:\Users\Admin\.cursor\Lambda\src\backend\src\downloads\leier_datasheets\hu\Részletrajzok\Elemrajzok__DWG__PDF_\Környezettechnika\Olajelválasztók_DWG\LOL_SUPER_20_max_KF_melle_klet.pdf
2025-07-01 21:48:52,157 - INFO - ✅ Downloaded: C:\Users\Admin\.cursor\Lambda\src\backend\src\downloads\leier_datasheets\hu\Részletrajzok\Elemrajzok__DWG__PDF_\Mélyépítés\Betoncsövek\TA_30_100_-_Talpas_betoncső_hosszmetszet.pdf
2025-07-01 21:48:52,158 - INFO - HTTP Request: GET https://www.leier.hu/hu/dokumentumtar/2694 "HTTP/1.1 200 OK"
2025-07-01 21:48:52,160 - INFO - HTTP Request: GET https://www.leier.hu/hu/dokumentumtar/3056 "HTTP/1.1 200 OK"
2025-07-01 21:48:52,744 - INFO - ✅ Downloaded: C:\Users\Admin\.cursor\Lambda\src\backend\src\downloads\leier_datasheets\hu\Részletrajzok\Csomópontok\Mélyépítési_részletrajzok\dwg\c04-vegyes-csaphornyos.pdf
2025-07-01 21:48:53,025 - INFO - HTTP Request: GET https://www.leier.hu/hu/dokumentumtar/3734 "HTTP/1.1 200 OK"
2025-07-01 21:48:53,033 - INFO - ✅ Downloaded: C:\Users\Admin\.cursor\Lambda\src\backend\src\downloads\leier_datasheets\hu\Részletrajzok\Elemrajzok__DWG__PDF_\Mélyépítés\Előfej_támfalelemek\TFE_50_-_Támfalelem_elölnézet.pdf
2025-07-01 21:48:53,305 - INFO - HTTP Request: GET https://www.leier.hu/hu/dokumentumtar/2461 "HTTP/1.1 200 OK"
2025-07-01 21:48:53,313 - INFO - ✅ Downloaded: C:\Users\Admin\.cursor\Lambda\src\backend\src\downloads\leier_datasheets\hu\Részletrajzok\Csomópontok\Leier_Durisol_Magasépítő_falazórendszer\Belső__50_cm_magas_áthidaló_kialakítása_DM_25-16.pdf
2025-07-01 21:48:53,584 - INFO - HTTP Request: GET https://www.leier.hu/hu/dokumentumtar/2693 "HTTP/1.1 200 OK"
2025-07-01 21:48:53,585 - INFO - HTTP Request: GET https://www.leier.hu/hu/dokumentumtar/2751 "HTTP/1.1 200 OK"
2025-07-01 21:48:53,586 - INFO - HTTP Request: GET https://www.leier.hu/hu/dokumentumtar/2603 "HTTP/1.1 200 OK"
2025-07-01 21:48:53,586 - INFO - HTTP Request: GET https://www.leier.hu/hu/dokumentumtar/3323 "HTTP/1.1 200 OK"
2025-07-01 21:48:53,596 - INFO - ✅ Downloaded: C:\Users\Admin\.cursor\Lambda\src\backend\src\downloads\leier_datasheets\hu\Részletrajzok\Csomópontok\Födém_részletrajzok\dxf\leier-m06-mesterf-lepcso.pdf
2025-07-01 21:48:53,864 - INFO - ✅ Downloaded: C:\Users\Admin\.cursor\Lambda\src\backend\src\downloads\leier_datasheets\hu\Részletrajzok\Csomópontok\Kéregelemes_födém_részletrajzok\pln\p032-kpanel-belsokoszo.pdf
2025-07-01 21:48:53,865 - INFO - ✅ Downloaded: C:\Users\Admin\.cursor\Lambda\src\backend\src\downloads\leier_datasheets\hu\Részletrajzok\Elemrajzok__DWG__PDF_\Környezettechnika\Iszapfogók_DWG\LIF_200_175_melléklet.pdf
2025-07-01 21:48:54,403 - INFO - HTTP Request: GET https://www.leier.hu/hu/dokumentumtar/3256 "HTTP/1.1 200 OK"
2025-07-01 21:48:54,408 - INFO - ✅ Downloaded: C:\Users\Admin\.cursor\Lambda\src\backend\src\downloads\leier_datasheets\hu\Részletrajzok\Csomópontok\Mélyépítési_részletrajzok\dwg\c05-nagyatmero-csaphor.pdf
2025-07-01 21:48:54,676 - INFO - HTTP Request: GET https://www.leier.hu/hu/dokumentumtar/3246 "HTTP/1.1 200 OK"
2025-07-01 21:48:54,684 - INFO - ✅ Downloaded: C:\Users\Admin\.cursor\Lambda\src\backend\src\downloads\leier_datasheets\hu\Részletrajzok\Elemrajzok__DWG__PDF_\Mélyépítés\Tisztítóakna_elemek\Akna_fenékelemek\AFE_100_-_75_L_KN_-_Akna_fenékelem_künet_nélkül_-_függőleges_metszet.pdf
2025-07-01 21:48:54,968 - INFO - HTTP Request: GET https://www.leier.hu/hu/dokumentumtar/3352 "HTTP/1.1 200 OK"
2025-07-01 21:48:54,978 - INFO - ✅ Downloaded: C:\Users\Admin\.cursor\Lambda\src\backend\src\downloads\leier_datasheets\hu\Részletrajzok\Elemrajzok__DWG__PDF_\Mélyépítés\Tisztítóakna_elemek\Akna_fenékelemek\AFE_80_-_75_L_KN_-_Akna_fenékelem_künet_nélkül_-_függőleges_metszet.pdf
2025-07-01 21:48:55,317 - INFO - HTTP Request: GET https://www.leier.hu/hu/dokumentumtar/3210 "HTTP/1.1 200 OK"
2025-07-01 21:48:55,319 - INFO - HTTP Request: GET https://www.leier.hu/hu/dokumentumtar/3174 "HTTP/1.1 200 OK"
2025-07-01 21:48:55,320 - INFO - HTTP Request: GET https://www.leier.hu/hu/dokumentumtar/3110 "HTTP/1.1 200 OK"
2025-07-01 21:48:55,322 - INFO - ✅ Downloaded: C:\Users\Admin\.cursor\Lambda\src\backend\src\downloads\leier_datasheets\hu\Részletrajzok\Elemrajzok__DWG__PDF_\Környezettechnika\Olajelválasztók_DWG\LOL_SUPER_200_max_P_melle_klet.pdf
2025-07-01 21:48:55,705 - INFO - ✅ Downloaded: C:\Users\Admin\.cursor\Lambda\src\backend\src\downloads\leier_datasheets\hu\Prospektusok\Típusházak_prospektus.pdf
2025-07-01 21:48:56,081 - INFO - HTTP Request: GET https://www.leier.hu/hu/dokumentumtar/1980 "HTTP/1.1 200 OK"
2025-07-01 21:48:56,092 - INFO - ✅ Downloaded: C:\Users\Admin\.cursor\Lambda\src\backend\src\downloads\leier_datasheets\hu\Részletrajzok\Elemrajzok__DWG__PDF_\Mélyépítés\Keretelemek\LKE_150_-_150_-_133_-_Keret_előfej_végelem_-_hosszmetszet.pdf
2025-07-01 21:48:56,092 - INFO - ✅ Downloaded: C:\Users\Admin\.cursor\Lambda\src\backend\src\downloads\leier_datasheets\hu\Részletrajzok\Elemrajzok__DWG__PDF_\Mélyépítés\Tisztítóakna_elemek\Aknaszűkítő_elemek\ASZ_100_-_62_5_-_40_LG_-_Akna_szűkítő_gumigyűrűs_-_függőleges_metszet.pdf
2025-07-01 21:48:56,687 - INFO - ✅ Downloaded: C:\Users\Admin\.cursor\Lambda\src\backend\src\downloads\leier_datasheets\hu\Részletrajzok\Elemrajzok__DWG__PDF_\Mélyépítés\Kábelcsatorna\KCS_vályú_teljes_felül.pdf
2025-07-01 21:48:56,688 - INFO - ✅ Downloaded: C:\Users\Admin\.cursor\Lambda\src\backend\src\downloads\leier_datasheets\hu\Teljesítménynyilatkozatok\Magasépítési_termékek\Tégla_termékek\Devecser_-_Teljesítménynyilatkozatok\LeierPLAN\Teljesítménynyilatkozat_-_LeierPLAN_30_N_F_LE_DE771-1-13-04.pdf
2025-07-01 21:48:57,300 - INFO - HTTP Request: GET https://www.leier.hu/hu/dokumentumtar/2763 "HTTP/1.1 200 OK"
2025-07-01 21:48:57,321 - INFO - ✅ Downloaded: C:\Users\Admin\.cursor\Lambda\src\backend\src\downloads\leier_datasheets\hu\Részletrajzok\Csomópontok\Kéregelemes_födém_részletrajzok\asc\leier-p02c-kpanel-koszoru4.pdf
2025-07-01 21:48:57,610 - INFO - HTTP Request: GET https://www.leier.hu/hu/dokumentumtar/3581 "HTTP/1.1 200 OK"
2025-07-01 21:48:57,612 - INFO - ✅ Downloaded: C:\Users\Admin\.cursor\Lambda\src\backend\src\downloads\leier_datasheets\hu\Prospektusok\Leier_Kaiserstein_termékkatalógus.pdf
2025-07-01 21:48:57,894 - INFO - HTTP Request: GET https://www.leier.hu/hu/dokumentumtar/2384 "HTTP/1.1 200 OK"
2025-07-01 21:48:57,895 - INFO - HTTP Request: GET https://www.leier.hu/hu/dokumentumtar/2602 "HTTP/1.1 200 OK"
2025-07-01 21:48:57,901 - INFO - ✅ Downloaded: C:\Users\Admin\.cursor\Lambda\src\backend\src\downloads\leier_datasheets\hu\Részletrajzok\Csomópontok\Fal_részletrajzok\pdf\f02-vfal-t-csatlakozas.pdf
2025-07-01 21:48:58,167 - INFO - HTTP Request: GET https://www.leier.hu/hu/dokumentumtar/2630 "HTTP/1.1 200 OK"
2025-07-01 21:48:58,168 - INFO - ✅ Downloaded: C:\Users\Admin\.cursor\Lambda\src\backend\src\downloads\leier_datasheets\hu\Részletrajzok\Elemrajzok__DWG__PDF_\Durisol_zajárnyékolás\Durisol_panel_396_125_félkötés_-_Elölnézet.pdf
2025-07-01 21:48:58,433 - INFO - ✅ Downloaded: C:\Users\Admin\.cursor\Lambda\src\backend\src\downloads\leier_datasheets\hu\Részletrajzok\Csomópontok\Födém_részletrajzok\asc\leier-m01-mesterf-koszoru1.pdf
2025-07-01 21:48:58,433 - INFO - ✅ Downloaded: C:\Users\Admin\.cursor\Lambda\src\backend\src\downloads\leier_datasheets\hu\Részletrajzok\Csomópontok\Kéregfal_részletrajzok\pdf\e03a-falcsatl-szig.pdf
2025-07-01 21:48:58,967 - INFO - HTTP Request: GET https://www.leier.hu/hu/dokumentumtar/2552 "HTTP/1.1 200 OK"
2025-07-01 21:48:58,968 - INFO - HTTP Request: GET https://www.leier.hu/hu/dokumentumtar/1903 "HTTP/1.1 200 OK"
2025-07-01 21:48:58,969 - INFO - HTTP Request: GET https://www.leier.hu/hu/dokumentumtar/3292 "HTTP/1.1 200 OK"
2025-07-01 21:48:58,969 - INFO - HTTP Request: GET https://www.leier.hu/hu/dokumentumtar/2654 "HTTP/1.1 200 OK"
2025-07-01 21:48:58,984 - INFO - ✅ Downloaded: C:\Users\Admin\.cursor\Lambda\src\backend\src\downloads\leier_datasheets\hu\Részletrajzok\Csomópontok\Kémény_részletrajzok\asc\leier-k03-kemeny-fodemattor3.pdf
2025-07-01 21:48:59,243 - INFO - HTTP Request: GET https://www.leier.hu/hu/dokumentumtar/3171 "HTTP/1.1 200 OK"
2025-07-01 21:48:59,250 - INFO - ✅ Downloaded: C:\Users\Admin\.cursor\Lambda\src\backend\src\downloads\leier_datasheets\hu\Prospektusok\Leier_előregyártott_sorompó_kapcsolóház_-_Prospektus.pdf
2025-07-01 21:48:59,251 - INFO - ✅ Downloaded: C:\Users\Admin\.cursor\Lambda\src\backend\src\downloads\leier_datasheets\hu\Részletrajzok\Elemrajzok__DWG__PDF_\Mélyépítés\Vízelnyelőakna_elemek\V_AGY_50_10_L_-_Víznyelő_aknagyűrű_függőleges_metszet.pdf
2025-07-01 21:48:59,773 - INFO - ✅ Downloaded: C:\Users\Admin\.cursor\Lambda\src\backend\src\downloads\leier_datasheets\hu\Részletrajzok\Csomópontok\Térburkolat_részletrajzok\dwg\b03-szegely3.pdf
2025-07-01 21:49:00,070 - INFO - HTTP Request: GET https://www.leier.hu/hu/dokumentumtar/1897 "HTTP/1.1 200 OK"
2025-07-01 21:49:00,073 - INFO - HTTP Request: GET https://www.leier.hu/hu/dokumentumtar/2805 "HTTP/1.1 200 OK"
2025-07-01 21:49:00,107 - INFO - ✅ Downloaded: C:\Users\Admin\.cursor\Lambda\src\backend\src\downloads\leier_datasheets\hu\Arculati_elemek\Leier_logó__JPG_.pdf
2025-07-01 21:49:00,447 - INFO - ✅ Downloaded: C:\Users\Admin\.cursor\Lambda\src\backend\src\downloads\leier_datasheets\hu\Részletrajzok\Elemrajzok__DWG__PDF_\Mélyépítés\Keretelemek\LKE_180_-_180_-_150_-_Keret_előfej_végelem_-_felülnézet.pdf
2025-07-01 21:49:00,721 - INFO - HTTP Request: GET https://www.leier.hu/hu/dokumentumtar/1989 "HTTP/1.1 200 OK"
2025-07-01 21:49:00,722 - INFO - HTTP Request: GET https://www.leier.hu/hu/dokumentumtar/3356 "HTTP/1.1 200 OK"
2025-07-01 21:49:00,728 - INFO - ✅ Downloaded: C:\Users\Admin\.cursor\Lambda\src\backend\src\downloads\leier_datasheets\hu\Prospektusok\Leier_Árokburkoló_elem_-_Prospektus.pdf
2025-07-01 21:49:01,010 - INFO - HTTP Request: GET https://www.leier.hu/hu/dokumentumtar/3005 "HTTP/1.1 200 OK"
2025-07-01 21:49:01,017 - INFO - ✅ Downloaded: C:\Users\Admin\.cursor\Lambda\src\backend\src\downloads\leier_datasheets\hu\Részletrajzok\Elemrajzok__DWG__PDF_\Környezettechnika\Olajelválasztók_DWG\LOL_SUPER_150_P_melle_klet.pdf
2025-07-01 21:49:01,277 - INFO - ✅ Downloaded: C:\Users\Admin\.cursor\Lambda\src\backend\src\downloads\leier_datasheets\hu\Teljesítménynyilatkozatok\Magasépítési_termékek\Tégla_termékek\Devecser_-_Teljesítménynyilatkozatok\LeierPLAN\Teljesítménynyilatkozat_-_LeierPLAN_Pro_44_-_DE_LE_DE771-1-21-01.pdf
2025-07-01 21:49:01,538 - INFO - HTTP Request: GET https://www.leier.hu/hu/dokumentumtar/3815 "HTTP/1.1 200 OK"
2025-07-01 21:49:01,540 - INFO - HTTP Request: GET https://www.leier.hu/hu/dokumentumtar/3951 "HTTP/1.1 200 OK"
2025-07-01 21:49:01,541 - INFO - HTTP Request: GET https://www.leier.hu/hu/dokumentumtar/1958 "HTTP/1.1 200 OK"
2025-07-01 21:49:01,557 - INFO - ✅ Downloaded: C:\Users\Admin\.cursor\Lambda\src\backend\src\downloads\leier_datasheets\hu\Részletrajzok\Elemrajzok__DWG__PDF_\Mélyépítés\Betoncsövek\TO_30_200L_-_Tokos_betoncső_keresztmetszet.pdf
2025-07-01 21:49:01,558 - INFO - ✅ Downloaded: C:\Users\Admin\.cursor\Lambda\src\backend\src\downloads\leier_datasheets\hu\Teljesítménynyilatkozatok\Magasépítési_termékek\Tégla_termékek\Devecser_-_CE-tanúsítványok\LeierPLAN\CE_-_LeierPLAN_44_iSO__-_DE.pdf
2025-07-01 21:49:01,558 - INFO - ✅ Downloaded: C:\Users\Admin\.cursor\Lambda\src\backend\src\downloads\leier_datasheets\at\Allgemeine_Hinweise\Allg__Hinweise_zu_Verfärbungen.pdf
2025-07-01 21:49:01,559 - INFO - ✅ Downloaded: C:\Users\Admin\.cursor\Lambda\src\backend\src\downloads\leier_datasheets\hu\Teljesítménynyilatkozatok\Mély-_és_vasútépítés__környezettechnika\Mélyépítés\Beton_aknaelem_-_Pécs_-_Teljesítménynyilatkozat_LE_PE1917-01.pdf
2025-07-01 21:49:02,894 - INFO - HTTP Request: GET https://www.leier.hu/hu/dokumentumtar/2963 "HTTP/1.1 200 OK"
2025-07-01 21:49:02,897 - INFO - HTTP Request: GET https://www.leier.hu/hu/dokumentumtar/3128 "HTTP/1.1 200 OK"
2025-07-01 21:49:02,933 - INFO - ✅ Downloaded: C:\Users\Admin\.cursor\Lambda\src\backend\src\downloads\leier_datasheets\hu\Részletrajzok\Elemrajzok__DWG__PDF_\Mélyépítés\Átemelőakna_elemek\AGY_160_100_LG_-_Átemelő_gyűrű_gumigyűrűs.pdf
2025-07-01 21:49:03,263 - INFO - HTTP Request: GET https://www.leier.hu/hu/dokumentumtar/3215 "HTTP/1.1 200 OK"
2025-07-01 21:49:03,265 - INFO - HTTP Request: GET https://www.leier.hu/hu/dokumentumtar/2848 "HTTP/1.1 200 OK"
2025-07-01 21:49:03,265 - INFO - HTTP Request: GET https://www.leier.hu/hu/dokumentumtar/2238 "HTTP/1.1 200 OK"
2025-07-01 21:49:03,273 - INFO - ✅ Downloaded: C:\Users\Admin\.cursor\Lambda\src\backend\src\downloads\leier_datasheets\hu\Részletrajzok\Elemrajzok__DWG__PDF_\Mélyépítés\Kábelcsatorna\KCS_vályú_irt_bal_oldal.pdf
2025-07-01 21:49:03,555 - INFO - ✅ Downloaded: C:\Users\Admin\.cursor\Lambda\src\backend\src\downloads\leier_datasheets\hu\Szerelési_útmutatók\Mesterpanel___Elementdecke\Teljesítménynilatkozat___Leistungserklärung\HU\Mesterpanel_Kiskunlacháza_Teljesítménynyilatkozat.pdf
2025-07-01 21:49:03,555 - INFO - ✅ Downloaded: C:\Users\Admin\.cursor\Lambda\src\backend\src\downloads\leier_datasheets\hu\Részletrajzok\Elemrajzok__DWG__PDF_\Mélyépítés\Tisztítóakna_elemek\Aknaszűkítő_elemek\ASZ_100_LG_JS.pdf
2025-07-01 21:49:04,089 - INFO - HTTP Request: GET https://www.leier.hu/hu/dokumentumtar/2936 "HTTP/1.1 200 OK"
2025-07-01 21:49:04,089 - INFO - HTTP Request: GET https://www.leier.hu/hu/dokumentumtar/3391 "HTTP/1.1 200 OK"
2025-07-01 21:49:04,091 - INFO - HTTP Request: GET https://www.leier.hu/hu/dokumentumtar/2637 "HTTP/1.1 200 OK"
2025-07-01 21:49:04,091 - INFO - HTTP Request: GET https://www.leier.hu/hu/dokumentumtar/4143 "HTTP/1.1 200 OK"
2025-07-01 21:49:04,103 - INFO - ✅ Downloaded: C:\Users\Admin\.cursor\Lambda\src\backend\src\downloads\leier_datasheets\hu\Részletrajzok\Csomópontok\Kéregfal_részletrajzok\pln\e03a-falcsatl-szig.pdf
2025-07-01 21:49:04,376 - INFO - ✅ Downloaded: C:\Users\Admin\.cursor\Lambda\src\backend\src\downloads\leier_datasheets\hu\Termékadatlapok\Magasépítési_termékek\Durisol_falazóelemek\Durisol_hőszigetelt_falazóelem_DM_15\9_Dr_-_Termékadatlap.pdf
2025-07-01 21:49:04,634 - INFO - ✅ Downloaded: C:\Users\Admin\.cursor\Lambda\src\backend\src\downloads\leier_datasheets\hu\Részletrajzok\Elemrajzok__DWG__PDF_\Környezettechnika\Olajelválasztók_DWG\LOL_SUPER_50_P_melle_klet.pdf
2025-07-01 21:49:04,904 - INFO - ✅ Downloaded: C:\Users\Admin\.cursor\Lambda\src\backend\src\downloads\leier_datasheets\hu\Részletrajzok\Elemrajzok__DWG__PDF_\Mélyépítés\Átemelőakna_elemek\AGY_240_200_LG_-_Átemelő_gyűrű_gumigyűrűs.pdf
2025-07-01 21:49:05,166 - INFO - HTTP Request: GET https://www.leier.hu/hu/dokumentumtar/2782 "HTTP/1.1 200 OK"
2025-07-01 21:49:05,172 - INFO - ✅ Downloaded: C:\Users\Admin\.cursor\Lambda\src\backend\src\downloads\leier_datasheets\hu\Részletrajzok\Csomópontok\Előregyártott_lépcső_részletrajzok\pdf\p09-egy-lepcso1.pdf
2025-07-01 21:49:05,432 - INFO - HTTP Request: GET https://www.leier.hu/hu/dokumentumtar/2745 "HTTP/1.1 200 OK"
2025-07-01 21:49:05,433 - INFO - HTTP Request: GET https://www.leier.hu/hu/dokumentumtar/3123 "HTTP/1.1 200 OK"
2025-07-01 21:49:05,434 - INFO - HTTP Request: GET https://www.leier.hu/hu/dokumentumtar/2435 "HTTP/1.1 200 OK"
2025-07-01 21:49:05,444 - INFO - ✅ Downloaded: C:\Users\Admin\.cursor\Lambda\src\backend\src\downloads\leier_datasheets\hu\Részletrajzok\Csomópontok\Kéregelemes_födém_részletrajzok\pln\p08-kpanel-erkely.pdf
2025-07-01 21:49:05,704 - INFO - HTTP Request: GET https://www.leier.hu/hu/dokumentumtar/2939 "HTTP/1.1 200 OK"
2025-07-01 21:49:05,705 - INFO - HTTP Request: GET https://www.leier.hu/hu/dokumentumtar/4106 "HTTP/1.1 200 OK"
2025-07-01 21:49:05,706 - INFO - HTTP Request: GET https://www.leier.hu/hu/dokumentumtar/3152 "HTTP/1.1 200 OK"
2025-07-01 21:49:05,716 - INFO - ✅ Downloaded: C:\Users\Admin\.cursor\Lambda\src\backend\src\downloads\leier_datasheets\hu\Részletrajzok\Elemrajzok__DWG__PDF_\Mélyépítés\Kábelcsatorna\KCS_vályú_könnyített_oldalkitörés_elöl.pdf
2025-07-01 21:49:05,980 - INFO - ✅ Downloaded: C:\Users\Admin\.cursor\Lambda\src\backend\src\downloads\leier_datasheets\hu\Termékadatlapok\Magasépítési_termékek\Tégla_termékek\Leiertherm_20_NF_adatlap_pdf.pdf
2025-07-01 21:49:06,243 - INFO - HTTP Request: GET https://www.leier.hu/hu/dokumentumtar/3984 "HTTP/1.1 200 OK"
2025-07-01 21:49:06,243 - INFO - ✅ Downloaded: C:\Users\Admin\.cursor\Lambda\src\backend\src\downloads\leier_datasheets\hu\Részletrajzok\Elemrajzok__DWG__PDF_\Mélyépítés\Kábelcsatorna\KCS_va_lyu__ko_nnyi_tett.pdf
2025-07-01 21:49:06,502 - INFO - ✅ Downloaded: C:\Users\Admin\.cursor\Lambda\src\backend\src\downloads\leier_datasheets\hu\Részletrajzok\Csomópontok\Leier_Durisol_zajárnyékoló_falak\DWG\DURISOL_TIPUSRAJZOK.pdf
2025-07-01 21:49:06,763 - INFO - ✅ Downloaded: C:\Users\Admin\.cursor\Lambda\src\backend\src\downloads\leier_datasheets\hu\Részletrajzok\Elemrajzok__DWG__PDF_\Mélyépítés\Átemelőakna_elemek\AGY_240_175_LG_-_Átemelő_gyűrű_gumigyűrűs.pdf
2025-07-01 21:49:06,764 - INFO - HTTP Request: GET https://www.leier.hu/hu/dokumentumtar/2114 "HTTP/1.1 200 OK"
2025-07-01 21:49:07,050 - INFO - ✅ Downloaded: C:\Users\Admin\.cursor\Lambda\src\backend\src\downloads\leier_datasheets\hu\Teljesítménynyilatkozatok\Mély-_és_vasútépítés__környezettechnika\Környezettechnika\Betontartályok_-_Jánossomorja_-_Teljesítménynyilatkozat_LE_JSA-25-01.pdf
2025-07-01 21:49:07,314 - INFO - HTTP Request: GET https://www.leier.hu/hu/dokumentumtar/2864 "HTTP/1.1 200 OK"
2025-07-01 21:49:07,317 - INFO - ✅ Downloaded: C:\Users\Admin\.cursor\Lambda\src\backend\src\downloads\leier_datasheets\hu\Teljesítménynyilatkozatok\Kertépítés__díszburkolat\Rézsűsurrantó_elem_-_Jánosháza_-_Teljesítménynyilatkozat_-_LE_JHA-1-01.pdf
2025-07-01 21:49:07,579 - INFO - HTTP Request: GET https://www.leier.hu/hu/dokumentumtar/2006 "HTTP/1.1 200 OK"
2025-07-01 21:49:07,580 - INFO - HTTP Request: GET https://www.leier.hu/hu/dokumentumtar/3145 "HTTP/1.1 200 OK"
2025-07-01 21:49:07,590 - INFO - ✅ Downloaded: C:\Users\Admin\.cursor\Lambda\src\backend\src\downloads\leier_datasheets\hu\Teljesítménynyilatkozatok\Magasépítési_termékek\Tégla_termékek\Devecser_-_Teljesítménynyilatkozatok\Leiertherm\Teljesítménynyilatkozat_-_Leiertherm_45_N_F_LE_DE771-1-01-04.pdf
2025-07-01 21:49:07,861 - INFO - HTTP Request: GET https://www.leier.hu/hu/dokumentumtar/3221 "HTTP/1.1 200 OK"
2025-07-01 21:49:07,862 - INFO - HTTP Request: GET https://www.leier.hu/hu/dokumentumtar/1925 "HTTP/1.1 200 OK"
2025-07-01 21:49:07,867 - INFO - ✅ Downloaded: C:\Users\Admin\.cursor\Lambda\src\backend\src\downloads\leier_datasheets\hu\Szerelési_útmutatók\Lépcső___Treppe\Szerelési_útmutató___Montageanleitung\DE\Leier_Stahbetontreppe_Montageanleitung.pdf
2025-07-01 21:49:08,127 - INFO - HTTP Request: GET https://www.leier.hu/hu/dokumentumtar/2708 "HTTP/1.1 200 OK"
2025-07-01 21:49:08,127 - INFO - HTTP Request: GET https://www.leier.hu/hu/dokumentumtar/3415 "HTTP/1.1 200 OK"
2025-07-01 21:49:08,130 - INFO - ✅ Downloaded: C:\Users\Admin\.cursor\Lambda\src\backend\src\downloads\leier_datasheets\hu\Részletrajzok\Elemrajzok__DWG__PDF_\Mélyépítés\Kábelcsatorna\KCS_elválasztó_ív_kicsi_felül.pdf
2025-07-01 21:49:08,399 - INFO - ✅ Downloaded: C:\Users\Admin\.cursor\Lambda\src\backend\src\downloads\leier_datasheets\hu\Részletrajzok\Csomópontok\Mélyépítési_részletrajzok\pln\c01-100-csaphornyos.pdf
2025-07-01 21:49:08,399 - INFO - ✅ Downloaded: C:\Users\Admin\.cursor\Lambda\src\backend\src\downloads\leier_datasheets\hu\Részletrajzok\Elemrajzok__DWG__PDF_\Mélyépítés\Tisztítóakna_elemek\Aknagyűrűk\AGY_80_-_100_L_-_Aknagyűrű_-_függőleges_metszet.pdf
2025-07-01 21:49:08,916 - INFO - ✅ Downloaded: C:\Users\Admin\.cursor\Lambda\src\backend\src\downloads\leier_datasheets\hu\Részletrajzok\Elemrajzok__DWG__PDF_\Környezettechnika\Olajelválasztók_DWG\LOL_SUPER_25_KF_melle_klet.pdf
2025-07-01 21:49:09,174 - INFO - ✅ Downloaded: C:\Users\Admin\.cursor\Lambda\src\backend\src\downloads\leier_datasheets\hu\Prospektusok\Leier_betoncserép_prospektus.pdf
2025-07-01 21:49:09,439 - INFO - HTTP Request: GET https://www.leier.hu/hu/dokumentumtar/4092 "HTTP/1.1 200 OK"
2025-07-01 21:49:09,447 - INFO - ✅ Downloaded: C:\Users\Admin\.cursor\Lambda\src\backend\src\downloads\leier_datasheets\hu\Termékadatlapok\Magasépítési_termékek\Tégla_termékek\LeierFix_építési_ragasztó_adatlap_pdf.pdf
2025-07-01 21:49:09,707 - INFO - HTTP Request: GET https://www.leier.hu/hu/dokumentumtar/2802 "HTTP/1.1 200 OK"
2025-07-01 21:49:09,708 - INFO - HTTP Request: GET https://www.leier.hu/hu/dokumentumtar/2793 "HTTP/1.1 200 OK"
2025-07-01 21:49:09,772 - INFO - ✅ Downloaded: C:\Users\Admin\.cursor\Lambda\src\backend\src\downloads\leier_datasheets\hu\LeierPress\Leier_Újság_2001.pdf
2025-07-01 21:49:10,035 - INFO - HTTP Request: GET https://www.leier.hu/hu/dokumentumtar/3253 "HTTP/1.1 200 OK"
2025-07-01 21:49:10,036 - INFO - HTTP Request: GET https://www.leier.hu/hu/dokumentumtar/3280 "HTTP/1.1 200 OK"
2025-07-01 21:49:10,037 - INFO - HTTP Request: GET https://www.leier.hu/hu/dokumentumtar/3958 "HTTP/1.1 200 OK"
2025-07-01 21:49:10,038 - INFO - HTTP Request: GET https://www.leier.hu/hu/dokumentumtar/3993 "HTTP/1.1 200 OK"
2025-07-01 21:49:10,039 - INFO - HTTP Request: GET https://www.leier.hu/hu/dokumentumtar/3175 "HTTP/1.1 200 OK"
2025-07-01 21:49:10,040 - INFO - HTTP Request: GET https://www.leier.hu/hu/dokumentumtar/3530 "HTTP/1.1 200 OK"
2025-07-01 21:49:10,054 - INFO - ✅ Downloaded: C:\Users\Admin\.cursor\Lambda\src\backend\src\downloads\leier_datasheets\at\Verarbeitungsinfos\VÖB-FQP\FQP_Pflege-Instandhaltung-Wartung-Pflasterfla_chen_12-_2016_pdf.pdf
2025-07-01 21:49:10,328 - INFO - ✅ Downloaded: C:\Users\Admin\.cursor\Lambda\src\backend\src\downloads\leier_datasheets\hu\Részletrajzok\Elemrajzok__DWG__PDF_\Környezettechnika\Olajelválasztók_PDF\LOL_SUPER_15_75_max_KF_zapor_tulfolyoval_melleklet_PDF.pdf
2025-07-01 21:49:10,590 - INFO - ✅ Downloaded: C:\Users\Admin\.cursor\Lambda\src\backend\src\downloads\leier_datasheets\hu\Részletrajzok\Elemrajzok__DWG__PDF_\Mélyépítés\Keretelemek\LKE_150_-_150_-_133_-_Keret_előfej_végelem_-_felülnézet.pdf
2025-07-01 21:49:10,590 - INFO - ✅ Downloaded: C:\Users\Admin\.cursor\Lambda\src\backend\src\downloads\leier_datasheets\hu\Részletrajzok\Elemrajzok__DWG__PDF_\Mélyépítés\Tisztítóakna_elemek\Akna_fenékelemek\AFE_100_-_75_LG_K_-_Akna_fenékelem_gumigyűrűs_künettel_-_függőleges_metszet.pdf
2025-07-01 21:49:11,113 - INFO - ✅ Downloaded: C:\Users\Admin\.cursor\Lambda\src\backend\src\downloads\leier_datasheets\hu\Részletrajzok\Elemrajzok__DWG__PDF_\Mélyépítés\Vízóra_akna\VA_100_62_5_120_L_H_-_Vízóraakna_hágcsóval_vízszintes_metszet.pdf
2025-07-01 21:49:11,114 - INFO - ✅ Downloaded: C:\Users\Admin\.cursor\Lambda\src\backend\src\downloads\leier_datasheets\hu\Teljesítménynyilatkozatok\Magasépítési_termékek\Födémrendszerek\Födémbéléstest_-_Pécs_-_Teljesítménynyilatkozat_LE_PE15037-2-02.pdf
2025-07-01 21:49:11,691 - INFO - HTTP Request: GET https://www.leier.hu/hu/dokumentumtar/2686 "HTTP/1.1 200 OK"
2025-07-01 21:49:11,703 - INFO - ✅ Downloaded: C:\Users\Admin\.cursor\Lambda\src\backend\src\downloads\leier_datasheets\hu\Részletrajzok\Csomópontok\Térburkolat_részletrajzok\asc\leier-b01-szegely1.pdf
2025-07-01 21:49:12,049 - INFO - HTTP Request: GET https://www.leier.hu/hu/dokumentumtar/3179 "HTTP/1.1 200 OK"
2025-07-01 21:49:12,071 - INFO - ✅ Downloaded: C:\Users\Admin\.cursor\Lambda\src\backend\src\downloads\leier_datasheets\hu\Részletrajzok\Elemrajzok__DWG__PDF_\Mélyépítés\Keretelemek\LKE_150_-_150_-_100_-_Keretelem_-_hosszmetszet.pdf
2025-07-01 21:49:12,362 - INFO - HTTP Request: GET https://www.leier.hu/hu/dokumentumtar/3258 "HTTP/1.1 200 OK"
2025-07-01 21:49:12,389 - INFO - ✅ Downloaded: C:\Users\Admin\.cursor\Lambda\src\backend\src\downloads\leier_datasheets\hu\Alkalmazástechnikák__Beépítési_útmutatók\Multikeram_LAS_P1_kéményrendszerek_-_Beépítési_útmutató.pdf
2025-07-01 21:49:12,690 - INFO - HTTP Request: GET https://www.leier.hu/hu/dokumentumtar/2596 "HTTP/1.1 200 OK"
2025-07-01 21:49:12,691 - INFO - HTTP Request: GET https://www.leier.hu/hu/dokumentumtar/3408 "HTTP/1.1 200 OK"
2025-07-01 21:49:12,692 - INFO - HTTP Request: GET https://www.leier.hu/hu/dokumentumtar/3317 "HTTP/1.1 200 OK"
2025-07-01 21:49:12,693 - INFO - HTTP Request: GET https://www.leier.hu/hu/dokumentumtar/2146 "HTTP/1.1 200 OK"
2025-07-01 21:49:12,694 - INFO - HTTP Request: GET https://www.leier.hu/hu/dokumentumtar/4180 "HTTP/1.1 200 OK"
2025-07-01 21:49:12,697 - INFO - ✅ Downloaded: C:\Users\Admin\.cursor\Lambda\src\backend\src\downloads\leier_datasheets\hu\Részletrajzok\Elemrajzok__DWG__PDF_\Mélyépítés\Tisztítóakna_elemek\Akna_fenékelemek\AFE_100_-_50_LG_K_-_Akna_fenékelem_gumigyűrűs_künettel_-_függőleges_metszet.pdf
2025-07-01 21:49:12,964 - ERROR - ❌ Failed to download https://www.leier.hu/hu/dokumentumtar/4180: [Errno 2] No such file or directory: 'C:\\Users\\Admin\\.cursor\\Lambda\\src\\backend\\src\\downloads\\leier_datasheets\\hu\\Betoncserepes_dokumentumtár__Termékadatlap_-_Teljesítménynyilatkozat_-_Beépítési_útmutató\\Teljesítménynyilatkozatok\\Beton_tetőcserép_Teljesítménynyilatkozat_NR__LE_HA490-04_HSZ_pdf.pdf'
2025-07-01 21:49:12,965 - INFO - HTTP Request: GET https://www.leier.hu/hu/dokumentumtar/2437 "HTTP/1.1 200 OK"
2025-07-01 21:49:13,242 - INFO - ✅ Downloaded: C:\Users\Admin\.cursor\Lambda\src\backend\src\downloads\leier_datasheets\hu\Teljesítménynyilatkozatok\Mély-_és_vasútépítés__környezettechnika\Környezettechnika\Olajleválasztó_-_Jánossomorja_-_Teljesítménynyilatkozat_LE_JS858-1-01.pdf
2025-07-01 21:49:13,500 - INFO - ✅ Downloaded: C:\Users\Admin\.cursor\Lambda\src\backend\src\downloads\leier_datasheets\hu\Részletrajzok\Elemrajzok__DWG__PDF_\Környezettechnika\Olajelválasztók_DWG\LOL_SUPER_30_KF_melle_klet.pdf
2025-07-01 21:49:13,764 - INFO - ✅ Downloaded: C:\Users\Admin\.cursor\Lambda\src\backend\src\downloads\leier_datasheets\hu\Részletrajzok\Csomópontok\Födém_részletrajzok\asc\leier-m04-mesterf-valaszfal.pdf
2025-07-01 21:49:14,042 - INFO - ✅ Downloaded: C:\Users\Admin\.cursor\Lambda\src\backend\src\downloads\leier_datasheets\hu\Részletrajzok\Elemrajzok__DWG__PDF_\Környezettechnika\Iszapfogók_DWG\LIF_200_175L_Iszapfogó_-_vízszintes_metszet.pdf
2025-07-01 21:49:14,309 - INFO - HTTP Request: GET https://www.leier.hu/hu/dokumentumtar/2808 "HTTP/1.1 200 OK"
2025-07-01 21:49:14,314 - INFO - ✅ Downloaded: C:\Users\Admin\.cursor\Lambda\src\backend\src\downloads\leier_datasheets\hu\Részletrajzok\Csomópontok\Leier_Durisol_zajárnyékoló_falak\DWG\DSi_30_13_-_N_típusrajz.pdf
2025-07-01 21:49:14,696 - INFO - HTTP Request: GET https://www.leier.hu/hu/dokumentumtar/2391 "HTTP/1.1 200 OK"
2025-07-01 21:49:14,702 - INFO - ✅ Downloaded: C:\Users\Admin\.cursor\Lambda\src\backend\src\downloads\leier_datasheets\hu\Előregyártott_elemek_tervezési_segédlet\Leier-eloregyartott-elemek-tervezesi-segedlet_pdf.pdf
2025-07-01 21:49:14,961 - INFO - ✅ Downloaded: C:\Users\Admin\.cursor\Lambda\src\backend\src\downloads\leier_datasheets\hu\Részletrajzok\Csomópontok\Fal_részletrajzok\pln\f08-vfal-alapozas.pdf
2025-07-01 21:49:15,228 - INFO - HTTP Request: GET https://www.leier.hu/hu/dokumentumtar/3361 "HTTP/1.1 200 OK"
2025-07-01 21:49:15,229 - INFO - HTTP Request: GET https://www.leier.hu/hu/dokumentumtar/2662 "HTTP/1.1 200 OK"
2025-07-01 21:49:15,230 - INFO - HTTP Request: GET https://www.leier.hu/hu/dokumentumtar/2378 "HTTP/1.1 200 OK"
2025-07-01 21:49:15,266 - INFO - ✅ Downloaded: C:\Users\Admin\.cursor\Lambda\src\backend\src\downloads\leier_datasheets\hu\Részletrajzok\Csomópontok\Térburkolat_részletrajzok\pdf\b05-szegely5.pdf
2025-07-01 21:49:15,266 - INFO - ✅ Downloaded: C:\Users\Admin\.cursor\Lambda\src\backend\src\downloads\leier_datasheets\hu\Részletrajzok\Csomópontok\Fal_részletrajzok\pdf\f06b-zsaluko-labazat.pdf
2025-07-01 21:49:15,266 - INFO - ✅ Downloaded: C:\Users\Admin\.cursor\Lambda\src\backend\src\downloads\leier_datasheets\hu\Részletrajzok\Elemrajzok__DWG__PDF_\Környezettechnika\Olajelválasztók_DWG\LOL_SUPER_150_KF_melle_klet.pdf
2025-07-01 21:49:16,046 - INFO - HTTP Request: GET https://www.leier.hu/hu/dokumentumtar/2054 "HTTP/1.1 200 OK"
2025-07-01 21:49:16,047 - INFO - HTTP Request: GET https://www.leier.hu/hu/dokumentumtar/2590 "HTTP/1.1 200 OK"
2025-07-01 21:49:16,054 - INFO - ✅ Downloaded: C:\Users\Admin\.cursor\Lambda\src\backend\src\downloads\leier_datasheets\hu\Részletrajzok\Csomópontok\Födém_részletrajzok\pln\m031-mesterf-belsokosz.pdf
2025-07-01 21:49:16,055 - INFO - ✅ Downloaded: C:\Users\Admin\.cursor\Lambda\src\backend\src\downloads\leier_datasheets\hu\Teljesítménynyilatkozatok\Magasépítési_termékek\Előregyártott_falak\Falelem_-_Jánossomorja_-_Teljesítménynyilatkozat_LE_JS14992-03.pdf
2025-07-01 21:49:16,633 - INFO - HTTP Request: GET https://www.leier.hu/hu/dokumentumtar/2521 "HTTP/1.1 200 OK"
2025-07-01 21:49:16,642 - INFO - ✅ Downloaded: C:\Users\Admin\.cursor\Lambda\src\backend\src\downloads\leier_datasheets\hu\Részletrajzok\Csomópontok\Tető_részletrajzok\pln\t02-gerinc.pdf
2025-07-01 21:49:16,907 - INFO - HTTP Request: GET https://www.leier.hu/hu/dokumentumtar/2519 "HTTP/1.1 200 OK"
2025-07-01 21:49:16,912 - INFO - HTTP Request: GET https://www.leier.hu/hu/dokumentumtar/2025 "HTTP/1.1 200 OK"
2025-07-01 21:49:16,922 - INFO - ✅ Downloaded: C:\Users\Admin\.cursor\Lambda\src\backend\src\downloads\leier_datasheets\hu\Részletrajzok\Csomópontok\Tető_részletrajzok\pln\t04-felnyereg-gerinc.pdf
2025-07-01 21:49:16,922 - INFO - ✅ Downloaded: C:\Users\Admin\.cursor\Lambda\src\backend\src\downloads\leier_datasheets\hu\Teljesítménynyilatkozatok\Magasépítési_termékek\Tégla_termékek\Mátraderecske_-_CE-tanúsítványok\CE_-_Leiertherm_20_N_F_-_MD.pdf
2025-07-01 21:49:17,455 - INFO - HTTP Request: GET https://www.leier.hu/hu/dokumentumtar/2673 "HTTP/1.1 200 OK"
2025-07-01 21:49:17,459 - INFO - HTTP Request: GET https://www.leier.hu/hu/dokumentumtar/2385 "HTTP/1.1 200 OK"
2025-07-01 21:49:17,460 - INFO - HTTP Request: GET https://www.leier.hu/hu/dokumentumtar/2476 "HTTP/1.1 200 OK"
2025-07-01 21:49:17,469 - INFO - ✅ Downloaded: C:\Users\Admin\.cursor\Lambda\src\backend\src\downloads\leier_datasheets\hu\Részletrajzok\Csomópontok\Tető_részletrajzok\dwg\t072-tetoablak-vizsz.pdf
2025-07-01 21:49:17,469 - INFO - ✅ Downloaded: C:\Users\Admin\.cursor\Lambda\src\backend\src\downloads\leier_datasheets\hu\Részletrajzok\Csomópontok\Térburkolat_részletrajzok\pln\b04-szegely4.pdf
2025-07-01 21:49:17,470 - INFO - ✅ Downloaded: C:\Users\Admin\.cursor\Lambda\src\backend\src\downloads\leier_datasheets\hu\Részletrajzok\Csomópontok\Fal_részletrajzok\pdf\f01-vfal-bekotes.pdf
2025-07-01 21:49:18,269 - INFO - HTTP Request: GET https://www.leier.hu/hu/dokumentumtar/4144 "HTTP/1.1 200 OK"
2025-07-01 21:49:18,270 - INFO - HTTP Request: GET https://www.leier.hu/hu/dokumentumtar/2664 "HTTP/1.1 200 OK"
2025-07-01 21:49:18,278 - INFO - ✅ Downloaded: C:\Users\Admin\.cursor\Lambda\src\backend\src\downloads\leier_datasheets\hu\Részletrajzok\Csomópontok\Térburkolat_részletrajzok\pdf\b03-szegely3.pdf
2025-07-01 21:49:18,544 - INFO - HTTP Request: GET https://www.leier.hu/hu/dokumentumtar/2244 "HTTP/1.1 200 OK"
2025-07-01 21:49:18,572 - INFO - ✅ Downloaded: C:\Users\Admin\.cursor\Lambda\src\backend\src\downloads\leier_datasheets\hu\Termékadatlapok\Magasépítési_termékek\Durisol_falazóelemek\Durisol_falazóelem_DSi_30\20_-_Termékadatlap.pdf
2025-07-01 21:49:18,834 - INFO - HTTP Request: GET https://www.leier.hu/hu/dokumentumtar/3282 "HTTP/1.1 200 OK"
2025-07-01 21:49:18,835 - INFO - HTTP Request: GET https://www.leier.hu/hu/dokumentumtar/2389 "HTTP/1.1 200 OK"
2025-07-01 21:49:18,836 - INFO - HTTP Request: GET https://www.leier.hu/hu/dokumentumtar/4094 "HTTP/1.1 200 OK"
2025-07-01 21:49:18,845 - INFO - ✅ Downloaded: C:\Users\Admin\.cursor\Lambda\src\backend\src\downloads\leier_datasheets\hu\Részletrajzok\Csomópontok\Fal_részletrajzok\pln\f09b-zsaluko-alap-tn.pdf
2025-07-01 21:49:19,115 - INFO - ✅ Downloaded: C:\Users\Admin\.cursor\Lambda\src\backend\src\downloads\leier_datasheets\hu\Termékadatlapok\Magasépítési_termékek\Tégla_termékek\LeierPlan_10_NF_adatlap_pdf.pdf
2025-07-01 21:49:19,116 - INFO - HTTP Request: GET https://www.leier.hu/hu/dokumentumtar/2971 "HTTP/1.1 200 OK"
2025-07-01 21:49:19,376 - INFO - HTTP Request: GET https://www.leier.hu/hu/dokumentumtar/2548 "HTTP/1.1 200 OK"
2025-07-01 21:49:19,392 - INFO - ✅ Downloaded: C:\Users\Admin\.cursor\Lambda\src\backend\src\downloads\leier_datasheets\hu\Részletrajzok\Elemrajzok__DWG__PDF_\Mélyépítés\Vízóra_akna\VA_100_62_5_120_L_-_Vízóraakna_függőleges_metszet.pdf
2025-07-01 21:49:19,651 - INFO - ✅ Downloaded: C:\Users\Admin\.cursor\Lambda\src\backend\src\downloads\leier_datasheets\hu\Részletrajzok\Csomópontok\Kémény_részletrajzok\pln\k02a-kemeny-fodemattor1.pdf
2025-07-01 21:49:19,916 - INFO - HTTP Request: GET https://www.leier.hu/hu/dokumentumtar/2601 "HTTP/1.1 200 OK"
2025-07-01 21:49:19,917 - INFO - ✅ Downloaded: C:\Users\Admin\.cursor\Lambda\src\backend\src\downloads\leier_datasheets\hu\Részletrajzok\Elemrajzok__DWG__PDF_\Mélyépítés\Átemelőakna_elemek\AFE_240_160_LG_-_Átemelő_fenékelem_gumigyűrűs.pdf
2025-07-01 21:49:20,205 - INFO - ✅ Downloaded: C:\Users\Admin\.cursor\Lambda\src\backend\src\downloads\leier_datasheets\hu\Részletrajzok\Csomópontok\Födém_részletrajzok\asc\leier-m02a-mesterf-koszoru2.pdf
2025-07-01 21:49:20,509 - INFO - HTTP Request: GET https://www.leier.hu/hu/dokumentumtar/3029 "HTTP/1.1 200 OK"
2025-07-01 21:49:20,540 - INFO - ✅ Downloaded: C:\Users\Admin\.cursor\Lambda\src\backend\src\downloads\leier_datasheets\hu\Részletrajzok\Elemrajzok__DWG__PDF_\Mélyépítés\Betontartályok\LBT_3_-_Betontartály_függőleges_metszet.pdf
2025-07-01 21:49:20,807 - INFO - HTTP Request: GET https://www.leier.hu/hu/dokumentumtar/2245 "HTTP/1.1 200 OK"
2025-07-01 21:49:20,809 - INFO - HTTP Request: GET https://www.leier.hu/hu/dokumentumtar/3804 "HTTP/1.1 200 OK"
2025-07-01 21:49:20,810 - INFO - HTTP Request: GET https://www.leier.hu/hu/dokumentumtar/1954 "HTTP/1.1 200 OK"
2025-07-01 21:49:20,811 - INFO - HTTP Request: GET https://www.leier.hu/hu/dokumentumtar/4014 "HTTP/1.1 200 OK"
2025-07-01 21:49:20,821 - INFO - ✅ Downloaded: C:\Users\Admin\.cursor\Lambda\src\backend\src\downloads\leier_datasheets\at\Verlegemuster\Verlegemuster_Parma_Pflaster.pdf
2025-07-01 21:49:21,088 - INFO - ✅ Downloaded: C:\Users\Admin\.cursor\Lambda\src\backend\src\downloads\leier_datasheets\hu\Teljesítménynyilatkozatok\Magasépítési_termékek\Tégla_termékek\Devecser_-_CE-tanúsítványok\LeierPLAN\CE_-_LeierPLAN_25_N_F_-_DE.pdf
2025-07-01 21:49:21,420 - INFO - HTTP Request: GET https://www.leier.hu/hu/dokumentumtar/2892 "HTTP/1.1 200 OK"
2025-07-01 21:49:21,421 - INFO - HTTP Request: GET https://www.leier.hu/hu/dokumentumtar/3493 "HTTP/1.1 200 OK"
2025-07-01 21:49:21,438 - INFO - ✅ Downloaded: C:\Users\Admin\.cursor\Lambda\src\backend\src\downloads\leier_datasheets\hu\Részletrajzok\Elemrajzok__DWG__PDF_\Környezettechnika\Olajelválasztók_PDF\LOL_SUPER_60_KF_melleklet_PDF.pdf
2025-07-01 21:49:21,708 - INFO - ✅ Downloaded: C:\Users\Admin\.cursor\Lambda\src\backend\src\downloads\leier_datasheets\hu\Termékadatlapok\Magasépítési_termékek\Durisol_falazóelemek\Durisol_falazóelem_DS_35\20_-_Termékadatlap.pdf
2025-07-01 21:49:22,013 - INFO - ✅ Downloaded: C:\Users\Admin\.cursor\Lambda\src\backend\src\downloads\leier_datasheets\hu\Részletrajzok\Elemrajzok__DWG__PDF_\Mélyépítés\Árokburkoló-_és_árokelemek\ÁE_40_35_-_50L_-_árokburkoló_elem_-_hosszmetszet.pdf
2025-07-01 21:49:22,361 - INFO - HTTP Request: GET https://www.leier.hu/hu/dokumentumtar/4181 "HTTP/1.1 200 OK"
2025-07-01 21:49:22,375 - INFO - ✅ Downloaded: C:\Users\Admin\.cursor\Lambda\src\backend\src\downloads\leier_datasheets\at\Prospekte\Aktionen_Herbst_2024_-_Gültig_bis_31_12_2024.pdf
2025-07-01 21:49:22,376 - INFO - ✅ Downloaded: C:\Users\Admin\.cursor\Lambda\src\backend\src\downloads\leier_datasheets\hu\Betoncserepes_dokumentumtár__Termékadatlap_-_Teljesítménynyilatkozat_-_Beépítési_útmutató\Termékadatlapok\Leier_Granite_tetőcserép_termékadatlap.pdf
2025-07-01 21:49:23,036 - INFO - HTTP Request: GET https://www.leier.hu/hu/dokumentumtar/2801 "HTTP/1.1 200 OK"
2025-07-01 21:49:23,040 - INFO - HTTP Request: GET https://www.leier.hu/hu/dokumentumtar/2394 "HTTP/1.1 200 OK"
2025-07-01 21:49:23,050 - INFO - ✅ Downloaded: C:\Users\Admin\.cursor\Lambda\src\backend\src\downloads\leier_datasheets\hu\Részletrajzok\Csomópontok\Fal_részletrajzok\pln\f05-zsaluko-labazat.pdf
2025-07-01 21:49:23,321 - INFO - HTTP Request: GET https://www.leier.hu/hu/dokumentumtar/3842 "HTTP/1.1 200 OK"
2025-07-01 21:49:23,324 - INFO - HTTP Request: GET https://www.leier.hu/hu/dokumentumtar/2477 "HTTP/1.1 200 OK"
2025-07-01 21:49:23,334 - INFO - ✅ Downloaded: C:\Users\Admin\.cursor\Lambda\src\backend\src\downloads\leier_datasheets\hu\Teljesítménynyilatkozatok\Magasépítési_termékek\Beton_falazóelemek\VF10_válaszfalelem_-_Jánosháza_-_Teljesítménynyilatkozat_LE_JH771-3-VF10-02.pdf
2025-07-01 21:49:23,593 - INFO - ✅ Downloaded: C:\Users\Admin\.cursor\Lambda\src\backend\src\downloads\leier_datasheets\hu\Részletrajzok\Csomópontok\Tető_részletrajzok\dwg\t071-tetoablak-fugg.pdf
2025-07-01 21:49:23,882 - INFO - HTTP Request: GET https://www.leier.hu/hu/dokumentumtar/2888 "HTTP/1.1 200 OK"
2025-07-01 21:49:23,923 - INFO - ✅ Downloaded: C:\Users\Admin\.cursor\Lambda\src\backend\src\downloads\leier_datasheets\hu\Részletrajzok\Elemrajzok__DWG__PDF_\Mélyépítés\Árokburkoló-_és_árokelemek\ÁE_60_35_-_40L_-_árokburkoló_elem_-_hosszmetszet.pdf
2025-07-01 21:49:24,205 - INFO - HTTP Request: GET https://www.leier.hu/hu/dokumentumtar/2768 "HTTP/1.1 200 OK"
2025-07-01 21:49:24,206 - INFO - HTTP Request: GET https://www.leier.hu/hu/dokumentumtar/2009 "HTTP/1.1 200 OK"
2025-07-01 21:49:24,207 - INFO - HTTP Request: GET https://www.leier.hu/hu/dokumentumtar/4125 "HTTP/1.1 200 OK"
2025-07-01 21:49:24,223 - INFO - ✅ Downloaded: C:\Users\Admin\.cursor\Lambda\src\backend\src\downloads\leier_datasheets\hu\Részletrajzok\Csomópontok\Kéregelemes_födém_részletrajzok\dxf\leier-p05b-kpanel-terasz2.pdf
2025-07-01 21:49:24,485 - INFO - ✅ Downloaded: C:\Users\Admin\.cursor\Lambda\src\backend\src\downloads\leier_datasheets\hu\Termékadatlapok\Magasépítési_termékek\Beton_falazóelemek\Leier_beton_VF12_adatlap_pdf.pdf
2025-07-01 21:49:24,747 - INFO - HTTP Request: GET https://www.leier.hu/hu/dokumentumtar/2567 "HTTP/1.1 200 OK"
2025-07-01 21:49:24,750 - INFO - ✅ Downloaded: C:\Users\Admin\.cursor\Lambda\src\backend\src\downloads\leier_datasheets\hu\Teljesítménynyilatkozatok\Magasépítési_termékek\Tégla_termékek\Devecser_-_Teljesítménynyilatkozatok\Leiertherm\Teljesítménynyilatkozat_-_Leiertherm_Pro_30_-_DE_LE_DE771-1-24-01.pdf
2025-07-01 21:49:25,008 - INFO - ✅ Downloaded: C:\Users\Admin\.cursor\Lambda\src\backend\src\downloads\leier_datasheets\hu\LeierPress\LeierPress_2015.pdf
2025-07-01 21:49:25,277 - INFO - ✅ Downloaded: C:\Users\Admin\.cursor\Lambda\src\backend\src\downloads\leier_datasheets\hu\LeierPress\Leier_Újság_2002.pdf
2025-07-01 21:49:25,278 - INFO - HTTP Request: GET https://www.leier.hu/hu/dokumentumtar/4104 "HTTP/1.1 200 OK"
2025-07-01 21:49:25,565 - INFO - ✅ Downloaded: C:\Users\Admin\.cursor\Lambda\src\backend\src\downloads\leier_datasheets\hu\Részletrajzok\Csomópontok\Födém_részletrajzok\dwg\m06-mesterf-lepcso.pdf
2025-07-01 21:49:25,829 - INFO - HTTP Request: GET https://www.leier.hu/hu/dokumentumtar/2942 "HTTP/1.1 200 OK"
2025-07-01 21:49:25,833 - INFO - ✅ Downloaded: C:\Users\Admin\.cursor\Lambda\src\backend\src\downloads\leier_datasheets\hu\Termékadatlapok\Magasépítési_termékek\Tégla_termékek\LeierPlan_vékonyágyas_falazóhabarcs_adatlap_pdf.pdf
2025-07-01 21:49:26,109 - INFO - HTTP Request: GET https://www.leier.hu/hu/dokumentumtar/2574 "HTTP/1.1 200 OK"
2025-07-01 21:49:26,124 - INFO - ✅ Downloaded: C:\Users\Admin\.cursor\Lambda\src\backend\src\downloads\leier_datasheets\hu\Részletrajzok\Csomópontok\Födém_részletrajzok\dwg\m02a-mesterf-koszoru2.pdf
2025-07-01 21:49:26,125 - INFO - ✅ Downloaded: C:\Users\Admin\.cursor\Lambda\src\backend\src\downloads\leier_datasheets\hu\Részletrajzok\Elemrajzok__DWG__PDF_\Mélyépítés\Átemelőakna_elemek\AGY_240_115_LG_V-_Átemelő_gyűrű_gumigyűrűs_végelem.pdf
2025-07-01 21:49:26,712 - INFO - HTTP Request: GET https://www.leier.hu/hu/dokumentumtar/3118 "HTTP/1.1 200 OK"
2025-07-01 21:49:26,713 - INFO - HTTP Request: GET https://www.leier.hu/hu/dokumentumtar/3502 "HTTP/1.1 200 OK"
2025-07-01 21:49:26,714 - INFO - HTTP Request: GET https://www.leier.hu/hu/dokumentumtar/3070 "HTTP/1.1 200 OK"
2025-07-01 21:49:26,726 - INFO - ✅ Downloaded: C:\Users\Admin\.cursor\Lambda\src\backend\src\downloads\leier_datasheets\hu\Részletrajzok\Elemrajzok__DWG__PDF_\Környezettechnika\Olajelválasztók_PDF\LOL_SUPER_40_200_KF_zapor_tulfolyoval_melleklet_PDF.pdf
2025-07-01 21:49:27,011 - INFO - HTTP Request: GET https://www.leier.hu/hu/dokumentumtar/2000 "HTTP/1.1 200 OK"
2025-07-01 21:49:27,012 - INFO - HTTP Request: GET https://www.leier.hu/hu/dokumentumtar/2684 "HTTP/1.1 200 OK"
2025-07-01 21:49:27,020 - INFO - ✅ Downloaded: C:\Users\Admin\.cursor\Lambda\src\backend\src\downloads\leier_datasheets\hu\Részletrajzok\Elemrajzok__DWG__PDF_\Mélyépítés\Kábelcsatorna\KCS_vályú_könnyített_felül.pdf
2025-07-01 21:49:27,299 - INFO - ✅ Downloaded: C:\Users\Admin\.cursor\Lambda\src\backend\src\downloads\leier_datasheets\hu\Részletrajzok\Elemrajzok__DWG__PDF_\Mélyépítés\Előfej_támfalelemek\TFE_100_-_Támfalelem_-_felülnézet.pdf
2025-07-01 21:49:27,300 - INFO - ✅ Downloaded: C:\Users\Admin\.cursor\Lambda\src\backend\src\downloads\leier_datasheets\hu\Teljesítménynyilatkozatok\Magasépítési_termékek\Tégla_termékek\Devecser_-_Teljesítménynyilatkozatok\Leiertherm\Teljesítménynyilatkozat_-_Leiertherm_25_N_F_LE_DE771-1-04-04.pdf
2025-07-01 21:49:27,925 - INFO - HTTP Request: GET https://www.leier.hu/hu/dokumentumtar/4135 "HTTP/1.1 200 OK"
2025-07-01 21:49:27,934 - INFO - ✅ Downloaded: C:\Users\Admin\.cursor\Lambda\src\backend\src\downloads\leier_datasheets\hu\Részletrajzok\Csomópontok\Térburkolat_részletrajzok\asc\leier-b03-szegely3.pdf
2025-07-01 21:49:28,258 - INFO - ✅ Downloaded: C:\Users\Admin\.cursor\Lambda\src\backend\src\downloads\leier_datasheets\hu\Termékadatlapok\Magasépítési_termékek\Nyílásáthidalók\Leier_MDE_nyílásáthidaló_adatlap_pdf.pdf
2025-07-01 21:49:28,259 - INFO - HTTP Request: GET https://www.leier.hu/hu/dokumentumtar/3324 "HTTP/1.1 200 OK"
2025-07-01 21:49:28,260 - INFO - HTTP Request: GET https://www.leier.hu/hu/dokumentumtar/3587 "HTTP/1.1 200 OK"
2025-07-01 21:49:28,559 - INFO - ✅ Downloaded: C:\Users\Admin\.cursor\Lambda\src\backend\src\downloads\leier_datasheets\hu\Részletrajzok\Elemrajzok__DWG__PDF_\Környezettechnika\Iszapfogók_DWG\LIF_160_200_melléklet.pdf
2025-07-01 21:49:28,838 - INFO - HTTP Request: GET https://www.leier.hu/hu/dokumentumtar/1995 "HTTP/1.1 200 OK"
2025-07-01 21:49:28,848 - INFO - ✅ Downloaded: C:\Users\Admin\.cursor\Lambda\src\backend\src\downloads\leier_datasheets\hu\Részletrajzok\Elemrajzok__DWG__PDF_\Durisol_zajárnyékolás\Durisol_panel_396_100_DSI_30_13_N_-_Metszet.pdf
2025-07-01 21:49:29,113 - INFO - HTTP Request: GET https://www.leier.hu/hu/dokumentumtar/2048 "HTTP/1.1 200 OK"
2025-07-01 21:49:29,114 - INFO - HTTP Request: GET https://www.leier.hu/hu/dokumentumtar/2021 "HTTP/1.1 200 OK"
2025-07-01 21:49:29,115 - INFO - HTTP Request: GET https://www.leier.hu/hu/dokumentumtar/2784 "HTTP/1.1 200 OK"
2025-07-01 21:49:29,119 - INFO - ✅ Downloaded: C:\Users\Admin\.cursor\Lambda\src\backend\src\downloads\leier_datasheets\hu\Teljesítménynyilatkozatok\Magasépítési_termékek\Tégla_termékek\Devecser_-_Teljesítménynyilatkozatok\LeierPLAN\Teljesítménynyilatkozat_-_LeierPLAN_12\50_N_F_-_DE_LE_DE771-1-15-03.pdf
2025-07-01 21:49:29,387 - INFO - HTTP Request: GET https://www.leier.hu/hu/dokumentumtar/2033 "HTTP/1.1 200 OK"
2025-07-01 21:49:29,388 - INFO - HTTP Request: GET https://www.leier.hu/hu/dokumentumtar/2889 "HTTP/1.1 200 OK"
2025-07-01 21:49:29,393 - INFO - ✅ Downloaded: C:\Users\Admin\.cursor\Lambda\src\backend\src\downloads\leier_datasheets\hu\Teljesítménynyilatkozatok\Magasépítési_termékek\Tégla_termékek\Mátraderecske_-_CE-tanúsítványok\CE_-_Leiertherm_250\120\65_Kisméretű_kevéslyukú_-_MD.pdf
2025-07-01 21:49:29,394 - INFO - ✅ Downloaded: C:\Users\Admin\.cursor\Lambda\src\backend\src\downloads\leier_datasheets\hu\Részletrajzok\Csomópontok\Előregyártott_lépcső_részletrajzok\pln\p10-egy-lepcso2.pdf
2025-07-01 21:49:29,912 - INFO - HTTP Request: GET https://www.leier.hu/hu/dokumentumtar/2011 "HTTP/1.1 200 OK"
2025-07-01 21:49:29,916 - INFO - ✅ Downloaded: C:\Users\Admin\.cursor\Lambda\src\backend\src\downloads\leier_datasheets\hu\Teljesítménynyilatkozatok\Magasépítési_termékek\Tégla_termékek\Mátraderecske_-_Teljesítménynyilatkozatok\Teljesítménynyilatkozat_-_Leiertherm_45_N_F_LE_MD771-1-01-05.pdf
2025-07-01 21:49:30,182 - INFO - HTTP Request: GET https://www.leier.hu/hu/dokumentumtar/3045 "HTTP/1.1 200 OK"
2025-07-01 21:49:30,183 - INFO - ✅ Downloaded: C:\Users\Admin\.cursor\Lambda\src\backend\src\downloads\leier_datasheets\hu\Teljesítménynyilatkozatok\Magasépítési_termékek\Tégla_termékek\Turcin_-_Teljesítménynyilatkozatok\Teljesítménynyilatkozat_-_Leiertherm_10\50_U_Z_2018\01_1374-CPR-56-Z.pdf
2025-07-01 21:49:30,454 - INFO - ✅ Downloaded: C:\Users\Admin\.cursor\Lambda\src\backend\src\downloads\leier_datasheets\hu\Teljesítménynyilatkozatok\Magasépítési_termékek\Tégla_termékek\Devecser_-_Teljesítménynyilatkozatok\Leiertherm\Teljesítménynyilatkozat_-_Leiertherm_38_N_F_-_DE__LE_DE771-1-02-03.pdf
2025-07-01 21:49:30,716 - INFO - ✅ Downloaded: C:\Users\Admin\.cursor\Lambda\src\backend\src\downloads\leier_datasheets\hu\Részletrajzok\Elemrajzok__DWG__PDF_\Mélyépítés\Árokburkoló-_és_árokelemek\ÁE_60_35_-_40L_-_árokburkoló_elem_-_felülnézet.pdf
2025-07-01 21:49:30,981 - INFO - HTTP Request: GET https://www.leier.hu/hu/dokumentumtar/3203 "HTTP/1.1 200 OK"
2025-07-01 21:49:30,988 - INFO - ✅ Downloaded: C:\Users\Admin\.cursor\Lambda\src\backend\src\downloads\leier_datasheets\hu\Részletrajzok\Elemrajzok__DWG__PDF_\Mélyépítés\Előfej_támfalelemek\TFE_80_-_Támfalelem_felülnézet.pdf
2025-07-01 21:49:31,263 - INFO - HTTP Request: GET https://www.leier.hu/hu/dokumentumtar/2899 "HTTP/1.1 200 OK"
2025-07-01 21:49:31,264 - INFO - HTTP Request: GET https://www.leier.hu/hu/dokumentumtar/3586 "HTTP/1.1 200 OK"
2025-07-01 21:49:31,271 - INFO - ✅ Downloaded: C:\Users\Admin\.cursor\Lambda\src\backend\src\downloads\leier_datasheets\hu\Részletrajzok\Elemrajzok__DWG__PDF_\Mélyépítés\Tisztítóakna_elemek\Aknaszűkítő_elemek\ASZ_80_-_60_-_30_L_-_Akna_szűkítő_-_felülnézet.pdf
2025-07-01 21:49:31,533 - INFO - HTTP Request: GET https://www.leier.hu/hu/dokumentumtar/3083 "HTTP/1.1 200 OK"
2025-07-01 21:49:31,558 - INFO - ✅ Downloaded: C:\Users\Admin\.cursor\Lambda\src\backend\src\downloads\leier_datasheets\hu\Részletrajzok\Elemrajzok__DWG__PDF_\Mélyépítés\Árokburkoló-_és_árokelemek\ÁBE_F_40_50_-_50L_-_Bordás_és_víznyelős_fedlap_-_keresztmetszet.pdf
2025-07-01 21:49:31,558 - INFO - ✅ Downloaded: C:\Users\Admin\.cursor\Lambda\src\backend\src\downloads\leier_datasheets\hu\Részletrajzok\Elemrajzok__DWG__PDF_\Durisol_zajárnyékolás\Durisol_panel_396_100_DSI_30_13_W_-_Metszet.pdf
2025-07-01 21:49:32,092 - INFO - HTTP Request: GET https://www.leier.hu/hu/dokumentumtar/2311 "HTTP/1.1 200 OK"
2025-07-01 21:49:32,093 - INFO - HTTP Request: GET https://www.leier.hu/hu/dokumentumtar/3062 "HTTP/1.1 200 OK"
2025-07-01 21:49:32,094 - INFO - HTTP Request: GET https://www.leier.hu/hu/dokumentumtar/4119 "HTTP/1.1 200 OK"
2025-07-01 21:49:32,095 - INFO - ✅ Downloaded: C:\Users\Admin\.cursor\Lambda\src\backend\src\downloads\leier_datasheets\hu\Alkalmazástechnikák__Beépítési_útmutatók\Tetőfedő_rendszerek_alkalmazástechnika_és_tervezési_segédlet.pdf
2025-07-01 21:49:32,355 - INFO - ✅ Downloaded: C:\Users\Admin\.cursor\Lambda\src\backend\src\downloads\leier_datasheets\hu\Részletrajzok\Elemrajzok__DWG__PDF_\Mélyépítés\Előfej_támfalelemek\LEF_50_-_Előfej_betoncsőhöz_-_elölnézet.pdf
2025-07-01 21:49:32,630 - INFO - HTTP Request: GET https://www.leier.hu/hu/dokumentumtar/2652 "HTTP/1.1 200 OK"
2025-07-01 21:49:32,632 - INFO - ✅ Downloaded: C:\Users\Admin\.cursor\Lambda\src\backend\src\downloads\leier_datasheets\hu\Termékadatlapok\Kertépítés__díszburkolat\Falazóelemek__kerítéskövek__fedlapok\BLOCK_kerti_elem_termékadatlap.pdf
2025-07-01 21:49:32,918 - INFO - ✅ Downloaded: C:\Users\Admin\.cursor\Lambda\src\backend\src\downloads\leier_datasheets\hu\Termékadatlapok\Magasépítési_termékek\Tégla_termékek\Leiertherm_kisméretű_tömör_tégla_adatlap_pdf.pdf
2025-07-01 21:49:33,189 - INFO - HTTP Request: GET https://www.leier.hu/hu/dokumentumtar/3104 "HTTP/1.1 200 OK"
2025-07-01 21:49:33,195 - INFO - ✅ Downloaded: C:\Users\Admin\.cursor\Lambda\src\backend\src\downloads\leier_datasheets\hu\Részletrajzok\Elemrajzok__DWG__PDF_\Mélyépítés\Előfej_támfalelemek\TFE_30_-_Támfalelem_oldalnézet.pdf
2025-07-01 21:49:33,478 - INFO - HTTP Request: GET https://www.leier.hu/hu/dokumentumtar/2982 "HTTP/1.1 200 OK"
2025-07-01 21:49:33,479 - INFO - HTTP Request: GET https://www.leier.hu/hu/dokumentumtar/3601 "HTTP/1.1 200 OK"
2025-07-01 21:49:33,485 - INFO - ✅ Downloaded: C:\Users\Admin\.cursor\Lambda\src\backend\src\downloads\leier_datasheets\hu\Részletrajzok\Csomópontok\Térburkolat_részletrajzok\dwg\b05-szegely5.pdf
2025-07-01 21:49:33,825 - INFO - HTTP Request: GET https://www.leier.hu/hu/dokumentumtar/3147 "HTTP/1.1 200 OK"
2025-07-01 21:49:33,827 - INFO - ✅ Downloaded: C:\Users\Admin\.cursor\Lambda\src\backend\src\downloads\leier_datasheets\hu\Részletrajzok\Elemrajzok__DWG__PDF_\Mélyépítés\Előfej_támfalelemek\LEF_40_1_1_5_előfej.pdf
2025-07-01 21:49:34,101 - INFO - HTTP Request: GET https://www.leier.hu/hu/dokumentumtar/3232 "HTTP/1.1 200 OK"
2025-07-01 21:49:34,102 - INFO - HTTP Request: GET https://www.leier.hu/hu/dokumentumtar/2786 "HTTP/1.1 200 OK"
2025-07-01 21:49:34,107 - INFO - ✅ Downloaded: C:\Users\Admin\.cursor\Lambda\src\backend\src\downloads\leier_datasheets\hu\Részletrajzok\Elemrajzok__DWG__PDF_\Durisol_zajárnyékolás\Durisol_panel_296_100_DSI_25_13_W_-_Metszet.pdf
2025-07-01 21:49:34,107 - INFO - ✅ Downloaded: C:\Users\Admin\.cursor\Lambda\src\backend\src\downloads\leier_datasheets\hu\Részletrajzok\Elemrajzok__DWG__PDF_\Mélyépítés\Betoncsövek\TOTA_80_200L_-_Tokos_talpas_betoncső_keresztmetszet.pdf
2025-07-01 21:49:34,654 - INFO - HTTP Request: GET https://www.leier.hu/hu/dokumentumtar/2370 "HTTP/1.1 200 OK"
2025-07-01 21:49:34,657 - INFO - ✅ Downloaded: C:\Users\Admin\.cursor\Lambda\src\backend\src\downloads\leier_datasheets\hu\Részletrajzok\Elemrajzok__DWG__PDF_\Mélyépítés\Kábelcsatorna\KCS_elválasztó_egyenes_oldal.pdf
2025-07-01 21:49:34,958 - INFO - HTTP Request: GET https://www.leier.hu/hu/dokumentumtar/3053 "HTTP/1.1 200 OK"
2025-07-01 21:49:34,959 - INFO - HTTP Request: GET https://www.leier.hu/hu/dokumentumtar/2903 "HTTP/1.1 200 OK"
2025-07-01 21:49:34,963 - INFO - ✅ Downloaded: C:\Users\Admin\.cursor\Lambda\src\backend\src\downloads\leier_datasheets\hu\Részletrajzok\Csomópontok\Fal_részletrajzok\dwg\f01-vfal-bekotes.pdf
2025-07-01 21:49:34,964 - INFO - ✅ Downloaded: C:\Users\Admin\.cursor\Lambda\src\backend\src\downloads\leier_datasheets\hu\Részletrajzok\Elemrajzok__DWG__PDF_\Mélyépítés\Tisztítóakna_elemek\Aknagyűrűk\AGY_100_-_25_LG_-_Aknagyűrű_gumigyűrűs_-_függőleges_metszet.pdf
2025-07-01 21:49:35,504 - INFO - HTTP Request: GET https://www.leier.hu/hu/dokumentumtar/2729 "HTTP/1.1 200 OK"
2025-07-01 21:49:35,515 - INFO - ✅ Downloaded: C:\Users\Admin\.cursor\Lambda\src\backend\src\downloads\leier_datasheets\hu\Részletrajzok\Csomópontok\Kéregelemes_födém_részletrajzok\dwg\p02c-kpanel-koszoru4.pdf
2025-07-01 21:49:35,515 - INFO - ✅ Downloaded: C:\Users\Admin\.cursor\Lambda\src\backend\src\downloads\leier_datasheets\hu\Részletrajzok\Elemrajzok__DWG__PDF_\Mélyépítés\Előfej_támfalelemek\TFE_50_-_Támfalelem_metszet.pdf
2025-07-01 21:49:36,040 - INFO - ✅ Downloaded: C:\Users\Admin\.cursor\Lambda\src\backend\src\downloads\leier_datasheets\hu\Részletrajzok\Elemrajzok__DWG__PDF_\Mélyépítés\Árokburkoló-_és_árokelemek\ÁBE_F_30_40_-_50L_-_Bordás_fedlap_-_felülnézet.pdf
2025-07-01 21:49:36,305 - INFO - HTTP Request: GET https://www.leier.hu/hu/dokumentumtar/3008 "HTTP/1.1 200 OK"
2025-07-01 21:49:36,306 - INFO - HTTP Request: GET https://www.leier.hu/hu/dokumentumtar/3388 "HTTP/1.1 200 OK"
2025-07-01 21:49:36,325 - INFO - ✅ Downloaded: C:\Users\Admin\.cursor\Lambda\src\backend\src\downloads\leier_datasheets\hu\Részletrajzok\Elemrajzok__DWG__PDF_\Környezettechnika\Olajelválasztók_DWG\LOL_SUPER_60_KF_melle_klet.pdf
2025-07-01 21:49:36,595 - INFO - HTTP Request: GET https://www.leier.hu/hu/dokumentumtar/4130 "HTTP/1.1 200 OK"
2025-07-01 21:49:36,601 - INFO - ✅ Downloaded: C:\Users\Admin\.cursor\Lambda\src\backend\src\downloads\leier_datasheets\hu\Részletrajzok\Elemrajzok__DWG__PDF_\Mélyépítés\Betoncsövek\TA_80_100_-_Talpas_betoncső_keresztmetszet.pdf
2025-07-01 21:49:36,863 - INFO - ✅ Downloaded: C:\Users\Admin\.cursor\Lambda\src\backend\src\downloads\leier_datasheets\hu\Termékadatlapok\Magasépítési_termékek\Beton_falazóelemek\Leier_beton_ZS40_adatlap_pdf.pdf
2025-07-01 21:49:37,129 - INFO - HTTP Request: GET https://www.leier.hu/hu/dokumentumtar/3514 "HTTP/1.1 200 OK"
2025-07-01 21:49:37,130 - INFO - HTTP Request: GET https://www.leier.hu/hu/dokumentumtar/3269 "HTTP/1.1 200 OK"
2025-07-01 21:49:37,139 - INFO - ✅ Downloaded: C:\Users\Admin\.cursor\Lambda\src\backend\src\downloads\leier_datasheets\hu\Részletrajzok\Elemrajzok__DWG__PDF_\Környezettechnika\Olajelválasztók_PDF\LOL_SUPER_30_max_KF_melleklet_PDF.pdf
2025-07-01 21:49:37,404 - INFO - HTTP Request: GET https://www.leier.hu/hu/dokumentumtar/2599 "HTTP/1.1 200 OK"
2025-07-01 21:49:37,405 - INFO - HTTP Request: GET https://www.leier.hu/hu/dokumentumtar/1984 "HTTP/1.1 200 OK"
2025-07-01 21:49:37,406 - INFO - HTTP Request: GET https://www.leier.hu/hu/dokumentumtar/3537 "HTTP/1.1 200 OK"
2025-07-01 21:49:37,432 - INFO - ✅ Downloaded: C:\Users\Admin\.cursor\Lambda\src\backend\src\downloads\leier_datasheets\hu\Teljesítménynyilatkozatok\Magasépítési_termékek\Tégla_termékek\Devecser_-_Teljesítménynyilatkozatok\LeierPLAN\Teljesítménynyilatkozat_-_LeierPLAN_44_iSO_LE_DE771-1-17-03.pdf
2025-07-01 21:49:37,744 - INFO - ✅ Downloaded: C:\Users\Admin\.cursor\Lambda\src\backend\src\downloads\leier_datasheets\hu\Részletrajzok\Elemrajzok__DWG__PDF_\Mélyépítés\Tisztítóakna_elemek\Akna_fenékelemek\AFE_100_LG_K_-_Akna_fenékelem_gumigyűrűs_künettel_-_vízszintes_metszet.pdf
2025-07-01 21:49:38,025 - INFO - HTTP Request: GET https://www.leier.hu/hu/dokumentumtar/2709 "HTTP/1.1 200 OK"
2025-07-01 21:49:38,026 - INFO - ✅ Downloaded: C:\Users\Admin\.cursor\Lambda\src\backend\src\downloads\leier_datasheets\hu\Részletrajzok\Elemrajzok__DWG__PDF_\Környezettechnika\Olajelválasztók_PDF\LOL_SUPER_10_P_melleklet_PDF.pdf
2025-07-01 21:49:38,028 - INFO - ✅ Downloaded: C:\Users\Admin\.cursor\Lambda\src\backend\src\downloads\leier_datasheets\hu\Részletrajzok\Csomópontok\Födém_részletrajzok\asc\leier-m031-mesterf-belsokosz.pdf
2025-07-01 21:49:38,561 - INFO - HTTP Request: GET https://www.leier.hu/hu/dokumentumtar/2895 "HTTP/1.1 200 OK"
2025-07-01 21:49:38,563 - INFO - HTTP Request: GET https://www.leier.hu/hu/dokumentumtar/3584 "HTTP/1.1 200 OK"
2025-07-01 21:49:38,568 - INFO - ✅ Downloaded: C:\Users\Admin\.cursor\Lambda\src\backend\src\downloads\leier_datasheets\hu\Részletrajzok\Csomópontok\Mélyépítési_részletrajzok\pln\c02-100-gumigyurus.pdf
2025-07-01 21:49:38,904 - INFO - HTTP Request: GET https://www.leier.hu/hu/dokumentumtar/3044 "HTTP/1.1 200 OK"
2025-07-01 21:49:38,920 - INFO - ✅ Downloaded: C:\Users\Admin\.cursor\Lambda\src\backend\src\downloads\leier_datasheets\hu\Részletrajzok\Elemrajzok__DWG__PDF_\Mélyépítés\Árokburkoló-_és_árokelemek\ÁE_30_30_-_50L_-_árokburkoló_elem_-_keresztmetszet.pdf
2025-07-01 21:49:39,192 - INFO - ✅ Downloaded: C:\Users\Admin\.cursor\Lambda\src\backend\src\downloads\leier_datasheets\hu\Részletrajzok\Elemrajzok__DWG__PDF_\Durisol_zajárnyékolás\Durisol_panel_396_100_félkötés_-_Elölnézet.pdf
2025-07-01 21:49:39,456 - INFO - HTTP Request: GET https://www.leier.hu/hu/dokumentumtar/2415 "HTTP/1.1 200 OK"
2025-07-01 21:49:39,462 - INFO - ✅ Downloaded: C:\Users\Admin\.cursor\Lambda\src\backend\src\downloads\leier_datasheets\hu\Részletrajzok\Elemrajzok__DWG__PDF_\Mélyépítés\Előfej_támfalelemek\TFE_80_-_Támfalelem_hátulnézet.pdf
2025-07-01 21:49:39,722 - INFO - ✅ Downloaded: C:\Users\Admin\.cursor\Lambda\src\backend\src\downloads\leier_datasheets\hu\Részletrajzok\Csomópontok\Előregyártott_betonelemek_tervezési_segédlet_-_részletrajzok.pdf
2025-07-01 21:49:39,982 - INFO - HTTP Request: GET https://www.leier.hu/hu/dokumentumtar/3355 "HTTP/1.1 200 OK"
2025-07-01 21:49:39,983 - INFO - HTTP Request: GET https://www.leier.hu/hu/dokumentumtar/3810 "HTTP/1.1 200 OK"
2025-07-01 21:49:39,984 - INFO - ✅ Downloaded: C:\Users\Admin\.cursor\Lambda\src\backend\src\downloads\leier_datasheets\hu\Részletrajzok\Csomópontok\Fal_részletrajzok\asc\leier-f08-vfal-alapozas.pdf
2025-07-01 21:49:40,280 - INFO - ✅ Downloaded: C:\Users\Admin\.cursor\Lambda\src\backend\src\downloads\leier_datasheets\hu\Részletrajzok\Elemrajzok__DWG__PDF_\Környezettechnika\Olajelválasztók_DWG\LOL_SUPER_150_300_P_zápor_túlfolyóval_melléklet.pdf
2025-07-01 21:49:40,585 - INFO - ✅ Downloaded: C:\Users\Admin\.cursor\Lambda\src\backend\src\downloads\leier_datasheets\at\Prospekte\Leier_Plattensortiment_2022.pdf
2025-07-01 21:49:40,856 - INFO - HTTP Request: GET https://www.leier.hu/hu/dokumentumtar/2483 "HTTP/1.1 200 OK"
2025-07-01 21:49:40,857 - INFO - HTTP Request: GET https://www.leier.hu/hu/dokumentumtar/1957 "HTTP/1.1 200 OK"
2025-07-01 21:49:40,858 - INFO - HTTP Request: GET https://www.leier.hu/hu/dokumentumtar/2012 "HTTP/1.1 200 OK"
2025-07-01 21:49:40,865 - INFO - ✅ Downloaded: C:\Users\Admin\.cursor\Lambda\src\backend\src\downloads\leier_datasheets\hu\Teljesítménynyilatkozatok\Magasépítési_termékek\Tégla_termékek\Devecser_-_CE-tanúsítványok\LeierPLAN\CE_-_LeierPLAN_44_iSO_-_DE.pdf
2025-07-01 21:49:40,866 - INFO - ✅ Downloaded: C:\Users\Admin\.cursor\Lambda\src\backend\src\downloads\leier_datasheets\hu\Részletrajzok\Csomópontok\Tető_részletrajzok\dwg\t01-eresz.pdf
2025-07-01 21:49:41,425 - INFO - ✅ Downloaded: C:\Users\Admin\.cursor\Lambda\src\backend\src\downloads\leier_datasheets\hu\Teljesítménynyilatkozatok\Magasépítési_termékek\Tégla_termékek\Devecser_-_Teljesítménynyilatkozatok\Leiertherm\Teljesítménynyilatkozat_-_Leiertherm_12\50_N_F_-_DE_LE_DE771-1-05-03.pdf
2025-07-01 21:49:41,720 - INFO - HTTP Request: GET https://www.leier.hu/hu/dokumentumtar/2040 "HTTP/1.1 200 OK"
2025-07-01 21:49:41,721 - INFO - HTTP Request: GET https://www.leier.hu/hu/dokumentumtar/3580 "HTTP/1.1 200 OK"
2025-07-01 21:49:41,725 - ERROR - ❌ Failed to download https://www.leier.hu/hu/dokumentumtar/2040: [Errno 2] No such file or directory: 'C:\\Users\\Admin\\.cursor\\Lambda\\src\\backend\\src\\downloads\\leier_datasheets\\hu\\Teljesítménynyilatkozatok\\Magasépítési_termékek\\Tégla_termékek\\Mátraderecske_-_Teljesítménynyilatkozatok\\Teljesítménynyilatkozat_-_Leiertherm_250\\120\\65_kisméretű_-_MD_LE_MD771-1-08-02.pdf'
2025-07-01 21:49:41,996 - INFO - HTTP Request: GET https://www.leier.hu/hu/dokumentumtar/1916 "HTTP/1.1 200 OK"
2025-07-01 21:49:42,001 - INFO - ✅ Downloaded: C:\Users\Admin\.cursor\Lambda\src\backend\src\downloads\leier_datasheets\hu\Részletrajzok\Elemrajzok__DWG__PDF_\Durisol_zajárnyékolás\Durisol_panel_396_125_hálós_-_Elölnézet.pdf
2025-07-01 21:49:42,268 - INFO - HTTP Request: GET https://www.leier.hu/hu/dokumentumtar/2573 "HTTP/1.1 200 OK"
2025-07-01 21:49:42,274 - INFO - ✅ Downloaded: C:\Users\Admin\.cursor\Lambda\src\backend\src\downloads\leier_datasheets\hu\Részletrajzok\Csomópontok\Födém_részletrajzok\dwg\m02b-mesterf-koszoru3.pdf
2025-07-01 21:49:42,571 - INFO - HTTP Request: GET https://www.leier.hu/hu/dokumentumtar/3595 "HTTP/1.1 200 OK"
2025-07-01 21:49:42,573 - INFO - HTTP Request: GET https://www.leier.hu/hu/dokumentumtar/3394 "HTTP/1.1 200 OK"
2025-07-01 21:49:42,574 - INFO - HTTP Request: GET https://www.leier.hu/hu/dokumentumtar/3602 "HTTP/1.1 200 OK"
2025-07-01 21:49:42,576 - INFO - HTTP Request: GET https://www.leier.hu/hu/dokumentumtar/3574 "HTTP/1.1 200 OK"
2025-07-01 21:49:42,591 - INFO - ✅ Downloaded: C:\Users\Admin\.cursor\Lambda\src\backend\src\downloads\leier_datasheets\hu\Alkalmazástechnikák__Beépítési_útmutatók\Kerítéselemek_beépítési_útmutatója.pdf
2025-07-01 21:49:42,865 - INFO - ✅ Downloaded: C:\Users\Admin\.cursor\Lambda\src\backend\src\downloads\leier_datasheets\hu\Részletrajzok\Elemrajzok__DWG__PDF_\Környezettechnika\Olajelválasztók_DWG\LOL_SUPER_50_max_NF_melle_klet.pdf
2025-07-01 21:49:43,153 - INFO - ✅ Downloaded: C:\Users\Admin\.cursor\Lambda\src\backend\src\downloads\leier_datasheets\hu\Részletrajzok\Elemrajzok__DWG__PDF_\Durisol_zajárnyékolás\Durisol_panel_296_100_DSI_25_13_N_-_Metszet.pdf
2025-07-01 21:49:43,154 - INFO - ✅ Downloaded: C:\Users\Admin\.cursor\Lambda\src\backend\src\downloads\leier_datasheets\hu\Részletrajzok\Elemrajzok__DWG__PDF_\Durisol_zajárnyékolás\Durisol_panel_496_100_DSI_30_13_N_-_Metszet.pdf
2025-07-01 21:49:43,674 - INFO - ✅ Downloaded: C:\Users\Admin\.cursor\Lambda\src\backend\src\downloads\leier_datasheets\hu\Részletrajzok\Elemrajzok__DWG__PDF_\Durisol_zajárnyékolás\Durisol_panel_296_125_egyedi_-_Elölnézet.pdf
2025-07-01 21:49:43,935 - INFO - HTTP Request: GET https://www.leier.hu/hu/dokumentumtar/2486 "HTTP/1.1 200 OK"
2025-07-01 21:49:43,940 - INFO - ✅ Downloaded: C:\Users\Admin\.cursor\Lambda\src\backend\src\downloads\leier_datasheets\hu\Részletrajzok\Csomópontok\Tető_részletrajzok\pdf\t08b-orom-fem.pdf
2025-07-01 21:49:44,218 - INFO - HTTP Request: GET https://www.leier.hu/hu/dokumentumtar/3294 "HTTP/1.1 200 OK"
2025-07-01 21:49:44,219 - INFO - HTTP Request: GET https://www.leier.hu/hu/dokumentumtar/2647 "HTTP/1.1 200 OK"
2025-07-01 21:49:44,220 - INFO - HTTP Request: GET https://www.leier.hu/hu/dokumentumtar/3545 "HTTP/1.1 200 OK"
2025-07-01 21:49:44,230 - INFO - ✅ Downloaded: C:\Users\Admin\.cursor\Lambda\src\backend\src\downloads\leier_datasheets\hu\Részletrajzok\Csomópontok\Térburkolat_részletrajzok\dwg\b08-tamfal.pdf
2025-07-01 21:49:44,500 - INFO - ✅ Downloaded: C:\Users\Admin\.cursor\Lambda\src\backend\src\downloads\leier_datasheets\hu\Részletrajzok\Elemrajzok__DWG__PDF_\Környezettechnika\Olajelválasztók_PDF\LOL_SUPER_8_P_melleklet_PDF.pdf
2025-07-01 21:49:44,759 - INFO - ✅ Downloaded: C:\Users\Admin\.cursor\Lambda\src\backend\src\downloads\leier_datasheets\hu\Részletrajzok\Elemrajzok__DWG__PDF_\Mélyépítés\Vízelnyelőakna_elemek\V_AFE_50_80_L_-_Víznyelő_akna_fenékelem_vég_függőleges_metszet.pdf
2025-07-01 21:49:45,018 - INFO - HTTP Request: GET https://www.leier.hu/hu/dokumentumtar/3430 "HTTP/1.1 200 OK"
2025-07-01 21:49:45,026 - INFO - HTTP Request: GET https://www.leier.hu/hu/dokumentumtar/3844 "HTTP/1.1 200 OK"
2025-07-01 21:49:45,027 - INFO - HTTP Request: GET https://www.leier.hu/hu/dokumentumtar/3500 "HTTP/1.1 200 OK"
2025-07-01 21:49:45,034 - INFO - ✅ Downloaded: C:\Users\Admin\.cursor\Lambda\src\backend\src\downloads\leier_datasheets\hu\Teljesítménynyilatkozatok\Magasépítési_termékek\Tégla_termékek\Mátraderecske_-_Teljesítménynyilatkozatok\Teljesítménynyilatkozat_-_Leiertherm_10_N_F_LE_MD771-1-07-03_pdf.pdf
2025-07-01 21:49:45,035 - INFO - ✅ Downloaded: C:\Users\Admin\.cursor\Lambda\src\backend\src\downloads\leier_datasheets\hu\Részletrajzok\Elemrajzok__DWG__PDF_\Környezettechnika\Olajelválasztók_DWG\LOL_SUPER_10_P_melle_klet.pdf
2025-07-01 21:49:45,561 - INFO - ✅ Downloaded: C:\Users\Admin\.cursor\Lambda\src\backend\src\downloads\leier_datasheets\hu\Részletrajzok\Elemrajzok__DWG__PDF_\Környezettechnika\Olajelválasztók_PDF\LOL_SUPER_50_max_KF_melleklet_PDF.pdf
2025-07-01 21:49:45,823 - INFO - HTTP Request: GET https://www.leier.hu/hu/dokumentumtar/3366 "HTTP/1.1 200 OK"
2025-07-01 21:49:45,828 - INFO - ✅ Downloaded: C:\Users\Admin\.cursor\Lambda\src\backend\src\downloads\leier_datasheets\hu\Részletrajzok\Elemrajzok__DWG__PDF_\Környezettechnika\Olajelválasztók_DWG\LOL_SUPER_125_max_KF_melle_klet.pdf
2025-07-01 21:49:46,182 - INFO - HTTP Request: GET https://www.leier.hu/hu/dokumentumtar/2417 "HTTP/1.1 200 OK"
2025-07-01 21:49:46,230 - INFO - ✅ Downloaded: C:\Users\Admin\.cursor\Lambda\src\backend\src\downloads\leier_datasheets\hu\Részletrajzok\Csomópontok\Fal_részletrajzok\asc\leier-f06a-uni-labazat.pdf
2025-07-01 21:49:46,675 - INFO - HTTP Request: GET https://www.leier.hu/hu/dokumentumtar/3524 "HTTP/1.1 200 OK"
2025-07-01 21:49:46,721 - INFO - ✅ Downloaded: C:\Users\Admin\.cursor\Lambda\src\backend\src\downloads\leier_datasheets\hu\Részletrajzok\Elemrajzok__DWG__PDF_\Környezettechnika\Olajelválasztók_PDF\LOL_SUPER_20_NF_melleklet_PDF.pdf
2025-07-01 21:49:47,242 - INFO - HTTP Request: GET https://www.leier.hu/hu/dokumentumtar/2622 "HTTP/1.1 200 OK"
2025-07-01 21:49:47,262 - INFO - HTTP Request: GET https://www.leier.hu/hu/dokumentumtar/2840 "HTTP/1.1 200 OK"
2025-07-01 21:49:47,266 - INFO - ✅ Downloaded: C:\Users\Admin\.cursor\Lambda\src\backend\src\downloads\leier_datasheets\hu\Részletrajzok\Csomópontok\Kéregfal_részletrajzok\dwg\e03a-falcsatl-szig.pdf
2025-07-01 21:49:47,583 - INFO - HTTP Request: GET https://www.leier.hu/hu/dokumentumtar/3995 "HTTP/1.1 200 OK"
2025-07-01 21:49:47,634 - INFO - ✅ Downloaded: C:\Users\Admin\.cursor\Lambda\src\backend\src\downloads\leier_datasheets\hu\Szerelési_útmutatók\Mesterpanel___Elementdecke\Szerelési_útmutató___Montageanleitung\HU\Leier_Mesterpanel_beépítési_útmutató.pdf
2025-07-01 21:49:47,923 - INFO - ✅ Downloaded: C:\Users\Admin\.cursor\Lambda\src\backend\src\downloads\leier_datasheets\hu\Teljesítménynyilatkozatok\Magasépítési_termékek\Födémrendszerek\LMF-gerenda_-_Pécs_-_Teljesítménynyilatkozat_LE_PE15037-1-02.pdf
2025-07-01 21:49:48,182 - INFO - HTTP Request: GET https://www.leier.hu/hu/dokumentumtar/3548 "HTTP/1.1 200 OK"
2025-07-01 21:49:48,215 - INFO - ✅ Downloaded: C:\Users\Admin\.cursor\Lambda\src\backend\src\downloads\leier_datasheets\hu\Részletrajzok\Elemrajzok__DWG__PDF_\Környezettechnika\Olajelválasztók_PDF\LOL_SUPER_8_KF_melleklet_PDF.pdf
2025-07-01 21:49:48,500 - INFO - HTTP Request: GET https://www.leier.hu/hu/dokumentumtar/2141 "HTTP/1.1 200 OK"
2025-07-01 21:49:48,505 - INFO - ✅ Downloaded: C:\Users\Admin\.cursor\Lambda\src\backend\src\downloads\leier_datasheets\hu\Teljesítménynyilatkozatok\Mély-_és_vasútépítés__környezettechnika\Mélyépítés\Betoncső_előfej_és_támfalelem_-_Jánossomorja_-_Teljesítménynyilatkozat_LE_JS15258-01-LEF\TFE.pdf
2025-07-01 21:49:48,972 - INFO - HTTP Request: GET https://www.leier.hu/hu/dokumentumtar/3212 "HTTP/1.1 200 OK"
2025-07-01 21:49:48,975 - INFO - HTTP Request: GET https://www.leier.hu/hu/dokumentumtar/2698 "HTTP/1.1 200 OK"
2025-07-01 21:49:49,005 - INFO - ✅ Downloaded: C:\Users\Admin\.cursor\Lambda\src\backend\src\downloads\leier_datasheets\hu\Részletrajzok\Csomópontok\Mélyépítési_részletrajzok\pdf\c06-nagyatmero-gumigy.pdf
2025-07-01 21:49:49,398 - INFO - ✅ Downloaded: C:\Users\Admin\.cursor\Lambda\src\backend\src\downloads\leier_datasheets\hu\Részletrajzok\Elemrajzok__DWG__PDF_\Mélyépítés\Tisztítóakna_elemek\Aknaszűkítő_elemek\ASZ_100_-_62_5_-_35L_-_Akna_szűkítő_-_függőleges_metszet.pdf
2025-07-01 21:49:49,834 - INFO - HTTP Request: GET https://www.leier.hu/hu/dokumentumtar/2773 "HTTP/1.1 200 OK"
2025-07-01 21:49:49,839 - INFO - HTTP Request: GET https://www.leier.hu/hu/dokumentumtar/3129 "HTTP/1.1 200 OK"
2025-07-01 21:49:49,853 - INFO - ✅ Downloaded: C:\Users\Admin\.cursor\Lambda\src\backend\src\downloads\leier_datasheets\hu\Részletrajzok\Csomópontok\Kéregelemes_födém_részletrajzok\dxf\leier-p02c-kpanel-koszoru4.pdf
2025-07-01 21:49:50,261 - INFO - ✅ Downloaded: C:\Users\Admin\.cursor\Lambda\src\backend\src\downloads\leier_datasheets\hu\Részletrajzok\Elemrajzok__DWG__PDF_\Mélyépítés\Kábelcsatorna\KCS_vályú_irt_bal_hátul.pdf
2025-07-01 21:49:51,016 - INFO - HTTP Request: GET https://www.leier.hu/hu/dokumentumtar/3096 "HTTP/1.1 200 OK"
2025-07-01 21:49:51,053 - INFO - ✅ Downloaded: C:\Users\Admin\.cursor\Lambda\src\backend\src\downloads\leier_datasheets\hu\Részletrajzok\Elemrajzok__DWG__PDF_\Mélyépítés\Előfej_támfalelemek\LEF_100_-_Előfej_betoncsőhöz_-_hosszmetszet.pdf
2025-07-01 21:49:51,332 - INFO - ✅ Downloaded: C:\Users\Admin\.cursor\Lambda\src\backend\src\downloads\leier_datasheets\hu\Leier-Graphisoft_Archicad_programbővítmény\Leier_Építőelem_Gyűjtemény.pdf
2025-07-01 21:49:51,955 - INFO - HTTP Request: GET https://www.leier.hu/hu/dokumentumtar/2480 "HTTP/1.1 200 OK"
2025-07-01 21:49:51,962 - INFO - HTTP Request: GET https://www.leier.hu/hu/dokumentumtar/3006 "HTTP/1.1 200 OK"
2025-07-01 21:49:51,992 - INFO - ✅ Downloaded: C:\Users\Admin\.cursor\Lambda\src\backend\src\downloads\leier_datasheets\hu\Részletrajzok\Csomópontok\Tető_részletrajzok\dwg\t04-felnyereg-gerinc.pdf
2025-07-01 21:49:52,874 - INFO - ✅ Downloaded: C:\Users\Admin\.cursor\Lambda\src\backend\src\downloads\leier_datasheets\hu\Részletrajzok\Elemrajzok__DWG__PDF_\Mélyépítés\Betoncsövek\TO_30_200L_-_Tokos_betoncső_hosszmetszet.pdf
2025-07-01 21:49:53,702 - INFO - HTTP Request: GET https://www.leier.hu/hu/dokumentumtar/3447 "HTTP/1.1 200 OK"
2025-07-01 21:49:53,712 - INFO - HTTP Request: GET https://www.leier.hu/hu/dokumentumtar/2672 "HTTP/1.1 200 OK"
2025-07-01 21:49:53,738 - INFO - HTTP Request: GET https://www.leier.hu/hu/dokumentumtar/2161 "HTTP/1.1 200 OK"
2025-07-01 21:49:53,740 - INFO - ✅ Downloaded: C:\Users\Admin\.cursor\Lambda\src\backend\src\downloads\leier_datasheets\hu\Részletrajzok\Csomópontok\Térburkolat_részletrajzok\pln\b05-szegely5.pdf
2025-07-01 21:49:54,418 - INFO - ✅ Downloaded: C:\Users\Admin\.cursor\Lambda\src\backend\src\downloads\leier_datasheets\hu\Részletrajzok\Elemrajzok__DWG__PDF_\Környezettechnika\Olajelválasztók_DWG\LOL_SUPER_6_KF_melle_klet.pdf
2025-07-01 21:49:55,208 - INFO - HTTP Request: GET https://www.leier.hu/hu/dokumentumtar/3188 "HTTP/1.1 200 OK"
2025-07-01 21:49:55,237 - INFO - HTTP Request: GET https://www.leier.hu/hu/dokumentumtar/2542 "HTTP/1.1 200 OK"
2025-07-01 21:49:55,274 - INFO - HTTP Request: GET https://www.leier.hu/hu/dokumentumtar/2523 "HTTP/1.1 200 OK"
2025-07-01 21:49:55,342 - INFO - ✅ Downloaded: C:\Users\Admin\.cursor\Lambda\src\backend\src\downloads\leier_datasheets\hu\Teljesítménynyilatkozatok\Előregyártott_pillérek__gerendák\Előregyártott_vasbeton_lineáris_szerkezeti_elemek_-_Teljesítménynyilatkozat_LE_JS13225-02.pdf
2025-07-01 21:49:57,373 - INFO - ✅ Downloaded: C:\Users\Admin\.cursor\Lambda\src\backend\src\downloads\leier_datasheets\hu\Részletrajzok\Csomópontok\Tető_részletrajzok\dxf\Leier_k05-kemenyatvez-lapos1.pdf
2025-07-01 21:49:58,178 - INFO - ✅ Downloaded: C:\Users\Admin\.cursor\Lambda\src\backend\src\downloads\leier_datasheets\hu\Részletrajzok\Csomópontok\Kémény_részletrajzok\pdf\k01-kemeny-alapozas.pdf
2025-07-01 21:49:58,915 - INFO - HTTP Request: GET https://www.leier.hu/hu/dokumentumtar/2547 "HTTP/1.1 200 OK"
2025-07-01 21:49:58,919 - INFO - ✅ Downloaded: C:\Users\Admin\.cursor\Lambda\src\backend\src\downloads\leier_datasheets\hu\Részletrajzok\Elemrajzok__DWG__PDF_\Mélyépítés\Keretelemek\LKE_100_-_100_-_100_-_Keretelem_-_keresztmetszet.pdf
2025-07-01 21:49:59,650 - INFO - HTTP Request: GET https://www.leier.hu/hu/dokumentumtar/3272 "HTTP/1.1 200 OK"
2025-07-01 21:49:59,653 - INFO - HTTP Request: GET https://www.leier.hu/hu/dokumentumtar/1920 "HTTP/1.1 200 OK"
2025-07-01 21:49:59,655 - INFO - HTTP Request: GET https://www.leier.hu/hu/dokumentumtar/2299 "HTTP/1.1 200 OK"
2025-07-01 21:49:59,667 - INFO - ✅ Downloaded: C:\Users\Admin\.cursor\Lambda\src\backend\src\downloads\leier_datasheets\hu\Részletrajzok\Csomópontok\Kémény_részletrajzok\pln\k02b-kemeny-fodemattor2.pdf
2025-07-01 21:50:00,371 - INFO - ✅ Downloaded: C:\Users\Admin\.cursor\Lambda\src\backend\src\downloads\leier_datasheets\hu\Részletrajzok\Elemrajzok__DWG__PDF_\Mélyépítés\Tisztítóakna_elemek\Akna_fenékelemek\AFE_100p130.pdf
2025-07-01 21:50:01,124 - INFO - ✅ Downloaded: C:\Users\Admin\.cursor\Lambda\src\backend\src\downloads\leier_datasheets\hu\Termékadatlapok\Kertépítés__díszburkolat\Rézsűkövek__kiegészítők__virágtartók\VIRÁGTARTÓK_termékadatlap.pdf
2025-07-01 21:50:02,020 - INFO - HTTP Request: GET https://www.leier.hu/hu/dokumentumtar/3428 "HTTP/1.1 200 OK"
2025-07-01 21:50:02,023 - INFO - HTTP Request: GET https://www.leier.hu/hu/dokumentumtar/2445 "HTTP/1.1 200 OK"
2025-07-01 21:50:02,035 - INFO - HTTP Request: GET https://www.leier.hu/hu/dokumentumtar/2750 "HTTP/1.1 200 OK"
2025-07-01 21:50:02,038 - INFO - HTTP Request: GET https://www.leier.hu/hu/dokumentumtar/4121 "HTTP/1.1 200 OK"
2025-07-01 21:50:02,041 - INFO - HTTP Request: GET https://www.leier.hu/hu/dokumentumtar/2891 "HTTP/1.1 200 OK"
2025-07-01 21:50:02,101 - INFO - ✅ Downloaded: C:\Users\Admin\.cursor\Lambda\src\backend\src\downloads\leier_datasheets\hu\Termékadatlapok\Magasépítési_termékek\Beton_falazóelemek\Leier_beton_pillérzsalu_25_adatlap_pdf.pdf
2025-07-01 21:50:02,104 - INFO - ✅ Downloaded: C:\Users\Admin\.cursor\Lambda\src\backend\src\downloads\leier_datasheets\hu\Részletrajzok\Csomópontok\Kéregelemes_födém_részletrajzok\pln\p04-kpanel-valaszfal.pdf
2025-07-01 21:50:03,643 - INFO - ✅ Downloaded: C:\Users\Admin\.cursor\Lambda\src\backend\src\downloads\leier_datasheets\hu\Részletrajzok\Elemrajzok__DWG__PDF_\Környezettechnika\Olajelválasztók_DWG\LOL_SUPER_15_max_KF_melle_klet.pdf
2025-07-01 21:50:04,379 - INFO - HTTP Request: GET https://www.leier.hu/hu/dokumentumtar/3166 "HTTP/1.1 200 OK"
2025-07-01 21:50:04,384 - INFO - HTTP Request: GET https://www.leier.hu/hu/dokumentumtar/2845 "HTTP/1.1 200 OK"
2025-07-01 21:50:04,387 - INFO - HTTP Request: GET https://www.leier.hu/hu/dokumentumtar/2413 "HTTP/1.1 200 OK"
2025-07-01 21:50:04,394 - INFO - ✅ Downloaded: C:\Users\Admin\.cursor\Lambda\src\backend\src\downloads\leier_datasheets\hu\Részletrajzok\Elemrajzok__DWG__PDF_\Mélyépítés\Árokburkoló-_és_árokelemek\ÁE_40_35_-_50L_-_árokburkoló_elem_-_keresztmetszet.pdf
2025-07-01 21:50:06,051 - INFO - ✅ Downloaded: C:\Users\Admin\.cursor\Lambda\src\backend\src\downloads\leier_datasheets\hu\Részletrajzok\Csomópontok\Leier_Durisol_zajárnyékoló_falak\PDF\Leier_Durisol_mintafalak.pdf
2025-07-01 21:50:06,052 - INFO - ✅ Downloaded: C:\Users\Admin\.cursor\Lambda\src\backend\src\downloads\leier_datasheets\hu\Alkalmazástechnikák__Beépítési_útmutatók\Előfeszített_üreges_födémelemek_-_beépítési_útmutató.pdf
2025-07-01 21:50:07,842 - INFO - ✅ Downloaded: C:\Users\Admin\.cursor\Lambda\src\backend\src\downloads\leier_datasheets\hu\Szerelési_útmutatók\Mesterpanel___Elementdecke\Teljesítménynilatkozat___Leistungserklärung\DE\Elementdecke_Győr_Leistungserklärung.pdf
2025-07-01 21:50:08,734 - INFO - ✅ Downloaded: C:\Users\Admin\.cursor\Lambda\src\backend\src\downloads\leier_datasheets\hu\Részletrajzok\Csomópontok\Fal_részletrajzok\asc\leier-f09b-zsaluko-alap-tn.pdf
2025-07-01 21:50:09,591 - INFO - ✅ Downloaded: C:\Users\Admin\.cursor\Lambda\src\backend\src\downloads\leier_datasheets\hu\Részletrajzok\Elemrajzok__DWG__PDF_\Mélyépítés\Keretelemek\LKE_200_-_200_-_100_-_Keretelem_-_keresztmetszet.pdf
2025-07-01 21:50:09,594 - INFO - HTTP Request: GET https://www.leier.hu/hu/dokumentumtar/3148 "HTTP/1.1 200 OK"
2025-07-01 21:50:10,373 - INFO - ✅ Downloaded: C:\Users\Admin\.cursor\Lambda\src\backend\src\downloads\leier_datasheets\hu\Részletrajzok\Elemrajzok__DWG__PDF_\Mélyépítés\Kábelcsatorna\KCS_elválasztó_egyenes_felül.pdf
2025-07-01 21:50:11,078 - INFO - HTTP Request: GET https://www.leier.hu/hu/dokumentumtar/3018 "HTTP/1.1 200 OK"
2025-07-01 21:50:11,111 - INFO - ✅ Downloaded: C:\Users\Admin\.cursor\Lambda\src\backend\src\downloads\leier_datasheets\hu\Részletrajzok\Elemrajzok__DWG__PDF_\Mélyépítés\Betoncsövek\TA_100_100_-_Talpas_betoncső_keresztmetszet.pdf
2025-07-01 21:50:11,841 - INFO - HTTP Request: GET https://www.leier.hu/hu/dokumentumtar/2980 "HTTP/1.1 200 OK"
2025-07-01 21:50:11,843 - INFO - HTTP Request: GET https://www.leier.hu/hu/dokumentumtar/3291 "HTTP/1.1 200 OK"
2025-07-01 21:50:11,862 - INFO - ✅ Downloaded: C:\Users\Admin\.cursor\Lambda\src\backend\src\downloads\leier_datasheets\hu\Részletrajzok\Elemrajzok__DWG__PDF_\Mélyépítés\Átemelőakna_elemek\AFE_160_160_LG_-_Átemelő_fenékelem_gumigyűrűs.pdf
2025-07-01 21:50:12,529 - INFO - HTTP Request: GET https://www.leier.hu/hu/dokumentumtar/2503 "HTTP/1.1 200 OK"
2025-07-01 21:50:12,540 - INFO - ✅ Downloaded: C:\Users\Admin\.cursor\Lambda\src\backend\src\downloads\leier_datasheets\hu\Részletrajzok\Elemrajzok__DWG__PDF_\Mélyépítés\Vízelnyelőakna_elemek\V_AGY_50_10-25-50_L_-_Víznyelő_aknagyűrű_vízszintes_metszet.pdf
2025-07-01 21:50:13,160 - INFO - HTTP Request: GET https://www.leier.hu/hu/dokumentumtar/3024 "HTTP/1.1 200 OK"
2025-07-01 21:50:13,162 - INFO - ✅ Downloaded: C:\Users\Admin\.cursor\Lambda\src\backend\src\downloads\leier_datasheets\hu\Részletrajzok\Csomópontok\Tető_részletrajzok\asc\leier-t06-vapa.pdf
2025-07-01 21:50:13,813 - INFO - ✅ Downloaded: C:\Users\Admin\.cursor\Lambda\src\backend\src\downloads\leier_datasheets\hu\Részletrajzok\Elemrajzok__DWG__PDF_\Mélyépítés\Betontartályok\LBT_5_-_Betontartály_vízszintes_metszet.pdf
2025-07-01 21:50:14,526 - INFO - HTTP Request: GET https://www.leier.hu/hu/dokumentumtar/3593 "HTTP/1.1 200 OK"
2025-07-01 21:50:14,555 - INFO - ✅ Downloaded: C:\Users\Admin\.cursor\Lambda\src\backend\src\downloads\leier_datasheets\hu\Részletrajzok\Elemrajzok__DWG__PDF_\Durisol_zajárnyékolás\Durisol_panel_296_125_hálós_-_Elölnézet.pdf
2025-07-01 21:50:15,304 - INFO - HTTP Request: GET https://www.leier.hu/hu/dokumentumtar/3389 "HTTP/1.1 200 OK"
2025-07-01 21:50:15,317 - INFO - HTTP Request: GET https://www.leier.hu/hu/dokumentumtar/3038 "HTTP/1.1 200 OK"
2025-07-01 21:50:15,374 - INFO - ✅ Downloaded: C:\Users\Admin\.cursor\Lambda\src\backend\src\downloads\leier_datasheets\hu\Részletrajzok\Elemrajzok__DWG__PDF_\Mélyépítés\Betontartályok\LBT_5_akna_melle_klet.pdf
2025-07-01 21:50:15,988 - INFO - ✅ Downloaded: C:\Users\Admin\.cursor\Lambda\src\backend\src\downloads\leier_datasheets\hu\Részletrajzok\Elemrajzok__DWG__PDF_\Környezettechnika\Olajelválasztók_DWG\LOL_SUPER_50_250_P_zápor_túlfolyóval_melléklet.pdf
2025-07-01 21:50:17,483 - INFO - HTTP Request: GET https://www.leier.hu/hu/dokumentumtar/3383 "HTTP/1.1 200 OK"
2025-07-01 21:50:17,487 - INFO - HTTP Request: GET https://www.leier.hu/hu/dokumentumtar/3506 "HTTP/1.1 200 OK"
2025-07-01 21:50:17,517 - INFO - ✅ Downloaded: C:\Users\Admin\.cursor\Lambda\src\backend\src\downloads\leier_datasheets\hu\Részletrajzok\Elemrajzok__DWG__PDF_\Környezettechnika\Olajelválasztók_DWG\LOL_SUPER_60_P_melle_klet.pdf
2025-07-01 21:50:18,177 - INFO - ✅ Downloaded: C:\Users\Admin\.cursor\Lambda\src\backend\src\downloads\leier_datasheets\hu\Részletrajzok\Elemrajzok__DWG__PDF_\Környezettechnika\Olajelválasztók_PDF\lol-super-40-max-p-melleklet-pdf-6347f41197f8d_pdf.pdf
2025-07-01 21:50:18,932 - INFO - HTTP Request: GET https://www.leier.hu/hu/dokumentumtar/3120 "HTTP/1.1 200 OK"
2025-07-01 21:50:18,950 - INFO - HTTP Request: GET https://www.leier.hu/hu/dokumentumtar/2303 "HTTP/1.1 200 OK"
2025-07-01 21:50:18,969 - INFO - ✅ Downloaded: C:\Users\Admin\.cursor\Lambda\src\backend\src\downloads\leier_datasheets\hu\Részletrajzok\Elemrajzok__DWG__PDF_\Mélyépítés\Kábelcsatorna\KCS_vályú_könnyített_oldalkitörés_oldal.pdf
2025-07-01 21:50:19,696 - INFO - ✅ Downloaded: C:\Users\Admin\.cursor\Lambda\src\backend\src\downloads\leier_datasheets\hu\Termékadatlapok\Kertépítés__díszburkolat\Rézsűkövek__kiegészítők__virágtartók\Kerti_szegélykő_-_Termékadatlap.pdf
2025-07-01 21:50:20,403 - INFO - HTTP Request: GET https://www.leier.hu/hu/dokumentumtar/3418 "HTTP/1.1 200 OK"
2025-07-01 21:50:20,411 - INFO - ✅ Downloaded: C:\Users\Admin\.cursor\Lambda\src\backend\src\downloads\leier_datasheets\hu\Részletrajzok\Elemrajzok__DWG__PDF_\Környezettechnika\Olajelválasztók_DWG\LOL_SUPER_20_max_P_melle_klet.pdf
2025-07-01 21:50:21,124 - INFO - HTTP Request: GET https://www.leier.hu/hu/dokumentumtar/3342 "HTTP/1.1 200 OK"
2025-07-01 21:50:21,126 - INFO - HTTP Request: GET https://www.leier.hu/hu/dokumentumtar/2967 "HTTP/1.1 200 OK"
2025-07-01 21:50:21,135 - INFO - ✅ Downloaded: C:\Users\Admin\.cursor\Lambda\src\backend\src\downloads\leier_datasheets\hu\Részletrajzok\Elemrajzok__DWG__PDF_\Környezettechnika\Zsírleválasztók_PDF\LZS_7_melleklet_PDF.pdf
2025-07-01 21:50:21,803 - INFO - ✅ Downloaded: C:\Users\Admin\.cursor\Lambda\src\backend\src\downloads\leier_datasheets\hu\Részletrajzok\Elemrajzok__DWG__PDF_\Mélyépítés\Átemelőakna_elemek\AFE_240_230_L_-Átemelő_fenékelem.pdf
2025-07-01 21:50:22,474 - INFO - HTTP Request: GET https://www.leier.hu/hu/dokumentumtar/3769 "HTTP/1.1 200 OK"
2025-07-01 21:50:22,492 - INFO - ✅ Downloaded: C:\Users\Admin\.cursor\Lambda\src\backend\src\downloads\leier_datasheets\hu\Termékadatlapok\Kertépítés__díszburkolat\Térkövek\Leier_ROLLO_térkő_termékadatlap.pdf
2025-07-01 21:50:23,283 - INFO - HTTP Request: GET https://www.leier.hu/hu/dokumentumtar/3965 "HTTP/1.1 200 OK"
2025-07-01 21:50:23,287 - INFO - HTTP Request: GET https://www.leier.hu/hu/dokumentumtar/2616 "HTTP/1.1 200 OK"
2025-07-01 21:50:23,298 - INFO - HTTP Request: GET https://www.leier.hu/hu/dokumentumtar/1892 "HTTP/1.1 200 OK"
2025-07-01 21:50:23,307 - INFO - ✅ Downloaded: C:\Users\Admin\.cursor\Lambda\src\backend\src\downloads\leier_datasheets\hu\Részletrajzok\Csomópontok\Kéregfal_részletrajzok\dwg\e07-kulso-fodemcsat.pdf
2025-07-01 21:50:23,984 - INFO - HTTP Request: GET https://www.leier.hu/hu/dokumentumtar/1990 "HTTP/1.1 200 OK"
2025-07-01 21:50:24,025 - INFO - ✅ Downloaded: C:\Users\Admin\.cursor\Lambda\src\backend\src\downloads\leier_datasheets\hu\Teljesítménynyilatkozatok\Magasépítési_termékek\Tégla_termékek\Devecser_-_Teljesítménynyilatkozatok\LeierPLAN\Teljesítménynyilatkozat_-_LeierPLAN_Pro_38_-_DE_LE_DE771-1-20-01.pdf
2025-07-01 21:50:24,647 - INFO - ✅ Downloaded: C:\Users\Admin\.cursor\Lambda\src\backend\src\downloads\leier_datasheets\at\Verarbeitungsinfos\VÖB-FQP\VOEB-FQP_Hinweise_Verlegung_Betonsteinpflaster_Platten_01-2017_pdf.pdf
2025-07-01 21:50:25,289 - INFO - HTTP Request: GET https://www.leier.hu/hu/dokumentumtar/2393 "HTTP/1.1 200 OK"
2025-07-01 21:50:25,326 - INFO - ✅ Downloaded: C:\Users\Admin\.cursor\Lambda\src\backend\src\downloads\leier_datasheets\hu\Részletrajzok\Csomópontok\Fal_részletrajzok\pln\f06b-zsaluko-labazat.pdf
2025-07-01 21:50:26,035 - INFO - HTTP Request: GET https://www.leier.hu/hu/dokumentumtar/3470 "HTTP/1.1 200 OK"
2025-07-01 21:50:26,042 - INFO - ✅ Downloaded: C:\Users\Admin\.cursor\Lambda\src\backend\src\downloads\leier_datasheets\hu\Prospektusok\Leier_Durisol_magaságyás_-_Prospektus.pdf
2025-07-01 21:50:26,800 - INFO - HTTP Request: GET https://www.leier.hu/hu/dokumentumtar/1976 "HTTP/1.1 200 OK"
2025-07-01 21:50:26,815 - ERROR - ❌ Failed to download https://www.leier.hu/hu/dokumentumtar/1976: [Errno 2] No such file or directory: 'C:\\Users\\Admin\\.cursor\\Lambda\\src\\backend\\src\\downloads\\leier_datasheets\\hu\\Teljesítménynyilatkozatok\\Magasépítési_termékek\\Tégla_termékek\\Devecser_-_Teljesítménynyilatkozatok\\LeierPLAN\\Teljesítménynyilatkozat_-_LeierFIX_univerzális_építési_ragasztóhab_LE_HUA148-01.pdf'
2025-07-01 21:50:27,583 - INFO - ✅ Downloaded: C:\Users\Admin\.cursor\Lambda\src\backend\src\downloads\leier_datasheets\hu\Részletrajzok\Elemrajzok__DWG__PDF_\Környezettechnika\Olajelválasztók_PDF\LOL_SUPER_125_max_NF_melleklet_PDF.pdf
2025-07-01 21:50:28,254 - INFO - HTTP Request: GET https://www.leier.hu/hu/dokumentumtar/2916 "HTTP/1.1 200 OK"
2025-07-01 21:50:28,255 - ERROR - ❌ Failed to download https://www.leier.hu/hu/dokumentumtar/2700: All connection attempts failed
2025-07-01 21:50:28,927 - INFO - ✅ Downloaded: C:\Users\Admin\.cursor\Lambda\src\backend\src\downloads\leier_datasheets\hu\Részletrajzok\Elemrajzok__DWG__PDF_\Mélyépítés\Árokburkoló-_és_árokelemek\ÁBE_40_50_-_200L_-_árokburkoló_elem_-_hosszmetszet.pdf
2025-07-01 21:50:29,586 - INFO - HTTP Request: GET https://www.leier.hu/hu/dokumentumtar/2142 "HTTP/1.1 200 OK"
2025-07-01 21:50:29,588 - INFO - HTTP Request: GET https://www.leier.hu/hu/dokumentumtar/2474 "HTTP/1.1 200 OK"
2025-07-01 21:50:29,600 - INFO - ✅ Downloaded: C:\Users\Admin\.cursor\Lambda\src\backend\src\downloads\leier_datasheets\hu\Részletrajzok\Csomópontok\Tető_részletrajzok\dwg\t08b-orom-fem.pdf
2025-07-01 21:50:30,282 - INFO - HTTP Request: GET https://www.leier.hu/hu/dokumentumtar/2037 "HTTP/1.1 200 OK"
2025-07-01 21:50:30,296 - INFO - ✅ Downloaded: C:\Users\Admin\.cursor\Lambda\src\backend\src\downloads\leier_datasheets\hu\Teljesítménynyilatkozatok\Mély-_és_vasútépítés__környezettechnika\Mélyépítés\Rézsűsurrantó_elem_NMÉ_előlap_-_Jánosháza.pdf
2025-07-01 21:50:30,297 - INFO - ✅ Downloaded: C:\Users\Admin\.cursor\Lambda\src\backend\src\downloads\leier_datasheets\hu\Teljesítménynyilatkozatok\Magasépítési_termékek\Tégla_termékek\Mátraderecske_-_Teljesítménynyilatkozatok\Teljesítménynyilatkozat_-_Leiertherm_25\30_AKU_-_MD_LE_MD771-1-11-03.pdf
2025-07-01 21:50:31,705 - INFO - HTTP Request: GET https://www.leier.hu/hu/dokumentumtar/2785 "HTTP/1.1 200 OK"
2025-07-01 21:50:31,709 - INFO - HTTP Request: GET https://www.leier.hu/hu/dokumentumtar/3775 "HTTP/1.1 200 OK"
2025-07-01 21:50:31,718 - INFO - HTTP Request: GET https://www.leier.hu/hu/dokumentumtar/3948 "HTTP/1.1 200 OK"
2025-07-01 21:50:31,747 - INFO - HTTP Request: GET https://www.leier.hu/hu/dokumentumtar/2545 "HTTP/1.1 200 OK"
2025-07-01 21:50:31,767 - INFO - ✅ Downloaded: C:\Users\Admin\.cursor\Lambda\src\backend\src\downloads\leier_datasheets\hu\Termékadatlapok\Kertépítés__díszburkolat\Térkövek\Leier_PIAZZA_20x20_térkő_termékadatlap.pdf
2025-07-01 21:50:31,768 - INFO - ✅ Downloaded: C:\Users\Admin\.cursor\Lambda\src\backend\src\downloads\leier_datasheets\hu\Részletrajzok\Csomópontok\Előregyártott_lépcső_részletrajzok\pln\p09-egy-lepcso1.pdf
2025-07-01 21:50:33,179 - INFO - ✅ Downloaded: C:\Users\Admin\.cursor\Lambda\src\backend\src\downloads\leier_datasheets\hu\Részletrajzok\Csomópontok\Kémény_részletrajzok\pln\k041-kemeny-tetoatvez1.pdf
2025-07-01 21:50:33,184 - INFO - HTTP Request: GET https://www.leier.hu/hu/dokumentumtar/2458 "HTTP/1.1 200 OK"
2025-07-01 21:50:33,912 - INFO - ✅ Downloaded: C:\Users\Admin\.cursor\Lambda\src\backend\src\downloads\leier_datasheets\at\Allgemeine_Hinweise\Allg__Hinweise_zu_Kalkausblühungen.pdf
2025-07-01 21:50:34,720 - INFO - HTTP Request: GET https://www.leier.hu/hu/dokumentumtar/3767 "HTTP/1.1 200 OK"
2025-07-01 21:50:34,722 - INFO - HTTP Request: GET https://www.leier.hu/hu/dokumentumtar/3996 "HTTP/1.1 200 OK"
2025-07-01 21:50:34,724 - INFO - HTTP Request: GET https://www.leier.hu/hu/dokumentumtar/3554 "HTTP/1.1 200 OK"
2025-07-01 21:50:34,735 - INFO - ✅ Downloaded: C:\Users\Admin\.cursor\Lambda\src\backend\src\downloads\leier_datasheets\hu\Részletrajzok\Csomópontok\Leier_Durisol_Magasépítő_falazórendszer\Pincefal_kialakítása_DSs_30-12.pdf
2025-07-01 21:50:35,431 - INFO - HTTP Request: GET https://www.leier.hu/hu/dokumentumtar/2670 "HTTP/1.1 200 OK"
2025-07-01 21:50:35,434 - INFO - HTTP Request: GET https://www.leier.hu/hu/dokumentumtar/2154 "HTTP/1.1 200 OK"
2025-07-01 21:50:35,464 - INFO - ✅ Downloaded: C:\Users\Admin\.cursor\Lambda\src\backend\src\downloads\leier_datasheets\hu\Termékadatlapok\Kertépítés__díszburkolat\Térkövek\Leier_ÖKOLITH_térkő_termékadatlap.pdf
2025-07-01 21:50:36,144 - INFO - HTTP Request: GET https://www.leier.hu/hu/dokumentumtar/2752 "HTTP/1.1 200 OK"
2025-07-01 21:50:36,154 - INFO - ✅ Downloaded: C:\Users\Admin\.cursor\Lambda\src\backend\src\downloads\leier_datasheets\hu\Részletrajzok\Elemrajzok__DWG__PDF_\Környezettechnika\Olajelválasztók_PDF\LOL_SUPER_6_max_KF_melleklet_PDF.pdf
2025-07-01 21:50:36,157 - INFO - HTTP Request: GET https://www.leier.hu/hu/dokumentumtar/3093 "HTTP/1.1 200 OK"
2025-07-01 21:50:36,826 - INFO - ✅ Downloaded: C:\Users\Admin\.cursor\Lambda\src\backend\src\downloads\leier_datasheets\hu\Részletrajzok\Csomópontok\Térburkolat_részletrajzok\pln\b06a-folyoka1.pdf
2025-07-01 21:50:36,830 - INFO - ✅ Downloaded: C:\Users\Admin\.cursor\Lambda\src\backend\src\downloads\leier_datasheets\hu\Teljesítménynyilatkozatok\Mély-_és_vasútépítés__környezettechnika\Felszíni_vízelvezetés\Rézsűsurrantó_elem_-_Jánosháza_-_Teljesítménynyilatkozat_LE_JHA-1-01.pdf
2025-07-01 21:50:38,207 - INFO - HTTP Request: GET https://www.leier.hu/hu/dokumentumtar/2514 "HTTP/1.1 200 OK"
2025-07-01 21:50:38,209 - INFO - HTTP Request: GET https://www.leier.hu/hu/dokumentumtar/2725 "HTTP/1.1 200 OK"
2025-07-01 21:50:38,220 - INFO - ✅ Downloaded: C:\Users\Admin\.cursor\Lambda\src\backend\src\downloads\leier_datasheets\hu\Részletrajzok\Csomópontok\Kéregelemes_födém_részletrajzok\pln\p031-kpanel-belsokoszo.pdf
2025-07-01 21:50:38,998 - INFO - HTTP Request: GET https://www.leier.hu/hu/dokumentumtar/3042 "HTTP/1.1 200 OK"
2025-07-01 21:50:39,006 - INFO - ✅ Downloaded: C:\Users\Admin\.cursor\Lambda\src\backend\src\downloads\leier_datasheets\hu\Részletrajzok\Csomópontok\Tető_részletrajzok\pln\t08b-orom-fem.pdf
2025-07-01 21:50:39,007 - INFO - ✅ Downloaded: C:\Users\Admin\.cursor\Lambda\src\backend\src\downloads\leier_datasheets\hu\Részletrajzok\Csomópontok\Kéregelemes_födém_részletrajzok\dwg\p05a-kpanel-terasz1.pdf
2025-07-01 21:50:39,008 - INFO - ✅ Downloaded: C:\Users\Admin\.cursor\Lambda\src\backend\src\downloads\leier_datasheets\hu\Részletrajzok\Elemrajzok__DWG__PDF_\Mélyépítés\Előfej_támfalelemek\LEF_30_-_Előfej_betoncsőhöz_-_hosszmetszet.pdf
2025-07-01 21:50:41,220 - INFO - HTTP Request: GET https://www.leier.hu/hu/dokumentumtar/2383 "HTTP/1.1 200 OK"
2025-07-01 21:50:41,245 - INFO - ✅ Downloaded: C:\Users\Admin\.cursor\Lambda\src\backend\src\downloads\leier_datasheets\hu\Részletrajzok\Csomópontok\Fal_részletrajzok\pdf\f03-38as-falsarok.pdf
2025-07-01 21:50:42,054 - INFO - ✅ Downloaded: C:\Users\Admin\.cursor\Lambda\src\backend\src\downloads\leier_datasheets\hu\Részletrajzok\Elemrajzok__DWG__PDF_\Mélyépítés\Előfej_támfalelemek\TFE_80_-_Támfalelem_oldalnézet.pdf
2025-07-01 21:50:42,794 - INFO - HTTP Request: GET https://www.leier.hu/hu/dokumentumtar/3285 "HTTP/1.1 200 OK"
2025-07-01 21:50:42,797 - INFO - HTTP Request: GET https://www.leier.hu/hu/dokumentumtar/3266 "HTTP/1.1 200 OK"
2025-07-01 21:50:42,799 - INFO - HTTP Request: GET https://www.leier.hu/hu/dokumentumtar/3035 "HTTP/1.1 200 OK"
2025-07-01 21:50:42,839 - INFO - ✅ Downloaded: C:\Users\Admin\.cursor\Lambda\src\backend\src\downloads\leier_datasheets\hu\Részletrajzok\Elemrajzok__DWG__PDF_\Mélyépítés\Betontartályok\LBT_10_akna_melle_klet.pdf
2025-07-01 21:50:43,547 - INFO - ✅ Downloaded: C:\Users\Admin\.cursor\Lambda\src\backend\src\downloads\leier_datasheets\hu\Részletrajzok\Elemrajzok__DWG__PDF_\Mélyépítés\Vízelnyelőakna_elemek\V_FE_50_5_L_-_Víznyelő_felsőelem_függőleges_metszet.pdf
2025-07-01 21:50:43,547 - INFO - ✅ Downloaded: C:\Users\Admin\.cursor\Lambda\src\backend\src\downloads\leier_datasheets\hu\Részletrajzok\Elemrajzok__DWG__PDF_\Mélyépítés\Tisztítóakna_elemek\Akna_fenékelemek\AFE_100_-_100_L_KN_-_Akna_fenékelem_künet_nélkül_-_függőleges_metszet.pdf
2025-07-01 21:50:43,552 - INFO - HTTP Request: GET https://www.leier.hu/hu/dokumentumtar/3138 "HTTP/1.1 200 OK"
2025-07-01 21:50:44,940 - INFO - HTTP Request: GET https://www.leier.hu/hu/dokumentumtar/4138 "HTTP/1.1 200 OK"
2025-07-01 21:50:44,985 - INFO - ✅ Downloaded: C:\Users\Admin\.cursor\Lambda\src\backend\src\downloads\leier_datasheets\hu\Részletrajzok\Elemrajzok__DWG__PDF_\Mélyépítés\Kábelcsatorna\KCS_fedlap_egyenes_oldal.pdf
2025-07-01 21:50:45,630 - INFO - HTTP Request: GET https://www.leier.hu/hu/dokumentumtar/3241 "HTTP/1.1 200 OK"
2025-07-01 21:50:45,632 - INFO - HTTP Request: GET https://www.leier.hu/hu/dokumentumtar/2859 "HTTP/1.1 200 OK"
2025-07-01 21:50:45,634 - INFO - HTTP Request: GET https://www.leier.hu/hu/dokumentumtar/3074 "HTTP/1.1 200 OK"
2025-07-01 21:50:45,637 - INFO - HTTP Request: GET https://www.leier.hu/hu/dokumentumtar/2930 "HTTP/1.1 200 OK"
2025-07-01 21:50:45,670 - INFO - ✅ Downloaded: C:\Users\Admin\.cursor\Lambda\src\backend\src\downloads\leier_datasheets\hu\Szerelési_útmutatók\Üreges_Födémpalló___Hohldiele\Teljesítménynyilatkozat___Leistungserklärung\HU\Üreges_födémpalló_Jánossomorja_Teljesítménynyilatkozat.pdf
2025-07-01 21:50:46,330 - INFO - HTTP Request: GET https://www.leier.hu/hu/dokumentumtar/3936 "HTTP/1.1 200 OK"
2025-07-01 21:50:46,333 - INFO - ✅ Downloaded: C:\Users\Admin\.cursor\Lambda\src\backend\src\downloads\leier_datasheets\hu\Részletrajzok\Elemrajzok__DWG__PDF_\Mélyépítés\Előfej_támfalelemek\LEF_80_-_Előfej_betoncsőhöz_-_elölnézet.pdf
2025-07-01 21:50:47,100 - INFO - ✅ Downloaded: C:\Users\Admin\.cursor\Lambda\src\backend\src\downloads\leier_datasheets\hu\Részletrajzok\Elemrajzok__DWG__PDF_\Mélyépítés\Árokburkoló-_és_árokelemek\ÁBE_20_30_-_200_L_-_árokburkoló_elem_-_elölnézet.pdf
2025-07-01 21:50:47,818 - INFO - HTTP Request: GET https://www.leier.hu/hu/dokumentumtar/3132 "HTTP/1.1 200 OK"
2025-07-01 21:50:47,829 - INFO - HTTP Request: GET https://www.leier.hu/hu/dokumentumtar/3606 "HTTP/1.1 200 OK"
2025-07-01 21:50:47,833 - INFO - ✅ Downloaded: C:\Users\Admin\.cursor\Lambda\src\backend\src\downloads\leier_datasheets\hu\Részletrajzok\Elemrajzok__DWG__PDF_\Mélyépítés\Tisztítóakna_elemek\Aknagyűrűk\AGY_100_L_H_-_Aknagyűrű_hágcsóval_-_vízszintes_metszet.pdf
2025-07-01 21:50:48,651 - INFO - HTTP Request: GET https://www.leier.hu/hu/dokumentumtar/2368 "HTTP/1.1 200 OK"
2025-07-01 21:50:48,690 - INFO - ✅ Downloaded: C:\Users\Admin\.cursor\Lambda\src\backend\src\downloads\leier_datasheets\hu\Részletrajzok\Elemrajzok__DWG__PDF_\Mélyépítés\Kábelcsatorna\KCS_fedlap_irt_jobb_oldal.pdf
2025-07-01 21:50:48,692 - INFO - ✅ Downloaded: C:\Users\Admin\.cursor\Lambda\src\backend\src\downloads\leier_datasheets\at\Verarbeitungsinfos\Verarbeitungsinfo_Böschungssteine.pdf
2025-07-01 21:50:48,696 - INFO - ✅ Downloaded: C:\Users\Admin\.cursor\Lambda\src\backend\src\downloads\leier_datasheets\hu\Részletrajzok\Elemrajzok__DWG__PDF_\Durisol_zajárnyékolás\DSI_25_13_W_-_Durisol_blokkelem_-_Felülnézet.pdf
2025-07-01 21:50:50,880 - INFO - HTTP Request: GET https://www.leier.hu/hu/dokumentumtar/3607 "HTTP/1.1 200 OK"
2025-07-01 21:50:50,882 - INFO - HTTP Request: GET https://www.leier.hu/hu/dokumentumtar/2927 "HTTP/1.1 200 OK"
2025-07-01 21:50:50,888 - INFO - ✅ Downloaded: C:\Users\Admin\.cursor\Lambda\src\backend\src\downloads\leier_datasheets\hu\Részletrajzok\Csomópontok\Fal_részletrajzok\dwg\f03-38as-falsarok.pdf
2025-07-01 21:50:51,537 - INFO - HTTP Request: GET https://www.leier.hu/hu/dokumentumtar/3523 "HTTP/1.1 200 OK"
2025-07-01 21:50:51,539 - INFO - HTTP Request: GET https://www.leier.hu/hu/dokumentumtar/3486 "HTTP/1.1 200 OK"
2025-07-01 21:50:51,571 - INFO - ✅ Downloaded: C:\Users\Admin\.cursor\Lambda\src\backend\src\downloads\leier_datasheets\hu\Prospektusok\Leier_EasyBlock_prospektus.pdf
2025-07-01 21:50:52,267 - INFO - ✅ Downloaded: C:\Users\Admin\.cursor\Lambda\src\backend\src\downloads\leier_datasheets\hu\Részletrajzok\Elemrajzok__DWG__PDF_\Durisol_zajárnyékolás\DSI_25_13_N_-_Durisol_blokkelem_-_Felülnézet.pdf
2025-07-01 21:50:52,994 - INFO - ✅ Downloaded: C:\Users\Admin\.cursor\Lambda\src\backend\src\downloads\leier_datasheets\hu\Részletrajzok\Elemrajzok__DWG__PDF_\Mélyépítés\Árokburkoló-_és_árokelemek\ÁBE_20_30_-_200_L_-_árokburkoló_elem_-_keresztmetszet.pdf
2025-07-01 21:50:53,679 - INFO - ✅ Downloaded: C:\Users\Admin\.cursor\Lambda\src\backend\src\downloads\leier_datasheets\hu\Részletrajzok\Elemrajzok__DWG__PDF_\Környezettechnika\Olajelválasztók_PDF\LOL_SUPER_20_P_melleklet_PDF.pdf
2025-07-01 21:50:53,685 - INFO - ✅ Downloaded: C:\Users\Admin\.cursor\Lambda\src\backend\src\downloads\leier_datasheets\hu\Részletrajzok\Elemrajzok__DWG__PDF_\Környezettechnika\Olajelválasztók_PDF\LOL_SUPER_60_300_P_zapor_tulfolyoval_melleklet_PDF.pdf
2025-07-01 21:50:54,394 - INFO - HTTP Request: GET https://www.leier.hu/hu/dokumentumtar/4005 "HTTP/1.1 200 OK"
2025-07-01 21:50:54,397 - INFO - HTTP Request: GET https://www.leier.hu/hu/dokumentumtar/1955 "HTTP/1.1 200 OK"
2025-07-01 21:50:54,400 - INFO - HTTP Request: GET https://www.leier.hu/hu/dokumentumtar/3381 "HTTP/1.1 200 OK"
2025-07-01 21:50:55,120 - INFO - ✅ Downloaded: C:\Users\Admin\.cursor\Lambda\src\backend\src\downloads\leier_datasheets\hu\Teljesítménynyilatkozatok\Magasépítési_termékek\Tégla_termékek\Devecser_-_CE-tanúsítványok\LeierPLAN\CE_-_LeierPLAN_30_N_F_-_DE.pdf
2025-07-01 21:50:55,851 - INFO - ✅ Downloaded: C:\Users\Admin\.cursor\Lambda\src\backend\src\downloads\leier_datasheets\hu\Részletrajzok\Elemrajzok__DWG__PDF_\Környezettechnika\Olajelválasztók_DWG\LOL_SUPER_60_300_P_zápor_túlfolyóval_melléklet.pdf
2025-07-01 21:50:57,348 - INFO - HTTP Request: GET https://www.leier.hu/hu/dokumentumtar/2580 "HTTP/1.1 200 OK"
2025-07-01 21:50:57,586 - INFO - HTTP Request: GET https://www.leier.hu/hu/dokumentumtar/3594 "HTTP/1.1 200 OK"
2025-07-01 21:50:57,608 - INFO - ✅ Downloaded: C:\Users\Admin\.cursor\Lambda\src\backend\src\downloads\leier_datasheets\hu\Teljesítménynyilatkozatok\Magasépítési_termékek\Előregyártott_falak\Falelem_-_Kiskunlacháza_-_Teljesítménynyilatkozat_LE_KL14992-04.pdf
2025-07-01 21:50:57,617 - INFO - HTTP Request: GET https://www.leier.hu/hu/dokumentumtar/2949 "HTTP/1.1 200 OK"
2025-07-01 21:50:58,790 - INFO - ✅ Downloaded: C:\Users\Admin\.cursor\Lambda\src\backend\src\downloads\leier_datasheets\hu\Részletrajzok\Csomópontok\Födém_részletrajzok\pdf\m032-mesterf-belsokosz.pdf
2025-07-01 21:50:59,519 - INFO - HTTP Request: GET https://www.leier.hu/hu/dokumentumtar/3304 "HTTP/1.1 200 OK"
2025-07-01 21:50:59,521 - INFO - HTTP Request: GET https://www.leier.hu/hu/dokumentumtar/3329 "HTTP/1.1 200 OK"
2025-07-01 21:50:59,524 - INFO - HTTP Request: GET https://www.leier.hu/hu/dokumentumtar/3075 "HTTP/1.1 200 OK"
2025-07-01 21:50:59,585 - INFO - HTTP Request: GET https://www.leier.hu/hu/dokumentumtar/2635 "HTTP/1.1 200 OK"
2025-07-01 21:50:59,589 - INFO - ✅ Downloaded: C:\Users\Admin\.cursor\Lambda\src\backend\src\downloads\leier_datasheets\hu\Részletrajzok\Elemrajzok__DWG__PDF_\Mélyépítés\Vízelnyelőakna_elemek\V_AGY_50_50.pdf
2025-07-01 21:50:59,591 - INFO - ✅ Downloaded: C:\Users\Admin\.cursor\Lambda\src\backend\src\downloads\leier_datasheets\hu\Részletrajzok\Elemrajzok__DWG__PDF_\Durisol_zajárnyékolás\Durisol_panel_296_125_félkötés_-_Elölnézet.pdf
2025-07-01 21:50:59,592 - INFO - ✅ Downloaded: C:\Users\Admin\.cursor\Lambda\src\backend\src\downloads\leier_datasheets\hu\Részletrajzok\Elemrajzok__DWG__PDF_\Mélyépítés\Átemelőakna_elemek\AGY_200_175_LG_V-_Átemelő_gyűrű_gumigyűrűs_végelem.pdf
2025-07-01 21:51:01,645 - INFO - ✅ Downloaded: C:\Users\Admin\.cursor\Lambda\src\backend\src\downloads\leier_datasheets\hu\Részletrajzok\Elemrajzok__DWG__PDF_\Mélyépítés\Előfej_támfalelemek\LEF_60_-_Előfej_betoncsőhöz_-_hosszmetszet.pdf
2025-07-01 21:51:01,648 - INFO - HTTP Request: GET https://www.leier.hu/hu/dokumentumtar/2543 "HTTP/1.1 200 OK"
2025-07-01 21:51:01,650 - INFO - ✅ Downloaded: C:\Users\Admin\.cursor\Lambda\src\backend\src\downloads\leier_datasheets\hu\Részletrajzok\Elemrajzok__DWG__PDF_\Környezettechnika\Zsírleválasztók_DWG\LZS_2_Zsírleválasztó_-_vízszintes_metszet.pdf
2025-07-01 21:51:03,255 - INFO - ✅ Downloaded: C:\Users\Admin\.cursor\Lambda\src\backend\src\downloads\leier_datasheets\hu\Részletrajzok\Csomópontok\Kéregfal_részletrajzok\pln\e04-keregfal-sarok.pdf
2025-07-01 21:51:04,017 - INFO - ✅ Downloaded: C:\Users\Admin\.cursor\Lambda\src\backend\src\downloads\leier_datasheets\hu\Részletrajzok\Csomópontok\Kémény_részletrajzok\pln\k05-kemenyatvez-lapost.pdf
2025-07-01 21:51:04,020 - INFO - HTTP Request: GET https://www.leier.hu/hu/dokumentumtar/3021 "HTTP/1.1 200 OK"
2025-07-01 21:51:04,024 - INFO - HTTP Request: GET https://www.leier.hu/hu/dokumentumtar/3955 "HTTP/1.1 200 OK"
2025-07-01 21:51:04,747 - INFO - ✅ Downloaded: C:\Users\Admin\.cursor\Lambda\src\backend\src\downloads\leier_datasheets\at\Allgemeine_Hinweise\Allg__Hinweise_zu_Farbabweichungen.pdf
2025-07-01 21:51:05,488 - INFO - HTTP Request: GET https://www.leier.hu/hu/dokumentumtar/3198 "HTTP/1.1 200 OK"
2025-07-01 21:51:05,492 - INFO - HTTP Request: GET https://www.leier.hu/hu/dokumentumtar/2157 "HTTP/1.1 200 OK"
2025-07-01 21:51:05,505 - INFO - ✅ Downloaded: C:\Users\Admin\.cursor\Lambda\src\backend\src\downloads\leier_datasheets\hu\Részletrajzok\Elemrajzok__DWG__PDF_\Mélyépítés\Betontartályok\LBT_7_-_Betontartály_függőleges_metszet.pdf
2025-07-01 21:51:06,373 - INFO - HTTP Request: GET https://www.leier.hu/hu/dokumentumtar/3079 "HTTP/1.1 200 OK"
2025-07-01 21:51:06,384 - INFO - HTTP Request: GET https://www.leier.hu/hu/dokumentumtar/3365 "HTTP/1.1 200 OK"
2025-07-01 21:51:06,388 - INFO - HTTP Request: GET https://www.leier.hu/hu/dokumentumtar/3592 "HTTP/1.1 200 OK"
2025-07-01 21:51:06,390 - INFO - HTTP Request: GET https://www.leier.hu/hu/dokumentumtar/2951 "HTTP/1.1 200 OK"
2025-07-01 21:51:06,422 - INFO - ✅ Downloaded: C:\Users\Admin\.cursor\Lambda\src\backend\src\downloads\leier_datasheets\hu\Teljesítménynyilatkozatok\Mély-_és_vasútépítés__környezettechnika\Vasútépítés\Teljesítménynyilatkozat_-_Kábelcsatorna_-_LE_JHLKCS-01.pdf
2025-07-01 21:51:07,125 - INFO - ✅ Downloaded: C:\Users\Admin\.cursor\Lambda\src\backend\src\downloads\leier_datasheets\hu\Részletrajzok\Elemrajzok__DWG__PDF_\Mélyépítés\Tisztítóakna_elemek\150x150-es_akna\150x150-as_akna-1.pdf
2025-07-01 21:51:07,931 - INFO - HTTP Request: GET https://www.leier.hu/hu/dokumentumtar/2455 "HTTP/1.1 200 OK"
2025-07-01 21:51:07,945 - INFO - ✅ Downloaded: C:\Users\Admin\.cursor\Lambda\src\backend\src\downloads\leier_datasheets\hu\Részletrajzok\Elemrajzok__DWG__PDF_\Környezettechnika\Olajelválasztók_DWG\LOL_SUPER_125_max_NF_melle_klet.pdf
2025-07-01 21:51:08,653 - INFO - ✅ Downloaded: C:\Users\Admin\.cursor\Lambda\src\backend\src\downloads\leier_datasheets\hu\Részletrajzok\Elemrajzok__DWG__PDF_\Mélyépítés\Előfej_támfalelemek\LEF_50_-_Tömbelőfej_betoncsőhöz_-_hátulnézet.pdf
2025-07-01 21:51:08,656 - INFO - HTTP Request: GET https://www.leier.hu/hu/dokumentumtar/3917 "HTTP/1.1 200 OK"
2025-07-01 21:51:09,418 - INFO - ✅ Downloaded: C:\Users\Admin\.cursor\Lambda\src\backend\src\downloads\leier_datasheets\hu\Részletrajzok\Elemrajzok__DWG__PDF_\Mélyépítés\Átemelőakna_elemek\AGY_200_115_LG_V-_Átemelő_gyűrű_gumigyűrűs_végelem.pdf
2025-07-01 21:51:09,418 - INFO - ✅ Downloaded: C:\Users\Admin\.cursor\Lambda\src\backend\src\downloads\leier_datasheets\hu\Részletrajzok\Elemrajzok__DWG__PDF_\Durisol_zajárnyékolás\Durisol_panel_296_450_egyedi_-_Elölnézet.pdf
2025-07-01 21:51:10,787 - INFO - ✅ Downloaded: C:\Users\Admin\.cursor\Lambda\src\backend\src\downloads\leier_datasheets\hu\Részletrajzok\Csomópontok\Leier_Durisol_zajárnyékoló_falak\PDF\DSi_25_13_-_W_alap.pdf
2025-07-01 21:51:11,541 - INFO - HTTP Request: GET https://www.leier.hu/hu/dokumentumtar/2676 "HTTP/1.1 200 OK"
2025-07-01 21:51:11,549 - INFO - ✅ Downloaded: C:\Users\Admin\.cursor\Lambda\src\backend\src\downloads\leier_datasheets\at\Aufbauanleitungen\Aufbauanleitung_Durisol_Hochbeet_U-Form.pdf
2025-07-01 21:51:12,345 - INFO - HTTP Request: GET https://www.leier.hu/hu/dokumentumtar/2974 "HTTP/1.1 200 OK"
2025-07-01 21:51:12,364 - INFO - ✅ Downloaded: C:\Users\Admin\.cursor\Lambda\src\backend\src\downloads\leier_datasheets\hu\Részletrajzok\Csomópontok\Térburkolat_részletrajzok\pln\b01-szegely1.pdf
2025-07-01 21:51:13,143 - INFO - HTTP Request: GET https://www.leier.hu/hu/dokumentumtar/3204 "HTTP/1.1 200 OK"
2025-07-01 21:51:13,145 - INFO - HTTP Request: GET https://www.leier.hu/hu/dokumentumtar/2680 "HTTP/1.1 200 OK"
2025-07-01 21:51:13,237 - INFO - HTTP Request: GET https://www.leier.hu/hu/dokumentumtar/2438 "HTTP/1.1 200 OK"
2025-07-01 21:51:13,274 - INFO - ✅ Downloaded: C:\Users\Admin\.cursor\Lambda\src\backend\src\downloads\leier_datasheets\hu\Részletrajzok\Elemrajzok__DWG__PDF_\Mélyépítés\Átemelőakna_elemek\AFE_200_230_L_-_Átemelő_fenékelem.pdf
2025-07-01 21:51:14,046 - INFO - ✅ Downloaded: C:\Users\Admin\.cursor\Lambda\src\backend\src\downloads\leier_datasheets\hu\Részletrajzok\Csomópontok\Térburkolat_részletrajzok\asc\leier-b06b-folyoka2.pdf
2025-07-01 21:51:14,787 - INFO - HTTP Request: GET https://www.leier.hu/hu/dokumentumtar/3358 "HTTP/1.1 200 OK"
2025-07-01 21:51:14,793 - INFO - HTTP Request: GET https://www.leier.hu/hu/dokumentumtar/3714 "HTTP/1.1 200 OK"
2025-07-01 21:51:14,798 - INFO - HTTP Request: GET https://www.leier.hu/hu/dokumentumtar/2844 "HTTP/1.1 200 OK"
2025-07-01 21:51:14,835 - INFO - ✅ Downloaded: C:\Users\Admin\.cursor\Lambda\src\backend\src\downloads\leier_datasheets\hu\Részletrajzok\Elemrajzok__DWG__PDF_\Mélyépítés\Tisztítóakna_elemek\Aknaszűkítő_elemek\ASZ_100_-_62_5_-_60_LG_H_-_Akna_szűkítő_gumigyűrűs_hágcsóval_-_függőleges_metszet.pdf
2025-07-01 21:51:15,591 - INFO - ✅ Downloaded: C:\Users\Admin\.cursor\Lambda\src\backend\src\downloads\leier_datasheets\hu\Részletrajzok\Csomópontok\Leier_Durisol_zajárnyékoló_falak\DWG\DSi_25_13_-_N_típusrajz.pdf
2025-07-01 21:51:16,364 - INFO - HTTP Request: GET https://www.leier.hu/hu/dokumentumtar/2855 "HTTP/1.1 200 OK"
2025-07-01 21:51:16,380 - INFO - HTTP Request: GET https://www.leier.hu/hu/dokumentumtar/2944 "HTTP/1.1 200 OK"
2025-07-01 21:51:16,386 - INFO - ✅ Downloaded: C:\Users\Admin\.cursor\Lambda\src\backend\src\downloads\leier_datasheets\hu\Részletrajzok\Elemrajzok__DWG__PDF_\Környezettechnika\Olajelválasztók_DWG\LOL_SUPER_150_max_P_melle_klet.pdf
2025-07-01 21:51:17,199 - INFO - ✅ Downloaded: C:\Users\Admin\.cursor\Lambda\src\backend\src\downloads\leier_datasheets\at\Prospekte\Leier_Pflaster-Logische_und_ökologische_Aspekte_für_Pflastersteine.pdf
2025-07-01 21:51:17,201 - INFO - ✅ Downloaded: C:\Users\Admin\.cursor\Lambda\src\backend\src\downloads\leier_datasheets\hu\Szerelési_útmutatók\Mesterpanel___Elementdecke\Teljesítménynilatkozat___Leistungserklärung\DE\Elementdecke_Zurndorf_Leistungserklärung.pdf
2025-07-01 21:51:18,553 - INFO - HTTP Request: GET https://www.leier.hu/hu/dokumentumtar/3327 "HTTP/1.1 200 OK"
2025-07-01 21:51:18,555 - INFO - HTTP Request: GET https://www.leier.hu/hu/dokumentumtar/3803 "HTTP/1.1 200 OK"
2025-07-01 21:51:18,559 - INFO - ✅ Downloaded: C:\Users\Admin\.cursor\Lambda\src\backend\src\downloads\leier_datasheets\hu\Részletrajzok\Elemrajzok__DWG__PDF_\Mélyépítés\Átemelőakna_elemek\AGY_200_215_LG_V-_Átemelő_gyűrű_gumigyűrűs_végelem.pdf
2025-07-01 21:51:19,305 - INFO - HTTP Request: GET https://www.leier.hu/hu/dokumentumtar/2887 "HTTP/1.1 200 OK"
2025-07-01 21:51:19,307 - INFO - HTTP Request: GET https://www.leier.hu/hu/dokumentumtar/2790 "HTTP/1.1 200 OK"
2025-07-01 21:51:19,315 - INFO - ✅ Downloaded: C:\Users\Admin\.cursor\Lambda\src\backend\src\downloads\leier_datasheets\at\Verlegemuster\Verlegemuster_Atrium_14_Pflaster.pdf
2025-07-01 21:51:20,029 - INFO - ✅ Downloaded: C:\Users\Admin\.cursor\Lambda\src\backend\src\downloads\leier_datasheets\hu\Szerelési_útmutatók\Üreges_Födémpalló___Hohldiele\Szerelési_útmutató___Montageanleitung\HU\Üreges_födémpalló_beépítési_útmutató.pdf
2025-07-01 21:51:20,303 - INFO - ✅ Downloaded: C:\Users\Admin\.cursor\Lambda\src\backend\src\downloads\leier_datasheets\hu\Részletrajzok\Elemrajzok__DWG__PDF_\Környezettechnika\Zsírleválasztók_DWG\LZS_4_Zsírleválasztó_-_vízszintes_metszet.pdf
2025-07-01 21:51:20,628 - INFO - HTTP Request: GET https://www.leier.hu/hu/dokumentumtar/3039 "HTTP/1.1 200 OK"
2025-07-01 21:51:20,629 - INFO - HTTP Request: GET https://www.leier.hu/hu/dokumentumtar/2014 "HTTP/1.1 200 OK"
2025-07-01 21:51:20,630 - INFO - HTTP Request: GET https://www.leier.hu/hu/dokumentumtar/2493 "HTTP/1.1 200 OK"
2025-07-01 21:51:20,635 - INFO - ✅ Downloaded: C:\Users\Admin\.cursor\Lambda\src\backend\src\downloads\leier_datasheets\hu\Részletrajzok\Elemrajzok__DWG__PDF_\Mélyépítés\Árokburkoló-_és_árokelemek\ÁE_60_35_-_40L_-_árokburkoló_elem_-_keresztmetszet.pdf
2025-07-01 21:51:20,932 - INFO - HTTP Request: GET https://www.leier.hu/hu/dokumentumtar/3963 "HTTP/1.1 200 OK"
2025-07-01 21:51:20,937 - INFO - ✅ Downloaded: C:\Users\Admin\.cursor\Lambda\src\backend\src\downloads\leier_datasheets\hu\Részletrajzok\Csomópontok\Tető_részletrajzok\pdf\t04-felnyereg-gerinc.pdf
2025-07-01 21:51:20,937 - INFO - ✅ Downloaded: C:\Users\Admin\.cursor\Lambda\src\backend\src\downloads\leier_datasheets\hu\Részletrajzok\Elemrajzok__DWG__PDF_\Mélyépítés\Betontartályok\LBT_4_akna_melle_klet.pdf
2025-07-01 21:51:21,479 - INFO - ✅ Downloaded: C:\Users\Admin\.cursor\Lambda\src\backend\src\downloads\leier_datasheets\hu\Teljesítménynyilatkozatok\Magasépítési_termékek\Tégla_termékek\Mátraderecske_-_CE-tanúsítványok\CE_-_Leiertherm_AKU_30_HT_-_MD.pdf
2025-07-01 21:51:21,748 - INFO - HTTP Request: GET https://www.leier.hu/hu/dokumentumtar/3023 "HTTP/1.1 200 OK"
2025-07-01 21:51:21,764 - INFO - ✅ Downloaded: C:\Users\Admin\.cursor\Lambda\src\backend\src\downloads\leier_datasheets\at\Verarbeitungsinfos\VÖB-FQP\VOEB-FQP_Anleitung_Verlegung_Betonsteinpflaster_07-2018_pdf.pdf
2025-07-01 21:51:22,030 - INFO - HTTP Request: GET https://www.leier.hu/hu/dokumentumtar/2536 "HTTP/1.1 200 OK"
2025-07-01 21:51:22,032 - INFO - HTTP Request: GET https://www.leier.hu/hu/dokumentumtar/3487 "HTTP/1.1 200 OK"
2025-07-01 21:51:22,041 - INFO - ✅ Downloaded: C:\Users\Admin\.cursor\Lambda\src\backend\src\downloads\leier_datasheets\hu\Részletrajzok\Elemrajzok__DWG__PDF_\Mélyépítés\Betontartályok\LBT_6_-_Betontartály_függőleges_metszet.pdf
2025-07-01 21:51:22,312 - INFO - ✅ Downloaded: C:\Users\Admin\.cursor\Lambda\src\backend\src\downloads\leier_datasheets\hu\Részletrajzok\Csomópontok\Kémény_részletrajzok\pdf\k042-kemeny-tetoatvez2.pdf
2025-07-01 21:51:22,574 - INFO - HTTP Request: GET https://www.leier.hu/hu/dokumentumtar/3512 "HTTP/1.1 200 OK"
2025-07-01 21:51:22,581 - INFO - ✅ Downloaded: C:\Users\Admin\.cursor\Lambda\src\backend\src\downloads\leier_datasheets\hu\Részletrajzok\Elemrajzok__DWG__PDF_\Környezettechnika\Olajelválasztók_PDF\LOL_SUPER_60_300_KF_zapor_tulfolyoval_melleklet_PDF.pdf
2025-07-01 21:51:22,874 - INFO - HTTP Request: GET https://www.leier.hu/hu/dokumentumtar/3189 "HTTP/1.1 200 OK"
2025-07-01 21:51:22,875 - INFO - HTTP Request: GET https://www.leier.hu/hu/dokumentumtar/3419 "HTTP/1.1 200 OK"
2025-07-01 21:51:22,877 - INFO - HTTP Request: GET https://www.leier.hu/hu/dokumentumtar/4114 "HTTP/1.1 200 OK"
2025-07-01 21:51:22,883 - INFO - ✅ Downloaded: C:\Users\Admin\.cursor\Lambda\src\backend\src\downloads\leier_datasheets\hu\Részletrajzok\Elemrajzok__DWG__PDF_\Környezettechnika\Olajelválasztók_PDF\LOL_SUPER_30_max_P_melleklet_PDF.pdf
2025-07-01 21:51:23,154 - INFO - HTTP Request: GET https://www.leier.hu/hu/dokumentumtar/2701 "HTTP/1.1 200 OK"
2025-07-01 21:51:23,158 - INFO - ✅ Downloaded: C:\Users\Admin\.cursor\Lambda\src\backend\src\downloads\leier_datasheets\hu\Termékadatlapok\Magasépítési_termékek\Tégla_termékek\Leiertherm_38_NF_adatlap_pdf.pdf
2025-07-01 21:51:23,422 - INFO - ✅ Downloaded: C:\Users\Admin\.cursor\Lambda\src\backend\src\downloads\leier_datasheets\hu\Részletrajzok\Elemrajzok__DWG__PDF_\Környezettechnika\Olajelválasztók_DWG\LOL_SUPER_20_max_NF_melle_klet.pdf
2025-07-01 21:51:23,691 - INFO - HTTP Request: GET https://www.leier.hu/hu/dokumentumtar/3050 "HTTP/1.1 200 OK"
2025-07-01 21:51:23,693 - INFO - HTTP Request: GET https://www.leier.hu/hu/dokumentumtar/3708 "HTTP/1.1 200 OK"
2025-07-01 21:51:23,695 - INFO - ✅ Downloaded: C:\Users\Admin\.cursor\Lambda\src\backend\src\downloads\leier_datasheets\hu\Részletrajzok\Elemrajzok__DWG__PDF_\Mélyépítés\Keretelemek\LKE_100_-_100_-_100_-_Keretelem_-_hosszmetszet.pdf
2025-07-01 21:51:24,036 - INFO - ✅ Downloaded: C:\Users\Admin\.cursor\Lambda\src\backend\src\downloads\leier_datasheets\hu\Részletrajzok\Csomópontok\Mélyépítési_részletrajzok\pdf\c03-80-csaphornyos.pdf
2025-07-01 21:51:24,410 - INFO - HTTP Request: GET https://www.leier.hu/hu/dokumentumtar/1922 "HTTP/1.1 200 OK"
2025-07-01 21:51:24,429 - INFO - ✅ Downloaded: C:\Users\Admin\.cursor\Lambda\src\backend\src\downloads\leier_datasheets\hu\Részletrajzok\Elemrajzok__DWG__PDF_\Mélyépítés\Előfej_támfalelemek\TFE_60_-_Támfalelem_felülnézet.pdf
2025-07-01 21:51:24,836 - INFO - HTTP Request: GET https://www.leier.hu/hu/dokumentumtar/2007 "HTTP/1.1 200 OK"
2025-07-01 21:51:24,856 - INFO - ✅ Downloaded: C:\Users\Admin\.cursor\Lambda\src\backend\src\downloads\leier_datasheets\hu\Alkalmazástechnikák__Beépítési_útmutatók\Méretre_gyártott_lépcsőkarok_-_beépítési_útmutató.pdf
2025-07-01 21:51:25,285 - INFO - ✅ Downloaded: C:\Users\Admin\.cursor\Lambda\src\backend\src\downloads\leier_datasheets\hu\Biztonságtechnikai_adatlapok\Leier_kémény_torkolati_kúp_tömítő_-_Biztonságtechnikai_adatlap.pdf
2025-07-01 21:51:25,288 - INFO - HTTP Request: GET https://www.leier.hu/hu/dokumentumtar/3139 "HTTP/1.1 200 OK"
2025-07-01 21:51:25,289 - INFO - HTTP Request: GET https://www.leier.hu/hu/dokumentumtar/2809 "HTTP/1.1 200 OK"
2025-07-01 21:51:25,627 - INFO - ✅ Downloaded: C:\Users\Admin\.cursor\Lambda\src\backend\src\downloads\leier_datasheets\hu\Teljesítménynyilatkozatok\Magasépítési_termékek\Tégla_termékek\Devecser_-_Teljesítménynyilatkozatok\Leiertherm\Teljesítménynyilatkozat_-_Leiertherm_Pro_44_-_DE_LE_DE771-1-22-01.pdf
2025-07-01 21:51:25,915 - INFO - HTTP Request: GET https://www.leier.hu/hu/dokumentumtar/4111 "HTTP/1.1 200 OK"
2025-07-01 21:51:25,916 - INFO - HTTP Request: GET https://www.leier.hu/hu/dokumentumtar/2376 "HTTP/1.1 200 OK"
2025-07-01 21:51:25,923 - INFO - ✅ Downloaded: C:\Users\Admin\.cursor\Lambda\src\backend\src\downloads\leier_datasheets\hu\Részletrajzok\Elemrajzok__DWG__PDF_\Mélyépítés\Kábelcsatorna\KCS_fedlap_egyenes_felül.pdf
2025-07-01 21:51:25,923 - INFO - ✅ Downloaded: C:\Users\Admin\.cursor\Lambda\src\backend\src\downloads\leier_datasheets\hu\Előregyártott_elemek_tervezési_segédlet\Leier_panelkiosztási_terv_minta.pdf
2025-07-01 21:51:26,465 - INFO - ✅ Downloaded: C:\Users\Admin\.cursor\Lambda\src\backend\src\downloads\leier_datasheets\hu\Termékadatlapok\Magasépítési_termékek\Tégla_termékek\Leiertherm_30_NF_AKU_adatlap_pdf.pdf
2025-07-01 21:51:26,466 - INFO - ✅ Downloaded: C:\Users\Admin\.cursor\Lambda\src\backend\src\downloads\leier_datasheets\hu\Részletrajzok\Csomópontok\Fal_részletrajzok\pdf\f08-vfal-alapozas.pdf
2025-07-01 21:51:26,998 - INFO - HTTP Request: GET https://www.leier.hu/hu/dokumentumtar/2765 "HTTP/1.1 200 OK"
2025-07-01 21:51:27,006 - INFO - ✅ Downloaded: C:\Users\Admin\.cursor\Lambda\src\backend\src\downloads\leier_datasheets\hu\LeierPress\LeierPress_2019.pdf
2025-07-01 21:51:27,268 - INFO - ✅ Downloaded: C:\Users\Admin\.cursor\Lambda\src\backend\src\downloads\leier_datasheets\hu\Részletrajzok\Csomópontok\Kéregelemes_födém_részletrajzok\asc\leier-p02a-kpanel-koszoru2.pdf
2025-07-01 21:51:27,574 - INFO - HTTP Request: GET https://www.leier.hu/hu/dokumentumtar/3235 "HTTP/1.1 200 OK"
2025-07-01 21:51:27,581 - INFO - HTTP Request: GET https://www.leier.hu/hu/dokumentumtar/3473 "HTTP/1.1 200 OK"
2025-07-01 21:51:27,603 - INFO - ✅ Downloaded: C:\Users\Admin\.cursor\Lambda\src\backend\src\downloads\leier_datasheets\hu\Részletrajzok\Elemrajzok__DWG__PDF_\Környezettechnika\Olajelválasztók_PDF\LOL_SUPER_100_500_P_zapor_tulfolyoval_melleklet_PDF.pdf
2025-07-01 21:51:27,879 - INFO - HTTP Request: GET https://www.leier.hu/hu/dokumentumtar/3575 "HTTP/1.1 200 OK"
2025-07-01 21:51:27,883 - INFO - ✅ Downloaded: C:\Users\Admin\.cursor\Lambda\src\backend\src\downloads\leier_datasheets\hu\Részletrajzok\Elemrajzok__DWG__PDF_\Mélyépítés\Tisztítóakna_elemek\Aknagyűrűk\AGY_100_-_100_LG_H_-_Aknagyűrű_gumigyűrűs_hágcsóval_-_függőleges_metszet.pdf
2025-07-01 21:51:28,160 - INFO - HTTP Request: GET https://www.leier.hu/hu/dokumentumtar/2382 "HTTP/1.1 200 OK"
2025-07-01 21:51:28,161 - INFO - HTTP Request: GET https://www.leier.hu/hu/dokumentumtar/3609 "HTTP/1.1 200 OK"
2025-07-01 21:51:28,162 - INFO - HTTP Request: GET https://www.leier.hu/hu/dokumentumtar/2738 "HTTP/1.1 200 OK"
2025-07-01 21:51:28,163 - INFO - HTTP Request: GET https://www.leier.hu/hu/dokumentumtar/2531 "HTTP/1.1 200 OK"
2025-07-01 21:51:28,164 - INFO - ✅ Downloaded: C:\Users\Admin\.cursor\Lambda\src\backend\src\downloads\leier_datasheets\at\Prospekte\Leier_Gartenkatalog.pdf
2025-07-01 21:51:28,435 - INFO - ✅ Downloaded: C:\Users\Admin\.cursor\Lambda\src\backend\src\downloads\leier_datasheets\hu\Részletrajzok\Csomópontok\Kéregelemes_födém_részletrajzok\pdf\p032-kpanel-belsokoszo.pdf
2025-07-01 21:51:28,692 - INFO - ✅ Downloaded: C:\Users\Admin\.cursor\Lambda\src\backend\src\downloads\leier_datasheets\hu\Részletrajzok\Csomópontok\Fal_részletrajzok\pdf\f04a-kulso-nyilaszaro1.pdf
2025-07-01 21:51:28,692 - INFO - ✅ Downloaded: C:\Users\Admin\.cursor\Lambda\src\backend\src\downloads\leier_datasheets\hu\Részletrajzok\Elemrajzok__DWG__PDF_\Durisol_zajárnyékolás\Durisol_panel_496_100_DSI_25_13_W_-_Metszet.pdf
2025-07-01 21:51:28,693 - INFO - ✅ Downloaded: C:\Users\Admin\.cursor\Lambda\src\backend\src\downloads\leier_datasheets\hu\Részletrajzok\Csomópontok\Kémény_részletrajzok\dwg\k041-kemeny-tetoatvez1.pdf
2025-07-01 21:51:29,588 - INFO - HTTP Request: GET https://www.leier.hu/hu/dokumentumtar/3885 "HTTP/1.1 200 OK"
2025-07-01 21:51:29,589 - INFO - HTTP Request: GET https://www.leier.hu/hu/dokumentumtar/3387 "HTTP/1.1 200 OK"
2025-07-01 21:51:29,598 - INFO - ✅ Downloaded: C:\Users\Admin\.cursor\Lambda\src\backend\src\downloads\leier_datasheets\hu\Teljesítménynyilatkozatok\Magasépítési_termékek\Beton_falazóelemek\Zsaluzóelem_-_Hajdúszoboszló_-_Teljesítménynyilatkozat_LE_HA15435-02.pdf
2025-07-01 21:51:29,873 - INFO - ✅ Downloaded: C:\Users\Admin\.cursor\Lambda\src\backend\src\downloads\leier_datasheets\hu\Részletrajzok\Elemrajzok__DWG__PDF_\Környezettechnika\Olajelválasztók_DWG\LOL_SUPER_60_max_KF_melle_klet.pdf
2025-07-01 21:51:30,163 - INFO - HTTP Request: GET https://www.leier.hu/hu/dokumentumtar/3397 "HTTP/1.1 200 OK"
2025-07-01 21:51:30,175 - INFO - ✅ Downloaded: C:\Users\Admin\.cursor\Lambda\src\backend\src\downloads\leier_datasheets\hu\Részletrajzok\Elemrajzok__DWG__PDF_\Környezettechnika\Olajelválasztók_DWG\LOL_SUPER_40_P_melle_klet.pdf
2025-07-01 21:51:30,441 - INFO - HTTP Request: GET https://www.leier.hu/hu/dokumentumtar/3326 "HTTP/1.1 200 OK"
2025-07-01 21:51:30,442 - INFO - HTTP Request: GET https://www.leier.hu/hu/dokumentumtar/3259 "HTTP/1.1 200 OK"
2025-07-01 21:51:30,463 - INFO - ✅ Downloaded: C:\Users\Admin\.cursor\Lambda\src\backend\src\downloads\leier_datasheets\hu\Részletrajzok\Elemrajzok__DWG__PDF_\Környezettechnika\Zsírleválasztók_DWG\LZS_7_Zsírleválasztó_-_függőleges_metszet.pdf
2025-07-01 21:51:30,733 - INFO - ✅ Downloaded: C:\Users\Admin\.cursor\Lambda\src\backend\src\downloads\leier_datasheets\hu\Részletrajzok\Elemrajzok__DWG__PDF_\Mélyépítés\Tisztítóakna_elemek\Akna_fenékelemek\AFE_100_-_50_L_K_-_Akna_fenékelem_künettel_-_függőleges_metszet.pdf
2025-07-01 21:51:31,004 - INFO - HTTP Request: GET https://www.leier.hu/hu/dokumentumtar/3022 "HTTP/1.1 200 OK"
2025-07-01 21:51:31,005 - INFO - HTTP Request: GET https://www.leier.hu/hu/dokumentumtar/2736 "HTTP/1.1 200 OK"
2025-07-01 21:51:31,006 - INFO - HTTP Request: GET https://www.leier.hu/hu/dokumentumtar/2915 "HTTP/1.1 200 OK"
2025-07-01 21:51:31,007 - INFO - HTTP Request: GET https://www.leier.hu/hu/dokumentumtar/3030 "HTTP/1.1 200 OK"
2025-07-01 21:51:31,015 - INFO - ✅ Downloaded: C:\Users\Admin\.cursor\Lambda\src\backend\src\downloads\leier_datasheets\hu\Részletrajzok\Csomópontok\Kéregelemes_födém_részletrajzok\pdf\p05b-kpanel-terasz2.pdf
2025-07-01 21:51:31,315 - INFO - HTTP Request: GET https://www.leier.hu/hu/dokumentumtar/3288 "HTTP/1.1 200 OK"
2025-07-01 21:51:31,317 - INFO - HTTP Request: GET https://www.leier.hu/hu/dokumentumtar/2047 "HTTP/1.1 200 OK"
2025-07-01 21:51:31,325 - INFO - ✅ Downloaded: C:\Users\Admin\.cursor\Lambda\src\backend\src\downloads\leier_datasheets\hu\Részletrajzok\Elemrajzok__DWG__PDF_\Mélyépítés\Árokburkoló-_és_árokelemek\ÁBE_40_50_-_200L_-_árokburkoló_elem_-_keresztmetszet.pdf
2025-07-01 21:51:31,326 - INFO - ✅ Downloaded: C:\Users\Admin\.cursor\Lambda\src\backend\src\downloads\leier_datasheets\hu\Részletrajzok\Elemrajzok__DWG__PDF_\Mélyépítés\Betontartályok\LBT_6_-_Betontartály_vízszintes_metszet.pdf
2025-07-01 21:51:31,326 - INFO - ✅ Downloaded: C:\Users\Admin\.cursor\Lambda\src\backend\src\downloads\leier_datasheets\hu\Részletrajzok\Elemrajzok__DWG__PDF_\Mélyépítés\Betontartályok\LBT_2_-_Betontartály_vízszintes_metszet.pdf
2025-07-01 21:51:32,119 - INFO - HTTP Request: GET https://www.leier.hu/hu/dokumentumtar/2748 "HTTP/1.1 200 OK"
2025-07-01 21:51:32,126 - INFO - ✅ Downloaded: C:\Users\Admin\.cursor\Lambda\src\backend\src\downloads\leier_datasheets\hu\Részletrajzok\Elemrajzok__DWG__PDF_\Mélyépítés\Vízelnyelőakna_elemek\V_FE_50_10_L_-_Víznyelő_felsőelem_felülnézet.pdf
2025-07-01 21:51:32,396 - INFO - ✅ Downloaded: C:\Users\Admin\.cursor\Lambda\src\backend\src\downloads\leier_datasheets\hu\Részletrajzok\Csomópontok\Kéregelemes_födém_részletrajzok\pln\p05b-kpanel-terasz2.pdf
2025-07-01 21:51:32,397 - INFO - ✅ Downloaded: C:\Users\Admin\.cursor\Lambda\src\backend\src\downloads\leier_datasheets\hu\Teljesítménynyilatkozatok\Magasépítési_termékek\Tégla_termékek\Petrovany_-_Teljesítménynyilatkozat\Teljesítménynyilatkozat_-_Égetett_agyag_falazóelem_-_Petrovany_LE_PE_771-1-01.pdf
2025-07-01 21:51:32,962 - INFO - HTTP Request: GET https://www.leier.hu/hu/dokumentumtar/3919 "HTTP/1.1 200 OK"
2025-07-01 21:51:32,963 - INFO - HTTP Request: GET https://www.leier.hu/hu/dokumentumtar/2979 "HTTP/1.1 200 OK"
2025-07-01 21:51:32,996 - INFO - ✅ Downloaded: C:\Users\Admin\.cursor\Lambda\src\backend\src\downloads\leier_datasheets\hu\Részletrajzok\Elemrajzok__DWG__PDF_\Mélyépítés\Átemelőakna_elemek\AFE_160_175_L_-_Átemelő_fenékelem.pdf
2025-07-01 21:51:33,262 - INFO - HTTP Request: GET https://www.leier.hu/hu/dokumentumtar/3157 "HTTP/1.1 200 OK"
2025-07-01 21:51:33,264 - INFO - HTTP Request: GET https://www.leier.hu/hu/dokumentumtar/2551 "HTTP/1.1 200 OK"
2025-07-01 21:51:33,264 - INFO - HTTP Request: GET https://www.leier.hu/hu/dokumentumtar/1970 "HTTP/1.1 200 OK"
2025-07-01 21:51:33,271 - INFO - ✅ Downloaded: C:\Users\Admin\.cursor\Lambda\src\backend\src\downloads\leier_datasheets\hu\Részletrajzok\Elemrajzok__DWG__PDF_\Mélyépítés\Kábelcsatorna\KCS_fedlap_irt__jobb.pdf
2025-07-01 21:51:33,542 - INFO - HTTP Request: GET https://www.leier.hu/hu/dokumentumtar/2132 "HTTP/1.1 200 OK"
2025-07-01 21:51:33,543 - INFO - HTTP Request: GET https://www.leier.hu/hu/dokumentumtar/3257 "HTTP/1.1 200 OK"
2025-07-01 21:51:33,550 - INFO - ✅ Downloaded: C:\Users\Admin\.cursor\Lambda\src\backend\src\downloads\leier_datasheets\hu\Teljesítménynyilatkozatok\Magasépítési_termékek\Tégla_termékek\Devecser_-_CE-tanúsítványok\Leiertherm\CE_-_Leiertherm_10_N_F_-_DE.pdf
2025-07-01 21:51:33,552 - INFO - ✅ Downloaded: C:\Users\Admin\.cursor\Lambda\src\backend\src\downloads\leier_datasheets\hu\Részletrajzok\Csomópontok\Kémény_részletrajzok\asc\leier-k041-kemeny-tetoatvez1.pdf
2025-07-01 21:51:34,079 - INFO - HTTP Request: GET https://www.leier.hu/hu/dokumentumtar/2312 "HTTP/1.1 200 OK"
2025-07-01 21:51:34,080 - INFO - HTTP Request: GET https://www.leier.hu/hu/dokumentumtar/2924 "HTTP/1.1 200 OK"
2025-07-01 21:51:34,085 - INFO - ✅ Downloaded: C:\Users\Admin\.cursor\Lambda\src\backend\src\downloads\leier_datasheets\hu\Teljesítménynyilatkozatok\Kertépítés__díszburkolat\Kerti_termékek_-_Gönyű_-_Teljesítménynyilatkozat_-_LE_GO13198-01.pdf
2025-07-01 21:51:34,381 - INFO - HTTP Request: GET https://www.leier.hu/hu/dokumentumtar/2737 "HTTP/1.1 200 OK"
2025-07-01 21:51:34,385 - INFO - ✅ Downloaded: C:\Users\Admin\.cursor\Lambda\src\backend\src\downloads\leier_datasheets\hu\Részletrajzok\Elemrajzok__DWG__PDF_\Mélyépítés\Tisztítóakna_elemek\Akna_fenékelemek\AFE_100_-_75_L_K_-_Akna_fenékelem_künettel_-_függőleges_metszet.pdf
2025-07-01 21:51:34,387 - INFO - ✅ Downloaded: C:\Users\Admin\.cursor\Lambda\src\backend\src\downloads\leier_datasheets\hu\Termékadatlapok\Kertépítés__díszburkolat\Falazóelemek__kerítéskövek__fedlapok\ARCHITEKTURA_szárazfalazó_termékadatlap.pdf
2025-07-01 21:51:34,963 - INFO - HTTP Request: GET https://www.leier.hu/hu/dokumentumtar/3962 "HTTP/1.1 200 OK"
2025-07-01 21:51:34,970 - INFO - ✅ Downloaded: C:\Users\Admin\.cursor\Lambda\src\backend\src\downloads\leier_datasheets\hu\Részletrajzok\Csomópontok\Kéregelemes_födém_részletrajzok\pdf\p05a-kpanel-terasz1.pdf
2025-07-01 21:51:34,970 - INFO - ✅ Downloaded: C:\Users\Admin\.cursor\Lambda\src\backend\src\downloads\leier_datasheets\hu\Részletrajzok\Elemrajzok__DWG__PDF_\Mélyépítés\Árokburkoló-_és_árokelemek\ÁBE_30_40_-_200L_-_árokburkoló_elem_-_elölnézet.pdf
2025-07-01 21:51:35,498 - INFO - HTTP Request: GET https://www.leier.hu/hu/dokumentumtar/3924 "HTTP/1.1 200 OK"
2025-07-01 21:51:35,510 - INFO - HTTP Request: GET https://www.leier.hu/hu/dokumentumtar/3319 "HTTP/1.1 200 OK"
2025-07-01 21:51:35,523 - INFO - ✅ Downloaded: C:\Users\Admin\.cursor\Lambda\src\backend\src\downloads\leier_datasheets\at\Verarbeitungsinfos\VÖB-FQP\VOEB_Versetzen_von_Schachtelementen_01-2012_pdf.pdf
2025-07-01 21:51:35,793 - INFO - ✅ Downloaded: C:\Users\Admin\.cursor\Lambda\src\backend\src\downloads\leier_datasheets\at\Preislisten\Preisliste_Kamin_2024.pdf
2025-07-01 21:51:36,059 - INFO - HTTP Request: GET https://www.leier.hu/hu/dokumentumtar/2865 "HTTP/1.1 200 OK"
2025-07-01 21:51:36,067 - INFO - ✅ Downloaded: C:\Users\Admin\.cursor\Lambda\src\backend\src\downloads\leier_datasheets\hu\Részletrajzok\Elemrajzok__DWG__PDF_\Környezettechnika\Iszapfogók_DWG\LIF_160_200L_Iszapfogó_-_vízszintes_metszet.pdf
2025-07-01 21:51:36,342 - INFO - HTTP Request: GET https://www.leier.hu/hu/dokumentumtar/3992 "HTTP/1.1 200 OK"
2025-07-01 21:51:36,346 - INFO - HTTP Request: GET https://www.leier.hu/hu/dokumentumtar/2712 "HTTP/1.1 200 OK"
2025-07-01 21:51:36,358 - INFO - ✅ Downloaded: C:\Users\Admin\.cursor\Lambda\src\backend\src\downloads\leier_datasheets\hu\Részletrajzok\Csomópontok\Mélyépítési_részletrajzok\asc\leier-c04-vegyes-csaphornyos.pdf
2025-07-01 21:51:36,358 - INFO - ✅ Downloaded: C:\Users\Admin\.cursor\Lambda\src\backend\src\downloads\leier_datasheets\hu\Szerelési_útmutatók\Lépcső___Treppe\Szerelési_útmutató___Montageanleitung\HU\Leier_előregyártott_vasbeton_lépcsők_beépítési_útmutató.pdf
2025-07-01 21:51:36,888 - INFO - ✅ Downloaded: C:\Users\Admin\.cursor\Lambda\src\backend\src\downloads\leier_datasheets\at\Aufbauanleitungen\Aufbauanleitung_Durisol_Frühbeetaufsatz_R-Form.pdf
2025-07-01 21:51:37,158 - INFO - HTTP Request: GET https://www.leier.hu/hu/dokumentumtar/2948 "HTTP/1.1 200 OK"
2025-07-01 21:51:37,160 - INFO - HTTP Request: GET https://www.leier.hu/hu/dokumentumtar/2008 "HTTP/1.1 200 OK"
2025-07-01 21:51:37,167 - INFO - ✅ Downloaded: C:\Users\Admin\.cursor\Lambda\src\backend\src\downloads\leier_datasheets\hu\Teljesítménynyilatkozatok\Magasépítési_termékek\Födémrendszerek\Födémbéléstest_-_Jánossomorja_-_Teljesítménynyilatkozat_LE_JS15037-2-02.pdf
2025-07-01 21:51:37,434 - INFO - HTTP Request: GET https://www.leier.hu/hu/dokumentumtar/2619 "HTTP/1.1 200 OK"
2025-07-01 21:51:37,435 - INFO - HTTP Request: GET https://www.leier.hu/hu/dokumentumtar/3063 "HTTP/1.1 200 OK"
2025-07-01 21:51:37,437 - INFO - ✅ Downloaded: C:\Users\Admin\.cursor\Lambda\src\backend\src\downloads\leier_datasheets\hu\Teljesítménynyilatkozatok\Magasépítési_termékek\Tégla_termékek\Devecser_-_Teljesítménynyilatkozatok\Leiertherm\Teljesítménynyilatkozat_-_Leiertherm_Pro_38_-_DE_LE_DE771-1-23-01.pdf
2025-07-01 21:51:37,716 - INFO - ✅ Downloaded: C:\Users\Admin\.cursor\Lambda\src\backend\src\downloads\leier_datasheets\hu\Részletrajzok\Elemrajzok__DWG__PDF_\Mélyépítés\Átemelőakna_elemek\AGY_200_175_LG_-_Átemelő_gyűrű_gumigyűrűs.pdf
2025-07-01 21:51:37,717 - INFO - HTTP Request: GET https://www.leier.hu/hu/dokumentumtar/3141 "HTTP/1.1 200 OK"
2025-07-01 21:51:37,991 - INFO - ✅ Downloaded: C:\Users\Admin\.cursor\Lambda\src\backend\src\downloads\leier_datasheets\hu\Részletrajzok\Csomópontok\Kéregfal_részletrajzok\dwg\e05-keregfal-t-csat.pdf
2025-07-01 21:51:38,260 - INFO - ✅ Downloaded: C:\Users\Admin\.cursor\Lambda\src\backend\src\downloads\leier_datasheets\hu\Részletrajzok\Elemrajzok__DWG__PDF_\Mélyépítés\Előfej_támfalelemek\TFE_30_-_Támfalelem_metszet.pdf
2025-07-01 21:51:38,531 - INFO - HTTP Request: GET https://www.leier.hu/hu/dokumentumtar/3119 "HTTP/1.1 200 OK"
2025-07-01 21:51:38,532 - INFO - HTTP Request: GET https://www.leier.hu/hu/dokumentumtar/2546 "HTTP/1.1 200 OK"
2025-07-01 21:51:38,533 - INFO - HTTP Request: GET https://www.leier.hu/hu/dokumentumtar/3598 "HTTP/1.1 200 OK"
2025-07-01 21:51:38,534 - INFO - HTTP Request: GET https://www.leier.hu/hu/dokumentumtar/2706 "HTTP/1.1 200 OK"
2025-07-01 21:51:38,534 - INFO - ✅ Downloaded: C:\Users\Admin\.cursor\Lambda\src\backend\src\downloads\leier_datasheets\hu\Részletrajzok\Elemrajzok__DWG__PDF_\Mélyépítés\Kábelcsatorna\KCS_elválasztó_ív_nagy_oldal.pdf
2025-07-01 21:51:38,808 - INFO - ✅ Downloaded: C:\Users\Admin\.cursor\Lambda\src\backend\src\downloads\leier_datasheets\hu\Részletrajzok\Csomópontok\Kémény_részletrajzok\pln\k03-kemeny-fodemattor3.pdf
2025-07-01 21:51:38,809 - INFO - ✅ Downloaded: C:\Users\Admin\.cursor\Lambda\src\backend\src\downloads\leier_datasheets\hu\Részletrajzok\Csomópontok\Mélyépítési_részletrajzok\pln\c04-vegyes-csaphornyos.pdf
2025-07-01 21:51:39,356 - INFO - HTTP Request: GET https://www.leier.hu/hu/dokumentumtar/3162 "HTTP/1.1 200 OK"
2025-07-01 21:51:39,357 - INFO - ✅ Downloaded: C:\Users\Admin\.cursor\Lambda\src\backend\src\downloads\leier_datasheets\hu\Részletrajzok\Elemrajzok__DWG__PDF_\Mélyépítés\Kábelcsatorna\KCS_vályú_könnyített_elöl.pdf
2025-07-01 21:51:39,671 - INFO - ✅ Downloaded: C:\Users\Admin\.cursor\Lambda\src\backend\src\downloads\leier_datasheets\hu\Részletrajzok\Elemrajzok__DWG__PDF_\Durisol_zajárnyékolás\Durisol_panel_296_100_egyedi_-_Elölnézet.pdf
2025-07-01 21:51:39,933 - INFO - HTTP Request: GET https://www.leier.hu/hu/dokumentumtar/1875 "HTTP/1.1 200 OK"
2025-07-01 21:51:39,935 - INFO - HTTP Request: GET https://www.leier.hu/hu/dokumentumtar/2361 "HTTP/1.1 200 OK"
2025-07-01 21:51:39,935 - INFO - HTTP Request: GET https://www.leier.hu/hu/dokumentumtar/3972 "HTTP/1.1 200 OK"
2025-07-01 21:51:39,943 - INFO - ✅ Downloaded: C:\Users\Admin\.cursor\Lambda\src\backend\src\downloads\leier_datasheets\hu\Arculati_elemek\Új_Leier_logó\Logo_Leier-blue_NEW_2024_png.pdf
2025-07-01 21:51:40,203 - INFO - ✅ Downloaded: C:\Users\Admin\.cursor\Lambda\src\backend\src\downloads\leier_datasheets\hu\Részletrajzok\Elemrajzok__DWG__PDF_\Mélyépítés\Keretelemek\LKE_200_-_200_-_197_-_Keret_előfej_kezdőelem_-_hosszmetszet.pdf
2025-07-01 21:51:40,471 - INFO - ✅ Downloaded: C:\Users\Admin\.cursor\Lambda\src\backend\src\downloads\leier_datasheets\hu\Részletrajzok\Csomópontok\Fal_részletrajzok\dwg\f08-vfal-alapozas.pdf
2025-07-01 21:51:40,735 - INFO - HTTP Request: GET https://www.leier.hu/hu/dokumentumtar/2532 "HTTP/1.1 200 OK"
2025-07-01 21:51:40,736 - INFO - HTTP Request: GET https://www.leier.hu/hu/dokumentumtar/3335 "HTTP/1.1 200 OK"
2025-07-01 21:51:40,737 - INFO - HTTP Request: GET https://www.leier.hu/hu/dokumentumtar/3068 "HTTP/1.1 200 OK"
2025-07-01 21:51:40,743 - INFO - ✅ Downloaded: C:\Users\Admin\.cursor\Lambda\src\backend\src\downloads\leier_datasheets\hu\Gép-_és_formagyártás_Ács.pdf
2025-07-01 21:51:41,021 - INFO - ✅ Downloaded: C:\Users\Admin\.cursor\Lambda\src\backend\src\downloads\leier_datasheets\hu\Részletrajzok\Elemrajzok__DWG__PDF_\Környezettechnika\Zsírleválasztók_DWG\LZS_4_melle_klet_rajz.pdf
2025-07-01 21:51:41,286 - INFO - ✅ Downloaded: C:\Users\Admin\.cursor\Lambda\src\backend\src\downloads\leier_datasheets\hu\Részletrajzok\Csomópontok\Kémény_részletrajzok\dwg\k03-kemeny-fodemattor3.pdf
2025-07-01 21:51:41,551 - INFO - HTTP Request: GET https://www.leier.hu/hu/dokumentumtar/2598 "HTTP/1.1 200 OK"
2025-07-01 21:51:41,552 - INFO - HTTP Request: GET https://www.leier.hu/hu/dokumentumtar/3589 "HTTP/1.1 200 OK"
2025-07-01 21:51:41,553 - INFO - ✅ Downloaded: C:\Users\Admin\.cursor\Lambda\src\backend\src\downloads\leier_datasheets\hu\Részletrajzok\Elemrajzok__DWG__PDF_\Mélyépítés\Előfej_támfalelemek\TFE_100_-_Támfalelem_-_metszet.pdf
2025-07-01 21:51:41,830 - INFO - ✅ Downloaded: C:\Users\Admin\.cursor\Lambda\src\backend\src\downloads\leier_datasheets\hu\Részletrajzok\Csomópontok\Födém_részletrajzok\asc\leier-m032-mesterf-belsokosz.pdf
2025-07-01 21:51:41,830 - INFO - ✅ Downloaded: C:\Users\Admin\.cursor\Lambda\src\backend\src\downloads\leier_datasheets\hu\Részletrajzok\Elemrajzok__DWG__PDF_\Durisol_zajárnyékolás\Durisol_panel_396_100_DSI_25_13_N_-_Metszet.pdf
2025-07-01 21:51:42,363 - INFO - HTTP Request: GET https://www.leier.hu/hu/dokumentumtar/3871 "HTTP/1.1 200 OK"
2025-07-01 21:51:42,364 - INFO - HTTP Request: GET https://www.leier.hu/hu/dokumentumtar/4126 "HTTP/1.1 200 OK"
2025-07-01 21:51:42,371 - INFO - ✅ Downloaded: C:\Users\Admin\.cursor\Lambda\src\backend\src\downloads\leier_datasheets\at\Preislisten\Preisliste_Hochbau-Zustellgebiet_Süd_2024.pdf
2025-07-01 21:51:42,371 - INFO - ✅ Downloaded: C:\Users\Admin\.cursor\Lambda\src\backend\src\downloads\leier_datasheets\hu\Termékadatlapok\Magasépítési_termékek\Beton_falazóelemek\Leier_beton_ZS15_adatlap_pdf.pdf
2025-07-01 21:51:42,914 - INFO - HTTP Request: GET https://www.leier.hu/hu/dokumentumtar/3464 "HTTP/1.1 200 OK"
2025-07-01 21:51:42,915 - INFO - HTTP Request: GET https://www.leier.hu/hu/dokumentumtar/3407 "HTTP/1.1 200 OK"
2025-07-01 21:51:42,924 - INFO - ✅ Downloaded: C:\Users\Admin\.cursor\Lambda\src\backend\src\downloads\leier_datasheets\hu\Részletrajzok\Elemrajzok__DWG__PDF_\Környezettechnika\Olajelválasztók_DWG\LOL_SUPER_30_max_KF_melle_klet.pdf
2025-07-01 21:51:43,193 - INFO - HTTP Request: GET https://www.leier.hu/hu/dokumentumtar/3386 "HTTP/1.1 200 OK"
2025-07-01 21:51:43,194 - INFO - HTTP Request: GET https://www.leier.hu/hu/dokumentumtar/3186 "HTTP/1.1 200 OK"
2025-07-01 21:51:43,195 - INFO - HTTP Request: GET https://www.leier.hu/hu/dokumentumtar/3716 "HTTP/1.1 200 OK"
2025-07-01 21:51:43,195 - INFO - ✅ Downloaded: C:\Users\Admin\.cursor\Lambda\src\backend\src\downloads\leier_datasheets\hu\Akna_konszignációs_program\aknasz_232b86_zip.pdf
2025-07-01 21:51:43,469 - INFO - ✅ Downloaded: C:\Users\Admin\.cursor\Lambda\src\backend\src\downloads\leier_datasheets\hu\Részletrajzok\Elemrajzok__DWG__PDF_\Környezettechnika\Olajelválasztók_PDF\LOL_SUPER_150_max_NF_melleklet_PDF.pdf
2025-07-01 21:51:43,744 - INFO - HTTP Request: GET https://www.leier.hu/hu/dokumentumtar/3393 "HTTP/1.1 200 OK"
2025-07-01 21:51:43,746 - INFO - HTTP Request: GET https://www.leier.hu/hu/dokumentumtar/2441 "HTTP/1.1 200 OK"
2025-07-01 21:51:43,746 - INFO - ✅ Downloaded: C:\Users\Admin\.cursor\Lambda\src\backend\src\downloads\leier_datasheets\hu\Részletrajzok\Elemrajzok__DWG__PDF_\Környezettechnika\Olajelválasztók_DWG\LOL_SUPER_60_max_NF_melle_klet.pdf
2025-07-01 21:51:44,015 - INFO - ✅ Downloaded: C:\Users\Admin\.cursor\Lambda\src\backend\src\downloads\leier_datasheets\hu\Részletrajzok\Elemrajzok__DWG__PDF_\Mélyépítés\Keretelemek\LKE_100_-_100_-_190_-_Keret_előfej_-_hosszmetszet.pdf
2025-07-01 21:51:44,295 - INFO - HTTP Request: GET https://www.leier.hu/hu/dokumentumtar/3615 "HTTP/1.1 200 OK"
2025-07-01 21:51:44,296 - INFO - HTTP Request: GET https://www.leier.hu/hu/dokumentumtar/2868 "HTTP/1.1 200 OK"
2025-07-01 21:51:44,300 - INFO - ✅ Downloaded: C:\Users\Admin\.cursor\Lambda\src\backend\src\downloads\leier_datasheets\hu\Részletrajzok\Elemrajzok__DWG__PDF_\Környezettechnika\Olajelválasztók_DWG\LOL_SUPER_50_max_P_melle_klet.pdf
2025-07-01 21:51:44,599 - INFO - HTTP Request: GET https://www.leier.hu/hu/dokumentumtar/2901 "HTTP/1.1 200 OK"
2025-07-01 21:51:44,603 - INFO - ✅ Downloaded: C:\Users\Admin\.cursor\Lambda\src\backend\src\downloads\leier_datasheets\hu\Teljesítménynyilatkozatok\Kertépítés__díszburkolat\Kerti_termékek_-_Jánosháza_-_Teljesítménynyilatkozat_-_LE_JH13198-01.pdf
2025-07-01 21:51:44,603 - INFO - ✅ Downloaded: C:\Users\Admin\.cursor\Lambda\src\backend\src\downloads\leier_datasheets\hu\Szerelési_útmutatók\Lépcső___Treppe\Teljesítménynyilatkozat___Leistungserklärung\DE\Stahlbetontreppe_Jánossomorja_Leistungserklärung.pdf
2025-07-01 21:51:45,126 - INFO - HTTP Request: GET https://www.leier.hu/hu/dokumentumtar/3565 "HTTP/1.1 200 OK"
2025-07-01 21:51:45,127 - INFO - HTTP Request: GET https://www.leier.hu/hu/dokumentumtar/3199 "HTTP/1.1 200 OK"
2025-07-01 21:51:45,140 - INFO - ✅ Downloaded: C:\Users\Admin\.cursor\Lambda\src\backend\src\downloads\leier_datasheets\hu\Részletrajzok\Elemrajzok__DWG__PDF_\Mélyépítés\Árokburkoló-_és_árokelemek\ÁBE_F_30_40_-_50L_-_fedlap_-_keresztmetszet.pdf
2025-07-01 21:51:45,415 - INFO - HTTP Request: GET https://www.leier.hu/hu/dokumentumtar/2094 "HTTP/1.1 200 OK"
2025-07-01 21:51:45,416 - INFO - HTTP Request: GET https://www.leier.hu/hu/dokumentumtar/3762 "HTTP/1.1 200 OK"
2025-07-01 21:51:45,428 - INFO - ✅ Downloaded: C:\Users\Admin\.cursor\Lambda\src\backend\src\downloads\leier_datasheets\hu\Részletrajzok\Elemrajzok__DWG__PDF_\Durisol_zajárnyékolás\Durisol_panel_496_450_félkötés_-_Elölnézet.pdf
2025-07-01 21:51:45,705 - INFO - ✅ Downloaded: C:\Users\Admin\.cursor\Lambda\src\backend\src\downloads\leier_datasheets\hu\Termékadatlapok\Kertépítés__díszburkolat\Térkövek\Leier_Kaiserstein_CASTRUM_térkő_termékadatlap.pdf
2025-07-01 21:51:45,705 - INFO - ✅ Downloaded: C:\Users\Admin\.cursor\Lambda\src\backend\src\downloads\leier_datasheets\hu\Teljesítménynyilatkozatok\Kéményrendszerek\Teljesítménynyilatkozat_Multikeram_LAS_kéményrendszer_NR__LE_KLETA-12-0491-MULTIKERAM_LAS-02.pdf
2025-07-01 21:51:46,233 - INFO - HTTP Request: GET https://www.leier.hu/hu/dokumentumtar/2721 "HTTP/1.1 200 OK"
2025-07-01 21:51:46,233 - INFO - ✅ Downloaded: C:\Users\Admin\.cursor\Lambda\src\backend\src\downloads\leier_datasheets\hu\Részletrajzok\Csomópontok\Leier_Durisol_zajárnyékoló_falak\DWG\Leier_Durisol_mintafal.pdf
2025-07-01 21:51:46,506 - INFO - ✅ Downloaded: C:\Users\Admin\.cursor\Lambda\src\backend\src\downloads\leier_datasheets\hu\Részletrajzok\Csomópontok\Kéregelemes_födém_részletrajzok\dwg\p07-kpanel-gerenda.pdf
2025-07-01 21:51:46,783 - INFO - HTTP Request: GET https://www.leier.hu/hu/dokumentumtar/3357 "HTTP/1.1 200 OK"
2025-07-01 21:51:46,785 - INFO - HTTP Request: GET https://www.leier.hu/hu/dokumentumtar/3184 "HTTP/1.1 200 OK"
2025-07-01 21:51:46,787 - INFO - ✅ Downloaded: C:\Users\Admin\.cursor\Lambda\src\backend\src\downloads\leier_datasheets\hu\Részletrajzok\Elemrajzok__DWG__PDF_\Mélyépítés\Tisztítóakna_elemek\150x150-es_akna\150x150-as_akna.pdf
2025-07-01 21:51:47,079 - INFO - HTTP Request: GET https://www.leier.hu/hu/dokumentumtar/2020 "HTTP/1.1 200 OK"
2025-07-01 21:51:47,087 - INFO - ✅ Downloaded: C:\Users\Admin\.cursor\Lambda\src\backend\src\downloads\leier_datasheets\hu\Részletrajzok\Elemrajzok__DWG__PDF_\Környezettechnika\Olajelválasztók_DWG\LOL_SUPER_150_NF_melle_klet.pdf
2025-07-01 21:51:47,087 - INFO - ✅ Downloaded: C:\Users\Admin\.cursor\Lambda\src\backend\src\downloads\leier_datasheets\hu\Teljesítménynyilatkozatok\Magasépítési_termékek\Tégla_termékek\Mátraderecske_-_CE-tanúsítványok\CE_-_Leiertherm_25\30_AKU_-_MD.pdf
2025-07-01 21:51:47,611 - INFO - ✅ Downloaded: C:\Users\Admin\.cursor\Lambda\src\backend\src\downloads\leier_datasheets\hu\Részletrajzok\Elemrajzok__DWG__PDF_\Mélyépítés\Keretelemek\LKE_120_-_120_-_100_-_Keretelem_-_keresztmetszet.pdf
2025-07-01 21:51:47,917 - INFO - HTTP Request: GET https://www.leier.hu/hu/dokumentumtar/3267 "HTTP/1.1 200 OK"
2025-07-01 21:51:47,918 - INFO - HTTP Request: GET https://www.leier.hu/hu/dokumentumtar/4137 "HTTP/1.1 200 OK"
2025-07-01 21:51:47,922 - INFO - HTTP Request: GET https://www.leier.hu/hu/dokumentumtar/2854 "HTTP/1.1 200 OK"
2025-07-01 21:51:47,923 - INFO - HTTP Request: GET https://www.leier.hu/hu/dokumentumtar/3011 "HTTP/1.1 200 OK"
2025-07-01 21:51:47,933 - INFO - ✅ Downloaded: C:\Users\Admin\.cursor\Lambda\src\backend\src\downloads\leier_datasheets\hu\Termékadatlapok\Magasépítési_termékek\Nyílásáthidalók\Leier_MDVA_nyílásáthidaló_adatlap_pdf.pdf
2025-07-01 21:51:48,200 - INFO - ✅ Downloaded: C:\Users\Admin\.cursor\Lambda\src\backend\src\downloads\leier_datasheets\hu\Részletrajzok\Elemrajzok__DWG__PDF_\Mélyépítés\Tisztítóakna_elemek\Akna_fenékelemek\AFE_100_-_100_L_K_-_Akna_fenékelem_künettel_-_függőleges_metszet.pdf
2025-07-01 21:51:48,462 - INFO - ✅ Downloaded: C:\Users\Admin\.cursor\Lambda\src\backend\src\downloads\leier_datasheets\hu\Részletrajzok\Elemrajzok__DWG__PDF_\Mélyépítés\Betoncsövek\TA_60_100_-_Talpas_betoncső_hosszmetszet.pdf
2025-07-01 21:51:48,735 - INFO - HTTP Request: GET https://www.leier.hu/hu/dokumentumtar/3384 "HTTP/1.1 200 OK"
2025-07-01 21:51:48,736 - INFO - HTTP Request: GET https://www.leier.hu/hu/dokumentumtar/3459 "HTTP/1.1 200 OK"
2025-07-01 21:51:48,748 - INFO - ✅ Downloaded: C:\Users\Admin\.cursor\Lambda\src\backend\src\downloads\leier_datasheets\hu\Részletrajzok\Elemrajzok__DWG__PDF_\Környezettechnika\Olajelválasztók_DWG\LOL_SUPER_60_NF_melle_klet.pdf
2025-07-01 21:51:49,017 - INFO - HTTP Request: GET https://www.leier.hu/hu/dokumentumtar/3485 "HTTP/1.1 200 OK"
2025-07-01 21:51:49,018 - INFO - HTTP Request: GET https://www.leier.hu/hu/dokumentumtar/2411 "HTTP/1.1 200 OK"
2025-07-01 21:51:49,018 - INFO - HTTP Request: GET https://www.leier.hu/hu/dokumentumtar/3823 "HTTP/1.1 200 OK"
2025-07-01 21:51:49,020 - INFO - ✅ Downloaded: C:\Users\Admin\.cursor\Lambda\src\backend\src\downloads\leier_datasheets\hu\Részletrajzok\Elemrajzok__DWG__PDF_\Környezettechnika\Olajelválasztók_PDF\LOL_SUPER_150_300_P_zapor_tulfolyoval_melleklet_PDF.pdf
2025-07-01 21:51:49,289 - INFO - ✅ Downloaded: C:\Users\Admin\.cursor\Lambda\src\backend\src\downloads\leier_datasheets\hu\Szerelési_útmutatók\Üreges_Födémpalló___Hohldiele\Szerelési_útmutató___Montageanleitung\DE\Vorgespannte_Hohldielendecke_Montageanleitung.pdf
2025-07-01 21:51:49,554 - INFO - ✅ Downloaded: C:\Users\Admin\.cursor\Lambda\src\backend\src\downloads\leier_datasheets\hu\Teljesítménynyilatkozatok\Mély-_és_vasútépítés__környezettechnika\Mélyépítés\Betoncső_-_Pécs_-_Teljesítménynyilatkozat_LE_PE1916-01.pdf
2025-07-01 21:51:49,844 - INFO - HTTP Request: GET https://www.leier.hu/hu/dokumentumtar/3432 "HTTP/1.1 200 OK"
2025-07-01 21:51:49,845 - INFO - ✅ Downloaded: C:\Users\Admin\.cursor\Lambda\src\backend\src\downloads\leier_datasheets\hu\Részletrajzok\Elemrajzok__DWG__PDF_\Környezettechnika\Olajelválasztók_PDF\LOL_SUPER_80_KF_melleklet_PDF.pdf
2025-07-01 21:51:49,846 - INFO - ✅ Downloaded: C:\Users\Admin\.cursor\Lambda\src\backend\src\downloads\leier_datasheets\hu\Részletrajzok\Csomópontok\Fal_részletrajzok\asc\leier-f10b-belso-zsalu-alap.pdf
2025-07-01 21:51:50,398 - INFO - ✅ Downloaded: C:\Users\Admin\.cursor\Lambda\src\backend\src\downloads\leier_datasheets\hu\Részletrajzok\Elemrajzok__DWG__PDF_\Környezettechnika\Olajelválasztók_DWG\LOL_SUPER_10_max_P_melle_klet.pdf
2025-07-01 21:51:50,689 - INFO - HTTP Request: GET https://www.leier.hu/hu/dokumentumtar/2379 "HTTP/1.1 200 OK"
2025-07-01 21:51:50,690 - INFO - HTTP Request: GET https://www.leier.hu/hu/dokumentumtar/3768 "HTTP/1.1 200 OK"
2025-07-01 21:51:50,697 - INFO - ✅ Downloaded: C:\Users\Admin\.cursor\Lambda\src\backend\src\downloads\leier_datasheets\hu\Termékadatlapok\Kertépítés__díszburkolat\Térkövek\Leier_QUADRO_térkő_termékadatlap.pdf
2025-07-01 21:51:50,698 - INFO - ✅ Downloaded: C:\Users\Admin\.cursor\Lambda\src\backend\src\downloads\leier_datasheets\hu\Részletrajzok\Csomópontok\Fal_részletrajzok\pdf\f06a-uni-labazat.pdf
2025-07-01 21:51:51,226 - INFO - HTTP Request: GET https://www.leier.hu/hu/dokumentumtar/3231 "HTTP/1.1 200 OK"
2025-07-01 21:51:51,227 - INFO - HTTP Request: GET https://www.leier.hu/hu/dokumentumtar/3270 "HTTP/1.1 200 OK"
2025-07-01 21:51:51,244 - INFO - ✅ Downloaded: C:\Users\Admin\.cursor\Lambda\src\backend\src\downloads\leier_datasheets\hu\Részletrajzok\Elemrajzok__DWG__PDF_\Mélyépítés\Tisztítóakna_elemek\Aknagyűrűk\AGY_100_-_25_LG_H_-_Aknagyűrű_gumigyűrűs_hágcsóval_-_függőleges_metszet.pdf
2025-07-01 21:51:51,522 - INFO - HTTP Request: GET https://www.leier.hu/hu/dokumentumtar/3150 "HTTP/1.1 200 OK"
2025-07-01 21:51:51,523 - INFO - HTTP Request: GET https://www.leier.hu/hu/dokumentumtar/2607 "HTTP/1.1 200 OK"
2025-07-01 21:51:51,525 - INFO - HTTP Request: GET https://www.leier.hu/hu/dokumentumtar/2730 "HTTP/1.1 200 OK"
2025-07-01 21:51:51,526 - INFO - HTTP Request: GET https://www.leier.hu/hu/dokumentumtar/2789 "HTTP/1.1 200 OK"
2025-07-01 21:51:51,535 - INFO - ✅ Downloaded: C:\Users\Admin\.cursor\Lambda\src\backend\src\downloads\leier_datasheets\hu\Részletrajzok\Csomópontok\Födém_részletrajzok\dxf\leier-m032-mesterf-belsok.pdf
2025-07-01 21:51:51,535 - INFO - ✅ Downloaded: C:\Users\Admin\.cursor\Lambda\src\backend\src\downloads\leier_datasheets\hu\Részletrajzok\Csomópontok\Kéregelemes_födém_részletrajzok\dwg\p02b-kpanel-koszoru3.pdf
2025-07-01 21:51:52,190 - INFO - ✅ Downloaded: C:\Users\Admin\.cursor\Lambda\src\backend\src\downloads\leier_datasheets\hu\Részletrajzok\Elemrajzok__DWG__PDF_\Mélyépítés\Tisztítóakna_elemek\Akna_fenékelemek\AFE_100_L_KN_-_Akna_fenékelem_künet_nélkül_-_vízszintes_metszet.pdf
2025-07-01 21:51:52,456 - INFO - HTTP Request: GET https://www.leier.hu/hu/dokumentumtar/3941 "HTTP/1.1 200 OK"
2025-07-01 21:51:52,461 - INFO - ✅ Downloaded: C:\Users\Admin\.cursor\Lambda\src\backend\src\downloads\leier_datasheets\hu\Részletrajzok\Elemrajzok__DWG__PDF_\Mélyépítés\Kábelcsatorna\KCS_va_lyu__teljes.pdf
2025-07-01 21:51:52,759 - INFO - HTTP Request: GET https://www.leier.hu/hu/dokumentumtar/3318 "HTTP/1.1 200 OK"
2025-07-01 21:51:52,760 - INFO - HTTP Request: GET https://www.leier.hu/hu/dokumentumtar/2984 "HTTP/1.1 200 OK"
2025-07-01 21:51:52,770 - INFO - ✅ Downloaded: C:\Users\Admin\.cursor\Lambda\src\backend\src\downloads\leier_datasheets\at\Verarbeitungsinfos\Verarbeitungsinfo_Mauern___Abdeckplatten.pdf
2025-07-01 21:51:53,043 - INFO - HTTP Request: GET https://www.leier.hu/hu/dokumentumtar/2954 "HTTP/1.1 200 OK"
2025-07-01 21:51:53,051 - INFO - ✅ Downloaded: C:\Users\Admin\.cursor\Lambda\src\backend\src\downloads\leier_datasheets\hu\Részletrajzok\Elemrajzok__DWG__PDF_\Mélyépítés\Betoncsövek\TOTA_80_200L_-_Tokos_talpas_betoncső_hosszmetszet_függőleges.pdf
2025-07-01 21:51:53,052 - INFO - ✅ Downloaded: C:\Users\Admin\.cursor\Lambda\src\backend\src\downloads\leier_datasheets\hu\Részletrajzok\Elemrajzok__DWG__PDF_\Környezettechnika\Iszapfogók_DWG\LIF_200_175L_Iszapfogó_-_függőleges_metszet.pdf
2025-07-01 21:51:53,581 - INFO - HTTP Request: GET https://www.leier.hu/hu/dokumentumtar/2016 "HTTP/1.1 200 OK"
2025-07-01 21:51:53,583 - INFO - HTTP Request: GET https://www.leier.hu/hu/dokumentumtar/2995 "HTTP/1.1 200 OK"
2025-07-01 21:51:53,584 - INFO - HTTP Request: GET https://www.leier.hu/hu/dokumentumtar/3331 "HTTP/1.1 200 OK"
2025-07-01 21:51:53,595 - INFO - ✅ Downloaded: C:\Users\Admin\.cursor\Lambda\src\backend\src\downloads\leier_datasheets\hu\Részletrajzok\Elemrajzok__DWG__PDF_\Mélyépítés\Átemelőakna_elemek\AGY_160_230_LG_V-_Átemelő_gyűrű_gumigyűrűs_végelem.pdf
2025-07-01 21:51:53,867 - INFO - HTTP Request: GET https://www.leier.hu/hu/dokumentumtar/2499 "HTTP/1.1 200 OK"
2025-07-01 21:51:53,873 - INFO - ✅ Downloaded: C:\Users\Admin\.cursor\Lambda\src\backend\src\downloads\leier_datasheets\hu\Teljesítménynyilatkozatok\Magasépítési_termékek\Tégla_termékek\Mátraderecske_-_CE-tanúsítványok\CE_-_Leiertherm_25_N_F_-_MD.pdf
2025-07-01 21:51:54,150 - INFO - HTTP Request: GET https://www.leier.hu/hu/dokumentumtar/1882 "HTTP/1.1 200 OK"
2025-07-01 21:51:54,152 - INFO - ✅ Downloaded: C:\Users\Admin\.cursor\Lambda\src\backend\src\downloads\leier_datasheets\hu\Részletrajzok\Elemrajzok__DWG__PDF_\Mélyépítés\Betoncsövek\TOTA_40_200L_-_Tokos_talpas_betoncső_csaposmetszet.pdf
2025-07-01 21:51:54,412 - INFO - ✅ Downloaded: C:\Users\Admin\.cursor\Lambda\src\backend\src\downloads\leier_datasheets\hu\Részletrajzok\Elemrajzok__DWG__PDF_\Környezettechnika\Zsírleválasztók_DWG\LZS_10_Zsírleválasztó_-_vízszintes_metszet.pdf
2025-07-01 21:51:54,689 - INFO - ✅ Downloaded: C:\Users\Admin\.cursor\Lambda\src\backend\src\downloads\leier_datasheets\hu\Részletrajzok\Csomópontok\Tető_részletrajzok\asc\leier-t08b-orom-fem.pdf
2025-07-01 21:51:54,982 - INFO - HTTP Request: GET https://www.leier.hu/hu/dokumentumtar/3435 "HTTP/1.1 200 OK"
2025-07-01 21:51:54,983 - INFO - HTTP Request: GET https://www.leier.hu/hu/dokumentumtar/3172 "HTTP/1.1 200 OK"
2025-07-01 21:51:55,002 - INFO - ✅ Downloaded: C:\Users\Admin\.cursor\Lambda\src\backend\src\downloads\leier_datasheets\hu\Részletrajzok\Elemrajzok__DWG__PDF_\Környezettechnika\Olajelválasztók_DWG\LOL_SUPER_10_KF_melle_klet.pdf
2025-07-01 21:51:55,322 - INFO - HTTP Request: GET https://www.leier.hu/hu/dokumentumtar/2576 "HTTP/1.1 200 OK"
2025-07-01 21:51:55,323 - INFO - ✅ Downloaded: C:\Users\Admin\.cursor\Lambda\src\backend\src\downloads\leier_datasheets\hu\Részletrajzok\Elemrajzok__DWG__PDF_\Mélyépítés\Keretelemek\LKE_180_-_180_-_100_-_Keretelem_-_keresztmetszet.pdf
2025-07-01 21:51:55,599 - INFO - ✅ Downloaded: C:\Users\Admin\.cursor\Lambda\src\backend\src\downloads\leier_datasheets\hu\Részletrajzok\Csomópontok\Födém_részletrajzok\pdf\m06-mesterf-lepcso.pdf
2025-07-01 21:51:55,864 - INFO - ✅ Downloaded: C:\Users\Admin\.cursor\Lambda\src\backend\src\downloads\leier_datasheets\hu\Prospektusok\Liftakna_elem_-_Tájékoztató.pdf
2025-07-01 21:51:56,159 - INFO - HTTP Request: GET https://www.leier.hu/hu/dokumentumtar/3932 "HTTP/1.1 200 OK"
2025-07-01 21:51:56,189 - INFO - ✅ Downloaded: C:\Users\Admin\.cursor\Lambda\src\backend\src\downloads\leier_datasheets\at\Verarbeitungsinfos\Verarbeitungsinfo_Architektur_Trockenmauerstein_Allgemein.pdf
2025-07-01 21:51:56,505 - INFO - HTTP Request: GET https://www.leier.hu/hu/dokumentumtar/3108 "HTTP/1.1 200 OK"
2025-07-01 21:51:56,506 - INFO - HTTP Request: GET https://www.leier.hu/hu/dokumentumtar/3374 "HTTP/1.1 200 OK"
2025-07-01 21:51:56,508 - INFO - HTTP Request: GET https://www.leier.hu/hu/dokumentumtar/2766 "HTTP/1.1 200 OK"
2025-07-01 21:51:56,508 - INFO - HTTP Request: GET https://www.leier.hu/hu/dokumentumtar/3377 "HTTP/1.1 200 OK"
2025-07-01 21:51:56,509 - INFO - HTTP Request: GET https://www.leier.hu/hu/dokumentumtar/2922 "HTTP/1.1 200 OK"
2025-07-01 21:51:56,520 - INFO - ✅ Downloaded: C:\Users\Admin\.cursor\Lambda\src\backend\src\downloads\leier_datasheets\hu\Részletrajzok\Elemrajzok__DWG__PDF_\Környezettechnika\Olajelválasztók_DWG\LOL_SUPER_80_max_P_melle_klet.pdf
2025-07-01 21:51:56,789 - INFO - ✅ Downloaded: C:\Users\Admin\.cursor\Lambda\src\backend\src\downloads\leier_datasheets\hu\Részletrajzok\Csomópontok\Kéregelemes_födém_részletrajzok\asc\leier-p01-kpanel-koszoru1.pdf
2025-07-01 21:51:56,790 - INFO - HTTP Request: GET https://www.leier.hu/hu/dokumentumtar/2515 "HTTP/1.1 200 OK"
2025-07-01 21:51:57,071 - INFO - HTTP Request: GET https://www.leier.hu/hu/dokumentumtar/3431 "HTTP/1.1 200 OK"
2025-07-01 21:51:57,079 - INFO - ✅ Downloaded: C:\Users\Admin\.cursor\Lambda\src\backend\src\downloads\leier_datasheets\hu\Részletrajzok\Elemrajzok__DWG__PDF_\Mélyépítés\Kábelcsatorna\KCS_vályú_teljes_oldal.pdf
2025-07-01 21:51:57,080 - INFO - ✅ Downloaded: C:\Users\Admin\.cursor\Lambda\src\backend\src\downloads\leier_datasheets\hu\Részletrajzok\Elemrajzok__DWG__PDF_\Mélyépítés\Árokburkoló-_és_árokelemek\ÁBE_30_40_-_200L_-_árokburkoló_elem_-_hosszmetszet.pdf
2025-07-01 21:51:57,597 - INFO - ✅ Downloaded: C:\Users\Admin\.cursor\Lambda\src\backend\src\downloads\leier_datasheets\hu\Részletrajzok\Elemrajzok__DWG__PDF_\Környezettechnika\Olajelválasztók_DWG\LOL_SUPER_100_KF_melle_klet.pdf
2025-07-01 21:51:57,598 - INFO - ✅ Downloaded: C:\Users\Admin\.cursor\Lambda\src\backend\src\downloads\leier_datasheets\hu\Részletrajzok\Csomópontok\Tető_részletrajzok\pln\t072-tetoablak-vizsz.pdf
2025-07-01 21:51:58,162 - INFO - ✅ Downloaded: C:\Users\Admin\.cursor\Lambda\src\backend\src\downloads\leier_datasheets\hu\Részletrajzok\Elemrajzok__DWG__PDF_\Környezettechnika\Olajelválasztók_DWG\LOL_SUPER_10_NF_melle_klet.pdf
2025-07-01 21:51:58,590 - INFO - HTTP Request: GET https://www.leier.hu/hu/dokumentumtar/2556 "HTTP/1.1 200 OK"
2025-07-01 21:51:58,604 - INFO - ✅ Downloaded: C:\Users\Admin\.cursor\Lambda\src\backend\src\downloads\leier_datasheets\hu\Részletrajzok\Csomópontok\Kémény_részletrajzok\dxf\leier-k041-kemeny-tetoat11.pdf
2025-07-01 21:51:58,879 - INFO - HTTP Request: GET https://www.leier.hu/hu/dokumentumtar/3400 "HTTP/1.1 200 OK"
2025-07-01 21:51:58,880 - INFO - HTTP Request: GET https://www.leier.hu/hu/dokumentumtar/3337 "HTTP/1.1 200 OK"
2025-07-01 21:51:58,881 - INFO - HTTP Request: GET https://www.leier.hu/hu/dokumentumtar/1991 "HTTP/1.1 200 OK"
2025-07-01 21:51:58,882 - INFO - HTTP Request: GET https://www.leier.hu/hu/dokumentumtar/3380 "HTTP/1.1 200 OK"
2025-07-01 21:51:58,884 - INFO - HTTP Request: GET https://www.leier.hu/hu/dokumentumtar/3036 "HTTP/1.1 200 OK"
2025-07-01 21:51:58,886 - INFO - HTTP Request: GET https://www.leier.hu/hu/dokumentumtar/4006 "HTTP/1.1 200 OK"
2025-07-01 21:51:58,887 - INFO - HTTP Request: GET https://www.leier.hu/hu/dokumentumtar/3886 "HTTP/1.1 200 OK"
2025-07-01 21:51:58,909 - INFO - ✅ Downloaded: C:\Users\Admin\.cursor\Lambda\src\backend\src\downloads\leier_datasheets\hu\Részletrajzok\Elemrajzok__DWG__PDF_\Környezettechnika\Olajelválasztók_DWG\LOL_SUPER_80_KF_melle_klet.pdf
2025-07-01 21:51:58,909 - INFO - ✅ Downloaded: C:\Users\Admin\.cursor\Lambda\src\backend\src\downloads\leier_datasheets\hu\Részletrajzok\Elemrajzok__DWG__PDF_\Környezettechnika\Olajelválasztók_DWG\LOL_SUPER_40_max_NF_melle_klet.pdf
2025-07-01 21:51:58,910 - INFO - ✅ Downloaded: C:\Users\Admin\.cursor\Lambda\src\backend\src\downloads\leier_datasheets\hu\Részletrajzok\Elemrajzok__DWG__PDF_\Mélyépítés\Betontartályok\LBT_7_akna_melle_klet.pdf
2025-07-01 21:51:59,704 - INFO - ✅ Downloaded: C:\Users\Admin\.cursor\Lambda\src\backend\src\downloads\leier_datasheets\hu\Részletrajzok\Elemrajzok__DWG__PDF_\Környezettechnika\Iszapfogók_PDF\LIF_240_215_melleklet_PDF.pdf
2025-07-01 21:52:00,011 - INFO - ✅ Downloaded: C:\Users\Admin\.cursor\Lambda\src\backend\src\downloads\leier_datasheets\hu\Teljesítménynyilatkozatok\Magasépítési_termékek\Tégla_termékek\Devecser_-_Teljesítménynyilatkozatok\LeierPLAN\Teljesítménynyilatkozat_-_LeierPLAN_Pro_30_-_DE_LE_DE771-1-19-01.pdf
2025-07-01 21:52:00,283 - INFO - ✅ Downloaded: C:\Users\Admin\.cursor\Lambda\src\backend\src\downloads\leier_datasheets\hu\LeierPress\LeierPress_2020.pdf
2025-07-01 21:52:00,574 - INFO - ✅ Downloaded: C:\Users\Admin\.cursor\Lambda\src\backend\src\downloads\leier_datasheets\hu\Teljesítménynyilatkozatok\Magasépítési_termékek\Előregyártott_falak\Falelem_-_Győr_-_Teljesítménynyilatkozat_LE_GY14992-05.pdf
2025-07-01 21:52:00,849 - INFO - ✅ Downloaded: C:\Users\Admin\.cursor\Lambda\src\backend\src\downloads\leier_datasheets\at\Prospekte\Leier_Hochbeete__Gartensets___Dekosysteme.pdf
2025-07-01 21:52:01,122 - INFO - HTTP Request: GET https://www.leier.hu/hu/dokumentumtar/4178 "HTTP/1.1 200 OK"
2025-07-01 21:52:01,127 - ERROR - ❌ Failed to download https://www.leier.hu/hu/dokumentumtar/4178: [Errno 2] No such file or directory: 'C:\\Users\\Admin\\.cursor\\Lambda\\src\\backend\\src\\downloads\\leier_datasheets\\hu\\Betoncserepes_dokumentumtár__Termékadatlap_-_Teljesítménynyilatkozat_-_Beépítési_útmutató\\Termékadatlapok\\Leier_Toscana_tetocserep_termekadatlap\\Leier-Toscana-tetocserep-termekadatlap_pdf.pdf'
2025-07-01 21:52:01,398 - INFO - HTTP Request: GET https://www.leier.hu/hu/dokumentumtar/3090 "HTTP/1.1 200 OK"
2025-07-01 21:52:01,399 - INFO - HTTP Request: GET https://www.leier.hu/hu/dokumentumtar/3556 "HTTP/1.1 200 OK"
2025-07-01 21:52:01,400 - INFO - HTTP Request: GET https://www.leier.hu/hu/dokumentumtar/3933 "HTTP/1.1 200 OK"
2025-07-01 21:52:01,401 - INFO - HTTP Request: GET https://www.leier.hu/hu/dokumentumtar/1971 "HTTP/1.1 200 OK"
2025-07-01 21:52:01,402 - INFO - HTTP Request: GET https://www.leier.hu/hu/dokumentumtar/3465 "HTTP/1.1 200 OK"
2025-07-01 21:52:01,412 - INFO - ✅ Downloaded: C:\Users\Admin\.cursor\Lambda\src\backend\src\downloads\leier_datasheets\hu\Teljesítménynyilatkozatok\Magasépítési_termékek\Tégla_termékek\Devecser_-_CE-tanúsítványok\Leiertherm\CE-_Leiertherm_12_N_F_-_DE.pdf
2025-07-01 21:52:01,672 - INFO - ✅ Downloaded: C:\Users\Admin\.cursor\Lambda\src\backend\src\downloads\leier_datasheets\hu\Részletrajzok\Elemrajzok__DWG__PDF_\Környezettechnika\Olajelválasztók_PDF\LOL_SUPER_3_P_melleklet_PDF.pdf
2025-07-01 21:52:01,673 - INFO - HTTP Request: GET https://www.leier.hu/hu/dokumentumtar/1986 "HTTP/1.1 200 OK"
2025-07-01 21:52:01,674 - INFO - HTTP Request: GET https://www.leier.hu/hu/dokumentumtar/3528 "HTTP/1.1 200 OK"
2025-07-01 21:52:01,954 - INFO - ✅ Downloaded: C:\Users\Admin\.cursor\Lambda\src\backend\src\downloads\leier_datasheets\hu\Részletrajzok\Elemrajzok__DWG__PDF_\Mélyépítés\Előfej_támfalelemek\LEF_30_-_Tömbelőfej_betoncsőhöz_-_hosszmetszet.pdf
2025-07-01 21:52:01,954 - INFO - ✅ Downloaded: C:\Users\Admin\.cursor\Lambda\src\backend\src\downloads\leier_datasheets\hu\Részletrajzok\Elemrajzok__DWG__PDF_\Környezettechnika\Olajelválasztók_PDF\LOL_SUPER_150_max_KF_melleklet_PDF.pdf
2025-07-01 21:52:02,522 - INFO - HTTP Request: GET https://www.leier.hu/hu/dokumentumtar/3437 "HTTP/1.1 200 OK"
2025-07-01 21:52:02,524 - INFO - ✅ Downloaded: C:\Users\Admin\.cursor\Lambda\src\backend\src\downloads\leier_datasheets\hu\Részletrajzok\Elemrajzok__DWG__PDF_\Környezettechnika\Olajelválasztók_PDF\LOL_SUPER_20_KF_melleklet_PDF.pdf
2025-07-01 21:52:02,793 - INFO - ✅ Downloaded: C:\Users\Admin\.cursor\Lambda\src\backend\src\downloads\leier_datasheets\hu\Teljesítménynyilatkozatok\Magasépítési_termékek\Tégla_termékek\Devecser_-_Teljesítménynyilatkozatok\LeierPLAN\Teljesítménynyilatkozat_-_LeierPLAN_44_Pro_LE_DE771-1-21-02.pdf
2025-07-01 21:52:03,061 - INFO - ✅ Downloaded: C:\Users\Admin\.cursor\Lambda\src\backend\src\downloads\leier_datasheets\at\Verarbeitungsinfos\Verarbeitungsinfo_Architektur_Trockenmauerstein_Beet_192x204_cm.pdf
2025-07-01 21:52:03,324 - INFO - HTTP Request: GET https://www.leier.hu/hu/dokumentumtar/2775 "HTTP/1.1 200 OK"
2025-07-01 21:52:03,325 - INFO - ✅ Downloaded: C:\Users\Admin\.cursor\Lambda\src\backend\src\downloads\leier_datasheets\hu\Részletrajzok\Elemrajzok__DWG__PDF_\Környezettechnika\Olajelválasztók_DWG\LOL_SUPER_8_P_melle_klet.pdf
2025-07-01 21:52:03,610 - INFO - ✅ Downloaded: C:\Users\Admin\.cursor\Lambda\src\backend\src\downloads\leier_datasheets\hu\Részletrajzok\Csomópontok\Kéregelemes_födém_részletrajzok\dxf\leier-p02a-kpanel-koszoru2.pdf
2025-07-01 21:52:03,880 - INFO - HTTP Request: GET https://www.leier.hu/hu/dokumentumtar/3915 "HTTP/1.1 200 OK"
2025-07-01 21:52:03,881 - INFO - HTTP Request: GET https://www.leier.hu/hu/dokumentumtar/3059 "HTTP/1.1 200 OK"
2025-07-01 21:52:03,881 - INFO - ✅ Downloaded: C:\Users\Admin\.cursor\Lambda\src\backend\src\downloads\leier_datasheets\hu\Alkalmazástechnikák__Beépítési_útmutatók\Előregyártott_betonelemek_-_Alkalmazástechnika.pdf
2025-07-01 21:52:04,155 - INFO - ✅ Downloaded: C:\Users\Admin\.cursor\Lambda\src\backend\src\downloads\leier_datasheets\at\Aufbauanleitungen\Aufbauanleitung_Durisol_Hochbeet_R-Form.pdf
2025-07-01 21:52:04,421 - INFO - HTTP Request: GET https://www.leier.hu/hu/dokumentumtar/2502 "HTTP/1.1 200 OK"
2025-07-01 21:52:04,422 - INFO - HTTP Request: GET https://www.leier.hu/hu/dokumentumtar/3303 "HTTP/1.1 200 OK"
2025-07-01 21:52:04,423 - INFO - HTTP Request: GET https://www.leier.hu/hu/dokumentumtar/2533 "HTTP/1.1 200 OK"
2025-07-01 21:52:04,424 - INFO - HTTP Request: GET https://www.leier.hu/hu/dokumentumtar/3066 "HTTP/1.1 200 OK"
2025-07-01 21:52:04,424 - INFO - ✅ Downloaded: C:\Users\Admin\.cursor\Lambda\src\backend\src\downloads\leier_datasheets\hu\Részletrajzok\Elemrajzok__DWG__PDF_\Mélyépítés\Előfej_támfalelemek\TFE_40_-_Támfalelem_hátulnézet.pdf
2025-07-01 21:52:04,702 - INFO - ✅ Downloaded: C:\Users\Admin\.cursor\Lambda\src\backend\src\downloads\leier_datasheets\hu\Részletrajzok\Csomópontok\Tető_részletrajzok\asc\leier-t071-tetoablak-fugg.pdf
2025-07-01 21:52:04,983 - INFO - ✅ Downloaded: C:\Users\Admin\.cursor\Lambda\src\backend\src\downloads\leier_datasheets\hu\Részletrajzok\Elemrajzok__DWG__PDF_\Mélyépítés\Vízelnyelőakna_elemek\VAFE.pdf
2025-07-01 21:52:05,244 - INFO - ✅ Downloaded: C:\Users\Admin\.cursor\Lambda\src\backend\src\downloads\leier_datasheets\hu\Részletrajzok\Csomópontok\Kémény_részletrajzok\dwg\k02b-kemeny-fodemattor2.pdf
2025-07-01 21:52:05,510 - INFO - HTTP Request: GET https://www.leier.hu/hu/dokumentumtar/2053 "HTTP/1.1 200 OK"
2025-07-01 21:52:05,511 - INFO - HTTP Request: GET https://www.leier.hu/hu/dokumentumtar/2298 "HTTP/1.1 200 OK"
2025-07-01 21:52:05,513 - INFO - ✅ Downloaded: C:\Users\Admin\.cursor\Lambda\src\backend\src\downloads\leier_datasheets\hu\Részletrajzok\Elemrajzok__DWG__PDF_\Mélyépítés\Előfej_támfalelemek\TFE_30_-_Támfalelem_elölnézet.pdf
2025-07-01 21:52:05,786 - INFO - HTTP Request: GET https://www.leier.hu/hu/dokumentumtar/3336 "HTTP/1.1 200 OK"
2025-07-01 21:52:05,788 - INFO - HTTP Request: GET https://www.leier.hu/hu/dokumentumtar/3016 "HTTP/1.1 200 OK"
2025-07-01 21:52:05,791 - INFO - ✅ Downloaded: C:\Users\Admin\.cursor\Lambda\src\backend\src\downloads\leier_datasheets\hu\Teljesítménynyilatkozatok\Magasépítési_termékek\Előregyártott_falak\LTE_támfalelem_-_Jánossomorja_-_Teljesítménynyilatkozat_LE_JS15258-02.pdf
2025-07-01 21:52:06,051 - INFO - ✅ Downloaded: C:\Users\Admin\.cursor\Lambda\src\backend\src\downloads\leier_datasheets\hu\Termékadatlapok\Kertépítés__díszburkolat\Rézsűkövek__kiegészítők__virágtartók\KAISERSTEIN_LUNA_rézsűkő_termékadatlap.pdf
2025-07-01 21:52:06,344 - INFO - ✅ Downloaded: C:\Users\Admin\.cursor\Lambda\src\backend\src\downloads\leier_datasheets\hu\Részletrajzok\Elemrajzok__DWG__PDF_\Környezettechnika\Zsírleválasztók_DWG\LZS_2_melle_klet_rajz.pdf
2025-07-01 21:52:06,680 - INFO - HTTP Request: GET https://www.leier.hu/hu/dokumentumtar/2998 "HTTP/1.1 200 OK"
2025-07-01 21:52:06,682 - INFO - HTTP Request: GET https://www.leier.hu/hu/dokumentumtar/3494 "HTTP/1.1 200 OK"
2025-07-01 21:52:06,683 - INFO - HTTP Request: GET https://www.leier.hu/hu/dokumentumtar/2660 "HTTP/1.1 200 OK"
2025-07-01 21:52:06,688 - INFO - ✅ Downloaded: C:\Users\Admin\.cursor\Lambda\src\backend\src\downloads\leier_datasheets\hu\Részletrajzok\Elemrajzok__DWG__PDF_\Mélyépítés\Betoncsövek\TA_30_100_-_Talpas_betoncső_keresztmetszet.pdf
2025-07-01 21:52:06,971 - INFO - HTTP Request: GET https://www.leier.hu/hu/dokumentumtar/3125 "HTTP/1.1 200 OK"
2025-07-01 21:52:06,972 - INFO - HTTP Request: GET https://www.leier.hu/hu/dokumentumtar/3058 "HTTP/1.1 200 OK"
2025-07-01 21:52:06,973 - INFO - HTTP Request: GET https://www.leier.hu/hu/dokumentumtar/4158 "HTTP/1.1 200 OK"
2025-07-01 21:52:06,977 - INFO - ✅ Downloaded: C:\Users\Admin\.cursor\Lambda\src\backend\src\downloads\leier_datasheets\hu\Részletrajzok\Csomópontok\Térburkolat_részletrajzok\pdf\b06b-folyoka2.pdf
2025-07-01 21:52:07,240 - INFO - ✅ Downloaded: C:\Users\Admin\.cursor\Lambda\src\backend\src\downloads\leier_datasheets\hu\Részletrajzok\Elemrajzok__DWG__PDF_\Környezettechnika\Olajelválasztók_PDF\LOL_SUPER_50_250_P_zapor_tulfolyoval_melleklet_PDF.pdf
2025-07-01 21:52:07,241 - INFO - HTTP Request: GET https://www.leier.hu/hu/dokumentumtar/3051 "HTTP/1.1 200 OK"
2025-07-01 21:52:07,509 - INFO - ✅ Downloaded: C:\Users\Admin\.cursor\Lambda\src\backend\src\downloads\leier_datasheets\hu\Részletrajzok\Elemrajzok__DWG__PDF_\Mélyépítés\Betoncsövek\TOTA_100_200L_-_Tokos_talpas_betoncső_hosszmetszet_vízszintes.pdf
2025-07-01 21:52:07,773 - INFO - HTTP Request: GET https://www.leier.hu/hu/dokumentumtar/2422 "HTTP/1.1 200 OK"
2025-07-01 21:52:07,774 - INFO - HTTP Request: GET https://www.leier.hu/hu/dokumentumtar/3477 "HTTP/1.1 200 OK"
2025-07-01 21:52:07,776 - INFO - ✅ Downloaded: C:\Users\Admin\.cursor\Lambda\src\backend\src\downloads\leier_datasheets\hu\Részletrajzok\Elemrajzok__DWG__PDF_\Mélyépítés\Kábelcsatorna\KCS_vályú_irt_jobb_hátul.pdf
2025-07-01 21:52:08,046 - INFO - ✅ Downloaded: C:\Users\Admin\.cursor\Lambda\src\backend\src\downloads\leier_datasheets\hu\Részletrajzok\Elemrajzok__DWG__PDF_\Mélyépítés\Előfej_támfalelemek\TFE_40_-_Támfalelem_metszet.pdf
2025-07-01 21:52:08,047 - INFO - ✅ Downloaded: C:\Users\Admin\.cursor\Lambda\src\backend\src\downloads\leier_datasheets\hu\Termékadatlapok\Kertépítés__díszburkolat\Térkövek\Leier_TAKTILIS_térkő_termékadatlap.pdf
2025-07-01 21:52:08,577 - INFO - HTTP Request: GET https://www.leier.hu/hu/dokumentumtar/2549 "HTTP/1.1 200 OK"
2025-07-01 21:52:08,579 - INFO - ✅ Downloaded: C:\Users\Admin\.cursor\Lambda\src\backend\src\downloads\leier_datasheets\hu\Részletrajzok\Csomópontok\Fal_részletrajzok\dxf\Leier_f09c-zsaluko-alap-tv1.pdf
2025-07-01 21:52:08,842 - INFO - ✅ Downloaded: C:\Users\Admin\.cursor\Lambda\src\backend\src\downloads\leier_datasheets\hu\Részletrajzok\Elemrajzok__DWG__PDF_\Mélyépítés\Előfej_támfalelemek\TFE_60_-_Támfalelem_elölnézet.pdf
2025-07-01 21:52:09,103 - INFO - HTTP Request: GET https://www.leier.hu/hu/dokumentumtar/2464 "HTTP/1.1 200 OK"
2025-07-01 21:52:09,107 - INFO - ✅ Downloaded: C:\Users\Admin\.cursor\Lambda\src\backend\src\downloads\leier_datasheets\hu\Részletrajzok\Elemrajzok__DWG__PDF_\Környezettechnika\Olajelválasztók_PDF\LOL_SUPER_100_max_NF_melleklet_PDF.pdf
2025-07-01 21:52:09,366 - INFO - ✅ Downloaded: C:\Users\Admin\.cursor\Lambda\src\backend\src\downloads\leier_datasheets\hu\Részletrajzok\Csomópontok\Kémény_részletrajzok\pln\k01-kemeny-alapozas.pdf
2025-07-01 21:52:09,633 - INFO - HTTP Request: GET https://www.leier.hu/hu/dokumentumtar/3455 "HTTP/1.1 200 OK"
2025-07-01 21:52:09,636 - INFO - HTTP Request: GET https://www.leier.hu/hu/dokumentumtar/3947 "HTTP/1.1 200 OK"
2025-07-01 21:52:09,638 - INFO - ✅ Downloaded: C:\Users\Admin\.cursor\Lambda\src\backend\src\downloads\leier_datasheets\hu\Részletrajzok\Csomópontok\Leier_Durisol_Magasépítő_falazórendszer\50_cm_magas_áthidaló_kialakítása_DSs_37_5-12.pdf
2025-07-01 21:52:09,907 - INFO - ✅ Downloaded: C:\Users\Admin\.cursor\Lambda\src\backend\src\downloads\leier_datasheets\at\Allgemeine_Hinweise\Checkliste.pdf
2025-07-01 21:52:10,198 - INFO - ✅ Downloaded: C:\Users\Admin\.cursor\Lambda\src\backend\src\downloads\leier_datasheets\hu\Részletrajzok\Elemrajzok__DWG__PDF_\Környezettechnika\Olajelválasztók_PDF\LOL_SUPER_200_P_melleklet_PDF.pdf
2025-07-01 21:52:10,198 - INFO - HTTP Request: GET https://www.leier.hu/hu/dokumentumtar/2727 "HTTP/1.1 200 OK"
2025-07-01 21:52:10,199 - INFO - HTTP Request: GET https://www.leier.hu/hu/dokumentumtar/3330 "HTTP/1.1 200 OK"
2025-07-01 21:52:10,200 - INFO - HTTP Request: GET https://www.leier.hu/hu/dokumentumtar/2940 "HTTP/1.1 200 OK"
2025-07-01 21:52:10,201 - INFO - HTTP Request: GET https://www.leier.hu/hu/dokumentumtar/3927 "HTTP/1.1 200 OK"
2025-07-01 21:52:10,476 - INFO - ✅ Downloaded: C:\Users\Admin\.cursor\Lambda\src\backend\src\downloads\leier_datasheets\hu\Részletrajzok\Csomópontok\Kéregelemes_födém_részletrajzok\dwg\p031-kpanel-belsokoszo.pdf
2025-07-01 21:52:10,745 - INFO - HTTP Request: GET https://www.leier.hu/hu/dokumentumtar/2926 "HTTP/1.1 200 OK"
2025-07-01 21:52:10,746 - INFO - HTTP Request: GET https://www.leier.hu/hu/dokumentumtar/3385 "HTTP/1.1 200 OK"
2025-07-01 21:52:10,747 - INFO - ✅ Downloaded: C:\Users\Admin\.cursor\Lambda\src\backend\src\downloads\leier_datasheets\at\Aufbauanleitungen\Aufbauanleitung_Architektur_Hochbeet_Set_Thymian.pdf
2025-07-01 21:52:11,068 - INFO - ✅ Downloaded: C:\Users\Admin\.cursor\Lambda\src\backend\src\downloads\leier_datasheets\hu\Részletrajzok\Elemrajzok__DWG__PDF_\Környezettechnika\Zsírleválasztók_DWG\LZS_2_Zsírleválasztó_-_függőleges_metszet.pdf
2025-07-01 21:52:11,337 - INFO - ✅ Downloaded: C:\Users\Admin\.cursor\Lambda\src\backend\src\downloads\leier_datasheets\hu\Részletrajzok\Elemrajzok__DWG__PDF_\Mélyépítés\Átemelőakna_elemek\AGY_240_150_LG_-_Átemelő_gyűrű_gumigyűrűs.pdf
2025-07-01 21:52:11,602 - INFO - HTTP Request: GET https://www.leier.hu/hu/dokumentumtar/2617 "HTTP/1.1 200 OK"
2025-07-01 21:52:11,603 - INFO - HTTP Request: GET https://www.leier.hu/hu/dokumentumtar/3278 "HTTP/1.1 200 OK"
2025-07-01 21:52:11,604 - INFO - ✅ Downloaded: C:\Users\Admin\.cursor\Lambda\src\backend\src\downloads\leier_datasheets\hu\Részletrajzok\Elemrajzok__DWG__PDF_\Környezettechnika\Olajelválasztók_DWG\LOL_SUPER_60_max_P_melle_klet.pdf
2025-07-01 21:52:11,872 - INFO - ✅ Downloaded: C:\Users\Admin\.cursor\Lambda\src\backend\src\downloads\leier_datasheets\hu\Részletrajzok\Elemrajzok__DWG__PDF_\Mélyépítés\Árokburkoló-_és_árokelemek\ÁBE_20_30_-_200_L_-_árokburkoló_elem_-_oldalnézet.pdf
2025-07-01 21:52:11,874 - INFO - HTTP Request: GET https://www.leier.hu/hu/dokumentumtar/3284 "HTTP/1.1 200 OK"
2025-07-01 21:52:12,143 - INFO - HTTP Request: GET https://www.leier.hu/hu/dokumentumtar/2592 "HTTP/1.1 200 OK"
2025-07-01 21:52:12,145 - INFO - ✅ Downloaded: C:\Users\Admin\.cursor\Lambda\src\backend\src\downloads\leier_datasheets\hu\Részletrajzok\Csomópontok\Kéregfal_részletrajzok\dwg\e08-belso-fodemcsat.pdf
2025-07-01 21:52:12,424 - INFO - HTTP Request: GET https://www.leier.hu/hu/dokumentumtar/3550 "HTTP/1.1 200 OK"
2025-07-01 21:52:12,425 - INFO - ✅ Downloaded: C:\Users\Admin\.cursor\Lambda\src\backend\src\downloads\leier_datasheets\hu\Részletrajzok\Elemrajzok__DWG__PDF_\Mélyépítés\Vasúti_peronelemek\Vasúti_peronelem_-_Felülnézet.pdf
2025-07-01 21:52:12,716 - INFO - ✅ Downloaded: C:\Users\Admin\.cursor\Lambda\src\backend\src\downloads\leier_datasheets\hu\Részletrajzok\Csomópontok\Födém_részletrajzok\pln\m02b-mesterf-koszoru3.pdf
2025-07-01 21:52:12,717 - INFO - HTTP Request: GET https://www.leier.hu/hu/dokumentumtar/2294 "HTTP/1.1 200 OK"
2025-07-01 21:52:12,985 - INFO - HTTP Request: GET https://www.leier.hu/hu/dokumentumtar/2360 "HTTP/1.1 200 OK"
2025-07-01 21:52:12,988 - INFO - ✅ Downloaded: C:\Users\Admin\.cursor\Lambda\src\backend\src\downloads\leier_datasheets\hu\Részletrajzok\Elemrajzok__DWG__PDF_\Környezettechnika\Olajelválasztók_PDF\LOL_SUPER_6_60_KF_zapor_tulfolyoval_melleklet_PDF.pdf
2025-07-01 21:52:12,988 - INFO - ✅ Downloaded: C:\Users\Admin\.cursor\Lambda\src\backend\src\downloads\leier_datasheets\hu\Részletrajzok\Elemrajzok__DWG__PDF_\Mélyépítés\Vízóra_akna\Vízóra_akna.pdf
2025-07-01 21:52:12,989 - INFO - ✅ Downloaded: C:\Users\Admin\.cursor\Lambda\src\backend\src\downloads\leier_datasheets\hu\Termékadatlapok\Kertépítés__díszburkolat\Kerti_lapok\PALAIS_lapok_termékadatlap.pdf
2025-07-01 21:52:13,782 - INFO - HTTP Request: GET https://www.leier.hu/hu/dokumentumtar/3539 "HTTP/1.1 200 OK"
2025-07-01 21:52:13,783 - INFO - HTTP Request: GET https://www.leier.hu/hu/dokumentumtar/2553 "HTTP/1.1 200 OK"
2025-07-01 21:52:13,786 - INFO - ✅ Downloaded: C:\Users\Admin\.cursor\Lambda\src\backend\src\downloads\leier_datasheets\hu\Részletrajzok\Csomópontok\Fal_részletrajzok\dwg\f09a-uni-alapozas-tn.pdf
2025-07-01 21:52:14,059 - INFO - HTTP Request: GET https://www.leier.hu/hu/dokumentumtar/3025 "HTTP/1.1 200 OK"
2025-07-01 21:52:14,060 - INFO - HTTP Request: GET https://www.leier.hu/hu/dokumentumtar/1966 "HTTP/1.1 200 OK"
2025-07-01 21:52:14,066 - INFO - ✅ Downloaded: C:\Users\Admin\.cursor\Lambda\src\backend\src\downloads\leier_datasheets\hu\Részletrajzok\Csomópontok\Kémény_részletrajzok\asc\leier-k02b-kemeny-fodemattor2.pdf
2025-07-01 21:52:14,327 - INFO - ✅ Downloaded: C:\Users\Admin\.cursor\Lambda\src\backend\src\downloads\leier_datasheets\hu\Részletrajzok\Elemrajzok__DWG__PDF_\Környezettechnika\Olajelválasztók_PDF\LOL_SUPER_10_NF_melleklet_PDF.pdf
2025-07-01 21:52:14,606 - INFO - HTTP Request: GET https://www.leier.hu/hu/dokumentumtar/2710 "HTTP/1.1 200 OK"
2025-07-01 21:52:14,607 - INFO - HTTP Request: GET https://www.leier.hu/hu/dokumentumtar/2968 "HTTP/1.1 200 OK"
2025-07-01 21:52:14,613 - INFO - ✅ Downloaded: C:\Users\Admin\.cursor\Lambda\src\backend\src\downloads\leier_datasheets\hu\Teljesítménynyilatkozatok\Magasépítési_termékek\Tégla_termékek\Devecser_-_CE-tanúsítványok\Leiertherm\CE_-_Leiertherm_30_N_F_-_DE.pdf
2025-07-01 21:52:14,614 - INFO - ✅ Downloaded: C:\Users\Admin\.cursor\Lambda\src\backend\src\downloads\leier_datasheets\hu\Részletrajzok\Elemrajzok__DWG__PDF_\Mélyépítés\Betontartályok\LBT_5_-_Betontartály_függőleges_metszet.pdf
2025-07-01 21:52:15,194 - INFO - ✅ Downloaded: C:\Users\Admin\.cursor\Lambda\src\backend\src\downloads\leier_datasheets\hu\Részletrajzok\Csomópontok\Mélyépítési_részletrajzok\asc\leier-c06-nagyatmero-gumigy.pdf
2025-07-01 21:52:15,195 - INFO - HTTP Request: GET https://www.leier.hu/hu/dokumentumtar/3252 "HTTP/1.1 200 OK"
2025-07-01 21:52:15,197 - INFO - HTTP Request: GET https://www.leier.hu/hu/dokumentumtar/3508 "HTTP/1.1 200 OK"
2025-07-01 21:52:15,197 - INFO - HTTP Request: GET https://www.leier.hu/hu/dokumentumtar/2726 "HTTP/1.1 200 OK"
2025-07-01 21:52:15,490 - INFO - ✅ Downloaded: C:\Users\Admin\.cursor\Lambda\src\backend\src\downloads\leier_datasheets\hu\Részletrajzok\Elemrajzok__DWG__PDF_\Mélyépítés\Átemelőakna_elemek\AFE_240_200_L_-_Átemelő_fenékelem.pdf
2025-07-01 21:52:15,756 - INFO - ✅ Downloaded: C:\Users\Admin\.cursor\Lambda\src\backend\src\downloads\leier_datasheets\hu\Részletrajzok\Csomópontok\Kéregelemes_födém_részletrajzok\dwg\p04-kpanel-valaszfal.pdf
2025-07-01 21:52:16,021 - INFO - HTTP Request: GET https://www.leier.hu/hu/dokumentumtar/3354 "HTTP/1.1 200 OK"
2025-07-01 21:52:16,023 - INFO - ✅ Downloaded: C:\Users\Admin\.cursor\Lambda\src\backend\src\downloads\leier_datasheets\hu\Részletrajzok\Elemrajzok__DWG__PDF_\Környezettechnika\Olajelválasztók_PDF\LOL_SUPER_40_KF_melleklet_PDF.pdf
2025-07-01 21:52:16,290 - INFO - HTTP Request: GET https://www.leier.hu/hu/dokumentumtar/1956 "HTTP/1.1 200 OK"
2025-07-01 21:52:16,290 - INFO - HTTP Request: GET https://www.leier.hu/hu/dokumentumtar/3472 "HTTP/1.1 200 OK"
2025-07-01 21:52:16,291 - INFO - ✅ Downloaded: C:\Users\Admin\.cursor\Lambda\src\backend\src\downloads\leier_datasheets\hu\Részletrajzok\Elemrajzok__DWG__PDF_\Mélyépítés\Tisztítóakna_elemek\Akna_fenékelemek\AFE_80_L_K_-_Akna_fenékelem_künettel_-_vízszintes_metszet.pdf
2025-07-01 21:52:16,567 - INFO - ✅ Downloaded: C:\Users\Admin\.cursor\Lambda\src\backend\src\downloads\leier_datasheets\hu\Részletrajzok\Elemrajzok__DWG__PDF_\Környezettechnika\Olajelválasztók_DWG\LOL_SUPER_200_max_KF_melle_klet.pdf
2025-07-01 21:52:16,830 - INFO - ✅ Downloaded: C:\Users\Admin\.cursor\Lambda\src\backend\src\downloads\leier_datasheets\hu\Teljesítménynyilatkozatok\Magasépítési_termékek\Tégla_termékek\Devecser_-_CE-tanúsítványok\LeierPLAN\CE_-_LeierPLAN_38_N_F_-_DE.pdf
2025-07-01 21:52:16,831 - INFO - HTTP Request: GET https://www.leier.hu/hu/dokumentumtar/2618 "HTTP/1.1 200 OK"
2025-07-01 21:52:16,832 - INFO - HTTP Request: GET https://www.leier.hu/hu/dokumentumtar/2923 "HTTP/1.1 200 OK"
2025-07-01 21:52:16,833 - INFO - HTTP Request: GET https://www.leier.hu/hu/dokumentumtar/3608 "HTTP/1.1 200 OK"
2025-07-01 21:52:17,110 - INFO - ✅ Downloaded: C:\Users\Admin\.cursor\Lambda\src\backend\src\downloads\leier_datasheets\hu\Részletrajzok\Elemrajzok__DWG__PDF_\Környezettechnika\Olajelválasztók_PDF\LOL_SUPER_125_KF_melleklet_PDF.pdf
2025-07-01 21:52:17,378 - INFO - HTTP Request: GET https://www.leier.hu/hu/dokumentumtar/2770 "HTTP/1.1 200 OK"
2025-07-01 21:52:17,378 - INFO - HTTP Request: GET https://www.leier.hu/hu/dokumentumtar/2938 "HTTP/1.1 200 OK"
2025-07-01 21:52:17,380 - INFO - ✅ Downloaded: C:\Users\Admin\.cursor\Lambda\src\backend\src\downloads\leier_datasheets\hu\Részletrajzok\Csomópontok\Kéregfal_részletrajzok\dwg\e06-keregfal-piller.pdf
2025-07-01 21:52:17,670 - INFO - HTTP Request: GET https://www.leier.hu/hu/dokumentumtar/4022 "HTTP/1.1 200 OK"
2025-07-01 21:52:17,677 - INFO - ✅ Downloaded: C:\Users\Admin\.cursor\Lambda\src\backend\src\downloads\leier_datasheets\hu\Részletrajzok\Csomópontok\Kéregelemes_födém_részletrajzok\dxf\leier-p04-kpanel-valaszfal.pdf
2025-07-01 21:52:17,962 - INFO - ✅ Downloaded: C:\Users\Admin\.cursor\Lambda\src\backend\src\downloads\leier_datasheets\hu\Részletrajzok\Elemrajzok__DWG__PDF_\Durisol_zajárnyékolás\DSI_20_13_N_-_Durisol_blokkelem_-_Felülnézet.pdf
2025-07-01 21:52:17,962 - INFO - ✅ Downloaded: C:\Users\Admin\.cursor\Lambda\src\backend\src\downloads\leier_datasheets\hu\Részletrajzok\Elemrajzok__DWG__PDF_\Mélyépítés\Árokburkoló-_és_árokelemek\ÁBE_30_40_-_200L_-_árokburkoló_elem_-_felülnézet.pdf
2025-07-01 21:52:18,610 - INFO - HTTP Request: GET https://www.leier.hu/hu/dokumentumtar/3599 "HTTP/1.1 200 OK"
2025-07-01 21:52:18,611 - INFO - HTTP Request: GET https://www.leier.hu/hu/dokumentumtar/2003 "HTTP/1.1 200 OK"
2025-07-01 21:52:18,615 - INFO - ✅ Downloaded: C:\Users\Admin\.cursor\Lambda\src\backend\src\downloads\leier_datasheets\hu\Részletrajzok\Elemrajzok__DWG__PDF_\Mélyépítés\Átemelőakna_elemek\AGY_240_150_LG_V-_Átemelő_gyűrű_gumigyűrűs_végelem.pdf
2025-07-01 21:52:18,902 - INFO - HTTP Request: GET https://www.leier.hu/hu/dokumentumtar/2722 "HTTP/1.1 200 OK"
2025-07-01 21:52:18,903 - INFO - ✅ Downloaded: C:\Users\Admin\.cursor\Lambda\src\backend\src\downloads\leier_datasheets\at\Verarbeitungsinfos\Verarbeitungsinfo_Kartäuser_Mauer.pdf
2025-07-01 21:52:18,904 - INFO - HTTP Request: GET https://www.leier.hu/hu/dokumentumtar/4044 "HTTP/1.1 200 OK"
2025-07-01 21:52:19,217 - INFO - ✅ Downloaded: C:\Users\Admin\.cursor\Lambda\src\backend\src\downloads\leier_datasheets\hu\Teljesítménynyilatkozatok\Magasépítési_termékek\Tégla_termékek\Devecser_-_Teljesítménynyilatkozatok\Leiertherm\Teljesítménynyilatkozat_-_Leiertherm_38_N_F_LE_DE771-1-02-04.pdf
2025-07-01 21:52:19,504 - INFO - HTTP Request: GET https://www.leier.hu/hu/dokumentumtar/2665 "HTTP/1.1 200 OK"
2025-07-01 21:52:19,506 - INFO - ✅ Downloaded: C:\Users\Admin\.cursor\Lambda\src\backend\src\downloads\leier_datasheets\hu\Részletrajzok\Csomópontok\Kéregelemes_födém_részletrajzok\dwg\p08-kpanel-erkely.pdf
2025-07-01 21:52:19,825 - INFO - ✅ Downloaded: C:\Users\Admin\.cursor\Lambda\src\backend\src\downloads\leier_datasheets\hu\Részletrajzok\Elemrajzok__DWG__PDF_\Durisol_zajárnyékolás\Durisol_panel_296_100_DSI_30_13_W_-_Metszet.pdf
2025-07-01 21:52:20,138 - INFO - HTTP Request: GET https://www.leier.hu/hu/dokumentumtar/3274 "HTTP/1.1 200 OK"
2025-07-01 21:52:20,139 - INFO - ✅ Downloaded: C:\Users\Admin\.cursor\Lambda\src\backend\src\downloads\leier_datasheets\hu\Termékadatlapok\Tetőfedő_rendszerek\Leier_Granite_tető_és_idomcserepek_-_Termékadatlap.pdf
2025-07-01 21:52:20,406 - INFO - ✅ Downloaded: C:\Users\Admin\.cursor\Lambda\src\backend\src\downloads\leier_datasheets\hu\Részletrajzok\Csomópontok\Térburkolat_részletrajzok\pdf\b02-szegely2.pdf
2025-07-01 21:52:20,666 - INFO - HTTP Request: GET https://www.leier.hu/hu/dokumentumtar/3859 "HTTP/1.1 200 OK"
2025-07-01 21:52:20,667 - INFO - HTTP Request: GET https://www.leier.hu/hu/dokumentumtar/3401 "HTTP/1.1 200 OK"
2025-07-01 21:52:20,668 - INFO - HTTP Request: GET https://www.leier.hu/hu/dokumentumtar/2970 "HTTP/1.1 200 OK"
2025-07-01 21:52:20,670 - INFO - ✅ Downloaded: C:\Users\Admin\.cursor\Lambda\src\backend\src\downloads\leier_datasheets\hu\Részletrajzok\Elemrajzok__DWG__PDF_\Mélyépítés\Tisztítóakna_elemek\Akna_fenékelemek\AFE_100_L.pdf
2025-07-01 21:52:20,959 - INFO - HTTP Request: GET https://www.leier.hu/hu/dokumentumtar/2839 "HTTP/1.1 200 OK"
2025-07-01 21:52:20,960 - INFO - HTTP Request: GET https://www.leier.hu/hu/dokumentumtar/3433 "HTTP/1.1 200 OK"
2025-07-01 21:52:20,965 - INFO - ✅ Downloaded: C:\Users\Admin\.cursor\Lambda\src\backend\src\downloads\leier_datasheets\hu\Teljesítménynyilatkozatok\Kertépítés__díszburkolat\Leier_beton_járdalapok_Teljesitménynyilatkozat-_NR_LE_HU1339_01.pdf
2025-07-01 21:52:20,965 - INFO - ✅ Downloaded: C:\Users\Admin\.cursor\Lambda\src\backend\src\downloads\leier_datasheets\hu\Részletrajzok\Elemrajzok__DWG__PDF_\Környezettechnika\Olajelválasztók_DWG\LOL_SUPER_40_max_KF_melle_klet.pdf
2025-07-01 21:52:21,506 - INFO - HTTP Request: GET https://www.leier.hu/hu/dokumentumtar/2537 "HTTP/1.1 200 OK"
2025-07-01 21:52:21,506 - INFO - HTTP Request: GET https://www.leier.hu/hu/dokumentumtar/3398 "HTTP/1.1 200 OK"
2025-07-01 21:52:21,510 - INFO - ✅ Downloaded: C:\Users\Admin\.cursor\Lambda\src\backend\src\downloads\leier_datasheets\hu\Részletrajzok\Elemrajzok__DWG__PDF_\Mélyépítés\Átemelőakna_elemek\AFE_240_190_LG_-_Átemelő_fenékelem_gumigyűrűs.pdf
2025-07-01 21:52:21,511 - INFO - ✅ Downloaded: C:\Users\Admin\.cursor\Lambda\src\backend\src\downloads\leier_datasheets\hu\Részletrajzok\Elemrajzok__DWG__PDF_\Környezettechnika\Olajelválasztók_DWG\LOL_SUPER_10_max_NF_melle_klet.pdf
2025-07-01 21:52:22,043 - INFO - HTTP Request: GET https://www.leier.hu/hu/dokumentumtar/2902 "HTTP/1.1 200 OK"
2025-07-01 21:52:22,043 - INFO - HTTP Request: GET https://www.leier.hu/hu/dokumentumtar/2153 "HTTP/1.1 200 OK"
2025-07-01 21:52:22,048 - INFO - ✅ Downloaded: C:\Users\Admin\.cursor\Lambda\src\backend\src\downloads\leier_datasheets\hu\Részletrajzok\Elemrajzok__DWG__PDF_\Környezettechnika\Olajelválasztók_DWG\LOL_SUPER_40_NF_melle_klet.pdf
2025-07-01 21:52:22,048 - INFO - ✅ Downloaded: C:\Users\Admin\.cursor\Lambda\src\backend\src\downloads\leier_datasheets\hu\Részletrajzok\Csomópontok\Kémény_részletrajzok\pdf\k05-kemenyatvez-lapost.pdf
2025-07-01 21:52:22,574 - INFO - HTTP Request: GET https://www.leier.hu/hu/dokumentumtar/2097 "HTTP/1.1 200 OK"
2025-07-01 21:52:22,578 - INFO - ✅ Downloaded: C:\Users\Admin\.cursor\Lambda\src\backend\src\downloads\leier_datasheets\hu\Teljesítménynyilatkozatok\Mély-_és_vasútépítés__környezettechnika\Felszíni_vízelvezetés\Árokburkoló_elem_-_Jánosháza_-_Teljesítménynyilatkozat_LE_JH1433-02.pdf
2025-07-01 21:52:22,578 - INFO - ✅ Downloaded: C:\Users\Admin\.cursor\Lambda\src\backend\src\downloads\leier_datasheets\hu\Szerelési_útmutatók\Mesterpanel___Elementdecke\Szerelési_útmutató___Montageanleitung\DE\Leier_Elementdecke_Montageanleitung.pdf
2025-07-01 21:52:23,114 - INFO - HTTP Request: GET https://www.leier.hu/hu/dokumentumtar/3315 "HTTP/1.1 200 OK"
2025-07-01 21:52:23,115 - INFO - HTTP Request: GET https://www.leier.hu/hu/dokumentumtar/2911 "HTTP/1.1 200 OK"
2025-07-01 21:52:23,120 - INFO - ✅ Downloaded: C:\Users\Admin\.cursor\Lambda\src\backend\src\downloads\leier_datasheets\hu\Teljesítménynyilatkozatok\Kéményrendszerek\Teljesítménynyilatkozat_LK_kéményrendszer_LE_KL13063-LK-02.pdf
2025-07-01 21:52:23,409 - INFO - ✅ Downloaded: C:\Users\Admin\.cursor\Lambda\src\backend\src\downloads\leier_datasheets\hu\Részletrajzok\Elemrajzok__DWG__PDF_\Mélyépítés\Árokburkoló-_és_árokelemek\ÁBE_F_30_40_-_50L_-_fedlap_-_felülnézet.pdf
2025-07-01 21:52:23,669 - INFO - HTTP Request: GET https://www.leier.hu/hu/dokumentumtar/3325 "HTTP/1.1 200 OK"
2025-07-01 21:52:23,670 - INFO - HTTP Request: GET https://www.leier.hu/hu/dokumentumtar/3332 "HTTP/1.1 200 OK"
2025-07-01 21:52:23,678 - INFO - ✅ Downloaded: C:\Users\Admin\.cursor\Lambda\src\backend\src\downloads\leier_datasheets\hu\Részletrajzok\Elemrajzok__DWG__PDF_\Környezettechnika\Iszapfogók_DWG\LIF_200_230L_Iszapfogó_-_vízszintes_metszet.pdf
2025-07-01 21:52:23,939 - INFO - ✅ Downloaded: C:\Users\Admin\.cursor\Lambda\src\backend\src\downloads\leier_datasheets\hu\Részletrajzok\Elemrajzok__DWG__PDF_\Mélyépítés\Árokburkoló-_és_árokelemek\ÁBE_F_20_30_-_50L_-_Bordás_fedlap_és_víznyelős_-_keresztmetszet.pdf
2025-07-01 21:52:24,205 - INFO - HTTP Request: GET https://www.leier.hu/hu/dokumentumtar/3273 "HTTP/1.1 200 OK"
2025-07-01 21:52:24,206 - INFO - HTTP Request: GET https://www.leier.hu/hu/dokumentumtar/2018 "HTTP/1.1 200 OK"
2025-07-01 21:52:24,212 - INFO - ✅ Downloaded: C:\Users\Admin\.cursor\Lambda\src\backend\src\downloads\leier_datasheets\hu\Részletrajzok\Elemrajzok__DWG__PDF_\Környezettechnika\Zsírleválasztók_DWG\LZS_7_Zsírleválasztó_-_vízszintes_metszet.pdf
2025-07-01 21:52:24,478 - INFO - ✅ Downloaded: C:\Users\Admin\.cursor\Lambda\src\backend\src\downloads\leier_datasheets\hu\Részletrajzok\Elemrajzok__DWG__PDF_\Környezettechnika\Zsírleválasztók_DWG\LZS_10_Zsírleválasztó_-_függőleges_metszet.pdf
2025-07-01 21:52:24,756 - INFO - ✅ Downloaded: C:\Users\Admin\.cursor\Lambda\src\backend\src\downloads\leier_datasheets\hu\Részletrajzok\Elemrajzok__DWG__PDF_\Mélyépítés\Tisztítóakna_elemek\Akna_fenékelemek\AFE_100_LG.pdf
2025-07-01 21:52:24,756 - INFO - HTTP Request: GET https://www.leier.hu/hu/dokumentumtar/3134 "HTTP/1.1 200 OK"
2025-07-01 21:52:24,757 - INFO - HTTP Request: GET https://www.leier.hu/hu/dokumentumtar/3375 "HTTP/1.1 200 OK"
2025-07-01 21:52:25,032 - INFO - ✅ Downloaded: C:\Users\Admin\.cursor\Lambda\src\backend\src\downloads\leier_datasheets\hu\Teljesítménynyilatkozatok\Magasépítési_termékek\Tégla_termékek\Mátraderecske_-_CE-tanúsítványok\CE_-_Leiertherm_38_N_F_-_MD.pdf
2025-07-01 21:52:25,337 - INFO - HTTP Request: GET https://www.leier.hu/hu/dokumentumtar/2560 "HTTP/1.1 200 OK"
2025-07-01 21:52:25,338 - INFO - HTTP Request: GET https://www.leier.hu/hu/dokumentumtar/2921 "HTTP/1.1 200 OK"
2025-07-01 21:52:25,338 - INFO - ✅ Downloaded: C:\Users\Admin\.cursor\Lambda\src\backend\src\downloads\leier_datasheets\hu\Részletrajzok\Elemrajzok__DWG__PDF_\Környezettechnika\Olajelválasztók_DWG\LOL_SUPER_80_P_melle_klet.pdf
2025-07-01 21:52:25,639 - INFO - ✅ Downloaded: C:\Users\Admin\.cursor\Lambda\src\backend\src\downloads\leier_datasheets\hu\Részletrajzok\Elemrajzok__DWG__PDF_\Mélyépítés\Kábelcsatorna\KCS_fedlap_irt_jobb_elöl.pdf
2025-07-01 21:52:25,901 - INFO - ✅ Downloaded: C:\Users\Admin\.cursor\Lambda\src\backend\src\downloads\leier_datasheets\hu\Részletrajzok\Csomópontok\Kémény_részletrajzok\dxf\leier-k02a-kemeny-fodem11.pdf
2025-07-01 21:52:26,185 - INFO - HTTP Request: GET https://www.leier.hu/hu/dokumentumtar/4116 "HTTP/1.1 200 OK"
2025-07-01 21:52:26,186 - INFO - HTTP Request: GET https://www.leier.hu/hu/dokumentumtar/2628 "HTTP/1.1 200 OK"
2025-07-01 21:52:26,230 - INFO - ✅ Downloaded: C:\Users\Admin\.cursor\Lambda\src\backend\src\downloads\leier_datasheets\hu\Részletrajzok\Elemrajzok__DWG__PDF_\Mélyépítés\Árokburkoló-_és_árokelemek\ÁBE_30_40_-_200L_-_árokburkoló_elem_-_keresztmetszet.pdf
2025-07-01 21:52:26,505 - INFO - ✅ Downloaded: C:\Users\Admin\.cursor\Lambda\src\backend\src\downloads\leier_datasheets\hu\Részletrajzok\Csomópontok\Kéregfal_részletrajzok\pdf\e04-keregfal-sarok.pdf
2025-07-01 21:52:26,506 - INFO - HTTP Request: GET https://www.leier.hu/hu/dokumentumtar/3543 "HTTP/1.1 200 OK"
2025-07-01 21:52:26,507 - INFO - HTTP Request: GET https://www.leier.hu/hu/dokumentumtar/3249 "HTTP/1.1 200 OK"
2025-07-01 21:52:26,508 - INFO - HTTP Request: GET https://www.leier.hu/hu/dokumentumtar/2771 "HTTP/1.1 200 OK"
2025-07-01 21:52:26,872 - INFO - ✅ Downloaded: C:\Users\Admin\.cursor\Lambda\src\backend\src\downloads\leier_datasheets\hu\Termékadatlapok\Magasépítési_termékek\Tégla_termékek\Leiertherm_45_NF_adatlap_pdf.pdf
2025-07-01 21:52:27,146 - INFO - HTTP Request: GET https://www.leier.hu/hu/dokumentumtar/2657 "HTTP/1.1 200 OK"
2025-07-01 21:52:27,149 - INFO - ✅ Downloaded: C:\Users\Admin\.cursor\Lambda\src\backend\src\downloads\leier_datasheets\hu\Részletrajzok\Csomópontok\Kéregelemes_födém_részletrajzok\dxf\leier-p032-kpanel-belsok.pdf
2025-07-01 21:52:27,422 - INFO - HTTP Request: GET https://www.leier.hu/hu/dokumentumtar/3443 "HTTP/1.1 200 OK"
2025-07-01 21:52:27,423 - INFO - HTTP Request: GET https://www.leier.hu/hu/dokumentumtar/2699 "HTTP/1.1 200 OK"
2025-07-01 21:52:27,425 - INFO - ✅ Downloaded: C:\Users\Admin\.cursor\Lambda\src\backend\src\downloads\leier_datasheets\hu\Részletrajzok\Elemrajzok__DWG__PDF_\Környezettechnika\Olajelválasztók_PDF\LOL_SUPER_10_KF_melleklet_PDF.pdf
2025-07-01 21:52:27,688 - INFO - ✅ Downloaded: C:\Users\Admin\.cursor\Lambda\src\backend\src\downloads\leier_datasheets\hu\Részletrajzok\Elemrajzok__DWG__PDF_\Mélyépítés\Tisztítóakna_elemek\Akna_fenékelemek\AFE_80_-_100_L_KN_-_Akna_fenékelem_künet_nélkül_-_függőleges_metszet.pdf
2025-07-01 21:52:27,950 - INFO - ✅ Downloaded: C:\Users\Admin\.cursor\Lambda\src\backend\src\downloads\leier_datasheets\hu\Részletrajzok\Csomópontok\Térburkolat_részletrajzok\pdf\b07b-tereplepcso2.pdf
2025-07-01 21:52:28,235 - INFO - HTTP Request: GET https://www.leier.hu/hu/dokumentumtar/2558 "HTTP/1.1 200 OK"
2025-07-01 21:52:28,237 - INFO - ✅ Downloaded: C:\Users\Admin\.cursor\Lambda\src\backend\src\downloads\leier_datasheets\hu\Részletrajzok\Csomópontok\Mélyépítési_részletrajzok\pdf\c05-nagyatmero-csaphor.pdf
2025-07-01 21:52:28,238 - INFO - HTTP Request: GET https://www.leier.hu/hu/dokumentumtar/2965 "HTTP/1.1 200 OK"
2025-07-01 21:52:28,506 - INFO - HTTP Request: GET https://www.leier.hu/hu/dokumentumtar/3578 "HTTP/1.1 200 OK"
2025-07-01 21:52:28,508 - INFO - ✅ Downloaded: C:\Users\Admin\.cursor\Lambda\src\backend\src\downloads\leier_datasheets\hu\Részletrajzok\Elemrajzok__DWG__PDF_\Környezettechnika\Olajelválasztók_DWG\LOL_SUPER_6_30_P_zápor_túlfolyóval_melléklet.pdf
2025-07-01 21:52:28,508 - INFO - ✅ Downloaded: C:\Users\Admin\.cursor\Lambda\src\backend\src\downloads\leier_datasheets\hu\Részletrajzok\Csomópontok\Kémény_részletrajzok\dxf\leier-k03-kemeny-fodem31.pdf
2025-07-01 21:52:29,032 - INFO - HTTP Request: GET https://www.leier.hu/hu/dokumentumtar/2287 "HTTP/1.1 200 OK"
2025-07-01 21:52:29,034 - INFO - HTTP Request: GET https://www.leier.hu/hu/dokumentumtar/3224 "HTTP/1.1 200 OK"
2025-07-01 21:52:29,042 - INFO - ✅ Downloaded: C:\Users\Admin\.cursor\Lambda\src\backend\src\downloads\leier_datasheets\hu\Részletrajzok\Elemrajzok__DWG__PDF_\Mélyépítés\Átemelőakna_elemek\AFE_240_250_LG_-_Átemelő_fenékelem_gumigyűrűs.pdf
2025-07-01 21:52:29,315 - INFO - ✅ Downloaded: C:\Users\Admin\.cursor\Lambda\src\backend\src\downloads\leier_datasheets\hu\Részletrajzok\Elemrajzok__DWG__PDF_\Durisol_zajárnyékolás\Durisol_panel_396_450_félkötés_-_Elölnézet.pdf
2025-07-01 21:52:29,315 - INFO - HTTP Request: GET https://www.leier.hu/hu/dokumentumtar/3858 "HTTP/1.1 200 OK"
2025-07-01 21:52:29,316 - INFO - ✅ Downloaded: C:\Users\Admin\.cursor\Lambda\src\backend\src\downloads\leier_datasheets\hu\Termékadatlapok\Kertépítés__díszburkolat\Kerti_lapok\EUROLINE_lapok_termékadatlap.pdf
2025-07-01 21:52:29,852 - INFO - HTTP Request: GET https://www.leier.hu/hu/dokumentumtar/2512 "HTTP/1.1 200 OK"
2025-07-01 21:52:29,854 - INFO - ✅ Downloaded: C:\Users\Admin\.cursor\Lambda\src\backend\src\downloads\leier_datasheets\hu\Teljesítménynyilatkozatok\Kertépítés__díszburkolat\Kerti_termékek_-_Pécs_-_Teljesítménynyilatkozat_-_LE_PE13198-01.pdf
2025-07-01 21:52:29,855 - INFO - ✅ Downloaded: C:\Users\Admin\.cursor\Lambda\src\backend\src\downloads\leier_datasheets\hu\Részletrajzok\Elemrajzok__DWG__PDF_\Mélyépítés\Tisztítóakna_elemek\Aknagyűrűk\AGY_100_-_75_LG_-_Aknagyűrű_gumigyűrűs_-_függőleges_metszet.pdf
2025-07-01 21:52:30,401 - INFO - HTTP Request: GET https://www.leier.hu/hu/dokumentumtar/2247 "HTTP/1.1 200 OK"
2025-07-01 21:52:30,402 - INFO - HTTP Request: GET https://www.leier.hu/hu/dokumentumtar/2246 "HTTP/1.1 200 OK"
2025-07-01 21:52:30,403 - INFO - ✅ Downloaded: C:\Users\Admin\.cursor\Lambda\src\backend\src\downloads\leier_datasheets\hu\Részletrajzok\Csomópontok\Tető_részletrajzok\pln\t09b-falcsat-fem.pdf
2025-07-01 21:52:30,679 - INFO - HTTP Request: GET https://www.leier.hu/hu/dokumentumtar/1967 "HTTP/1.1 200 OK"
2025-07-01 21:52:30,680 - INFO - HTTP Request: GET https://www.leier.hu/hu/dokumentumtar/3529 "HTTP/1.1 200 OK"
2025-07-01 21:52:30,689 - INFO - ✅ Downloaded: C:\Users\Admin\.cursor\Lambda\src\backend\src\downloads\leier_datasheets\hu\Termékadatlapok\Magasépítési_termékek\Durisol_falazóelemek\Durisol_falazóelem_DS_25\12_-_Termékadatlap.pdf
2025-07-01 21:52:30,689 - INFO - ✅ Downloaded: C:\Users\Admin\.cursor\Lambda\src\backend\src\downloads\leier_datasheets\hu\Termékadatlapok\Magasépítési_termékek\Durisol_falazóelemek\Durisol_falazóelem_DM_25\16_-_Termékadatlap.pdf
2025-07-01 21:52:31,229 - INFO - HTTP Request: GET https://www.leier.hu/hu/dokumentumtar/2290 "HTTP/1.1 200 OK"
2025-07-01 21:52:31,230 - INFO - HTTP Request: GET https://www.leier.hu/hu/dokumentumtar/2896 "HTTP/1.1 200 OK"
2025-07-01 21:52:31,234 - INFO - ✅ Downloaded: C:\Users\Admin\.cursor\Lambda\src\backend\src\downloads\leier_datasheets\hu\Részletrajzok\Elemrajzok__DWG__PDF_\Környezettechnika\Olajelválasztók_PDF\LOL_SUPER_15_150_KF_zapor_tulfolyoval_melleklet_PDF.pdf
2025-07-01 21:52:31,523 - INFO - HTTP Request: GET https://www.leier.hu/hu/dokumentumtar/3124 "HTTP/1.1 200 OK"
2025-07-01 21:52:31,528 - INFO - ✅ Downloaded: C:\Users\Admin\.cursor\Lambda\src\backend\src\downloads\leier_datasheets\hu\Teljesítménynyilatkozatok\Magasépítési_termékek\Tégla_termékek\Devecser_-_CE-tanúsítványok\Leiertherm\CE_-_Leiertherm_38_N_F_-_DE.pdf
2025-07-01 21:52:31,809 - INFO - ✅ Downloaded: C:\Users\Admin\.cursor\Lambda\src\backend\src\downloads\leier_datasheets\hu\Termékadatlapok\Kertépítés__díszburkolat\Kerti_lapok\GAIA_lapok_termékadatlap.pdf
2025-07-01 21:52:32,083 - INFO - HTTP Request: GET https://www.leier.hu/hu/dokumentumtar/1960 "HTTP/1.1 200 OK"
2025-07-01 21:52:32,084 - INFO - HTTP Request: GET https://www.leier.hu/hu/dokumentumtar/3825 "HTTP/1.1 200 OK"
2025-07-01 21:52:32,095 - INFO - ✅ Downloaded: C:\Users\Admin\.cursor\Lambda\src\backend\src\downloads\leier_datasheets\hu\Részletrajzok\Elemrajzok__DWG__PDF_\Mélyépítés\Árokburkoló-_és_árokelemek\ÁE_30_30_-_50L_-_árokburkoló_elem_-_hosszmetszet.pdf
2025-07-01 21:52:32,381 - INFO - ✅ Downloaded: C:\Users\Admin\.cursor\Lambda\src\backend\src\downloads\leier_datasheets\hu\Részletrajzok\Elemrajzok__DWG__PDF_\Mélyépítés\Kábelcsatorna\KCS_vályú_irt_jobb_oldal.pdf
2025-07-01 21:52:32,646 - INFO - HTTP Request: GET https://www.leier.hu/hu/dokumentumtar/2671 "HTTP/1.1 200 OK"
2025-07-01 21:52:32,648 - INFO - HTTP Request: GET https://www.leier.hu/hu/dokumentumtar/3697 "HTTP/1.1 200 OK"
2025-07-01 21:52:32,657 - INFO - ✅ Downloaded: C:\Users\Admin\.cursor\Lambda\src\backend\src\downloads\leier_datasheets\hu\Teljesítménynyilatkozatok\Magasépítési_termékek\Tégla_termékek\Devecser_-_CE-tanúsítványok\LeierPLAN\CE_-_LeierPLAN_30_Pro_-_DE.pdf
2025-07-01 21:52:32,922 - INFO - ✅ Downloaded: C:\Users\Admin\.cursor\Lambda\src\backend\src\downloads\leier_datasheets\hu\Részletrajzok\Csomópontok\Térburkolat_részletrajzok\pln\b06b-folyoka2.pdf
2025-07-01 21:52:33,186 - INFO - HTTP Request: GET https://www.leier.hu/hu/dokumentumtar/2681 "HTTP/1.1 200 OK"
2025-07-01 21:52:33,190 - INFO - HTTP Request: GET https://www.leier.hu/hu/dokumentumtar/3290 "HTTP/1.1 200 OK"
2025-07-01 21:52:33,198 - INFO - ✅ Downloaded: C:\Users\Admin\.cursor\Lambda\src\backend\src\downloads\leier_datasheets\hu\Prospektusok\45_-ban_hajlított_Durisol_zajárnyékoló_falelem_-_Prospektus.pdf
2025-07-01 21:52:33,461 - INFO - ✅ Downloaded: C:\Users\Admin\.cursor\Lambda\src\backend\src\downloads\leier_datasheets\hu\Részletrajzok\Csomópontok\Térburkolat_részletrajzok\asc\leier-b06a-folyoka1.pdf
2025-07-01 21:52:33,461 - INFO - HTTP Request: GET https://www.leier.hu/hu/dokumentumtar/3456 "HTTP/1.1 200 OK"
2025-07-01 21:52:33,738 - INFO - HTTP Request: GET https://www.leier.hu/hu/dokumentumtar/2485 "HTTP/1.1 200 OK"
2025-07-01 21:52:33,742 - INFO - ✅ Downloaded: C:\Users\Admin\.cursor\Lambda\src\backend\src\downloads\leier_datasheets\hu\Részletrajzok\Elemrajzok__DWG__PDF_\Mélyépítés\Vízelnyelőakna_elemek\V_AGY_50_25_L_-_Víznyelő_aknagyűrű_függőleges_metszet.pdf
2025-07-01 21:52:34,015 - INFO - HTTP Request: GET https://www.leier.hu/hu/dokumentumtar/3370 "HTTP/1.1 200 OK"
2025-07-01 21:52:34,016 - INFO - ✅ Downloaded: C:\Users\Admin\.cursor\Lambda\src\backend\src\downloads\leier_datasheets\hu\Részletrajzok\Elemrajzok__DWG__PDF_\Környezettechnika\Olajelválasztók_PDF\LOL_SUPER_200_max_P_melleklet_PDF.pdf
2025-07-01 21:52:34,296 - INFO - ✅ Downloaded: C:\Users\Admin\.cursor\Lambda\src\backend\src\downloads\leier_datasheets\hu\Részletrajzok\Csomópontok\Tető_részletrajzok\pdf\t09b-falcsat-fem.pdf
2025-07-01 21:52:34,556 - INFO - ✅ Downloaded: C:\Users\Admin\.cursor\Lambda\src\backend\src\downloads\leier_datasheets\hu\Részletrajzok\Elemrajzok__DWG__PDF_\Környezettechnika\Olajelválasztók_DWG\LOL_SUPER_100_NF_melle_klet.pdf
2025-07-01 21:52:34,824 - INFO - HTTP Request: GET https://www.leier.hu/hu/dokumentumtar/2044 "HTTP/1.1 200 OK"
2025-07-01 21:52:34,826 - INFO - HTTP Request: GET https://www.leier.hu/hu/dokumentumtar/2365 "HTTP/1.1 200 OK"
2025-07-01 21:52:34,827 - INFO - HTTP Request: GET https://www.leier.hu/hu/dokumentumtar/2993 "HTTP/1.1 200 OK"
2025-07-01 21:52:34,837 - INFO - ✅ Downloaded: C:\Users\Admin\.cursor\Lambda\src\backend\src\downloads\leier_datasheets\hu\Teljesítménynyilatkozatok\Magasépítési_termékek\Tégla_termékek\Mátraderecske_-_Teljesítménynyilatkozatok\Teljesítménynyilatkozat_-_Leiertherm_30_N_F_-_MD_LE_MD771-1-03-04.pdf
2025-07-01 21:52:35,104 - INFO - ✅ Downloaded: C:\Users\Admin\.cursor\Lambda\src\backend\src\downloads\leier_datasheets\hu\Részletrajzok\Csomópontok\Fal_részletrajzok\dwg\f05-zsaluko-labazat.pdf
2025-07-01 21:52:35,426 - INFO - HTTP Request: GET https://www.leier.hu/hu/dokumentumtar/4095 "HTTP/1.1 200 OK"
2025-07-01 21:52:35,428 - INFO - HTTP Request: GET https://www.leier.hu/hu/dokumentumtar/3934 "HTTP/1.1 200 OK"
2025-07-01 21:52:35,440 - INFO - ✅ Downloaded: C:\Users\Admin\.cursor\Lambda\src\backend\src\downloads\leier_datasheets\hu\Részletrajzok\Elemrajzok__DWG__PDF_\Mélyépítés\Betoncsövek\TOTA_40_200L_-_Tokos_talpas_betoncső_hosszmetszet_vízszintes.pdf
2025-07-01 21:52:35,698 - INFO - ✅ Downloaded: C:\Users\Admin\.cursor\Lambda\src\backend\src\downloads\leier_datasheets\at\Verarbeitungsinfos\Verarbeitungsinfo_Betonplatten_auf_Plattenlager.pdf
2025-07-01 21:52:35,698 - INFO - ✅ Downloaded: C:\Users\Admin\.cursor\Lambda\src\backend\src\downloads\leier_datasheets\hu\Termékadatlapok\Magasépítési_termékek\Tégla_termékek\LeierPlan_12_NF_adatlap_pdf.pdf
2025-07-01 21:52:35,699 - INFO - HTTP Request: GET https://www.leier.hu/hu/dokumentumtar/1959 "HTTP/1.1 200 OK"
2025-07-01 21:52:35,700 - INFO - HTTP Request: GET https://www.leier.hu/hu/dokumentumtar/2505 "HTTP/1.1 200 OK"
2025-07-01 21:52:36,248 - INFO - ✅ Downloaded: C:\Users\Admin\.cursor\Lambda\src\backend\src\downloads\leier_datasheets\hu\Részletrajzok\Csomópontok\Tető_részletrajzok\asc\leier-t04-felnyereg-gerinc.pdf
2025-07-01 21:52:36,505 - INFO - ✅ Downloaded: C:\Users\Admin\.cursor\Lambda\src\backend\src\downloads\leier_datasheets\hu\Teljesítménynyilatkozatok\Magasépítési_termékek\Tégla_termékek\Devecser_-_CE-tanúsítványok\LeierPLAN\CE_-_LeierPLAN_38_Pro_-_DE.pdf
2025-07-01 21:52:36,771 - INFO - HTTP Request: GET https://www.leier.hu/hu/dokumentumtar/3297 "HTTP/1.1 200 OK"
2025-07-01 21:52:36,772 - INFO - HTTP Request: GET https://www.leier.hu/hu/dokumentumtar/2691 "HTTP/1.1 200 OK"
2025-07-01 21:52:36,781 - INFO - ✅ Downloaded: C:\Users\Admin\.cursor\Lambda\src\backend\src\downloads\leier_datasheets\hu\Részletrajzok\Csomópontok\Mélyépítési_részletrajzok\dwg\c06-nagyatmero-gumigy.pdf
2025-07-01 21:52:37,053 - INFO - HTTP Request: GET https://www.leier.hu/hu/dokumentumtar/3243 "HTTP/1.1 200 OK"
2025-07-01 21:52:37,053 - INFO - HTTP Request: GET https://www.leier.hu/hu/dokumentumtar/2027 "HTTP/1.1 200 OK"
2025-07-01 21:52:37,062 - INFO - ✅ Downloaded: C:\Users\Admin\.cursor\Lambda\src\backend\src\downloads\leier_datasheets\hu\Részletrajzok\Elemrajzok__DWG__PDF_\Mélyépítés\Vízelnyelőakna_elemek\V_AFE_50_50_L_-_Víznyelő_akna_fenékelem_vég_vízszintes_metszet.pdf
2025-07-01 21:52:37,330 - INFO - HTTP Request: GET https://www.leier.hu/hu/dokumentumtar/2534 "HTTP/1.1 200 OK"
2025-07-01 21:52:37,331 - INFO - HTTP Request: GET https://www.leier.hu/hu/dokumentumtar/1999 "HTTP/1.1 200 OK"
2025-07-01 21:52:37,332 - INFO - HTTP Request: GET https://www.leier.hu/hu/dokumentumtar/4108 "HTTP/1.1 200 OK"
2025-07-01 21:52:37,333 - INFO - ✅ Downloaded: C:\Users\Admin\.cursor\Lambda\src\backend\src\downloads\leier_datasheets\hu\Részletrajzok\Elemrajzok__DWG__PDF_\Mélyépítés\Tisztítóakna_elemek\Aknagyűrűk\AGY_100_LG.pdf
2025-07-01 21:52:37,591 - INFO - ✅ Downloaded: C:\Users\Admin\.cursor\Lambda\src\backend\src\downloads\leier_datasheets\hu\Teljesítménynyilatkozatok\Magasépítési_termékek\Tégla_termékek\Mátraderecske_-_Teljesítménynyilatkozatok\Teljesítménynyilatkozat_-_Leiertherm_25_Objekt_LE_MD771-1-12-03.pdf
2025-07-01 21:52:37,859 - INFO - HTTP Request: GET https://www.leier.hu/hu/dokumentumtar/2731 "HTTP/1.1 200 OK"
2025-07-01 21:52:37,865 - INFO - ✅ Downloaded: C:\Users\Admin\.cursor\Lambda\src\backend\src\downloads\leier_datasheets\hu\Termékadatlapok\Magasépítési_termékek\Tégla_termékek\Leiertherm_25_30_AKU_adatlap_pdf.pdf
2025-07-01 21:52:37,865 - INFO - ✅ Downloaded: C:\Users\Admin\.cursor\Lambda\src\backend\src\downloads\leier_datasheets\hu\Részletrajzok\Csomópontok\Kémény_részletrajzok\dwg\k02a-kemeny-fodemattor1.pdf
2025-07-01 21:52:37,866 - INFO - ✅ Downloaded: C:\Users\Admin\.cursor\Lambda\src\backend\src\downloads\leier_datasheets\hu\Teljesítménynyilatkozatok\Magasépítési_termékek\Tégla_termékek\Devecser_-_Teljesítménynyilatkozatok\Leiertherm\Teljesítménynyilatkozat_-_Leiertherm_20_N_F_LE_DE771-1-25-02.pdf
2025-07-01 21:52:38,665 - INFO - ✅ Downloaded: C:\Users\Admin\.cursor\Lambda\src\backend\src\downloads\leier_datasheets\hu\Részletrajzok\Csomópontok\Kéregelemes_födém_részletrajzok\dwg\p02a-kpanel-koszoru2.pdf
2025-07-01 21:52:38,667 - INFO - HTTP Request: GET https://www.leier.hu/hu/dokumentumtar/3561 "HTTP/1.1 200 OK"
2025-07-01 21:52:38,936 - INFO - ✅ Downloaded: C:\Users\Admin\.cursor\Lambda\src\backend\src\downloads\leier_datasheets\hu\Részletrajzok\Elemrajzok__DWG__PDF_\Környezettechnika\Olajelválasztók_PDF\LOL_SUPER_1_5_KF_melleklet_PDF.pdf
2025-07-01 21:52:39,205 - INFO - HTTP Request: GET https://www.leier.hu/hu/dokumentumtar/3444 "HTTP/1.1 200 OK"
2025-07-01 21:52:39,206 - INFO - HTTP Request: GET https://www.leier.hu/hu/dokumentumtar/2656 "HTTP/1.1 200 OK"
2025-07-01 21:52:39,214 - INFO - ✅ Downloaded: C:\Users\Admin\.cursor\Lambda\src\backend\src\downloads\leier_datasheets\hu\Részletrajzok\Elemrajzok__DWG__PDF_\Környezettechnika\Olajelválasztók_DWG\LOL_SUPER_6_P_melle_klet.pdf
2025-07-01 21:52:39,474 - INFO - HTTP Request: GET https://www.leier.hu/hu/dokumentumtar/2755 "HTTP/1.1 200 OK"
2025-07-01 21:52:39,479 - INFO - HTTP Request: GET https://www.leier.hu/hu/dokumentumtar/2870 "HTTP/1.1 200 OK"
2025-07-01 21:52:39,480 - INFO - ✅ Downloaded: C:\Users\Admin\.cursor\Lambda\src\backend\src\downloads\leier_datasheets\hu\LeierPress\LeierPress_2023.pdf
2025-07-01 21:52:39,748 - INFO - ✅ Downloaded: C:\Users\Admin\.cursor\Lambda\src\backend\src\downloads\leier_datasheets\hu\Részletrajzok\Csomópontok\Kéregelemes_födém_részletrajzok\pln\p02a-kpanel-koszoru2.pdf
2025-07-01 21:52:40,003 - INFO - ✅ Downloaded: C:\Users\Admin\.cursor\Lambda\src\backend\src\downloads\leier_datasheets\hu\Részletrajzok\Csomópontok\Térburkolat_részletrajzok\dwg\b01-szegely1.pdf
2025-07-01 21:52:40,286 - INFO - HTTP Request: GET https://www.leier.hu/hu/dokumentumtar/2807 "HTTP/1.1 200 OK"
2025-07-01 21:52:40,289 - INFO - HTTP Request: GET https://www.leier.hu/hu/dokumentumtar/4100 "HTTP/1.1 200 OK"
2025-07-01 21:52:40,291 - INFO - HTTP Request: GET https://www.leier.hu/hu/dokumentumtar/4160 "HTTP/1.1 200 OK"
2025-07-01 21:52:40,293 - INFO - ✅ Downloaded: C:\Users\Admin\.cursor\Lambda\src\backend\src\downloads\leier_datasheets\hu\Szerelési_útmutatók\Lépcső___Treppe\Teljesítménynyilatkozat___Leistungserklärung\HU\Lépcső_Győr_Teljesítménynyilatkozat.pdf
2025-07-01 21:52:40,617 - INFO - HTTP Request: GET https://www.leier.hu/hu/dokumentumtar/4015 "HTTP/1.1 200 OK"
2025-07-01 21:52:40,619 - INFO - ✅ Downloaded: C:\Users\Admin\.cursor\Lambda\src\backend\src\downloads\leier_datasheets\hu\Termékadatlapok\Magasépítési_termékek\Tégla_termékek\LeierPlan_44_ISO_adatlap_pdf.pdf
2025-07-01 21:52:40,620 - INFO - ✅ Downloaded: C:\Users\Admin\.cursor\Lambda\src\backend\src\downloads\leier_datasheets\hu\Arculati_elemek\Leier_logó__vektoros_.pdf
2025-07-01 21:52:41,143 - INFO - ✅ Downloaded: C:\Users\Admin\.cursor\Lambda\src\backend\src\downloads\leier_datasheets\hu\Teljesítménynyilatkozatok\Kertépítés__díszburkolat\Leier_mederlap_quartz_teljesítménynyilatkozat_LE_HU1339MEDERLAP-01.pdf
2025-07-01 21:52:41,423 - INFO - HTTP Request: GET https://www.leier.hu/hu/dokumentumtar/3603 "HTTP/1.1 200 OK"
2025-07-01 21:52:41,434 - INFO - ✅ Downloaded: C:\Users\Admin\.cursor\Lambda\src\backend\src\downloads\leier_datasheets\at\Prospekte\Leier_Betonblocksteine.pdf
2025-07-01 21:52:41,701 - INFO - HTTP Request: GET https://www.leier.hu/hu/dokumentumtar/2749 "HTTP/1.1 200 OK"
2025-07-01 21:52:41,703 - INFO - HTTP Request: GET https://www.leier.hu/hu/dokumentumtar/2705 "HTTP/1.1 200 OK"
2025-07-01 21:52:41,709 - INFO - ✅ Downloaded: C:\Users\Admin\.cursor\Lambda\src\backend\src\downloads\leier_datasheets\hu\Részletrajzok\Elemrajzok__DWG__PDF_\Durisol_zajárnyékolás\Durisol_blokkelemek_-_Elölnézet.pdf
2025-07-01 21:52:41,972 - INFO - ✅ Downloaded: C:\Users\Admin\.cursor\Lambda\src\backend\src\downloads\leier_datasheets\hu\Részletrajzok\Csomópontok\Mélyépítési_részletrajzok\pln\c05-nagyatmero-csaphor.pdf
2025-07-01 21:52:42,239 - INFO - HTTP Request: GET https://www.leier.hu/hu/dokumentumtar/2473 "HTTP/1.1 200 OK"
2025-07-01 21:52:42,240 - INFO - HTTP Request: GET https://www.leier.hu/hu/dokumentumtar/2058 "HTTP/1.1 200 OK"
2025-07-01 21:52:42,241 - INFO - HTTP Request: GET https://www.leier.hu/hu/dokumentumtar/3837 "HTTP/1.1 200 OK"
2025-07-01 21:52:42,243 - INFO - ✅ Downloaded: C:\Users\Admin\.cursor\Lambda\src\backend\src\downloads\leier_datasheets\hu\Részletrajzok\Csomópontok\Kéregelemes_födém_részletrajzok\pln\p05a-kpanel-terasz1.pdf
2025-07-01 21:52:42,567 - INFO - ✅ Downloaded: C:\Users\Admin\.cursor\Lambda\src\backend\src\downloads\leier_datasheets\hu\Részletrajzok\Csomópontok\Tető_részletrajzok\dwg\t09a-falcsat-szegely.pdf
2025-07-01 21:52:42,859 - INFO - ✅ Downloaded: C:\Users\Admin\.cursor\Lambda\src\backend\src\downloads\leier_datasheets\hu\Teljesítménynyilatkozatok\Magasépítési_termékek\Födémrendszerek\Kéregfödém_-_Győr_-_Teljesítménynyilatkozat_LE_GY13747-03.pdf
2025-07-01 21:52:43,127 - INFO - HTTP Request: GET https://www.leier.hu/hu/dokumentumtar/2452 "HTTP/1.1 200 OK"
2025-07-01 21:52:43,129 - INFO - HTTP Request: GET https://www.leier.hu/hu/dokumentumtar/3137 "HTTP/1.1 200 OK"
2025-07-01 21:52:43,129 - INFO - HTTP Request: GET https://www.leier.hu/hu/dokumentumtar/4141 "HTTP/1.1 200 OK"
2025-07-01 21:52:43,138 - INFO - ✅ Downloaded: C:\Users\Admin\.cursor\Lambda\src\backend\src\downloads\leier_datasheets\hu\Részletrajzok\Csomópontok\Leier_Durisol_zajárnyékoló_falak\PDF\Emelési_szerkezetek_részletrajzai.pdf
2025-07-01 21:52:43,401 - INFO - HTTP Request: GET https://www.leier.hu/hu/dokumentumtar/2022 "HTTP/1.1 200 OK"
2025-07-01 21:52:43,402 - INFO - HTTP Request: GET https://www.leier.hu/hu/dokumentumtar/3105 "HTTP/1.1 200 OK"
2025-07-01 21:52:43,405 - INFO - ✅ Downloaded: C:\Users\Admin\.cursor\Lambda\src\backend\src\downloads\leier_datasheets\hu\Részletrajzok\Elemrajzok__DWG__PDF_\Mélyépítés\Kábelcsatorna\KCS_fedlap_irt_bal_elöl.pdf
2025-07-01 21:52:43,700 - INFO - HTTP Request: GET https://www.leier.hu/hu/dokumentumtar/2685 "HTTP/1.1 200 OK"
2025-07-01 21:52:43,701 - INFO - HTTP Request: GET https://www.leier.hu/hu/dokumentumtar/2774 "HTTP/1.1 200 OK"
2025-07-01 21:52:43,706 - INFO - ✅ Downloaded: C:\Users\Admin\.cursor\Lambda\src\backend\src\downloads\leier_datasheets\at\Preislisten\Preisliste_Durisol_2024.pdf
2025-07-01 21:52:44,015 - INFO - ✅ Downloaded: C:\Users\Admin\.cursor\Lambda\src\backend\src\downloads\leier_datasheets\hu\Teljesítménynyilatkozatok\Magasépítési_termékek\Tégla_termékek\Mátraderecske_-_CE-tanúsítványok\CE_-_Leiertherm_250\120\65_Kisméretű_tömör_-_MD.pdf
2025-07-01 21:52:44,280 - INFO - HTTP Request: GET https://www.leier.hu/hu/dokumentumtar/4023 "HTTP/1.1 200 OK"
2025-07-01 21:52:44,281 - INFO - HTTP Request: GET https://www.leier.hu/hu/dokumentumtar/2983 "HTTP/1.1 200 OK"
2025-07-01 21:52:44,282 - INFO - ✅ Downloaded: C:\Users\Admin\.cursor\Lambda\src\backend\src\downloads\leier_datasheets\hu\Részletrajzok\Csomópontok\Kéregelemes_födém_részletrajzok\dxf\leier-p02b-kpanel-koszoru3.pdf
2025-07-01 21:52:44,553 - INFO - ✅ Downloaded: C:\Users\Admin\.cursor\Lambda\src\backend\src\downloads\leier_datasheets\hu\Részletrajzok\Csomópontok\Térburkolat_részletrajzok\asc\leier-b02-szegely2.pdf
2025-07-01 21:52:44,820 - INFO - ✅ Downloaded: C:\Users\Admin\.cursor\Lambda\src\backend\src\downloads\leier_datasheets\hu\Részletrajzok\Elemrajzok__DWG__PDF_\Mélyépítés\Előfej_támfalelemek\LEF_40_1_1_tömbelőfej.pdf
2025-07-01 21:52:45,104 - INFO - HTTP Request: GET https://www.leier.hu/hu/dokumentumtar/3901 "HTTP/1.1 200 OK"
2025-07-01 21:52:45,108 - INFO - ✅ Downloaded: C:\Users\Admin\.cursor\Lambda\src\backend\src\downloads\leier_datasheets\at\Verarbeitungsinfos\Verarbeitungsinfo_Zaunsteine.pdf
2025-07-01 21:52:45,382 - INFO - HTTP Request: GET https://www.leier.hu/hu/dokumentumtar/2696 "HTTP/1.1 200 OK"
2025-07-01 21:52:45,383 - INFO - ✅ Downloaded: C:\Users\Admin\.cursor\Lambda\src\backend\src\downloads\leier_datasheets\hu\Részletrajzok\Elemrajzok__DWG__PDF_\Mélyépítés\Betoncsövek\TOTA_80_200L_-_Tokos_talpas_betoncső_hosszmetszet_vízszintes.pdf
2025-07-01 21:52:45,691 - INFO - ✅ Downloaded: C:\Users\Admin\.cursor\Lambda\src\backend\src\downloads\leier_datasheets\hu\Prospektusok\Leier_környezettechnika_-_Prospektus.pdf
2025-07-01 21:52:45,692 - INFO - ✅ Downloaded: C:\Users\Admin\.cursor\Lambda\src\backend\src\downloads\leier_datasheets\hu\Részletrajzok\Csomópontok\Mélyépítési_részletrajzok\dwg\c02-100-gumigyurus.pdf
2025-07-01 21:52:46,217 - INFO - HTTP Request: GET https://www.leier.hu/hu/dokumentumtar/2098 "HTTP/1.1 200 OK"
2025-07-01 21:52:46,218 - INFO - HTTP Request: GET https://www.leier.hu/hu/dokumentumtar/2377 "HTTP/1.1 200 OK"
2025-07-01 21:52:46,228 - INFO - ✅ Downloaded: C:\Users\Admin\.cursor\Lambda\src\backend\src\downloads\leier_datasheets\hu\Prospektusok\Leier_égetett_kerámia_falazórendszerek.pdf
2025-07-01 21:52:46,488 - INFO - ✅ Downloaded: C:\Users\Admin\.cursor\Lambda\src\backend\src\downloads\leier_datasheets\hu\Teljesítménynyilatkozatok\Kéményrendszerek\Teljesítménynyilatkozat_LSK_kéményrendszer_LE_KL13063-LSK-02.pdf
2025-07-01 21:52:46,750 - INFO - HTTP Request: GET https://www.leier.hu/hu/dokumentumtar/3475 "HTTP/1.1 200 OK"
2025-07-01 21:52:46,751 - INFO - HTTP Request: GET https://www.leier.hu/hu/dokumentumtar/3169 "HTTP/1.1 200 OK"
2025-07-01 21:52:46,752 - INFO - HTTP Request: GET https://www.leier.hu/hu/dokumentumtar/2291 "HTTP/1.1 200 OK"
2025-07-01 21:52:46,755 - INFO - ✅ Downloaded: C:\Users\Admin\.cursor\Lambda\src\backend\src\downloads\leier_datasheets\hu\Részletrajzok\Csomópontok\Fal_részletrajzok\pdf\f07-belsofofal-alapoza.pdf
2025-07-01 21:52:47,023 - INFO - HTTP Request: GET https://www.leier.hu/hu/dokumentumtar/4113 "HTTP/1.1 200 OK"
2025-07-01 21:52:47,023 - INFO - HTTP Request: GET https://www.leier.hu/hu/dokumentumtar/3322 "HTTP/1.1 200 OK"
2025-07-01 21:52:47,028 - INFO - ✅ Downloaded: C:\Users\Admin\.cursor\Lambda\src\backend\src\downloads\leier_datasheets\hu\Termékadatlapok\Kertépítés__díszburkolat\Kerti_lapok\REGNUM_elagant_lapok_termékadatlap.pdf
2025-07-01 21:52:47,297 - INFO - HTTP Request: GET https://www.leier.hu/hu/dokumentumtar/3452 "HTTP/1.1 200 OK"
2025-07-01 21:52:47,298 - INFO - HTTP Request: GET https://www.leier.hu/hu/dokumentumtar/3562 "HTTP/1.1 200 OK"
2025-07-01 21:52:47,299 - INFO - ✅ Downloaded: C:\Users\Admin\.cursor\Lambda\src\backend\src\downloads\leier_datasheets\hu\Részletrajzok\Elemrajzok__DWG__PDF_\Környezettechnika\Olajelválasztók_PDF\LOL_SUPER_100_NF_melleklet_PDF.pdf
2025-07-01 21:52:47,556 - INFO - ✅ Downloaded: C:\Users\Admin\.cursor\Lambda\src\backend\src\downloads\leier_datasheets\hu\Részletrajzok\Elemrajzok__DWG__PDF_\Mélyépítés\Keretelemek\LKE_180_-_180_-_170_-_Keret_előfej_kezdőelem_-_felülnézet.pdf
2025-07-01 21:52:47,557 - INFO - ✅ Downloaded: C:\Users\Admin\.cursor\Lambda\src\backend\src\downloads\leier_datasheets\hu\Termékadatlapok\Magasépítési_termékek\Tégla_termékek\Leiertherm_30_Pro_adatlap_pdf.pdf
2025-07-01 21:52:48,091 - INFO - ✅ Downloaded: C:\Users\Admin\.cursor\Lambda\src\backend\src\downloads\leier_datasheets\hu\Részletrajzok\Elemrajzok__DWG__PDF_\Környezettechnika\Iszapfogók_DWG\LIF_200_230_melléklet.pdf
2025-07-01 21:52:48,376 - INFO - HTTP Request: GET https://www.leier.hu/hu/dokumentumtar/3094 "HTTP/1.1 200 OK"
2025-07-01 21:52:48,392 - INFO - ✅ Downloaded: C:\Users\Admin\.cursor\Lambda\src\backend\src\downloads\leier_datasheets\hu\Részletrajzok\Elemrajzok__DWG__PDF_\Környezettechnika\Olajelválasztók_DWG\LOL_SUPER_1_5_P_melle_klet.pdf
2025-07-01 21:52:48,673 - INFO - HTTP Request: GET https://www.leier.hu/hu/dokumentumtar/1964 "HTTP/1.1 200 OK"
2025-07-01 21:52:48,674 - INFO - HTTP Request: GET https://www.leier.hu/hu/dokumentumtar/3271 "HTTP/1.1 200 OK"
2025-07-01 21:52:48,675 - INFO - ✅ Downloaded: C:\Users\Admin\.cursor\Lambda\src\backend\src\downloads\leier_datasheets\hu\Részletrajzok\Elemrajzok__DWG__PDF_\Durisol_zajárnyékolás\LSA_50_12_25_-_Durisol_blokkelem_-_Felülnézet.pdf
2025-07-01 21:52:48,939 - INFO - ✅ Downloaded: C:\Users\Admin\.cursor\Lambda\src\backend\src\downloads\leier_datasheets\hu\Részletrajzok\Elemrajzok__DWG__PDF_\Mélyépítés\Előfej_támfalelemek\LEF_30_-_Előfej_betoncsőhöz_-_felülnézet.pdf
2025-07-01 21:52:48,941 - INFO - HTTP Request: GET https://www.leier.hu/hu/dokumentumtar/2568 "HTTP/1.1 200 OK"
2025-07-01 21:52:49,210 - INFO - ✅ Downloaded: C:\Users\Admin\.cursor\Lambda\src\backend\src\downloads\leier_datasheets\hu\Teljesítménynyilatkozatok\Magasépítési_termékek\Tégla_termékek\Devecser_-_CE-tanúsítványok\LeierPLAN\CE_-_LeierPLAN_12_N_F_-_DE.pdf
2025-07-01 21:52:49,521 - INFO - HTTP Request: GET https://www.leier.hu/hu/dokumentumtar/3976 "HTTP/1.1 200 OK"
2025-07-01 21:52:49,525 - INFO - ✅ Downloaded: C:\Users\Admin\.cursor\Lambda\src\backend\src\downloads\leier_datasheets\hu\Részletrajzok\Csomópontok\Födém_részletrajzok\dwg\m05b-mesterf-terasz2.pdf
2025-07-01 21:52:49,817 - INFO - ✅ Downloaded: C:\Users\Admin\.cursor\Lambda\src\backend\src\downloads\leier_datasheets\hu\Részletrajzok\Elemrajzok__DWG__PDF_\Mélyépítés\Tisztítóakna_elemek\Akna_fenékelemek\AFE_100_L_K_-_Akna_fenékelem_künettel_-_vízszintes_metszet.pdf
2025-07-01 21:52:50,089 - INFO - HTTP Request: GET https://www.leier.hu/hu/dokumentumtar/2589 "HTTP/1.1 200 OK"
2025-07-01 21:52:50,091 - INFO - HTTP Request: GET https://www.leier.hu/hu/dokumentumtar/2374 "HTTP/1.1 200 OK"
2025-07-01 21:52:50,092 - INFO - HTTP Request: GET https://www.leier.hu/hu/dokumentumtar/2034 "HTTP/1.1 200 OK"
2025-07-01 21:52:50,093 - INFO - HTTP Request: GET https://www.leier.hu/hu/dokumentumtar/2611 "HTTP/1.1 200 OK"
2025-07-01 21:52:50,096 - INFO - ✅ Downloaded: C:\Users\Admin\.cursor\Lambda\src\backend\src\downloads\leier_datasheets\hu\Arculati_elemek\Új_Leier_logó\Logo_Leier-white_blue-bg_MAIN_NEW_2024_jpg.pdf
2025-07-01 21:52:50,364 - INFO - HTTP Request: GET https://www.leier.hu/hu/dokumentumtar/2457 "HTTP/1.1 200 OK"
2025-07-01 21:52:50,367 - INFO - ✅ Downloaded: C:\Users\Admin\.cursor\Lambda\src\backend\src\downloads\leier_datasheets\hu\Részletrajzok\Csomópontok\Födém_részletrajzok\dxf\leier-m01-mesterf-koszoru1.pdf
2025-07-01 21:52:50,368 - INFO - ✅ Downloaded: C:\Users\Admin\.cursor\Lambda\src\backend\src\downloads\leier_datasheets\hu\Részletrajzok\Csomópontok\Födém_részletrajzok\pln\m032-mesterf-belsokosz.pdf
2025-07-01 21:52:50,689 - INFO - ✅ Downloaded: C:\Users\Admin\.cursor\Lambda\src\backend\src\downloads\leier_datasheets\hu\Teljesítménynyilatkozatok\Magasépítési_termékek\Tégla_termékek\Mátraderecske_-_Teljesítménynyilatkozatok\Teljesítménynyilatkozat_-_Leiertherm_25\30_AKU_LE_MD771-1-11-04.pdf
2025-07-01 21:52:50,689 - INFO - ✅ Downloaded: C:\Users\Admin\.cursor\Lambda\src\backend\src\downloads\leier_datasheets\hu\Részletrajzok\Csomópontok\Fal_részletrajzok\pdf\f09b-zsaluko-alap-tn.pdf
2025-07-01 21:52:51,517 - INFO - HTTP Request: GET https://www.leier.hu/hu/dokumentumtar/4098 "HTTP/1.1 200 OK"
2025-07-01 21:52:51,518 - INFO - HTTP Request: GET https://www.leier.hu/hu/dokumentumtar/3466 "HTTP/1.1 200 OK"
2025-07-01 21:52:51,529 - INFO - ✅ Downloaded: C:\Users\Admin\.cursor\Lambda\src\backend\src\downloads\leier_datasheets\hu\Részletrajzok\Csomópontok\Leier_Durisol_Magasépítő_falazórendszer\Térdfal_kialakítása_DSs_37_5-12.pdf
2025-07-01 21:52:51,800 - INFO - HTTP Request: GET https://www.leier.hu/hu/dokumentumtar/2575 "HTTP/1.1 200 OK"
2025-07-01 21:52:51,803 - INFO - ✅ Downloaded: C:\Users\Admin\.cursor\Lambda\src\backend\src\downloads\leier_datasheets\hu\Termékadatlapok\Magasépítési_termékek\Tégla_termékek\LeierPlan_38_NF_adatlap_pdf.pdf
2025-07-01 21:52:52,073 - INFO - HTTP Request: GET https://www.leier.hu/hu/dokumentumtar/2610 "HTTP/1.1 200 OK"
2025-07-01 21:52:52,074 - INFO - HTTP Request: GET https://www.leier.hu/hu/dokumentumtar/2704 "HTTP/1.1 200 OK"
2025-07-01 21:52:52,076 - INFO - ✅ Downloaded: C:\Users\Admin\.cursor\Lambda\src\backend\src\downloads\leier_datasheets\hu\Részletrajzok\Elemrajzok__DWG__PDF_\Környezettechnika\Olajelválasztók_PDF\LOL_SUPER_150_KF_melleklet_PDF.pdf
2025-07-01 21:52:52,338 - INFO - ✅ Downloaded: C:\Users\Admin\.cursor\Lambda\src\backend\src\downloads\leier_datasheets\hu\Részletrajzok\Csomópontok\Födém_részletrajzok\dwg\m01-mesterf-koszoru1.pdf
2025-07-01 21:52:52,612 - INFO - HTTP Request: GET https://www.leier.hu/hu/dokumentumtar/4101 "HTTP/1.1 200 OK"
2025-07-01 21:52:52,613 - INFO - HTTP Request: GET https://www.leier.hu/hu/dokumentumtar/4105 "HTTP/1.1 200 OK"
2025-07-01 21:52:52,614 - INFO - HTTP Request: GET https://www.leier.hu/hu/dokumentumtar/2629 "HTTP/1.1 200 OK"
2025-07-01 21:52:52,615 - INFO - HTTP Request: GET https://www.leier.hu/hu/dokumentumtar/2425 "HTTP/1.1 200 OK"
2025-07-01 21:52:52,616 - INFO - ✅ Downloaded: C:\Users\Admin\.cursor\Lambda\src\backend\src\downloads\leier_datasheets\hu\Részletrajzok\Csomópontok\Födém_részletrajzok\dxf\leier-m02a-mesterf-koszoru2.pdf
2025-07-01 21:52:52,934 - INFO - ✅ Downloaded: C:\Users\Admin\.cursor\Lambda\src\backend\src\downloads\leier_datasheets\hu\Részletrajzok\Csomópontok\Mélyépítési_részletrajzok\pln\c06-nagyatmero-gumigy.pdf
2025-07-01 21:52:53,224 - INFO - HTTP Request: GET https://www.leier.hu/hu/dokumentumtar/3507 "HTTP/1.1 200 OK"
2025-07-01 21:52:53,225 - INFO - ✅ Downloaded: C:\Users\Admin\.cursor\Lambda\src\backend\src\downloads\leier_datasheets\hu\Részletrajzok\Csomópontok\Kéregfal_részletrajzok\pdf\e03b-pincefal-szig.pdf
2025-07-01 21:52:53,486 - INFO - ✅ Downloaded: C:\Users\Admin\.cursor\Lambda\src\backend\src\downloads\leier_datasheets\hu\Termékadatlapok\Magasépítési_termékek\Tégla_termékek\LeierPlan_38_Pro_adatlap_pdf.pdf
2025-07-01 21:52:53,487 - INFO - ✅ Downloaded: C:\Users\Admin\.cursor\Lambda\src\backend\src\downloads\leier_datasheets\hu\Termékadatlapok\Magasépítési_termékek\Tégla_termékek\Leiertherm_10_NF_adatlap_pdf.pdf
2025-07-01 21:52:53,487 - INFO - ✅ Downloaded: C:\Users\Admin\.cursor\Lambda\src\backend\src\downloads\leier_datasheets\hu\Részletrajzok\Csomópontok\Fal_részletrajzok\dxf\Leier_f08-vfal-alapozas1.pdf
2025-07-01 21:52:54,273 - INFO - HTTP Request: GET https://www.leier.hu/hu/dokumentumtar/3510 "HTTP/1.1 200 OK"
2025-07-01 21:52:54,279 - INFO - ✅ Downloaded: C:\Users\Admin\.cursor\Lambda\src\backend\src\downloads\leier_datasheets\hu\Részletrajzok\Elemrajzok__DWG__PDF_\Környezettechnika\Olajelválasztók_PDF\LOL_SUPER_40_max_KF_melleklet_PDF.pdf
2025-07-01 21:52:54,551 - INFO - HTTP Request: GET https://www.leier.hu/hu/dokumentumtar/3526 "HTTP/1.1 200 OK"
2025-07-01 21:52:54,554 - INFO - HTTP Request: GET https://www.leier.hu/hu/dokumentumtar/2250 "HTTP/1.1 200 OK"
2025-07-01 21:52:54,556 - INFO - ✅ Downloaded: C:\Users\Admin\.cursor\Lambda\src\backend\src\downloads\leier_datasheets\hu\Részletrajzok\Elemrajzok__DWG__PDF_\Környezettechnika\Olajelválasztók_PDF\LOL_SUPER_30_P_melleklet_PDF.pdf
2025-07-01 21:52:54,835 - INFO - HTTP Request: GET https://www.leier.hu/hu/dokumentumtar/3173 "HTTP/1.1 200 OK"
2025-07-01 21:52:54,836 - INFO - HTTP Request: GET https://www.leier.hu/hu/dokumentumtar/3571 "HTTP/1.1 200 OK"
2025-07-01 21:52:54,841 - INFO - ✅ Downloaded: C:\Users\Admin\.cursor\Lambda\src\backend\src\downloads\leier_datasheets\hu\Részletrajzok\Elemrajzok__DWG__PDF_\Környezettechnika\Olajelválasztók_PDF\LOL_SUPER_20_max_NF_melleklet_PDF.pdf
2025-07-01 21:52:55,111 - INFO - HTTP Request: GET https://www.leier.hu/hu/dokumentumtar/3552 "HTTP/1.1 200 OK"
2025-07-01 21:52:55,112 - INFO - HTTP Request: GET https://www.leier.hu/hu/dokumentumtar/3122 "HTTP/1.1 200 OK"
2025-07-01 21:52:55,115 - INFO - ✅ Downloaded: C:\Users\Admin\.cursor\Lambda\src\backend\src\downloads\leier_datasheets\hu\Termékadatlapok\Kéményrendszerek\Multikeram_LAS_P1_kéményrendszer_-_Termékadatlap.pdf
2025-07-01 21:52:55,382 - INFO - HTTP Request: GET https://www.leier.hu/hu/dokumentumtar/1997 "HTTP/1.1 200 OK"
2025-07-01 21:52:55,383 - INFO - HTTP Request: GET https://www.leier.hu/hu/dokumentumtar/3709 "HTTP/1.1 200 OK"
2025-07-01 21:52:55,384 - INFO - HTTP Request: GET https://www.leier.hu/hu/dokumentumtar/1982 "HTTP/1.1 200 OK"
2025-07-01 21:52:55,388 - INFO - ✅ Downloaded: C:\Users\Admin\.cursor\Lambda\src\backend\src\downloads\leier_datasheets\hu\Részletrajzok\Elemrajzok__DWG__PDF_\Durisol_zajárnyékolás\Durisol_panel_496_100_félkötés_-_Elölnézet.pdf
2025-07-01 21:52:55,664 - INFO - HTTP Request: GET https://www.leier.hu/hu/dokumentumtar/2043 "HTTP/1.1 200 OK"
2025-07-01 21:52:55,666 - INFO - ✅ Downloaded: C:\Users\Admin\.cursor\Lambda\src\backend\src\downloads\leier_datasheets\hu\Részletrajzok\Elemrajzok__DWG__PDF_\Környezettechnika\Olajelválasztók_PDF\LOL_SUPER_6_P_melleklet_PDF.pdf
2025-07-01 21:52:55,667 - INFO - ✅ Downloaded: C:\Users\Admin\.cursor\Lambda\src\backend\src\downloads\leier_datasheets\hu\Részletrajzok\Elemrajzok__DWG__PDF_\Mélyépítés\Keretelemek\LKE_180_-_180_-_100_-_Keretelem_-_hosszmetszet.pdf
2025-07-01 21:52:56,245 - INFO - ✅ Downloaded: C:\Users\Admin\.cursor\Lambda\src\backend\src\downloads\leier_datasheets\hu\Biztonságtechnikai_adatlapok\Sikosító_glettanyag_Leier_mélyépítő_elemekhez.pdf
2025-07-01 21:52:56,245 - INFO - ✅ Downloaded: C:\Users\Admin\.cursor\Lambda\src\backend\src\downloads\leier_datasheets\hu\Teljesítménynyilatkozatok\Magasépítési_termékek\Tégla_termékek\Devecser_-_Teljesítménynyilatkozatok\LeierPLAN\Teljesítménynyilatkozat_-_LeierPLAN_38_N_F_LE_DE771-1-12-04.pdf
2025-07-01 21:52:56,877 - INFO - ✅ Downloaded: C:\Users\Admin\.cursor\Lambda\src\backend\src\downloads\leier_datasheets\hu\Teljesítménynyilatkozatok\Magasépítési_termékek\Tégla_termékek\Devecser_-_Teljesítménynyilatkozatok\Leiertherm\Teljesítménynyilatkozat_-_Leiertherm_10_N_F_LE_DE771-1-06-04.pdf
2025-07-01 21:52:56,877 - INFO - ✅ Downloaded: C:\Users\Admin\.cursor\Lambda\src\backend\src\downloads\leier_datasheets\hu\Részletrajzok\Elemrajzok__DWG__PDF_\Mélyépítés\Kábelcsatorna\KCS_vályú_könnyített_oldalkitörés_felül.pdf
2025-07-01 21:52:57,399 - INFO - HTTP Request: GET https://www.leier.hu/hu/dokumentumtar/2728 "HTTP/1.1 200 OK"
2025-07-01 21:52:57,402 - INFO - ✅ Downloaded: C:\Users\Admin\.cursor\Lambda\src\backend\src\downloads\leier_datasheets\hu\Teljesítménynyilatkozatok\Magasépítési_termékek\Tégla_termékek\Mátraderecske_-_Teljesítménynyilatkozatok\Teljesítménynyilatkozat_-_Leiertherm_30_MT_-_MD_LE_MD771-1-10-01.pdf
2025-07-01 21:52:57,680 - INFO - HTTP Request: GET https://www.leier.hu/hu/dokumentumtar/2972 "HTTP/1.1 200 OK"
2025-07-01 21:52:57,693 - INFO - ✅ Downloaded: C:\Users\Admin\.cursor\Lambda\src\backend\src\downloads\leier_datasheets\hu\Részletrajzok\Csomópontok\Kéregelemes_födém_részletrajzok\dwg\p032-kpanel-belsokoszo.pdf
2025-07-01 21:52:58,006 - INFO - ✅ Downloaded: C:\Users\Admin\.cursor\Lambda\src\backend\src\downloads\leier_datasheets\hu\Részletrajzok\Elemrajzok__DWG__PDF_\Mélyépítés\Átemelőakna_elemek\AFE_240_175_L_-_Átemelő_fenékelem.pdf
2025-07-01 21:52:58,390 - INFO - HTTP Request: GET https://www.leier.hu/hu/dokumentumtar/2758 "HTTP/1.1 200 OK"
2025-07-01 21:52:58,391 - INFO - HTTP Request: GET https://www.leier.hu/hu/dokumentumtar/3114 "HTTP/1.1 200 OK"
2025-07-01 21:52:58,392 - INFO - HTTP Request: GET https://www.leier.hu/hu/dokumentumtar/3950 "HTTP/1.1 200 OK"
2025-07-01 21:52:58,393 - INFO - HTTP Request: GET https://www.leier.hu/hu/dokumentumtar/3115 "HTTP/1.1 200 OK"
2025-07-01 21:52:58,401 - INFO - ✅ Downloaded: C:\Users\Admin\.cursor\Lambda\src\backend\src\downloads\leier_datasheets\at\Allgemeine_Hinweise\Allg__Hinweise_zur_Rutschhemmung.pdf
2025-07-01 21:52:58,673 - INFO - HTTP Request: GET https://www.leier.hu/hu/dokumentumtar/2241 "HTTP/1.1 200 OK"
2025-07-01 21:52:58,674 - INFO - HTTP Request: GET https://www.leier.hu/hu/dokumentumtar/3453 "HTTP/1.1 200 OK"
2025-07-01 21:52:58,674 - INFO - HTTP Request: GET https://www.leier.hu/hu/dokumentumtar/2218 "HTTP/1.1 200 OK"
2025-07-01 21:52:58,676 - INFO - HTTP Request: GET https://www.leier.hu/hu/dokumentumtar/1981 "HTTP/1.1 200 OK"
2025-07-01 21:52:58,684 - INFO - ✅ Downloaded: C:\Users\Admin\.cursor\Lambda\src\backend\src\downloads\leier_datasheets\hu\Részletrajzok\Csomópontok\Kéregelemes_födém_részletrajzok\asc\leier-p05b-kpanel-terasz2.pdf
2025-07-01 21:52:58,971 - INFO - ✅ Downloaded: C:\Users\Admin\.cursor\Lambda\src\backend\src\downloads\leier_datasheets\hu\Részletrajzok\Elemrajzok__DWG__PDF_\Mélyépítés\Kábelcsatorna\KCS_vályú_teli_osztott_elöl.pdf
2025-07-01 21:52:58,971 - INFO - ✅ Downloaded: C:\Users\Admin\.cursor\Lambda\src\backend\src\downloads\leier_datasheets\hu\Termékadatlapok\Magasépítési_termékek\Nyílásáthidalók\MDVA_terhelési_táblázat.pdf
2025-07-01 21:52:59,542 - INFO - HTTP Request: GET https://www.leier.hu/hu/dokumentumtar/3943 "HTTP/1.1 200 OK"
2025-07-01 21:52:59,543 - INFO - ✅ Downloaded: C:\Users\Admin\.cursor\Lambda\src\backend\src\downloads\leier_datasheets\hu\Részletrajzok\Elemrajzok__DWG__PDF_\Mélyépítés\Kábelcsatorna\KCS_vályú_teli_osztott_felül.pdf
2025-07-01 21:52:59,823 - INFO - ✅ Downloaded: C:\Users\Admin\.cursor\Lambda\src\backend\src\downloads\leier_datasheets\hu\Részletrajzok\Elemrajzok__DWG__PDF_\Környezettechnika\Olajelválasztók_DWG\LOL_SUPER_1_5_max_KF_melle_klet.pdf
2025-07-01 21:53:00,091 - INFO - HTTP Request: GET https://www.leier.hu/hu/dokumentumtar/3710 "HTTP/1.1 200 OK"
2025-07-01 21:53:00,094 - INFO - ✅ Downloaded: C:\Users\Admin\.cursor\Lambda\src\backend\src\downloads\leier_datasheets\hu\Teljesítménynyilatkozatok\Magasépítési_termékek\Tégla_termékek\Devecser_-_Teljesítménynyilatkozatok\LeierPLAN\Teljesítménynyilatkozat_-_LeierPLAN_30_Pro_LE_DE771-1-19-02.pdf
2025-07-01 21:53:00,359 - INFO - ✅ Downloaded: C:\Users\Admin\.cursor\Lambda\src\backend\src\downloads\leier_datasheets\hu\Termékadatlapok\Magasépítési_termékek\Durisol_falazóelemek\Durisol_hanggátló_falazóelem_DMi_25\18_-_Termékadatlap.pdf
2025-07-01 21:53:00,359 - INFO - ✅ Downloaded: C:\Users\Admin\.cursor\Lambda\src\backend\src\downloads\leier_datasheets\at\Verarbeitungsinfos\Verarbeitungsinfo_Poolumrandungen.pdf
2025-07-01 21:53:00,923 - INFO - HTTP Request: GET https://www.leier.hu/hu/dokumentumtar/3211 "HTTP/1.1 200 OK"
2025-07-01 21:53:00,932 - INFO - ✅ Downloaded: C:\Users\Admin\.cursor\Lambda\src\backend\src\downloads\leier_datasheets\hu\Prospektusok\Leier_előregyártott_padlóelem_állattartáshoz_-_Prospektus.pdf
2025-07-01 21:53:01,194 - INFO - HTTP Request: GET https://www.leier.hu/hu/dokumentumtar/4134 "HTTP/1.1 200 OK"
2025-07-01 21:53:01,195 - INFO - HTTP Request: GET https://www.leier.hu/hu/dokumentumtar/2307 "HTTP/1.1 200 OK"
2025-07-01 21:53:01,197 - INFO - HTTP Request: GET https://www.leier.hu/hu/dokumentumtar/3071 "HTTP/1.1 200 OK"
2025-07-01 21:53:01,198 - INFO - HTTP Request: GET https://www.leier.hu/hu/dokumentumtar/3553 "HTTP/1.1 200 OK"
2025-07-01 21:53:01,204 - INFO - ✅ Downloaded: C:\Users\Admin\.cursor\Lambda\src\backend\src\downloads\leier_datasheets\hu\Termékadatlapok\Magasépítési_termékek\Beton_falazóelemek\Leier_pincefalazó_UNI_adatlap_pdf.pdf
2025-07-01 21:53:01,204 - INFO - ✅ Downloaded: C:\Users\Admin\.cursor\Lambda\src\backend\src\downloads\leier_datasheets\hu\Termékadatlapok\Kertépítés__díszburkolat\Falazóelemek__kerítéskövek__fedlapok\FEDLAPOK_termékadatlap.pdf
2025-07-01 21:53:01,719 - INFO - ✅ Downloaded: C:\Users\Admin\.cursor\Lambda\src\backend\src\downloads\leier_datasheets\hu\Részletrajzok\Elemrajzok__DWG__PDF_\Mélyépítés\Tisztítóakna_elemek\Aknaszűkítő_elemek\ASZ_100_-_62_5_-_40_-_60_LG_-_Akna_szűkítő_gumigyűrűs_-_felülnézet.pdf
2025-07-01 21:53:01,997 - INFO - HTTP Request: GET https://www.leier.hu/hu/dokumentumtar/2638 "HTTP/1.1 200 OK"
2025-07-01 21:53:02,003 - INFO - ✅ Downloaded: C:\Users\Admin\.cursor\Lambda\src\backend\src\downloads\leier_datasheets\hu\Részletrajzok\Elemrajzok__DWG__PDF_\Környezettechnika\Olajelválasztók_PDF\LOL_SUPER_6_max_P_melleklet_PDF.pdf
2025-07-01 21:53:02,286 - INFO - HTTP Request: GET https://www.leier.hu/hu/dokumentumtar/3938 "HTTP/1.1 200 OK"
2025-07-01 21:53:02,288 - INFO - HTTP Request: GET https://www.leier.hu/hu/dokumentumtar/2833 "HTTP/1.1 200 OK"
2025-07-01 21:53:02,289 - INFO - HTTP Request: GET https://www.leier.hu/hu/dokumentumtar/3567 "HTTP/1.1 200 OK"
2025-07-01 21:53:02,290 - INFO - ✅ Downloaded: C:\Users\Admin\.cursor\Lambda\src\backend\src\downloads\leier_datasheets\hu\Részletrajzok\Csomópontok\Kéregfal_részletrajzok\asc\leier-e07-kulso-fodemcsat.pdf
2025-07-01 21:53:02,578 - INFO - ✅ Downloaded: C:\Users\Admin\.cursor\Lambda\src\backend\src\downloads\leier_datasheets\hu\Részletrajzok\Elemrajzok__DWG__PDF_\Mélyépítés\Előfej_támfalelemek\TFE_100_-_Támfalelem_-_elölnézet.pdf
2025-07-01 21:53:02,845 - INFO - HTTP Request: GET https://www.leier.hu/hu/dokumentumtar/4117 "HTTP/1.1 200 OK"
2025-07-01 21:53:02,848 - INFO - ✅ Downloaded: C:\Users\Admin\.cursor\Lambda\src\backend\src\downloads\leier_datasheets\hu\Szerelési_útmutatók\Előregyártott_Falak___Wandelemente\Teljesítménynyilatkozat___Leistungerklarung\HU\Előregyártott_falak_Győr_Teljesítménynyilatkozat.pdf
2025-07-01 21:53:03,138 - INFO - HTTP Request: GET https://www.leier.hu/hu/dokumentumtar/2447 "HTTP/1.1 200 OK"
2025-07-01 21:53:03,139 - INFO - HTTP Request: GET https://www.leier.hu/hu/dokumentumtar/3289 "HTTP/1.1 200 OK"
2025-07-01 21:53:03,140 - INFO - HTTP Request: GET https://www.leier.hu/hu/dokumentumtar/2239 "HTTP/1.1 200 OK"
2025-07-01 21:53:03,140 - INFO - ✅ Downloaded: C:\Users\Admin\.cursor\Lambda\src\backend\src\downloads\leier_datasheets\at\Verarbeitungsinfos\Verarbeitungsinfo_Hochbeete_Individuell.pdf
2025-07-01 21:53:03,405 - INFO - ✅ Downloaded: C:\Users\Admin\.cursor\Lambda\src\backend\src\downloads\leier_datasheets\hu\Részletrajzok\Elemrajzok__DWG__PDF_\Durisol_zajárnyékolás\Durisol_panel_496_125_hálós_-_Elölnézet.pdf
2025-07-01 21:53:03,405 - INFO - ✅ Downloaded: C:\Users\Admin\.cursor\Lambda\src\backend\src\downloads\leier_datasheets\hu\Termékadatlapok\Magasépítési_termékek\Tégla_termékek\Leiertherm_50_Pro_adatlap_pdf.pdf
2025-07-01 21:53:03,999 - INFO - HTTP Request: GET https://www.leier.hu/hu/dokumentumtar/2594 "HTTP/1.1 200 OK"
2025-07-01 21:53:04,005 - INFO - ✅ Downloaded: C:\Users\Admin\.cursor\Lambda\src\backend\src\downloads\leier_datasheets\hu\Részletrajzok\Csomópontok\Leier_Durisol_zajárnyékoló_falak\PDF\Leier_Durisol_falazóblokk_geometria.pdf
2025-07-01 21:53:04,286 - INFO - ✅ Downloaded: C:\Users\Admin\.cursor\Lambda\src\backend\src\downloads\leier_datasheets\hu\Részletrajzok\Elemrajzok__DWG__PDF_\Mélyépítés\Vízelnyelőakna_elemek\V_AGY_50_50_L_-_Víznyelő_aknagyűrű_függőleges_metszet.pdf
2025-07-01 21:53:04,549 - INFO - HTTP Request: GET https://www.leier.hu/hu/dokumentumtar/2052 "HTTP/1.1 200 OK"
2025-07-01 21:53:04,550 - INFO - HTTP Request: GET https://www.leier.hu/hu/dokumentumtar/3542 "HTTP/1.1 200 OK"
2025-07-01 21:53:04,552 - INFO - ✅ Downloaded: C:\Users\Admin\.cursor\Lambda\src\backend\src\downloads\leier_datasheets\hu\Részletrajzok\Csomópontok\Födém_részletrajzok\asc\leier-m06-mesterf-lepcso.pdf
2025-07-01 21:53:04,810 - INFO - ✅ Downloaded: C:\Users\Admin\.cursor\Lambda\src\backend\src\downloads\leier_datasheets\hu\Termékadatlapok\Magasépítési_termékek\Durisol_falazóelemek\Durisol_hőszigetelt_falazóelem_DMi_37_5\12_-_Termékadatlap.pdf
2025-07-01 21:53:05,071 - INFO - HTTP Request: GET https://www.leier.hu/hu/dokumentumtar/3944 "HTTP/1.1 200 OK"
2025-07-01 21:53:05,078 - INFO - ✅ Downloaded: C:\Users\Admin\.cursor\Lambda\src\backend\src\downloads\leier_datasheets\hu\Teljesítménynyilatkozatok\Magasépítési_termékek\Előregyártott_falak\LTE_támfalelemek_-_Győr_-_Teljesítménynyilatkozat_LE_GY15258-02.pdf
2025-07-01 21:53:05,353 - INFO - HTTP Request: GET https://www.leier.hu/hu/dokumentumtar/2518 "HTTP/1.1 200 OK"
2025-07-01 21:53:05,355 - INFO - HTTP Request: GET https://www.leier.hu/hu/dokumentumtar/2633 "HTTP/1.1 200 OK"
2025-07-01 21:53:05,356 - INFO - HTTP Request: GET https://www.leier.hu/hu/dokumentumtar/2309 "HTTP/1.1 200 OK"
2025-07-01 21:53:05,356 - INFO - ✅ Downloaded: C:\Users\Admin\.cursor\Lambda\src\backend\src\downloads\leier_datasheets\hu\Részletrajzok\Elemrajzok__DWG__PDF_\Környezettechnika\Olajelválasztók_PDF\LOL_SUPER_10_max_KF_melleklet_PDF.pdf
2025-07-01 21:53:05,616 - INFO - ✅ Downloaded: C:\Users\Admin\.cursor\Lambda\src\backend\src\downloads\leier_datasheets\at\Verarbeitungsinfos\Verarbeitungsinfo_Stufen___Setzplatten.pdf
2025-07-01 21:53:05,910 - INFO - HTTP Request: GET https://www.leier.hu/hu/dokumentumtar/3610 "HTTP/1.1 200 OK"
2025-07-01 21:53:05,918 - INFO - ✅ Downloaded: C:\Users\Admin\.cursor\Lambda\src\backend\src\downloads\leier_datasheets\hu\Termékadatlapok\Kertépítés__díszburkolat\Falazóelemek__kerítéskövek__fedlapok\CASTRUM_lépcsőblokk_termékadatlap.pdf
2025-07-01 21:53:05,919 - INFO - ✅ Downloaded: C:\Users\Admin\.cursor\Lambda\src\backend\src\downloads\leier_datasheets\hu\Részletrajzok\Csomópontok\Kéregfal_részletrajzok\pln\e06-keregfal-piller.pdf
2025-07-01 21:53:05,920 - INFO - ✅ Downloaded: C:\Users\Admin\.cursor\Lambda\src\backend\src\downloads\leier_datasheets\hu\Részletrajzok\Csomópontok\Tető_részletrajzok\pln\t05-elgerinc.pdf
2025-07-01 21:53:06,711 - INFO - HTTP Request: GET https://www.leier.hu/hu/dokumentumtar/3040 "HTTP/1.1 200 OK"
2025-07-01 21:53:06,712 - INFO - HTTP Request: GET https://www.leier.hu/hu/dokumentumtar/2535 "HTTP/1.1 200 OK"
2025-07-01 21:53:06,713 - INFO - HTTP Request: GET https://www.leier.hu/hu/dokumentumtar/3344 "HTTP/1.1 200 OK"
2025-07-01 21:53:06,726 - INFO - ✅ Downloaded: C:\Users\Admin\.cursor\Lambda\src\backend\src\downloads\leier_datasheets\hu\Részletrajzok\Csomópontok\Kémény_részletrajzok\dwg\k01-kemeny-alapozas.pdf
2025-07-01 21:53:06,727 - INFO - ✅ Downloaded: C:\Users\Admin\.cursor\Lambda\src\backend\src\downloads\leier_datasheets\hu\Részletrajzok\Elemrajzok__DWG__PDF_\Környezettechnika\Zsírleválasztók_PDF\LZS_2_melleklet_PDF.pdf
2025-07-01 21:53:07,252 - INFO - HTTP Request: GET https://www.leier.hu/hu/dokumentumtar/3265 "HTTP/1.1 200 OK"
2025-07-01 21:53:07,257 - INFO - ✅ Downloaded: C:\Users\Admin\.cursor\Lambda\src\backend\src\downloads\leier_datasheets\hu\Részletrajzok\Elemrajzok__DWG__PDF_\Mélyépítés\Betontartályok\LBT_3_akna_melléklet.pdf
2025-07-01 21:53:07,566 - INFO - HTTP Request: GET https://www.leier.hu/hu/dokumentumtar/3509 "HTTP/1.1 200 OK"
2025-07-01 21:53:07,568 - INFO - HTTP Request: GET https://www.leier.hu/hu/dokumentumtar/2941 "HTTP/1.1 200 OK"
2025-07-01 21:53:07,579 - INFO - ✅ Downloaded: C:\Users\Admin\.cursor\Lambda\src\backend\src\downloads\leier_datasheets\hu\Részletrajzok\Elemrajzok__DWG__PDF_\Környezettechnika\Olajelválasztók_PDF\LOL_SUPER_30_150_KF_zapor_tulfolyoval_melleklet_PDF.pdf
2025-07-01 21:53:07,867 - INFO - HTTP Request: GET https://www.leier.hu/hu/dokumentumtar/2038 "HTTP/1.1 200 OK"
2025-07-01 21:53:07,868 - INFO - HTTP Request: GET https://www.leier.hu/hu/dokumentumtar/3501 "HTTP/1.1 200 OK"
2025-07-01 21:53:07,869 - INFO - HTTP Request: GET https://www.leier.hu/hu/dokumentumtar/2242 "HTTP/1.1 200 OK"
2025-07-01 21:53:07,872 - INFO - ✅ Downloaded: C:\Users\Admin\.cursor\Lambda\src\backend\src\downloads\leier_datasheets\hu\Részletrajzok\Elemrajzok__DWG__PDF_\Mélyépítés\Tisztítóakna_elemek\Akna_fenékelemek\AFE_100_-_100_LG_K_-_Akna_fenékelem_gumigyűrűs_künettel_-_függőleges_metszet.pdf
2025-07-01 21:53:08,140 - ERROR - ❌ Failed to download https://www.leier.hu/hu/dokumentumtar/2038: [Errno 2] No such file or directory: 'C:\\Users\\Admin\\.cursor\\Lambda\\src\\backend\\src\\downloads\\leier_datasheets\\hu\\Teljesítménynyilatkozatok\\Magasépítési_termékek\\Tégla_termékek\\Mátraderecske_-_Teljesítménynyilatkozatok\\Teljesítménynyilatkozat_-_LeierPLAN_vékonyágyas_falazóhabarcs_LE_HU998-2-02.pdf'
2025-07-01 21:53:08,141 - INFO - HTTP Request: GET https://www.leier.hu/hu/dokumentumtar/3855 "HTTP/1.1 200 OK"
2025-07-01 21:53:08,142 - INFO - HTTP Request: GET https://www.leier.hu/hu/dokumentumtar/3799 "HTTP/1.1 200 OK"
2025-07-01 21:53:08,407 - INFO - ✅ Downloaded: C:\Users\Admin\.cursor\Lambda\src\backend\src\downloads\leier_datasheets\hu\Részletrajzok\Elemrajzok__DWG__PDF_\Mélyépítés\Átemelőakna_elemek\AGY_240_100_LG_-_Átemelő_gyűrű_gumigyűrűs.pdf
2025-07-01 21:53:08,674 - INFO - HTTP Request: GET https://www.leier.hu/hu/dokumentumtar/2831 "HTTP/1.1 200 OK"
2025-07-01 21:53:08,676 - INFO - ✅ Downloaded: C:\Users\Admin\.cursor\Lambda\src\backend\src\downloads\leier_datasheets\hu\Részletrajzok\Elemrajzok__DWG__PDF_\Környezettechnika\Olajelválasztók_PDF\LOL_SUPER_50_KF_melleklet_PDF.pdf
2025-07-01 21:53:08,677 - INFO - ✅ Downloaded: C:\Users\Admin\.cursor\Lambda\src\backend\src\downloads\leier_datasheets\at\Verlegemuster\Verlegemuster_Kaiserstein_Mauerstein_als_Pflaster.pdf
2025-07-01 21:53:09,210 - INFO - ✅ Downloaded: C:\Users\Admin\.cursor\Lambda\src\backend\src\downloads\leier_datasheets\hu\Termékadatlapok\Magasépítési_termékek\Durisol_falazóelemek\Durisol_hanggátló_falazóelem_DMi_20\13_-_Termékadatlap.pdf
2025-07-01 21:53:09,480 - INFO - ✅ Downloaded: C:\Users\Admin\.cursor\Lambda\src\backend\src\downloads\leier_datasheets\at\Aufbauanleitungen\Aufbauanleitung_Architektur_Trockenmauerstein_Hochbeet.pdf
2025-07-01 21:53:09,749 - INFO - HTTP Request: GET https://www.leier.hu/hu/dokumentumtar/3798 "HTTP/1.1 200 OK"
2025-07-01 21:53:09,755 - INFO - ✅ Downloaded: C:\Users\Admin\.cursor\Lambda\src\backend\src\downloads\leier_datasheets\at\Verlegemuster\Verlegemuster_Kaiserstein_Mauerstein_als_Mauer.pdf
2025-07-01 21:53:10,018 - INFO - HTTP Request: GET https://www.leier.hu/hu/dokumentumtar/2489 "HTTP/1.1 200 OK"
2025-07-01 21:53:10,019 - INFO - HTTP Request: GET https://www.leier.hu/hu/dokumentumtar/3538 "HTTP/1.1 200 OK"
2025-07-01 21:53:10,020 - INFO - HTTP Request: GET https://www.leier.hu/hu/dokumentumtar/2794 "HTTP/1.1 200 OK"
2025-07-01 21:53:10,024 - INFO - ✅ Downloaded: C:\Users\Admin\.cursor\Lambda\src\backend\src\downloads\leier_datasheets\hu\Szerelési_útmutatók\Előregyártott_Falak___Wandelemente\Teljesítménynyilatkozat___Leistungerklarung\DE\Wandelemente_Zurndorf_Leistungserklärung.pdf
2025-07-01 21:53:10,288 - INFO - HTTP Request: GET https://www.leier.hu/hu/dokumentumtar/3457 "HTTP/1.1 200 OK"
2025-07-01 21:53:10,289 - INFO - ✅ Downloaded: C:\Users\Admin\.cursor\Lambda\src\backend\src\downloads\leier_datasheets\hu\Részletrajzok\Csomópontok\Tető_részletrajzok\pdf\t072-tetoablak-vizsz.pdf
2025-07-01 21:53:10,554 - INFO - ✅ Downloaded: C:\Users\Admin\.cursor\Lambda\src\backend\src\downloads\leier_datasheets\hu\Részletrajzok\Elemrajzok__DWG__PDF_\Környezettechnika\Olajelválasztók_PDF\LOL_SUPER_10_P_melleklet_DN_150_PDF.pdf
2025-07-01 21:53:10,908 - INFO - HTTP Request: GET https://www.leier.hu/hu/dokumentumtar/3505 "HTTP/1.1 200 OK"
2025-07-01 21:53:10,909 - INFO - HTTP Request: GET https://www.leier.hu/hu/dokumentumtar/2463 "HTTP/1.1 200 OK"
2025-07-01 21:53:10,910 - INFO - HTTP Request: GET https://www.leier.hu/hu/dokumentumtar/3372 "HTTP/1.1 200 OK"
2025-07-01 21:53:10,915 - INFO - ✅ Downloaded: C:\Users\Admin\.cursor\Lambda\src\backend\src\downloads\leier_datasheets\hu\Részletrajzok\Elemrajzok__DWG__PDF_\Környezettechnika\Olajelválasztók_PDF\LOL_SUPER_200_max_KF_melleklet_PDF.pdf
2025-07-01 21:53:11,247 - INFO - ✅ Downloaded: C:\Users\Admin\.cursor\Lambda\src\backend\src\downloads\leier_datasheets\hu\Részletrajzok\Csomópontok\Leier_Durisol_Magasépítő_falazórendszer\Ablak-csatlakozás_kialakítása_DSs_37_5-12.pdf
2025-07-01 21:53:11,248 - INFO - HTTP Request: GET https://www.leier.hu/hu/dokumentumtar/2713 "HTTP/1.1 200 OK"
2025-07-01 21:53:11,520 - INFO - ✅ Downloaded: C:\Users\Admin\.cursor\Lambda\src\backend\src\downloads\leier_datasheets\hu\Részletrajzok\Elemrajzok__DWG__PDF_\Környezettechnika\Olajelválasztók_PDF\LOL_SUPER_40_max_P_melleklet_PDF.pdf
2025-07-01 21:53:11,783 - INFO - ✅ Downloaded: C:\Users\Admin\.cursor\Lambda\src\backend\src\downloads\leier_datasheets\hu\Részletrajzok\Elemrajzok__DWG__PDF_\Környezettechnika\Olajelválasztók_DWG\LOL_SUPER_100_max_NF_melle_klet.pdf
2025-07-01 21:53:12,046 - INFO - HTTP Request: GET https://www.leier.hu/hu/dokumentumtar/2997 "HTTP/1.1 200 OK"
2025-07-01 21:53:12,048 - INFO - ✅ Downloaded: C:\Users\Admin\.cursor\Lambda\src\backend\src\downloads\leier_datasheets\hu\Részletrajzok\Csomópontok\Mélyépítési_részletrajzok\asc\leier-c03-80-csaphornyos.pdf
2025-07-01 21:53:12,322 - INFO - HTTP Request: GET https://www.leier.hu/hu/dokumentumtar/3013 "HTTP/1.1 200 OK"
2025-07-01 21:53:12,329 - INFO - ✅ Downloaded: C:\Users\Admin\.cursor\Lambda\src\backend\src\downloads\leier_datasheets\hu\Részletrajzok\Elemrajzok__DWG__PDF_\Mélyépítés\Betoncsövek\TOTA_100_200L_-_Tokos_talpas_betoncső_keresztmetszet.pdf
2025-07-01 21:53:12,607 - INFO - HTTP Request: GET https://www.leier.hu/hu/dokumentumtar/2363 "HTTP/1.1 200 OK"
2025-07-01 21:53:12,609 - INFO - HTTP Request: GET https://www.leier.hu/hu/dokumentumtar/2423 "HTTP/1.1 200 OK"
2025-07-01 21:53:12,620 - INFO - ✅ Downloaded: C:\Users\Admin\.cursor\Lambda\src\backend\src\downloads\leier_datasheets\hu\Részletrajzok\Csomópontok\Fal_részletrajzok\dxf\Leier_f09b-zsaluko-alap-tn1.pdf
2025-07-01 21:53:12,919 - INFO - ✅ Downloaded: C:\Users\Admin\.cursor\Lambda\src\backend\src\downloads\leier_datasheets\hu\Részletrajzok\Elemrajzok__DWG__PDF_\Mélyépítés\Betoncsövek\TA_50_100_-_Talpas_betoncső_hosszmetszet.pdf
2025-07-01 21:53:13,184 - INFO - ✅ Downloaded: C:\Users\Admin\.cursor\Lambda\src\backend\src\downloads\leier_datasheets\hu\Részletrajzok\Csomópontok\Fal_részletrajzok\dwg\f06b-zsaluko-labazat.pdf
2025-07-01 21:53:13,186 - INFO - HTTP Request: GET https://www.leier.hu/hu/dokumentumtar/3069 "HTTP/1.1 200 OK"
2025-07-01 21:53:13,186 - INFO - HTTP Request: GET https://www.leier.hu/hu/dokumentumtar/3228 "HTTP/1.1 200 OK"
2025-07-01 21:53:13,468 - INFO - ✅ Downloaded: C:\Users\Admin\.cursor\Lambda\src\backend\src\downloads\leier_datasheets\hu\Részletrajzok\Elemrajzok__DWG__PDF_\Mélyépítés\Előfej_támfalelemek\TFE_100_-_Támfalelem_-_hátulnézet.pdf
2025-07-01 21:53:13,729 - INFO - HTTP Request: GET https://www.leier.hu/hu/dokumentumtar/4120 "HTTP/1.1 200 OK"
2025-07-01 21:53:13,730 - INFO - HTTP Request: GET https://www.leier.hu/hu/dokumentumtar/2739 "HTTP/1.1 200 OK"
2025-07-01 21:53:13,739 - INFO - ✅ Downloaded: C:\Users\Admin\.cursor\Lambda\src\backend\src\downloads\leier_datasheets\hu\Részletrajzok\Elemrajzok__DWG__PDF_\Mélyépítés\Tisztítóakna_elemek\Aknagyűrűk\AGY_100_-_50_LG_-_Aknagyűrű_gumigyűrűs_-_függőleges_metszet.pdf
2025-07-01 21:53:14,002 - INFO - ✅ Downloaded: C:\Users\Admin\.cursor\Lambda\src\backend\src\downloads\leier_datasheets\hu\Termékadatlapok\Magasépítési_termékek\Beton_falazóelemek\Leier_beton_pillérzsalu_20_adatlap_pdf.pdf
2025-07-01 21:53:14,002 - INFO - ✅ Downloaded: C:\Users\Admin\.cursor\Lambda\src\backend\src\downloads\leier_datasheets\hu\Részletrajzok\Csomópontok\Kéregelemes_födém_részletrajzok\pdf\p04-kpanel-valaszfal_pdf.pdf
2025-07-01 21:53:14,599 - INFO - HTTP Request: GET https://www.leier.hu/hu/dokumentumtar/2953 "HTTP/1.1 200 OK"
2025-07-01 21:53:14,613 - INFO - ✅ Downloaded: C:\Users\Admin\.cursor\Lambda\src\backend\src\downloads\leier_datasheets\hu\LeierPress\LeierPress_2022.pdf
2025-07-01 21:53:14,873 - INFO - HTTP Request: GET https://www.leier.hu/hu/dokumentumtar/3250 "HTTP/1.1 200 OK"
2025-07-01 21:53:14,874 - INFO - HTTP Request: GET https://www.leier.hu/hu/dokumentumtar/2897 "HTTP/1.1 200 OK"
2025-07-01 21:53:14,875 - INFO - HTTP Request: GET https://www.leier.hu/hu/dokumentumtar/3019 "HTTP/1.1 200 OK"
2025-07-01 21:53:14,881 - INFO - ✅ Downloaded: C:\Users\Admin\.cursor\Lambda\src\backend\src\downloads\leier_datasheets\hu\Részletrajzok\Elemrajzok__DWG__PDF_\Mélyépítés\Átemelőakna_elemek\AGY_200_100_LG_-_Átemelő_gyűrű_gumigyűrűs.pdf
2025-07-01 21:53:15,150 - INFO - HTTP Request: GET https://www.leier.hu/hu/dokumentumtar/3263 "HTTP/1.1 200 OK"
2025-07-01 21:53:15,158 - INFO - ✅ Downloaded: C:\Users\Admin\.cursor\Lambda\src\backend\src\downloads\leier_datasheets\hu\Részletrajzok\Elemrajzok__DWG__PDF_\Mélyépítés\Betoncsövek\TA_100_100_-_Talpas_betoncső_hosszmetszet.pdf
2025-07-01 21:53:15,429 - INFO - ✅ Downloaded: C:\Users\Admin\.cursor\Lambda\src\backend\src\downloads\leier_datasheets\hu\Részletrajzok\Elemrajzok__DWG__PDF_\Mélyépítés\Tisztítóakna_elemek\Akna_fenékelemek\AFE_80_-_100_L_K_-_Akna_fenékelem_künettel_-_függőleges_metszet.pdf
2025-07-01 21:53:15,430 - INFO - ✅ Downloaded: C:\Users\Admin\.cursor\Lambda\src\backend\src\downloads\leier_datasheets\hu\Részletrajzok\Elemrajzok__DWG__PDF_\Mélyépítés\Árokburkoló-_és_árokelemek\ÁE_30_30_-_50L_-_árokburkoló_elem_-_felülnézet.pdf
2025-07-01 21:53:15,976 - INFO - HTTP Request: GET https://www.leier.hu/hu/dokumentumtar/3087 "HTTP/1.1 200 OK"
2025-07-01 21:53:15,977 - INFO - HTTP Request: GET https://www.leier.hu/hu/dokumentumtar/3765 "HTTP/1.1 200 OK"
2025-07-01 21:53:15,978 - INFO - HTTP Request: GET https://www.leier.hu/hu/dokumentumtar/2661 "HTTP/1.1 200 OK"
2025-07-01 21:53:16,001 - INFO - ✅ Downloaded: C:\Users\Admin\.cursor\Lambda\src\backend\src\downloads\leier_datasheets\hu\Részletrajzok\Csomópontok\Térburkolat_részletrajzok\pdf\b06a-folyoka1.pdf
2025-07-01 21:53:16,299 - INFO - ✅ Downloaded: C:\Users\Admin\.cursor\Lambda\src\backend\src\downloads\leier_datasheets\hu\Részletrajzok\Elemrajzok__DWG__PDF_\Mélyépítés\Tisztítóakna_elemek\Akna_fenékelemek\AFE_100_-_130_L_KN_-_Akna_fenékelem_künet_nélkül_-_függőleges_metszet.pdf
2025-07-01 21:53:16,300 - INFO - ✅ Downloaded: C:\Users\Admin\.cursor\Lambda\src\backend\src\downloads\leier_datasheets\hu\Termékadatlapok\Kertépítés__díszburkolat\Térkövek\Leier_Kaiserstein_TAVERNA_GIGANT_térkő_termékadatlap.pdf
2025-07-01 21:53:16,816 - INFO - HTTP Request: GET https://www.leier.hu/hu/dokumentumtar/2932 "HTTP/1.1 200 OK"
2025-07-01 21:53:16,819 - INFO - ✅ Downloaded: C:\Users\Admin\.cursor\Lambda\src\backend\src\downloads\leier_datasheets\hu\Részletrajzok\Elemrajzok__DWG__PDF_\Mélyépítés\Előfej_támfalelemek\LEF_40_-_Előfej_betoncsőhöz_-_hosszmetszet.pdf
2025-07-01 21:53:17,090 - INFO - HTTP Request: GET https://www.leier.hu/hu/dokumentumtar/2977 "HTTP/1.1 200 OK"
2025-07-01 21:53:17,097 - INFO - ✅ Downloaded: C:\Users\Admin\.cursor\Lambda\src\backend\src\downloads\leier_datasheets\hu\Részletrajzok\Elemrajzok__DWG__PDF_\Mélyépítés\Átemelőakna_elemek\AGY_240_230_LG_V-_Átemelő_gyűrű_gumigyűrűs_végelem.pdf
2025-07-01 21:53:17,363 - INFO - HTTP Request: GET https://www.leier.hu/hu/dokumentumtar/2674 "HTTP/1.1 200 OK"
2025-07-01 21:53:17,364 - INFO - HTTP Request: GET https://www.leier.hu/hu/dokumentumtar/3763 "HTTP/1.1 200 OK"
2025-07-01 21:53:17,365 - INFO - HTTP Request: GET https://www.leier.hu/hu/dokumentumtar/3227 "HTTP/1.1 200 OK"
2025-07-01 21:53:17,372 - INFO - ✅ Downloaded: C:\Users\Admin\.cursor\Lambda\src\backend\src\downloads\leier_datasheets\hu\Részletrajzok\Elemrajzok__DWG__PDF_\Mélyépítés\Átemelőakna_elemek\AFE_200_160_LG_-_Átemelő_fenékelem_gumigyűrűs.pdf
2025-07-01 21:53:17,646 - INFO - ✅ Downloaded: C:\Users\Admin\.cursor\Lambda\src\backend\src\downloads\leier_datasheets\hu\Részletrajzok\Csomópontok\Térburkolat_részletrajzok\pln\b03-szegely3.pdf
2025-07-01 21:53:17,647 - INFO - ✅ Downloaded: C:\Users\Admin\.cursor\Lambda\src\backend\src\downloads\leier_datasheets\hu\Termékadatlapok\Kertépítés__díszburkolat\Térkövek\Leier_Kaiserstein_FORUM_térkő_termékadatlap.pdf
2025-07-01 21:53:18,201 - INFO - HTTP Request: GET https://www.leier.hu/hu/dokumentumtar/4183 "HTTP/1.1 200 OK"
2025-07-01 21:53:18,202 - INFO - HTTP Request: GET https://www.leier.hu/hu/dokumentumtar/2945 "HTTP/1.1 200 OK"
2025-07-01 21:53:18,210 - INFO - ✅ Downloaded: C:\Users\Admin\.cursor\Lambda\src\backend\src\downloads\leier_datasheets\hu\Részletrajzok\Elemrajzok__DWG__PDF_\Mélyépítés\Tisztítóakna_elemek\Aknagyűrűk\AGY_100_-_50_LG_H_-_Aknagyűrű_gumigyűrűs_hágcsóval_-_függőleges_metszet.pdf
2025-07-01 21:53:18,523 - INFO - HTTP Request: GET https://www.leier.hu/hu/dokumentumtar/2992 "HTTP/1.1 200 OK"
2025-07-01 21:53:18,525 - INFO - HTTP Request: GET https://www.leier.hu/hu/dokumentumtar/2398 "HTTP/1.1 200 OK"
2025-07-01 21:53:18,538 - INFO - ✅ Downloaded: C:\Users\Admin\.cursor\Lambda\src\backend\src\downloads\leier_datasheets\hu\Részletrajzok\Elemrajzok__DWG__PDF_\Mélyépítés\Átemelőakna_elemek\AGY_200_200_LG_-_Átemelő_gyűrű_vágóélhez_gumigyűrűs.pdf
2025-07-01 21:53:18,823 - INFO - ✅ Downloaded: C:\Users\Admin\.cursor\Lambda\src\backend\src\downloads\leier_datasheets\hu\Részletrajzok\Csomópontok\Fal_részletrajzok\pln\f03-38as-falsarok.pdf
2025-07-01 21:53:19,107 - INFO - HTTP Request: GET https://www.leier.hu/hu/dokumentumtar/1998 "HTTP/1.1 200 OK"
2025-07-01 21:53:19,118 - INFO - ✅ Downloaded: C:\Users\Admin\.cursor\Lambda\src\backend\src\downloads\leier_datasheets\hu\Részletrajzok\Elemrajzok__DWG__PDF_\Mélyépítés\Betoncsövek\TOTA_40_200L_-_Tokos_talpas_betoncső_keresztmetszet.pdf
2025-07-01 21:53:19,381 - INFO - ✅ Downloaded: C:\Users\Admin\.cursor\Lambda\src\backend\src\downloads\leier_datasheets\hu\Teljesítménynyilatkozatok\Magasépítési_termékek\Tégla_termékek\Devecser_-_Teljesítménynyilatkozatok\Leiertherm\Teljesítménynyilatkozat_-_Leiertherm_12_N_F_LE_DE771-1-05-04.pdf
2025-07-01 21:53:19,671 - INFO - HTTP Request: GET https://www.leier.hu/hu/dokumentumtar/3462 "HTTP/1.1 200 OK"
2025-07-01 21:53:19,672 - INFO - HTTP Request: GET https://www.leier.hu/hu/dokumentumtar/4103 "HTTP/1.1 200 OK"
2025-07-01 21:53:19,673 - INFO - HTTP Request: GET https://www.leier.hu/hu/dokumentumtar/2999 "HTTP/1.1 200 OK"
2025-07-01 21:53:19,683 - INFO - ✅ Downloaded: C:\Users\Admin\.cursor\Lambda\src\backend\src\downloads\leier_datasheets\hu\Termékadatlapok\Magasépítési_termékek\Tégla_termékek\LeierPlan_50_Pro_adatlap_pdf.pdf
2025-07-01 21:53:19,952 - INFO - ✅ Downloaded: C:\Users\Admin\.cursor\Lambda\src\backend\src\downloads\leier_datasheets\hu\Részletrajzok\Elemrajzok__DWG__PDF_\Környezettechnika\Olajelválasztók_PDF\LOL_SUPER_150_NF_melleklet_PDF.pdf
2025-07-01 21:53:19,954 - INFO - HTTP Request: GET https://www.leier.hu/hu/dokumentumtar/2429 "HTTP/1.1 200 OK"
2025-07-01 21:53:20,227 - INFO - ✅ Downloaded: C:\Users\Admin\.cursor\Lambda\src\backend\src\downloads\leier_datasheets\hu\Részletrajzok\Elemrajzok__DWG__PDF_\Mélyépítés\Betoncsövek\TOTA_100_200L_-_Tokos_talpas_betoncső_hosszmetszet_függőleges.pdf
2025-07-01 21:53:20,492 - INFO - ✅ Downloaded: C:\Users\Admin\.cursor\Lambda\src\backend\src\downloads\leier_datasheets\hu\Részletrajzok\Csomópontok\Fal_részletrajzok\dxf\Leier_f05-zsaluko-labazat1.pdf
2025-07-01 21:53:20,771 - INFO - HTTP Request: GET https://www.leier.hu/hu/dokumentumtar/3503 "HTTP/1.1 200 OK"
2025-07-01 21:53:20,772 - INFO - HTTP Request: GET https://www.leier.hu/hu/dokumentumtar/2975 "HTTP/1.1 200 OK"
2025-07-01 21:53:20,785 - INFO - ✅ Downloaded: C:\Users\Admin\.cursor\Lambda\src\backend\src\downloads\leier_datasheets\hu\Részletrajzok\Elemrajzok__DWG__PDF_\Környezettechnika\Olajelválasztók_PDF\LOL_SUPER_40_P_melleklet_PDF.pdf
2025-07-01 21:53:21,066 - INFO - HTTP Request: GET https://www.leier.hu/hu/dokumentumtar/2653 "HTTP/1.1 200 OK"
2025-07-01 21:53:21,067 - INFO - HTTP Request: GET https://www.leier.hu/hu/dokumentumtar/2908 "HTTP/1.1 200 OK"
2025-07-01 21:53:21,081 - INFO - ✅ Downloaded: C:\Users\Admin\.cursor\Lambda\src\backend\src\downloads\leier_datasheets\hu\Részletrajzok\Elemrajzok__DWG__PDF_\Mélyépítés\Átemelőakna_elemek\AFE_200_175_L_-_Átemelő_fenékelem.pdf
2025-07-01 21:53:21,373 - INFO - HTTP Request: GET https://www.leier.hu/hu/dokumentumtar/2772 "HTTP/1.1 200 OK"
2025-07-01 21:53:21,378 - INFO - HTTP Request: GET https://www.leier.hu/hu/dokumentumtar/2588 "HTTP/1.1 200 OK"
2025-07-01 21:53:21,391 - INFO - ✅ Downloaded: C:\Users\Admin\.cursor\Lambda\src\backend\src\downloads\leier_datasheets\hu\Részletrajzok\Csomópontok\Térburkolat_részletrajzok\dwg\b04-szegely4.pdf
2025-07-01 21:53:21,655 - INFO - ✅ Downloaded: C:\Users\Admin\.cursor\Lambda\src\backend\src\downloads\leier_datasheets\hu\Részletrajzok\Csomópontok\Kéregelemes_födém_részletrajzok\dxf\leier-p031-kpanel-belsok.pdf
2025-07-01 21:53:21,916 - INFO - ✅ Downloaded: C:\Users\Admin\.cursor\Lambda\src\backend\src\downloads\leier_datasheets\hu\Részletrajzok\Elemrajzok__DWG__PDF_\Mélyépítés\Árokburkoló-_és_árokelemek\ÁBE_F_30_40_-_100_-_fedlap_-_felülnézet1.pdf
2025-07-01 21:53:21,917 - INFO - ✅ Downloaded: C:\Users\Admin\.cursor\Lambda\src\backend\src\downloads\leier_datasheets\hu\Részletrajzok\Csomópontok\Födém_részletrajzok\pln\m04-mesterf-valaszfal.pdf
2025-07-01 21:53:21,918 - INFO - HTTP Request: GET https://www.leier.hu/hu/dokumentumtar/3328 "HTTP/1.1 200 OK"
2025-07-01 21:53:21,919 - INFO - HTTP Request: GET https://www.leier.hu/hu/dokumentumtar/3479 "HTTP/1.1 200 OK"
2025-07-01 21:53:21,919 - INFO - ✅ Downloaded: C:\Users\Admin\.cursor\Lambda\src\backend\src\downloads\leier_datasheets\hu\LeierPress\LeierPress_2014.pdf
2025-07-01 21:53:22,797 - INFO - ✅ Downloaded: C:\Users\Admin\.cursor\Lambda\src\backend\src\downloads\leier_datasheets\hu\Részletrajzok\Elemrajzok__DWG__PDF_\Környezettechnika\Zsírleválasztók_DWG\LZS_4_Zsírleválasztó_-_függőleges_metszet.pdf
2025-07-01 21:53:22,797 - INFO - ✅ Downloaded: C:\Users\Admin\.cursor\Lambda\src\backend\src\downloads\leier_datasheets\hu\Részletrajzok\Elemrajzok__DWG__PDF_\Környezettechnika\Olajelválasztók_PDF\LOL_SUPER_100_KF_melleklet_PDF.pdf
2025-07-01 21:53:23,421 - INFO - HTTP Request: GET https://www.leier.hu/hu/dokumentumtar/3405 "HTTP/1.1 200 OK"
2025-07-01 21:53:23,428 - INFO - ✅ Downloaded: C:\Users\Admin\.cursor\Lambda\src\backend\src\downloads\leier_datasheets\hu\Részletrajzok\Elemrajzok__DWG__PDF_\Környezettechnika\Olajelválasztók_DWG\LOL_SUPER_30_max_P_melle_klet.pdf
2025-07-01 21:53:23,717 - INFO - HTTP Request: GET https://www.leier.hu/hu/dokumentumtar/4171 "HTTP/1.1 200 OK"
2025-07-01 21:53:23,718 - INFO - HTTP Request: GET https://www.leier.hu/hu/dokumentumtar/2804 "HTTP/1.1 200 OK"
2025-07-01 21:53:23,772 - INFO - ✅ Downloaded: C:\Users\Admin\.cursor\Lambda\src\backend\src\downloads\leier_datasheets\hu\Árlisták_viszonteladók_részére\Magasépítő_árlista_viszonteladók_részére.pdf
2025-07-01 21:53:24,057 - INFO - HTTP Request: GET https://www.leier.hu/hu/dokumentumtar/3214 "HTTP/1.1 200 OK"
2025-07-01 21:53:24,058 - INFO - HTTP Request: GET https://www.leier.hu/hu/dokumentumtar/2017 "HTTP/1.1 200 OK"
2025-07-01 21:53:24,059 - INFO - HTTP Request: GET https://www.leier.hu/hu/dokumentumtar/3527 "HTTP/1.1 200 OK"
2025-07-01 21:53:24,059 - INFO - HTTP Request: GET https://www.leier.hu/hu/dokumentumtar/2509 "HTTP/1.1 200 OK"
2025-07-01 21:53:24,061 - INFO - HTTP Request: GET https://www.leier.hu/hu/dokumentumtar/2792 "HTTP/1.1 200 OK"
2025-07-01 21:53:24,061 - INFO - HTTP Request: GET https://www.leier.hu/hu/dokumentumtar/3916 "HTTP/1.1 200 OK"
2025-07-01 21:53:24,079 - INFO - ✅ Downloaded: C:\Users\Admin\.cursor\Lambda\src\backend\src\downloads\leier_datasheets\hu\LeierPress\Leier_Újság_1999.pdf
2025-07-01 21:53:24,456 - INFO - ✅ Downloaded: C:\Users\Admin\.cursor\Lambda\src\backend\src\downloads\leier_datasheets\hu\Részletrajzok\Elemrajzok__DWG__PDF_\Mélyépítés\Tisztítóakna_elemek\Aknaszűkítő_elemek\ASZ_200_L.pdf
2025-07-01 21:53:24,812 - INFO - HTTP Request: GET https://www.leier.hu/hu/dokumentumtar/2024 "HTTP/1.1 200 OK"
2025-07-01 21:53:24,813 - INFO - ✅ Downloaded: C:\Users\Admin\.cursor\Lambda\src\backend\src\downloads\leier_datasheets\at\Aufbauanleitungen\Aufbauanleitung_Durisol_Hochbeet_U1-Form.pdf
2025-07-01 21:53:24,814 - INFO - ✅ Downloaded: C:\Users\Admin\.cursor\Lambda\src\backend\src\downloads\leier_datasheets\hu\Részletrajzok\Elemrajzok__DWG__PDF_\Környezettechnika\Olajelválasztók_PDF\LOL_SUPER_20_max_KF_melleklet_PDF.pdf
2025-07-01 21:53:24,814 - INFO - ✅ Downloaded: C:\Users\Admin\.cursor\Lambda\src\backend\src\downloads\leier_datasheets\hu\Teljesítménynyilatkozatok\Magasépítési_termékek\Tégla_termékek\Mátraderecske_-_CE-tanúsítványok\CE_-_Leiertherm_30_N_F_-_MD.pdf
2025-07-01 21:53:25,761 - INFO - ✅ Downloaded: C:\Users\Admin\.cursor\Lambda\src\backend\src\downloads\leier_datasheets\hu\Részletrajzok\Csomópontok\Tető_részletrajzok\asc\leier-k05-kemenyatvez-lapost.pdf
2025-07-01 21:53:26,247 - INFO - ✅ Downloaded: C:\Users\Admin\.cursor\Lambda\src\backend\src\downloads\leier_datasheets\hu\Teljesítménynyilatkozatok\Magasépítési_termékek\Tégla_termékek\Mátraderecske_-_CE-tanúsítványok\CE_-_Leiertherm_10_N_F_-_MD.pdf
2025-07-01 21:53:26,650 - INFO - HTTP Request: GET https://www.leier.hu/hu/dokumentumtar/2988 "HTTP/1.1 200 OK"
2025-07-01 21:53:26,693 - INFO - ✅ Downloaded: C:\Users\Admin\.cursor\Lambda\src\backend\src\downloads\leier_datasheets\hu\Részletrajzok\Elemrajzok__DWG__PDF_\Mélyépítés\Betoncsövek\TOTA_50_200L_-_Tokos_talpas_betoncső_hosszmetszet_vízszintes.pdf
2025-07-01 21:53:27,002 - INFO - HTTP Request: GET https://www.leier.hu/hu/dokumentumtar/2456 "HTTP/1.1 200 OK"
2025-07-01 21:53:27,004 - INFO - HTTP Request: GET https://www.leier.hu/hu/dokumentumtar/3080 "HTTP/1.1 200 OK"
2025-07-01 21:53:27,005 - INFO - HTTP Request: GET https://www.leier.hu/hu/dokumentumtar/3027 "HTTP/1.1 200 OK"
2025-07-01 21:53:27,008 - INFO - HTTP Request: GET https://www.leier.hu/hu/dokumentumtar/3161 "HTTP/1.1 200 OK"
2025-07-01 21:53:27,009 - INFO - HTTP Request: GET https://www.leier.hu/hu/dokumentumtar/4147 "HTTP/1.1 200 OK"
2025-07-01 21:53:27,023 - INFO - ✅ Downloaded: C:\Users\Admin\.cursor\Lambda\src\backend\src\downloads\leier_datasheets\hu\Részletrajzok\Elemrajzok__DWG__PDF_\Mélyépítés\Kábelcsatorna\KCS_elva_laszto__egyenes.pdf
2025-07-01 21:53:27,327 - INFO - ✅ Downloaded: C:\Users\Admin\.cursor\Lambda\src\backend\src\downloads\leier_datasheets\hu\Részletrajzok\Csomópontok\Leier_Durisol_zajárnyékoló_falak\PDF\DSi_25_13_-_N_alap.pdf
2025-07-01 21:53:27,329 - INFO - HTTP Request: GET https://www.leier.hu/hu/dokumentumtar/1993 "HTTP/1.1 200 OK"
2025-07-01 21:53:27,330 - INFO - HTTP Request: GET https://www.leier.hu/hu/dokumentumtar/2962 "HTTP/1.1 200 OK"
2025-07-01 21:53:27,670 - INFO - ✅ Downloaded: C:\Users\Admin\.cursor\Lambda\src\backend\src\downloads\leier_datasheets\hu\Részletrajzok\Elemrajzok__DWG__PDF_\Mélyépítés\Előfej_támfalelemek\LEF_50_-_Tömbelőfej_betoncsőhöz_-_elölnézet.pdf
2025-07-01 21:53:27,671 - INFO - ✅ Downloaded: C:\Users\Admin\.cursor\Lambda\src\backend\src\downloads\leier_datasheets\hu\Részletrajzok\Elemrajzok__DWG__PDF_\Mélyépítés\Betontartályok\LBT_4_-_Betontartály_függőleges_metszet.pdf
2025-07-01 21:53:28,307 - INFO - ✅ Downloaded: C:\Users\Admin\.cursor\Lambda\src\backend\src\downloads\leier_datasheets\hu\Teljesítménynyilatkozatok\Magasépítési_termékek\Tégla_termékek\Devecser_-_Teljesítménynyilatkozatok\LeierPLAN\Teljesítménynyilatkozat_-_LeierPLAN_44_iSO__-_DE_LE_DE771-1-18-02.pdf
2025-07-01 21:53:28,597 - INFO - ✅ Downloaded: C:\Users\Admin\.cursor\Lambda\src\backend\src\downloads\leier_datasheets\hu\Részletrajzok\Elemrajzok__DWG__PDF_\Mélyépítés\Átemelőakna_elemek\AGY_160_150_LG_-_Átemelő_gyűrű_gumigyűrűs.pdf
2025-07-01 21:53:28,862 - INFO - HTTP Request: GET https://www.leier.hu/hu/dokumentumtar/3499 "HTTP/1.1 200 OK"
2025-07-01 21:53:28,877 - INFO - ✅ Downloaded: C:\Users\Admin\.cursor\Lambda\src\backend\src\downloads\leier_datasheets\hu\Részletrajzok\Elemrajzok__DWG__PDF_\Környezettechnika\Olajelválasztók_PDF\LOL_SUPER_50_max_NF_melleklet_PDF.pdf
2025-07-01 21:53:29,145 - INFO - HTTP Request: GET https://www.leier.hu/hu/dokumentumtar/2292 "HTTP/1.1 200 OK"
2025-07-01 21:53:29,146 - INFO - HTTP Request: GET https://www.leier.hu/hu/dokumentumtar/3935 "HTTP/1.1 200 OK"
2025-07-01 21:53:29,156 - INFO - ✅ Downloaded: C:\Users\Admin\.cursor\Lambda\src\backend\src\downloads\leier_datasheets\hu\Termékadatlapok\Kertépítés__díszburkolat\Kerti_lapok\REGNUM_classic_lapok_termékadatlap.pdf
2025-07-01 21:53:29,422 - INFO - HTTP Request: GET https://www.leier.hu/hu/dokumentumtar/2095 "HTTP/1.1 200 OK"
2025-07-01 21:53:29,423 - INFO - HTTP Request: GET https://www.leier.hu/hu/dokumentumtar/3436 "HTTP/1.1 200 OK"
2025-07-01 21:53:29,427 - INFO - HTTP Request: GET https://www.leier.hu/hu/dokumentumtar/3230 "HTTP/1.1 200 OK"
2025-07-01 21:53:29,439 - INFO - ✅ Downloaded: C:\Users\Admin\.cursor\Lambda\src\backend\src\downloads\leier_datasheets\hu\Teljesítménynyilatkozatok\Kéményrendszerek\TELJESÍTMÉNYNYILATKOZAT_Multikeram_NR__LE_KLETA-12-0491-MULTIKERAM-02.pdf
2025-07-01 21:53:29,702 - INFO - ✅ Downloaded: C:\Users\Admin\.cursor\Lambda\src\backend\src\downloads\leier_datasheets\hu\Részletrajzok\Elemrajzok__DWG__PDF_\Környezettechnika\Olajelválasztók_DWG\LOL_SUPER_8_80_KF_zápor_túlfolyóval_melléklet.pdf
2025-07-01 21:53:29,974 - INFO - ✅ Downloaded: C:\Users\Admin\.cursor\Lambda\src\backend\src\downloads\leier_datasheets\at\Verarbeitungsinfos\Verarbeitungsinfo_Betonplatten.pdf
2025-07-01 21:53:30,238 - INFO - HTTP Request: GET https://www.leier.hu/hu/dokumentumtar/3961 "HTTP/1.1 200 OK"
2025-07-01 21:53:30,254 - INFO - ✅ Downloaded: C:\Users\Admin\.cursor\Lambda\src\backend\src\downloads\leier_datasheets\hu\Részletrajzok\Elemrajzok__DWG__PDF_\Mélyépítés\Tisztítóakna_elemek\Aknagyűrűk\AGY_100_-_50_L_-_Aknagyűrű_-_függőleges_metszet.pdf
2025-07-01 21:53:30,523 - INFO - HTTP Request: GET https://www.leier.hu/hu/dokumentumtar/2071 "HTTP/1.1 200 OK"
2025-07-01 21:53:30,531 - INFO - ✅ Downloaded: C:\Users\Admin\.cursor\Lambda\src\backend\src\downloads\leier_datasheets\hu\LeierPress\LeierPress_2017.pdf
2025-07-01 21:53:30,799 - INFO - HTTP Request: GET https://www.leier.hu/hu/dokumentumtar/2381 "HTTP/1.1 200 OK"
2025-07-01 21:53:30,807 - INFO - ✅ Downloaded: C:\Users\Admin\.cursor\Lambda\src\backend\src\downloads\leier_datasheets\hu\Teljesítménynyilatkozatok\Magasépítési_termékek\Beton_falazóelemek\Zsaluzóelem_-_Jánossomorja_-_Teljesítménynyilatkozat_LE_JS15435-01.pdf
2025-07-01 21:53:31,072 - INFO - HTTP Request: GET https://www.leier.hu/hu/dokumentumtar/3967 "HTTP/1.1 200 OK"
2025-07-01 21:53:31,072 - INFO - HTTP Request: GET https://www.leier.hu/hu/dokumentumtar/2496 "HTTP/1.1 200 OK"
2025-07-01 21:53:31,073 - INFO - HTTP Request: GET https://www.leier.hu/hu/dokumentumtar/4128 "HTTP/1.1 200 OK"
2025-07-01 21:53:31,076 - INFO - ✅ Downloaded: C:\Users\Admin\.cursor\Lambda\src\backend\src\downloads\leier_datasheets\hu\Részletrajzok\Csomópontok\Fal_részletrajzok\pdf\f04b-kulso-nyilaszaro2.pdf
2025-07-01 21:53:31,356 - INFO - HTTP Request: GET https://www.leier.hu/hu/dokumentumtar/2522 "HTTP/1.1 200 OK"
2025-07-01 21:53:31,361 - INFO - ✅ Downloaded: C:\Users\Admin\.cursor\Lambda\src\backend\src\downloads\leier_datasheets\hu\Részletrajzok\Csomópontok\Tető_részletrajzok\pdf\t01-eresz.pdf
2025-07-01 21:53:31,361 - INFO - ✅ Downloaded: C:\Users\Admin\.cursor\Lambda\src\backend\src\downloads\leier_datasheets\hu\Termékadatlapok\Magasépítési_termékek\Beton_falazóelemek\Leier_beton_ZS25_adatlap_pdf.pdf
2025-07-01 21:53:31,899 - INFO - HTTP Request: GET https://www.leier.hu/hu/dokumentumtar/3497 "HTTP/1.1 200 OK"
2025-07-01 21:53:31,902 - INFO - ✅ Downloaded: C:\Users\Admin\.cursor\Lambda\src\backend\src\downloads\leier_datasheets\hu\Részletrajzok\Csomópontok\Tető_részletrajzok\pln\t01-eresz.pdf
2025-07-01 21:53:32,249 - INFO - HTTP Request: GET https://www.leier.hu/hu/dokumentumtar/3468 "HTTP/1.1 200 OK"
2025-07-01 21:53:32,254 - INFO - ✅ Downloaded: C:\Users\Admin\.cursor\Lambda\src\backend\src\downloads\leier_datasheets\at\Verarbeitungsinfos\VÖB-FQP\VOEB_Verputzen_auf_Holz-Mantelbeton_05-2013_pdf.pdf
2025-07-01 21:53:32,559 - INFO - ✅ Downloaded: C:\Users\Admin\.cursor\Lambda\src\backend\src\downloads\leier_datasheets\hu\Részletrajzok\Elemrajzok__DWG__PDF_\Környezettechnika\Olajelválasztók_PDF\LOL_SUPER_50_NF_melleklet_PDF.pdf
2025-07-01 21:53:32,841 - INFO - HTTP Request: GET https://www.leier.hu/hu/dokumentumtar/3893 "HTTP/1.1 200 OK"
2025-07-01 21:53:32,846 - INFO - ✅ Downloaded: C:\Users\Admin\.cursor\Lambda\src\backend\src\downloads\leier_datasheets\at\Aufbauanleitungen\Aufbauanleitung_Durisol_Komposter.pdf
2025-07-01 21:53:33,116 - INFO - ✅ Downloaded: C:\Users\Admin\.cursor\Lambda\src\backend\src\downloads\leier_datasheets\hu\Részletrajzok\Elemrajzok__DWG__PDF_\Környezettechnika\Olajelválasztók_PDF\LOL_SUPER_125_NF_melleklet_PDF.pdf
2025-07-01 21:53:33,118 - INFO - HTTP Request: GET https://www.leier.hu/hu/dokumentumtar/4099 "HTTP/1.1 200 OK"
2025-07-01 21:53:33,388 - INFO - ✅ Downloaded: C:\Users\Admin\.cursor\Lambda\src\backend\src\downloads\leier_datasheets\hu\Termékadatlapok\Kertépítés__díszburkolat\Szegélykövek\K_szegélykő_-_Termékadatlap.pdf
2025-07-01 21:53:33,656 - INFO - HTTP Request: GET https://www.leier.hu/hu/dokumentumtar/3007 "HTTP/1.1 200 OK"
2025-07-01 21:53:33,657 - INFO - HTTP Request: GET https://www.leier.hu/hu/dokumentumtar/2434 "HTTP/1.1 200 OK"
2025-07-01 21:53:33,660 - INFO - ✅ Downloaded: C:\Users\Admin\.cursor\Lambda\src\backend\src\downloads\leier_datasheets\hu\Termékadatlapok\Magasépítési_termékek\Tégla_termékek\LeierPlan_30_Pro_adatlap_pdf.pdf
2025-07-01 21:53:33,923 - INFO - HTTP Request: GET https://www.leier.hu/hu/dokumentumtar/2910 "HTTP/1.1 200 OK"
2025-07-01 21:53:33,941 - INFO - ✅ Downloaded: C:\Users\Admin\.cursor\Lambda\src\backend\src\downloads\leier_datasheets\hu\Részletrajzok\Elemrajzok__DWG__PDF_\Mélyépítés\Betoncsövek\TO_30_200L_-_Tokos_betoncső_csaposmetszet.pdf
2025-07-01 21:53:34,238 - INFO - ✅ Downloaded: C:\Users\Admin\.cursor\Lambda\src\backend\src\downloads\leier_datasheets\hu\Részletrajzok\Csomópontok\Leier_Durisol_zajárnyékoló_falak\DWG\Durisol_részletrajzok.pdf
2025-07-01 21:53:34,239 - INFO - HTTP Request: GET https://www.leier.hu/hu/dokumentumtar/3469 "HTTP/1.1 200 OK"
2025-07-01 21:53:34,240 - INFO - HTTP Request: GET https://www.leier.hu/hu/dokumentumtar/3160 "HTTP/1.1 200 OK"
2025-07-01 21:53:34,240 - INFO - ✅ Downloaded: C:\Users\Admin\.cursor\Lambda\src\backend\src\downloads\leier_datasheets\hu\Betoncserepes_dokumentumtár__Termékadatlap_-_Teljesítménynyilatkozat_-_Beépítési_útmutató\Beépítési_útmutató_-_Alkalmazástechnika\Tetőfedés_alkalmazástechnika.pdf
2025-07-01 21:53:34,798 - INFO - ✅ Downloaded: C:\Users\Admin\.cursor\Lambda\src\backend\src\downloads\leier_datasheets\hu\Részletrajzok\Elemrajzok__DWG__PDF_\Mélyépítés\Kábelcsatorna\KCS_elva_laszto__i_v_kicsi.pdf
2025-07-01 21:53:34,798 - INFO - ✅ Downloaded: C:\Users\Admin\.cursor\Lambda\src\backend\src\downloads\leier_datasheets\hu\Részletrajzok\Elemrajzok__DWG__PDF_\Mélyépítés\Árokburkoló-_és_árokelemek\ÁBE_F_20_30_-_50L_-_Bordás_fedlap_-_felülnézet.pdf
2025-07-01 21:53:35,343 - INFO - HTTP Request: GET https://www.leier.hu/hu/dokumentumtar/2952 "HTTP/1.1 200 OK"
2025-07-01 21:53:35,344 - INFO - HTTP Request: GET https://www.leier.hu/hu/dokumentumtar/3488 "HTTP/1.1 200 OK"
2025-07-01 21:53:35,347 - INFO - ✅ Downloaded: C:\Users\Admin\.cursor\Lambda\src\backend\src\downloads\leier_datasheets\hu\Részletrajzok\Elemrajzok__DWG__PDF_\Környezettechnika\Olajelválasztók_PDF\LOL_SUPER_125_max_P_melleklet_PDF.pdf
2025-07-01 21:53:35,614 - INFO - HTTP Request: GET https://www.leier.hu/hu/dokumentumtar/3140 "HTTP/1.1 200 OK"
2025-07-01 21:53:35,620 - INFO - ✅ Downloaded: C:\Users\Admin\.cursor\Lambda\src\backend\src\downloads\leier_datasheets\hu\Részletrajzok\Elemrajzok__DWG__PDF_\Környezettechnika\Olajelválasztók_PDF\LOL_SUPER_60_P_melleklet_PDF.pdf
2025-07-01 21:53:35,899 - INFO - ✅ Downloaded: C:\Users\Admin\.cursor\Lambda\src\backend\src\downloads\leier_datasheets\hu\Részletrajzok\Elemrajzok__DWG__PDF_\Mélyépítés\Átemelőakna_elemek\AGY_200_150_LG_-_Átemelő_gyűrű_gumigyűrűs.pdf
2025-07-01 21:53:35,900 - INFO - HTTP Request: GET https://www.leier.hu/hu/dokumentumtar/3776 "HTTP/1.1 200 OK"
2025-07-01 21:53:36,170 - INFO - ✅ Downloaded: C:\Users\Admin\.cursor\Lambda\src\backend\src\downloads\leier_datasheets\hu\Termékadatlapok\Kertépítés__díszburkolat\Térkövek\Leier_PIAZZA_30x20_térkő_termékadatlap.pdf
2025-07-01 21:53:36,171 - INFO - ✅ Downloaded: C:\Users\Admin\.cursor\Lambda\src\backend\src\downloads\leier_datasheets\hu\Részletrajzok\Elemrajzok__DWG__PDF_\Mélyépítés\Kábelcsatorna\KCS_fedlap_egyenes_elöl.pdf
2025-07-01 21:53:36,750 - INFO - HTTP Request: GET https://www.leier.hu/hu/dokumentumtar/3299 "HTTP/1.1 200 OK"
2025-07-01 21:53:36,751 - INFO - HTTP Request: GET https://www.leier.hu/hu/dokumentumtar/4011 "HTTP/1.1 200 OK"
2025-07-01 21:53:36,752 - INFO - HTTP Request: GET https://www.leier.hu/hu/dokumentumtar/2678 "HTTP/1.1 200 OK"
2025-07-01 21:53:36,753 - INFO - HTTP Request: GET https://www.leier.hu/hu/dokumentumtar/2243 "HTTP/1.1 200 OK"
2025-07-01 21:53:36,759 - INFO - ✅ Downloaded: C:\Users\Admin\.cursor\Lambda\src\backend\src\downloads\leier_datasheets\hu\Kereskedői_kéménykonfigurátor\Kereskedői_kéménykonfigurátor_2025_04_01-től.pdf
2025-07-01 21:53:37,028 - INFO - HTTP Request: GET https://www.leier.hu/hu/dokumentumtar/2640 "HTTP/1.1 200 OK"
2025-07-01 21:53:37,034 - INFO - ✅ Downloaded: C:\Users\Admin\.cursor\Lambda\src\backend\src\downloads\leier_datasheets\hu\Részletrajzok\Csomópontok\Térburkolat_részletrajzok\asc\leier-b07b-tereplepcso2.pdf
2025-07-01 21:53:37,313 - INFO - ✅ Downloaded: C:\Users\Admin\.cursor\Lambda\src\backend\src\downloads\leier_datasheets\hu\Részletrajzok\Elemrajzok__DWG__PDF_\Mélyépítés\Vízelnyelőakna_elemek\V_AFE_50_50_L_-_Víznyelő_akna_fenékelem_átfolyós_vízszintes_metszet.pdf
2025-07-01 21:53:37,313 - INFO - HTTP Request: GET https://www.leier.hu/hu/dokumentumtar/2606 "HTTP/1.1 200 OK"
2025-07-01 21:53:37,314 - INFO - HTTP Request: GET https://www.leier.hu/hu/dokumentumtar/3604 "HTTP/1.1 200 OK"
2025-07-01 21:53:37,588 - INFO - ✅ Downloaded: C:\Users\Admin\.cursor\Lambda\src\backend\src\downloads\leier_datasheets\hu\Részletrajzok\Csomópontok\Kéregfal_részletrajzok\asc\leier-e04-keregfal-sarok.pdf
2025-07-01 21:53:37,589 - INFO - ✅ Downloaded: C:\Users\Admin\.cursor\Lambda\src\backend\src\downloads\leier_datasheets\hu\Teljesítménynyilatkozatok\Transzportbeton\Transzportbeton_-_Horitschon_-Teljesítménynyilatkozat_-_LE_HOMSZ4798-01.pdf
2025-07-01 21:53:38,127 - INFO - ✅ Downloaded: C:\Users\Admin\.cursor\Lambda\src\backend\src\downloads\leier_datasheets\hu\Termékadatlapok\Magasépítési_termékek\Durisol_falazóelemek\Durisol_hanggátló_falazóelem_DMi_17\12_-_Termékadatlap.pdf
2025-07-01 21:53:38,388 - INFO - HTTP Request: GET https://www.leier.hu/hu/dokumentumtar/3057 "HTTP/1.1 200 OK"
2025-07-01 21:53:38,389 - INFO - HTTP Request: GET https://www.leier.hu/hu/dokumentumtar/3590 "HTTP/1.1 200 OK"
2025-07-01 21:53:38,390 - INFO - ✅ Downloaded: C:\Users\Admin\.cursor\Lambda\src\backend\src\downloads\leier_datasheets\hu\Részletrajzok\Csomópontok\Födém_részletrajzok\dxf\leier-m04-mesterf-valaszfal.pdf
2025-07-01 21:53:38,655 - INFO - ✅ Downloaded: C:\Users\Admin\.cursor\Lambda\src\backend\src\downloads\leier_datasheets\hu\Részletrajzok\Elemrajzok__DWG__PDF_\Durisol_zajárnyékolás\DSI_30_13_W_-_Durisol_blokkelem_-_Felülnézet.pdf
2025-07-01 21:53:38,924 - INFO - HTTP Request: GET https://www.leier.hu/hu/dokumentumtar/3225 "HTTP/1.1 200 OK"
2025-07-01 21:53:38,928 - INFO - ✅ Downloaded: C:\Users\Admin\.cursor\Lambda\src\backend\src\downloads\leier_datasheets\hu\Részletrajzok\Elemrajzok__DWG__PDF_\Mélyépítés\Előfej_támfalelemek\TFE_40_-_Támfalelem_oldalnézet.pdf
2025-07-01 21:53:38,928 - INFO - ✅ Downloaded: C:\Users\Admin\.cursor\Lambda\src\backend\src\downloads\leier_datasheets\hu\Részletrajzok\Elemrajzok__DWG__PDF_\Durisol_zajárnyékolás\Durisol_panel_296_450_hálós_-_Elölnézet.pdf
2025-07-01 21:53:39,553 - INFO - HTTP Request: GET https://www.leier.hu/hu/dokumentumtar/2703 "HTTP/1.1 200 OK"
2025-07-01 21:53:39,554 - INFO - HTTP Request: GET https://www.leier.hu/hu/dokumentumtar/3570 "HTTP/1.1 200 OK"
2025-07-01 21:53:39,591 - INFO - HTTP Request: GET https://www.leier.hu/hu/dokumentumtar/2715 "HTTP/1.1 200 OK"
2025-07-01 21:53:39,592 - INFO - HTTP Request: GET https://www.leier.hu/hu/dokumentumtar/2267 "HTTP/1.1 200 OK"
2025-07-01 21:53:39,598 - INFO - ✅ Downloaded: C:\Users\Admin\.cursor\Lambda\src\backend\src\downloads\leier_datasheets\hu\Részletrajzok\Elemrajzok__DWG__PDF_\Mélyépítés\Tisztítóakna_elemek\Aknagyűrűk\AGY_100_-_75_L_H_-_Aknagyűrű_hágcsóval_-_függőleges_metszet.pdf
2025-07-01 21:53:39,861 - INFO - ✅ Downloaded: C:\Users\Admin\.cursor\Lambda\src\backend\src\downloads\leier_datasheets\hu\Részletrajzok\Csomópontok\Mélyépítési_részletrajzok\pdf\c02-100-gumigyurus.pdf
2025-07-01 21:53:40,130 - INFO - ✅ Downloaded: C:\Users\Admin\.cursor\Lambda\src\backend\src\downloads\leier_datasheets\hu\Részletrajzok\Csomópontok\Mélyépítési_részletrajzok\asc\leier-c01-100-csaphornyos.pdf
2025-07-01 21:53:40,406 - INFO - HTTP Request: GET https://www.leier.hu/hu/dokumentumtar/2732 "HTTP/1.1 200 OK"
2025-07-01 21:53:40,408 - INFO - HTTP Request: GET https://www.leier.hu/hu/dokumentumtar/3913 "HTTP/1.1 200 OK"
2025-07-01 21:53:40,409 - INFO - ✅ Downloaded: C:\Users\Admin\.cursor\Lambda\src\backend\src\downloads\leier_datasheets\hu\Termékadatlapok\Kertépítés__díszburkolat\Térkövek\Leier_Kaiserstein_MERCATO_térkő_termékadatlap.pdf
2025-07-01 21:53:40,702 - INFO - ✅ Downloaded: C:\Users\Admin\.cursor\Lambda\src\backend\src\downloads\leier_datasheets\hu\Részletrajzok\Elemrajzok__DWG__PDF_\Durisol_zajárnyékolás\Durisol_panel_496_100_hálós_-_Elölnézet.pdf
2025-07-01 21:53:40,967 - INFO - ✅ Downloaded: C:\Users\Admin\.cursor\Lambda\src\backend\src\downloads\leier_datasheets\hu\Részletrajzok\Csomópontok\Kéregelemes_födém_részletrajzok\dwg\p01-kpanel-koszoru1.pdf
2025-07-01 21:53:41,256 - INFO - ✅ Downloaded: C:\Users\Admin\.cursor\Lambda\src\backend\src\downloads\leier_datasheets\at\Aufbauanleitungen\Aufbauanleitung_Durisol_Hochbeet_K-Form.pdf
2025-07-01 21:53:41,256 - INFO - HTTP Request: GET https://www.leier.hu/hu/dokumentumtar/4003 "HTTP/1.1 200 OK"
2025-07-01 21:53:41,557 - INFO - ✅ Downloaded: C:\Users\Admin\.cursor\Lambda\src\backend\src\downloads\leier_datasheets\hu\Teljesítménynyilatkozatok\Magasépítési_termékek\Nyílásáthidalók\Nyílásáthidaló_-_Mátraderecske_-_Teljesítménynyilatkozat_LE_MD845-2-01.pdf
2025-07-01 21:53:41,835 - INFO - HTTP Request: GET https://www.leier.hu/hu/dokumentumtar/3551 "HTTP/1.1 200 OK"
2025-07-01 21:53:41,836 - INFO - HTTP Request: GET https://www.leier.hu/hu/dokumentumtar/2929 "HTTP/1.1 200 OK"
2025-07-01 21:53:41,841 - INFO - ✅ Downloaded: C:\Users\Admin\.cursor\Lambda\src\backend\src\downloads\leier_datasheets\hu\Részletrajzok\Elemrajzok__DWG__PDF_\Környezettechnika\Olajelválasztók_PDF\LOL_SUPER_6_30_P_zapor_tulfolyoval_melleklet_PDF.pdf
2025-07-01 21:53:42,206 - INFO - HTTP Request: GET https://www.leier.hu/hu/dokumentumtar/3283 "HTTP/1.1 200 OK"
2025-07-01 21:53:42,209 - INFO - HTTP Request: GET https://www.leier.hu/hu/dokumentumtar/3959 "HTTP/1.1 200 OK"
2025-07-01 21:53:42,211 - INFO - HTTP Request: GET https://www.leier.hu/hu/dokumentumtar/3840 "HTTP/1.1 200 OK"
2025-07-01 21:53:42,212 - INFO - HTTP Request: GET https://www.leier.hu/hu/dokumentumtar/3547 "HTTP/1.1 200 OK"
2025-07-01 21:53:42,225 - INFO - ✅ Downloaded: C:\Users\Admin\.cursor\Lambda\src\backend\src\downloads\leier_datasheets\hu\Részletrajzok\Elemrajzok__DWG__PDF_\Mélyépítés\Árokburkoló-_és_árokelemek\ÁBE_20_30_-_200_L_-_árokburkoló_elem_-_hosszmetszet.pdf
2025-07-01 21:53:42,636 - INFO - ✅ Downloaded: C:\Users\Admin\.cursor\Lambda\src\backend\src\downloads\leier_datasheets\hu\Teljesítménynyilatkozatok\Magasépítési_termékek\Beton_falazóelemek\UNI_pincefalazó_-_Jánosháza_-_Teljesítménynyilatkozat_LE_JH771-3-UNI-02.pdf
2025-07-01 21:53:42,906 - INFO - HTTP Request: GET https://www.leier.hu/hu/dokumentumtar/3894 "HTTP/1.1 200 OK"
2025-07-01 21:53:42,906 - INFO - HTTP Request: GET https://www.leier.hu/hu/dokumentumtar/2723 "HTTP/1.1 200 OK"
2025-07-01 21:53:42,907 - INFO - HTTP Request: GET https://www.leier.hu/hu/dokumentumtar/2462 "HTTP/1.1 200 OK"
2025-07-01 21:53:42,909 - INFO - ✅ Downloaded: C:\Users\Admin\.cursor\Lambda\src\backend\src\downloads\leier_datasheets\hu\Részletrajzok\Elemrajzok__DWG__PDF_\Környezettechnika\Olajelválasztók_PDF\LOL_SUPER_8_max_KF_melleklet_PDF.pdf
2025-07-01 21:53:43,206 - INFO - HTTP Request: GET https://www.leier.hu/hu/dokumentumtar/3449 "HTTP/1.1 200 OK"
2025-07-01 21:53:43,209 - INFO - ✅ Downloaded: C:\Users\Admin\.cursor\Lambda\src\backend\src\downloads\leier_datasheets\hu\Részletrajzok\Elemrajzok__DWG__PDF_\Mélyépítés\Vízóra_akna\VA_100_62_5_120_L_-_Vízóraakna_felülnézet.pdf
2025-07-01 21:53:43,488 - INFO - ✅ Downloaded: C:\Users\Admin\.cursor\Lambda\src\backend\src\downloads\leier_datasheets\hu\Részletrajzok\Csomópontok\Leier_Durisol_Magasépítő_falazórendszer\Belső__25_cm_magas_áthidaló_kialakítása_DM_25-16.pdf
2025-07-01 21:53:43,780 - INFO - ✅ Downloaded: C:\Users\Admin\.cursor\Lambda\src\backend\src\downloads\leier_datasheets\hu\Részletrajzok\Csomópontok\Kéregelemes_födém_részletrajzok\dwg\p05b-kpanel-terasz2.pdf
2025-07-01 21:53:44,038 - INFO - ✅ Downloaded: C:\Users\Admin\.cursor\Lambda\src\backend\src\downloads\leier_datasheets\hu\Termékadatlapok\Kertépítés__díszburkolat\Szegélykövek\Döntött_szegélykő_-_Termékadatlap.pdf
2025-07-01 21:53:44,298 - INFO - HTTP Request: GET https://www.leier.hu/hu/dokumentumtar/3240 "HTTP/1.1 200 OK"
2025-07-01 21:53:44,299 - INFO - ✅ Downloaded: C:\Users\Admin\.cursor\Lambda\src\backend\src\downloads\leier_datasheets\hu\Részletrajzok\Elemrajzok__DWG__PDF_\Környezettechnika\Olajelválasztók_DWG\LOL_SUPER_3_max_P_melle_klet.pdf
2025-07-01 21:53:44,563 - INFO - HTTP Request: GET https://www.leier.hu/hu/dokumentumtar/3343 "HTTP/1.1 200 OK"
2025-07-01 21:53:44,564 - INFO - ✅ Downloaded: C:\Users\Admin\.cursor\Lambda\src\backend\src\downloads\leier_datasheets\at\Verarbeitungsinfos\VÖB-FQP\VOEB_Recycling_Holzbetonwaende_12-2017_pdf.pdf
2025-07-01 21:53:44,828 - INFO - ✅ Downloaded: C:\Users\Admin\.cursor\Lambda\src\backend\src\downloads\leier_datasheets\hu\Részletrajzok\Elemrajzok__DWG__PDF_\Mélyépítés\Tisztítóakna_elemek\Aknagyűrűk\AGY_100_LG_-_Aknagyűrű_gumigyűrűs_-_vízszintes_metszet.pdf
2025-07-01 21:53:45,103 - INFO - HTTP Request: GET https://www.leier.hu/hu/dokumentumtar/2049 "HTTP/1.1 200 OK"
2025-07-01 21:53:45,104 - INFO - HTTP Request: GET https://www.leier.hu/hu/dokumentumtar/2453 "HTTP/1.1 200 OK"
2025-07-01 21:53:45,105 - INFO - HTTP Request: GET https://www.leier.hu/hu/dokumentumtar/3536 "HTTP/1.1 200 OK"
2025-07-01 21:53:45,108 - INFO - ✅ Downloaded: C:\Users\Admin\.cursor\Lambda\src\backend\src\downloads\leier_datasheets\hu\Részletrajzok\Elemrajzok__DWG__PDF_\Környezettechnika\Zsírleválasztók_PDF\LZS_4_melleklet_PDF.pdf
2025-07-01 21:53:45,402 - INFO - HTTP Request: GET https://www.leier.hu/hu/dokumentumtar/2759 "HTTP/1.1 200 OK"
2025-07-01 21:53:45,403 - INFO - HTTP Request: GET https://www.leier.hu/hu/dokumentumtar/3773 "HTTP/1.1 200 OK"
2025-07-01 21:53:45,404 - INFO - HTTP Request: GET https://www.leier.hu/hu/dokumentumtar/3298 "HTTP/1.1 200 OK"
2025-07-01 21:53:45,412 - INFO - ✅ Downloaded: C:\Users\Admin\.cursor\Lambda\src\backend\src\downloads\leier_datasheets\hu\Részletrajzok\Csomópontok\Leier_Durisol_zajárnyékoló_falak\PDF\DSi_30_13_-_W_alap.pdf
2025-07-01 21:53:45,413 - INFO - ✅ Downloaded: C:\Users\Admin\.cursor\Lambda\src\backend\src\downloads\leier_datasheets\hu\Részletrajzok\Elemrajzok__DWG__PDF_\Környezettechnika\Olajelválasztók_PDF\LOL_SUPER_15_KF_melleklet_PDF.pdf
2025-07-01 21:53:45,925 - INFO - ✅ Downloaded: C:\Users\Admin\.cursor\Lambda\src\backend\src\downloads\leier_datasheets\hu\Termékadatlapok\Kertépítés__díszburkolat\Térkövek\Leier_PIAZZA_20x10x6_térkő_termékadatlap.pdf
2025-07-01 21:53:46,210 - INFO - HTTP Request: GET https://www.leier.hu/hu/dokumentumtar/2252 "HTTP/1.1 200 OK"
2025-07-01 21:53:46,216 - INFO - HTTP Request: GET https://www.leier.hu/hu/dokumentumtar/2487 "HTTP/1.1 200 OK"
2025-07-01 21:53:46,219 - INFO - ✅ Downloaded: C:\Users\Admin\.cursor\Lambda\src\backend\src\downloads\leier_datasheets\hu\Teljesítménynyilatkozatok\Magasépítési_termékek\Tégla_termékek\Turcin_-_Teljesítménynyilatkozatok\Teljesítménynyilatkozat_-_Leiertherm_30U_Z__Plus_-_2018\15_1374-CPR-56-Z.pdf
2025-07-01 21:53:46,495 - INFO - HTTP Request: GET https://www.leier.hu/hu/dokumentumtar/3981 "HTTP/1.1 200 OK"
2025-07-01 21:53:46,496 - INFO - ✅ Downloaded: C:\Users\Admin\.cursor\Lambda\src\backend\src\downloads\leier_datasheets\hu\Részletrajzok\Elemrajzok__DWG__PDF_\Mélyépítés\Vízelnyelőakna_elemek\V_AFE_50_50_L_-_Víznyelő_akna_fenékelem_vég_függőleges_metszet.pdf
2025-07-01 21:53:46,782 - INFO - ✅ Downloaded: C:\Users\Admin\.cursor\Lambda\src\backend\src\downloads\leier_datasheets\hu\Részletrajzok\Csomópontok\Kéregelemes_födém_részletrajzok\asc\leier-p05a-kpanel-terasz1.pdf
2025-07-01 21:53:47,045 - INFO - ✅ Downloaded: C:\Users\Admin\.cursor\Lambda\src\backend\src\downloads\leier_datasheets\hu\Részletrajzok\Csomópontok\Tető_részletrajzok\pdf\t09a-falcsat-szegely.pdf
2025-07-01 21:53:47,327 - INFO - HTTP Request: GET https://www.leier.hu/hu/dokumentumtar/3089 "HTTP/1.1 200 OK"
2025-07-01 21:53:47,332 - INFO - ✅ Downloaded: C:\Users\Admin\.cursor\Lambda\src\backend\src\downloads\leier_datasheets\hu\Termékadatlapok\Kéményrendszerek\Multikeram_LAS_kéményrendszer_-_Termékadatlap.pdf
2025-07-01 21:53:47,332 - INFO - ✅ Downloaded: C:\Users\Admin\.cursor\Lambda\src\backend\src\downloads\leier_datasheets\at\Aufbauanleitungen\Aufbauanleitung_Architektur_Kräuterschnecke_Set.pdf
2025-07-01 21:53:47,883 - INFO - HTTP Request: GET https://www.leier.hu/hu/dokumentumtar/2796 "HTTP/1.1 200 OK"
2025-07-01 21:53:47,884 - INFO - HTTP Request: GET https://www.leier.hu/hu/dokumentumtar/4110 "HTTP/1.1 200 OK"
2025-07-01 21:53:47,885 - INFO - HTTP Request: GET https://www.leier.hu/hu/dokumentumtar/2160 "HTTP/1.1 200 OK"
2025-07-01 21:53:47,893 - INFO - ✅ Downloaded: C:\Users\Admin\.cursor\Lambda\src\backend\src\downloads\leier_datasheets\hu\Részletrajzok\Elemrajzok__DWG__PDF_\Mélyépítés\Előfej_támfalelemek\LEF_40_-_Előfej_betoncsőhöz_-_elölnézet.pdf
2025-07-01 21:53:48,196 - INFO - HTTP Request: GET https://www.leier.hu/hu/dokumentumtar/2746 "HTTP/1.1 200 OK"
2025-07-01 21:53:48,198 - INFO - ✅ Downloaded: C:\Users\Admin\.cursor\Lambda\src\backend\src\downloads\leier_datasheets\hu\Termékadatlapok\Magasépítési_termékek\Tégla_termékek\Leiertherm_30_NF_adatlap_pdf.pdf
2025-07-01 21:53:48,199 - INFO - ✅ Downloaded: C:\Users\Admin\.cursor\Lambda\src\backend\src\downloads\leier_datasheets\hu\Teljesítménynyilatkozatok\Előregyártott_pillérek__gerendák\Lineárlis_szerkezeti_elemek_-_Győr_-_Teljesítménynyilatkozat_-_LE_GY13225-02.pdf
2025-07-01 21:53:48,728 - INFO - HTTP Request: GET https://www.leier.hu/hu/dokumentumtar/2297 "HTTP/1.1 200 OK"
2025-07-01 21:53:48,732 - INFO - ✅ Downloaded: C:\Users\Admin\.cursor\Lambda\src\backend\src\downloads\leier_datasheets\hu\Részletrajzok\Csomópontok\Kéregelemes_födém_részletrajzok\pln\p07-kpanel-gerenda.pdf
2025-07-01 21:53:49,003 - INFO - HTTP Request: GET https://www.leier.hu/hu/dokumentumtar/3296 "HTTP/1.1 200 OK"
2025-07-01 21:53:49,004 - INFO - HTTP Request: GET https://www.leier.hu/hu/dokumentumtar/2540 "HTTP/1.1 200 OK"
2025-07-01 21:53:49,019 - INFO - ✅ Downloaded: C:\Users\Admin\.cursor\Lambda\src\backend\src\downloads\leier_datasheets\hu\Termékadatlapok\Kertépítés__díszburkolat\Kerti_lapok\Beton_járdalap_40x40_-_Termékadatlap.pdf
2025-07-01 21:53:49,321 - INFO - ✅ Downloaded: C:\Users\Admin\.cursor\Lambda\src\backend\src\downloads\leier_datasheets\hu\Részletrajzok\Csomópontok\Kémény_részletrajzok\pdf\k02b-kemeny-fodemattor2.pdf
2025-07-01 21:53:49,589 - INFO - HTTP Request: GET https://www.leier.hu/hu/dokumentumtar/3363 "HTTP/1.1 200 OK"
2025-07-01 21:53:49,591 - INFO - HTTP Request: GET https://www.leier.hu/hu/dokumentumtar/2958 "HTTP/1.1 200 OK"
2025-07-01 21:53:49,592 - INFO - HTTP Request: GET https://www.leier.hu/hu/dokumentumtar/2934 "HTTP/1.1 200 OK"
2025-07-01 21:53:49,600 - INFO - ✅ Downloaded: C:\Users\Admin\.cursor\Lambda\src\backend\src\downloads\leier_datasheets\hu\Részletrajzok\Elemrajzok__DWG__PDF_\Mélyépítés\Vízelnyelőakna_elemek\V_AFE_50_80_L_-_Víznyelő_akna_fenékelem_átfolyós_függőleges_metszet.pdf
2025-07-01 21:53:49,868 - INFO - HTTP Request: GET https://www.leier.hu/hu/dokumentumtar/3733 "HTTP/1.1 200 OK"
2025-07-01 21:53:49,869 - INFO - HTTP Request: GET https://www.leier.hu/hu/dokumentumtar/2444 "HTTP/1.1 200 OK"
2025-07-01 21:53:49,872 - INFO - ✅ Downloaded: C:\Users\Admin\.cursor\Lambda\src\backend\src\downloads\leier_datasheets\hu\Részletrajzok\Elemrajzok__DWG__PDF_\Környezettechnika\Olajelválasztók_DWG\LOL_SUPER_125_NF_melle_klet.pdf
2025-07-01 21:53:50,202 - INFO - HTTP Request: GET https://www.leier.hu/hu/dokumentumtar/2957 "HTTP/1.1 200 OK"
2025-07-01 21:53:50,204 - INFO - ✅ Downloaded: C:\Users\Admin\.cursor\Lambda\src\backend\src\downloads\leier_datasheets\hu\Részletrajzok\Elemrajzok__DWG__PDF_\Mélyépítés\Átemelőakna_elemek\AGY_240_200_LG_V-_Átemelő_gyűrű_gumigyűrűs_végelem.pdf
2025-07-01 21:53:50,205 - INFO - ✅ Downloaded: C:\Users\Admin\.cursor\Lambda\src\backend\src\downloads\leier_datasheets\hu\Részletrajzok\Elemrajzok__DWG__PDF_\Mélyépítés\Átemelőakna_elemek\AGY_160_200_LG_-_Átemelő_gyűrű_vágóélhez_gumigyűrűs.pdf
2025-07-01 21:53:50,862 - INFO - ✅ Downloaded: C:\Users\Admin\.cursor\Lambda\src\backend\src\downloads\leier_datasheets\hu\Részletrajzok\Elemrajzok__DWG__PDF_\Mélyépítés\Átemelőakna_elemek\AGY_160_200_LG_-_Átemelő_gyűrű_gumigyűrűs.pdf
2025-07-01 21:53:51,127 - INFO - HTTP Request: GET https://www.leier.hu/hu/dokumentumtar/2511 "HTTP/1.1 200 OK"
2025-07-01 21:53:51,129 - INFO - HTTP Request: GET https://www.leier.hu/hu/dokumentumtar/2314 "HTTP/1.1 200 OK"
2025-07-01 21:53:51,129 - INFO - ✅ Downloaded: C:\Users\Admin\.cursor\Lambda\src\backend\src\downloads\leier_datasheets\hu\LeierPress\Leier_Újság_2008.pdf
2025-07-01 21:53:51,409 - INFO - ✅ Downloaded: C:\Users\Admin\.cursor\Lambda\src\backend\src\downloads\leier_datasheets\hu\Részletrajzok\Csomópontok\Tető_részletrajzok\pln\t09a-falcsat-szegely.pdf
2025-07-01 21:53:51,409 - INFO - ✅ Downloaded: C:\Users\Admin\.cursor\Lambda\src\backend\src\downloads\leier_datasheets\hu\Termékadatlapok\Kertépítés__díszburkolat\Falazóelemek__kerítéskövek__fedlapok\PATIO_antik_térkő_-_Termékadatlap.pdf
2025-07-01 21:53:51,989 - INFO - HTTP Request: GET https://www.leier.hu/hu/dokumentumtar/2744 "HTTP/1.1 200 OK"
2025-07-01 21:53:51,995 - INFO - ✅ Downloaded: C:\Users\Admin\.cursor\Lambda\src\backend\src\downloads\leier_datasheets\hu\Prospektusok\Leier_támfal_blokkelemek_prospektus.pdf
2025-07-01 21:53:52,264 - INFO - HTTP Request: GET https://www.leier.hu/hu/dokumentumtar/2046 "HTTP/1.1 200 OK"
2025-07-01 21:53:52,265 - INFO - HTTP Request: GET https://www.leier.hu/hu/dokumentumtar/3116 "HTTP/1.1 200 OK"
2025-07-01 21:53:52,266 - INFO - HTTP Request: GET https://www.leier.hu/hu/dokumentumtar/3564 "HTTP/1.1 200 OK"
2025-07-01 21:53:52,272 - INFO - ✅ Downloaded: C:\Users\Admin\.cursor\Lambda\src\backend\src\downloads\leier_datasheets\hu\Részletrajzok\Csomópontok\Kéregelemes_födém_részletrajzok\pdf\p01-kpanel-koszoru1.pdf
2025-07-01 21:53:52,535 - INFO - HTTP Request: GET https://www.leier.hu/hu/dokumentumtar/3295 "HTTP/1.1 200 OK"
2025-07-01 21:53:52,536 - INFO - HTTP Request: GET https://www.leier.hu/hu/dokumentumtar/3127 "HTTP/1.1 200 OK"
2025-07-01 21:53:52,538 - INFO - ✅ Downloaded: C:\Users\Admin\.cursor\Lambda\src\backend\src\downloads\leier_datasheets\hu\Teljesítménynyilatkozatok\Magasépítési_termékek\Tégla_termékek\Mátraderecske_-_Teljesítménynyilatkozatok\Teljesítménynyilatkozat_-_Leiertherm_10\50_N_F_-_MD_LE_MD771-1-07-02.pdf
2025-07-01 21:53:52,538 - INFO - ✅ Downloaded: C:\Users\Admin\.cursor\Lambda\src\backend\src\downloads\leier_datasheets\hu\Részletrajzok\Csomópontok\Leier_Durisol_zajárnyékoló_falak\DWG\Leier_Durisol_fal_hosszszelveny_metszettel.pdf
2025-07-01 21:53:53,061 - INFO - HTTP Request: GET https://www.leier.hu/hu/dokumentumtar/3964 "HTTP/1.1 200 OK"
2025-07-01 21:53:53,062 - INFO - HTTP Request: GET https://www.leier.hu/hu/dokumentumtar/3260 "HTTP/1.1 200 OK"
2025-07-01 21:53:53,065 - INFO - ✅ Downloaded: C:\Users\Admin\.cursor\Lambda\src\backend\src\downloads\leier_datasheets\hu\Részletrajzok\Elemrajzok__DWG__PDF_\Durisol_zajárnyékolás\Durisol_panel_496_450_hálós_-_Elölnézet.pdf
2025-07-01 21:53:53,352 - INFO - ✅ Downloaded: C:\Users\Admin\.cursor\Lambda\src\backend\src\downloads\leier_datasheets\hu\Részletrajzok\Elemrajzok__DWG__PDF_\Mélyépítés\Kábelcsatorna\KCS_vályú_könnyített_oldal.pdf
2025-07-01 21:53:53,643 - INFO - ✅ Downloaded: C:\Users\Admin\.cursor\Lambda\src\backend\src\downloads\leier_datasheets\hu\Részletrajzok\Elemrajzok__DWG__PDF_\Mélyépítés\Kábelcsatorna\KCS_vályú_irt_jobb_elöl.pdf
2025-07-01 21:53:53,643 - INFO - ✅ Downloaded: C:\Users\Admin\.cursor\Lambda\src\backend\src\downloads\leier_datasheets\hu\Részletrajzok\Elemrajzok__DWG__PDF_\Mélyépítés\Vízelnyelőakna_elemek\V_AFE_50_80_L_-_Víznyelő_akna_fenékelem_átfolyós_vízszintes_metszet.pdf
2025-07-01 21:53:54,246 - INFO - HTTP Request: GET https://www.leier.hu/hu/dokumentumtar/3155 "HTTP/1.1 200 OK"
2025-07-01 21:53:54,247 - INFO - HTTP Request: GET https://www.leier.hu/hu/dokumentumtar/3178 "HTTP/1.1 200 OK"
2025-07-01 21:53:54,251 - INFO - ✅ Downloaded: C:\Users\Admin\.cursor\Lambda\src\backend\src\downloads\leier_datasheets\hu\Részletrajzok\Elemrajzok__DWG__PDF_\Mélyépítés\Tisztítóakna_elemek\Akna_fenékelemek\AFE_100_-_50_L_KN_-_Akna_fenékelem_künet_nélkül_-_függőleges_metszet.pdf
2025-07-01 21:53:54,580 - INFO - HTTP Request: GET https://www.leier.hu/hu/dokumentumtar/3478 "HTTP/1.1 200 OK"
2025-07-01 21:53:54,581 - INFO - HTTP Request: GET https://www.leier.hu/hu/dokumentumtar/3149 "HTTP/1.1 200 OK"
2025-07-01 21:53:54,585 - INFO - ✅ Downloaded: C:\Users\Admin\.cursor\Lambda\src\backend\src\downloads\leier_datasheets\hu\Részletrajzok\Elemrajzok__DWG__PDF_\Mélyépítés\Kábelcsatorna\KCS_va_lyu__irt__bal.pdf
2025-07-01 21:53:54,965 - INFO - HTTP Request: GET https://www.leier.hu/hu/dokumentumtar/3902 "HTTP/1.1 200 OK"
2025-07-01 21:53:54,970 - INFO - ✅ Downloaded: C:\Users\Admin\.cursor\Lambda\src\backend\src\downloads\leier_datasheets\at\Verarbeitungsinfos\VÖB-FQP\VOEB-FQP_Anleitung_Verlegung_Platten_08-2019_pdf.pdf
2025-07-01 21:53:55,244 - INFO - ✅ Downloaded: C:\Users\Admin\.cursor\Lambda\src\backend\src\downloads\leier_datasheets\hu\Részletrajzok\Elemrajzok__DWG__PDF_\Mélyépítés\Keretelemek\LKE_150_-_150_-_100_-_Keretelem_-_keresztmetszet.pdf
2025-07-01 21:53:55,506 - INFO - HTTP Request: GET https://www.leier.hu/hu/dokumentumtar/2019 "HTTP/1.1 200 OK"
2025-07-01 21:53:55,506 - INFO - HTTP Request: GET https://www.leier.hu/hu/dokumentumtar/3217 "HTTP/1.1 200 OK"
2025-07-01 21:53:55,507 - INFO - HTTP Request: GET https://www.leier.hu/hu/dokumentumtar/1979 "HTTP/1.1 200 OK"
2025-07-01 21:53:55,518 - INFO - ✅ Downloaded: C:\Users\Admin\.cursor\Lambda\src\backend\src\downloads\leier_datasheets\hu\Részletrajzok\Elemrajzok__DWG__PDF_\Mélyépítés\Kábelcsatorna\KCS_elválasztó_egyenes_elöl.pdf
2025-07-01 21:53:55,520 - INFO - ✅ Downloaded: C:\Users\Admin\.cursor\Lambda\src\backend\src\downloads\leier_datasheets\hu\Részletrajzok\Elemrajzok__DWG__PDF_\Környezettechnika\Olajelválasztók_PDF\LOL_SUPER_100_max_KF_melleklet_PDF.pdf
2025-07-01 21:53:56,084 - INFO - HTTP Request: GET https://www.leier.hu/hu/dokumentumtar/2416 "HTTP/1.1 200 OK"
2025-07-01 21:53:56,088 - INFO - ✅ Downloaded: C:\Users\Admin\.cursor\Lambda\src\backend\src\downloads\leier_datasheets\hu\Teljesítménynyilatkozatok\Magasépítési_termékek\Tégla_termékek\Devecser_-_Teljesítménynyilatkozatok\LeierPLAN\Teljesítménynyilatkozat_-_LeierPLAN_25_N_F_LE_DE771-1-14-04.pdf
2025-07-01 21:53:56,089 - INFO - ✅ Downloaded: C:\Users\Admin\.cursor\Lambda\src\backend\src\downloads\leier_datasheets\hu\Részletrajzok\Elemrajzok__DWG__PDF_\Mélyépítés\Tisztítóakna_elemek\Aknaszűkítő_elemek\ASZ_80_100_L_JS.pdf
2025-07-01 21:53:56,624 - INFO - HTTP Request: GET https://www.leier.hu/hu/dokumentumtar/3822 "HTTP/1.1 200 OK"
2025-07-01 21:53:56,625 - INFO - ✅ Downloaded: C:\Users\Admin\.cursor\Lambda\src\backend\src\downloads\leier_datasheets\hu\Teljesítménynyilatkozatok\Magasépítési_termékek\Tégla_termékek\Mátraderecske_-_CE-tanúsítványok\CE_-_Leiertherm_38_Pro_-_MD.pdf
2025-07-01 21:53:56,962 - INFO - HTTP Request: GET https://www.leier.hu/hu/dokumentumtar/2313 "HTTP/1.1 200 OK"
2025-07-01 21:53:56,965 - INFO - ✅ Downloaded: C:\Users\Admin\.cursor\Lambda\src\backend\src\downloads\leier_datasheets\hu\Részletrajzok\Csomópontok\Fal_részletrajzok\asc\leier-f06b-zsaluko-labazat.pdf
2025-07-01 21:53:57,223 - INFO - ✅ Downloaded: C:\Users\Admin\.cursor\Lambda\src\backend\src\downloads\leier_datasheets\hu\Teljesítménynyilatkozatok\Mély-_és_vasútépítés__környezettechnika\Felszíni_vízelvezetés\Előregyártott_beton_árokelemek_-_Pécs_-_Teljesítménynyilatkozat_LE_PE1340-01-ÁE.pdf
2025-07-01 21:53:57,491 - INFO - ✅ Downloaded: C:\Users\Admin\.cursor\Lambda\src\backend\src\downloads\leier_datasheets\hu\Termékadatlapok\Kertépítés__díszburkolat\Falazóelemek__kerítéskövek__fedlapok\ARCHITEKTURA_kerítéskő_termékadatlap.pdf
2025-07-01 21:53:57,759 - INFO - HTTP Request: GET https://www.leier.hu/hu/dokumentumtar/2335 "HTTP/1.1 200 OK"
2025-07-01 21:53:57,759 - INFO - HTTP Request: GET https://www.leier.hu/hu/dokumentumtar/2894 "HTTP/1.1 200 OK"
2025-07-01 21:53:57,760 - INFO - HTTP Request: GET https://www.leier.hu/hu/dokumentumtar/2669 "HTTP/1.1 200 OK"
2025-07-01 21:53:57,762 - INFO - HTTP Request: GET https://www.leier.hu/hu/dokumentumtar/3483 "HTTP/1.1 200 OK"
2025-07-01 21:53:57,774 - INFO - ✅ Downloaded: C:\Users\Admin\.cursor\Lambda\src\backend\src\downloads\leier_datasheets\hu\Részletrajzok\Csomópontok\Térburkolat_részletrajzok\pln\b07b-tereplepcso2.pdf
2025-07-01 21:53:58,045 - INFO - ✅ Downloaded: C:\Users\Admin\.cursor\Lambda\src\backend\src\downloads\leier_datasheets\hu\Részletrajzok\Elemrajzok__DWG__PDF_\Környezettechnika\Olajelválasztók_PDF\LOL_SUPER_80_max_NF_melleklet_PDF.pdf
2025-07-01 21:53:58,344 - INFO - HTTP Request: GET https://www.leier.hu/hu/dokumentumtar/3014 "HTTP/1.1 200 OK"
2025-07-01 21:53:58,345 - INFO - HTTP Request: GET https://www.leier.hu/hu/dokumentumtar/3248 "HTTP/1.1 200 OK"
2025-07-01 21:53:58,354 - INFO - ✅ Downloaded: C:\Users\Admin\.cursor\Lambda\src\backend\src\downloads\leier_datasheets\hu\Részletrajzok\Elemrajzok__DWG__PDF_\Mélyépítés\Árokburkoló-_és_árokelemek\ÁE_30_30_-_50L_-_árokburkoló_elem_-_oldalnézet.pdf
2025-07-01 21:53:58,684 - INFO - HTTP Request: GET https://www.leier.hu/hu/dokumentumtar/3583 "HTTP/1.1 200 OK"
2025-07-01 21:53:58,685 - INFO - HTTP Request: GET https://www.leier.hu/hu/dokumentumtar/3164 "HTTP/1.1 200 OK"
2025-07-01 21:53:58,690 - INFO - ✅ Downloaded: C:\Users\Admin\.cursor\Lambda\src\backend\src\downloads\leier_datasheets\hu\Alkalmazástechnikák__Beépítési_útmutatók\Kémény_szélnyomás_elleni_védelem.pdf
2025-07-01 21:53:58,973 - INFO - ✅ Downloaded: C:\Users\Admin\.cursor\Lambda\src\backend\src\downloads\leier_datasheets\hu\Részletrajzok\Elemrajzok__DWG__PDF_\Mélyépítés\Betoncsövek\TA_40_100_-_Talpas_betoncső_keresztmetszet.pdf
2025-07-01 21:53:58,974 - INFO - ✅ Downloaded: C:\Users\Admin\.cursor\Lambda\src\backend\src\downloads\leier_datasheets\hu\Részletrajzok\Elemrajzok__DWG__PDF_\Mélyépítés\Tisztítóakna_elemek\Akna_fenékelemek\AFE_80_-_50_L_K_-_Akna_fenékelem_künettel_-_függőleges_metszet.pdf
2025-07-01 21:53:58,974 - INFO - HTTP Request: GET https://www.leier.hu/hu/dokumentumtar/2692 "HTTP/1.1 200 OK"
2025-07-01 21:53:59,523 - INFO - ✅ Downloaded: C:\Users\Admin\.cursor\Lambda\src\backend\src\downloads\leier_datasheets\hu\Részletrajzok\Elemrajzok__DWG__PDF_\Durisol_zajárnyékolás\Durisol_panel_396_100_hálós_-_Elölnézet.pdf
2025-07-01 21:53:59,800 - INFO - ✅ Downloaded: C:\Users\Admin\.cursor\Lambda\src\backend\src\downloads\leier_datasheets\hu\Részletrajzok\Elemrajzok__DWG__PDF_\Mélyépítés\Keretelemek\LKE_200_-_200_-_150_-_Keret_előfej_végelem_-_hosszmetszet.pdf
2025-07-01 21:54:00,069 - INFO - HTTP Request: GET https://www.leier.hu/hu/dokumentumtar/3213 "HTTP/1.1 200 OK"
2025-07-01 21:54:00,070 - INFO - HTTP Request: GET https://www.leier.hu/hu/dokumentumtar/4041 "HTTP/1.1 200 OK"
2025-07-01 21:54:00,083 - INFO - ✅ Downloaded: C:\Users\Admin\.cursor\Lambda\src\backend\src\downloads\leier_datasheets\hu\Teljesítménynyilatkozatok\Magasépítési_termékek\Tégla_termékek\Mátraderecske_-_Teljesítménynyilatkozatok\Teljesítménynyilatkozat_-_Leiertherm_AKU_30_N_F_tégla.pdf
2025-07-01 21:54:00,417 - INFO - ✅ Downloaded: C:\Users\Admin\.cursor\Lambda\src\backend\src\downloads\leier_datasheets\hu\Részletrajzok\Elemrajzok__DWG__PDF_\Mélyépítés\Tisztítóakna_elemek\Aknaszűkítő_elemek\ASZ_100_-_62_5_-_35_-_60_L_-_Akna_szűkítő_-_felülnézet.pdf
2025-07-01 21:54:00,418 - INFO - HTTP Request: GET https://www.leier.hu/hu/dokumentumtar/3777 "HTTP/1.1 200 OK"
2025-07-01 21:54:00,419 - INFO - ✅ Downloaded: C:\Users\Admin\.cursor\Lambda\src\backend\src\downloads\leier_datasheets\hu\Részletrajzok\Csomópontok\Mélyépítési_részletrajzok\dwg\akna-osszeallitasi-rajzok.pdf
2025-07-01 21:54:00,987 - INFO - ✅ Downloaded: C:\Users\Admin\.cursor\Lambda\src\backend\src\downloads\leier_datasheets\hu\Termékadatlapok\Kertépítés__díszburkolat\Térkövek\Leier_PIAZZA_30x30_térkő_termékadatlap.pdf
2025-07-01 21:54:01,324 - INFO - HTTP Request: GET https://www.leier.hu/hu/dokumentumtar/2041 "HTTP/1.1 200 OK"
2025-07-01 21:54:01,325 - INFO - HTTP Request: GET https://www.leier.hu/hu/dokumentumtar/2364 "HTTP/1.1 200 OK"
2025-07-01 21:54:01,327 - INFO - HTTP Request: GET https://www.leier.hu/hu/dokumentumtar/2919 "HTTP/1.1 200 OK"
2025-07-01 21:54:01,335 - INFO - ✅ Downloaded: C:\Users\Admin\.cursor\Lambda\src\backend\src\downloads\leier_datasheets\hu\Teljesítménynyilatkozatok\Magasépítési_termékek\Tégla_termékek\Mátraderecske_-_Teljesítménynyilatkozatok\Teljesítménynyilatkozat_-_Leiertherm_45_N_F_-_MD_LE_MD771-1-01-04.pdf
2025-07-01 21:54:01,638 - INFO - ✅ Downloaded: C:\Users\Admin\.cursor\Lambda\src\backend\src\downloads\leier_datasheets\hu\Részletrajzok\Csomópontok\Fal_részletrajzok\dwg\f06a-uni-labazat.pdf
2025-07-01 21:54:01,941 - INFO - HTTP Request: GET https://www.leier.hu/hu/dokumentumtar/3395 "HTTP/1.1 200 OK"
2025-07-01 21:54:01,942 - INFO - HTTP Request: GET https://www.leier.hu/hu/dokumentumtar/2904 "HTTP/1.1 200 OK"
2025-07-01 21:54:01,949 - INFO - ✅ Downloaded: C:\Users\Admin\.cursor\Lambda\src\backend\src\downloads\leier_datasheets\hu\Részletrajzok\Elemrajzok__DWG__PDF_\Mélyépítés\Árokburkoló-_és_árokelemek\ÁBE_40_50_-_200_L_-_árokburkoló_elem_-_alulnézet.pdf
2025-07-01 21:54:02,213 - INFO - ✅ Downloaded: C:\Users\Admin\.cursor\Lambda\src\backend\src\downloads\leier_datasheets\hu\Részletrajzok\Elemrajzok__DWG__PDF_\Környezettechnika\Olajelválasztók_DWG\LOL_SUPER_50_max_KF_melle_klet.pdf
2025-07-01 21:54:02,213 - INFO - HTTP Request: GET https://www.leier.hu/hu/dokumentumtar/2747 "HTTP/1.1 200 OK"
2025-07-01 21:54:02,214 - INFO - HTTP Request: GET https://www.leier.hu/hu/dokumentumtar/2591 "HTTP/1.1 200 OK"
2025-07-01 21:54:02,216 - INFO - HTTP Request: GET https://www.leier.hu/hu/dokumentumtar/2964 "HTTP/1.1 200 OK"
2025-07-01 21:54:02,502 - INFO - ✅ Downloaded: C:\Users\Admin\.cursor\Lambda\src\backend\src\downloads\leier_datasheets\hu\Részletrajzok\Elemrajzok__DWG__PDF_\Mélyépítés\Árokburkoló-_és_árokelemek\ÁBE_F_30_40_-_50L_-_Bordás_fedlap_víznyerlős_-_felülnézet.pdf
2025-07-01 21:54:02,762 - INFO - ✅ Downloaded: C:\Users\Admin\.cursor\Lambda\src\backend\src\downloads\leier_datasheets\hu\Részletrajzok\Csomópontok\Födém_részletrajzok\pln\m02a-mesterf-koszoru2.pdf
2025-07-01 21:54:03,029 - INFO - ✅ Downloaded: C:\Users\Admin\.cursor\Lambda\src\backend\src\downloads\leier_datasheets\hu\Részletrajzok\Csomópontok\Kéregelemes_födém_részletrajzok\pln\p06-kpanel-lepcso.pdf
2025-07-01 21:54:03,031 - INFO - HTTP Request: GET https://www.leier.hu/hu/dokumentumtar/3037 "HTTP/1.1 200 OK"
2025-07-01 21:54:03,356 - INFO - ✅ Downloaded: C:\Users\Admin\.cursor\Lambda\src\backend\src\downloads\leier_datasheets\hu\Prospektusok\Leier_kémények_-_Prospektus.pdf
2025-07-01 21:54:03,651 - INFO - ✅ Downloaded: C:\Users\Admin\.cursor\Lambda\src\backend\src\downloads\leier_datasheets\hu\Részletrajzok\Elemrajzok__DWG__PDF_\Mélyépítés\Átemelőakna_elemek\AGY_160_115_LG_V-_Átemelő_gyűrű_gumigyűrűs_végelem.pdf
2025-07-01 21:54:03,954 - INFO - ✅ Downloaded: C:\Users\Admin\.cursor\Lambda\src\backend\src\downloads\leier_datasheets\hu\Részletrajzok\Elemrajzok__DWG__PDF_\Mélyépítés\Betontartályok\LBT_6_akna_melle_klet.pdf
2025-07-01 21:54:03,956 - INFO - HTTP Request: GET https://www.leier.hu/hu/dokumentumtar/1854 "HTTP/1.1 200 OK"
2025-07-01 21:54:03,958 - INFO - HTTP Request: GET https://www.leier.hu/hu/dokumentumtar/3991 "HTTP/1.1 200 OK"
2025-07-01 21:54:04,345 - INFO - ✅ Downloaded: C:\Users\Admin\.cursor\Lambda\src\backend\src\downloads\leier_datasheets\hu\Teljesítménynyilatkozatok\Magasépítési_termékek\Födémrendszerek\Födémbéléstest_-_Jánosháza_-_Teljesítménynyilatkozat_LE_JH15037-2-02.pdf
2025-07-01 21:54:04,626 - INFO - HTTP Request: GET https://www.leier.hu/hu/dokumentumtar/2504 "HTTP/1.1 200 OK"
2025-07-01 21:54:04,627 - INFO - HTTP Request: GET https://www.leier.hu/hu/dokumentumtar/1911 "HTTP/1.1 200 OK"
2025-07-01 21:54:04,629 - INFO - HTTP Request: GET https://www.leier.hu/hu/dokumentumtar/3247 "HTTP/1.1 200 OK"
2025-07-01 21:54:04,636 - INFO - ✅ Downloaded: C:\Users\Admin\.cursor\Lambda\src\backend\src\downloads\leier_datasheets\hu\Részletrajzok\Csomópontok\Tető_részletrajzok\asc\leier-t05-elgerinc.pdf
2025-07-01 21:54:04,908 - INFO - HTTP Request: GET https://www.leier.hu/hu/dokumentumtar/3353 "HTTP/1.1 200 OK"
2025-07-01 21:54:04,909 - INFO - HTTP Request: GET https://www.leier.hu/hu/dokumentumtar/2649 "HTTP/1.1 200 OK"
2025-07-01 21:54:04,911 - INFO - HTTP Request: GET https://www.leier.hu/hu/dokumentumtar/2559 "HTTP/1.1 200 OK"
2025-07-01 21:54:04,922 - INFO - ✅ Downloaded: C:\Users\Admin\.cursor\Lambda\src\backend\src\downloads\leier_datasheets\hu\Részletrajzok\Csomópontok\Kémény_részletrajzok\dxf\leier-k02b-kemeny-fodem21.pdf
2025-07-01 21:54:05,189 - INFO - ✅ Downloaded: C:\Users\Admin\.cursor\Lambda\src\backend\src\downloads\leier_datasheets\hu\Részletrajzok\Elemrajzok__DWG__PDF_\Mélyépítés\Tisztítóakna_elemek\Akna_fenékelemek\AFE_80_-_50_L_KN_-_Akna_fenékelem_künet_nélkül_-_függőleges_metszet.pdf
2025-07-01 21:54:05,452 - INFO - HTTP Request: GET https://www.leier.hu/hu/dokumentumtar/2697 "HTTP/1.1 200 OK"
2025-07-01 21:54:05,453 - INFO - ✅ Downloaded: C:\Users\Admin\.cursor\Lambda\src\backend\src\downloads\leier_datasheets\hu\Részletrajzok\Elemrajzok__DWG__PDF_\Környezettechnika\Olajelválasztók_DWG\LOL_SUPER_200_KF_melle_klet.pdf
2025-07-01 21:54:05,453 - INFO - HTTP Request: GET https://www.leier.hu/hu/dokumentumtar/4038 "HTTP/1.1 200 OK"
2025-07-01 21:54:05,745 - INFO - ✅ Downloaded: C:\Users\Admin\.cursor\Lambda\src\backend\src\downloads\leier_datasheets\hu\Részletrajzok\Csomópontok\Térburkolat_részletrajzok\dwg\b07a-tereplepcso1.pdf
2025-07-01 21:54:06,049 - INFO - ✅ Downloaded: C:\Users\Admin\.cursor\Lambda\src\backend\src\downloads\leier_datasheets\hu\Részletrajzok\Csomópontok\Mélyépítési_részletrajzok\dwg\c01-100-csaphornyos.pdf
2025-07-01 21:54:06,320 - INFO - HTTP Request: GET https://www.leier.hu/hu/dokumentumtar/3544 "HTTP/1.1 200 OK"
2025-07-01 21:54:06,331 - INFO - ✅ Downloaded: C:\Users\Admin\.cursor\Lambda\src\backend\src\downloads\leier_datasheets\hu\Részletrajzok\Elemrajzok__DWG__PDF_\Környezettechnika\Olajelválasztók_PDF\LOL_SUPER_8_80_KF_zapor_tulfolyoval_melleklet_PDF.pdf
2025-07-01 21:54:06,331 - INFO - ✅ Downloaded: C:\Users\Admin\.cursor\Lambda\src\backend\src\downloads\leier_datasheets\hu\Teljesítménynyilatkozatok\Mély-_és_vasútépítés__környezettechnika\Durisol_zajárnyékoló_falrendszer\Leier_Durisol_zajárnyékoló_fal_teljesítménynyilatkozat_LE_HU14388-01.pdf
2025-07-01 21:54:06,867 - INFO - HTTP Request: GET https://www.leier.hu/hu/dokumentumtar/2304 "HTTP/1.1 200 OK"
2025-07-01 21:54:06,882 - INFO - ✅ Downloaded: C:\Users\Admin\.cursor\Lambda\src\backend\src\downloads\leier_datasheets\at\Prospekte\Leier_Kamine.pdf
2025-07-01 21:54:07,166 - INFO - HTTP Request: GET https://www.leier.hu/hu/dokumentumtar/2056 "HTTP/1.1 200 OK"
2025-07-01 21:54:07,167 - INFO - HTTP Request: GET https://www.leier.hu/hu/dokumentumtar/3313 "HTTP/1.1 200 OK"
2025-07-01 21:54:07,168 - INFO - HTTP Request: GET https://www.leier.hu/hu/dokumentumtar/3103 "HTTP/1.1 200 OK"
2025-07-01 21:54:07,178 - INFO - ✅ Downloaded: C:\Users\Admin\.cursor\Lambda\src\backend\src\downloads\leier_datasheets\hu\Termékadatlapok\Kertépítés__díszburkolat\Rézsűkövek__kiegészítők__virágtartók\K_szegélykő_-_Termékadatlap.pdf
2025-07-01 21:54:07,178 - INFO - ✅ Downloaded: C:\Users\Admin\.cursor\Lambda\src\backend\src\downloads\leier_datasheets\hu\Teljesítménynyilatkozatok\Magasépítési_termékek\Előregyártott_lépcsők\Előregyártott_lépcső_-_Jánossomorja_-_Teljesítménynyilatkozat_LE_JS14843-02.pdf
2025-07-01 21:54:07,731 - INFO - HTTP Request: GET https://www.leier.hu/hu/dokumentumtar/4021 "HTTP/1.1 200 OK"
2025-07-01 21:54:07,732 - INFO - HTTP Request: GET https://www.leier.hu/hu/dokumentumtar/2092 "HTTP/1.1 200 OK"
2025-07-01 21:54:07,739 - INFO - ✅ Downloaded: C:\Users\Admin\.cursor\Lambda\src\backend\src\downloads\leier_datasheets\hu\Részletrajzok\Elemrajzok__DWG__PDF_\Környezettechnika\Iszapfogók_DWG\LIF_240_215L_Iszapfogó_-_vízszintes_metszet.pdf
2025-07-01 21:54:08,039 - INFO - ✅ Downloaded: C:\Users\Admin\.cursor\Lambda\src\backend\src\downloads\leier_datasheets\hu\Részletrajzok\Elemrajzok__DWG__PDF_\Mélyépítés\Előfej_támfalelemek\LEF_50_1_1_tömbelőfej.pdf
2025-07-01 21:54:08,315 - INFO - HTTP Request: GET https://www.leier.hu/hu/dokumentumtar/3476 "HTTP/1.1 200 OK"
2025-07-01 21:54:08,316 - INFO - HTTP Request: GET https://www.leier.hu/hu/dokumentumtar/3208 "HTTP/1.1 200 OK"
2025-07-01 21:54:08,320 - INFO - ✅ Downloaded: C:\Users\Admin\.cursor\Lambda\src\backend\src\downloads\leier_datasheets\at\Verarbeitungsinfos\Verarbeitungsinfo_Kaiserstein-___Block-Mauersteine.pdf
2025-07-01 21:54:08,602 - INFO - HTTP Request: GET https://www.leier.hu/hu/dokumentumtar/3794 "HTTP/1.1 200 OK"
2025-07-01 21:54:08,611 - INFO - ✅ Downloaded: C:\Users\Admin\.cursor\Lambda\src\backend\src\downloads\leier_datasheets\hu\Részletrajzok\Elemrajzok__DWG__PDF_\Környezettechnika\Olajelválasztók_PDF\LOL_SUPER_100_max_P_melleklet_PDF.pdf
2025-07-01 21:54:08,879 - INFO - ✅ Downloaded: C:\Users\Admin\.cursor\Lambda\src\backend\src\downloads\leier_datasheets\at\Verlegemuster\Verlegemuster_Dom_Pflaster.pdf
2025-07-01 21:54:09,149 - INFO - HTTP Request: GET https://www.leier.hu/hu/dokumentumtar/3534 "HTTP/1.1 200 OK"
2025-07-01 21:54:09,150 - INFO - HTTP Request: GET https://www.leier.hu/hu/dokumentumtar/4048 "HTTP/1.1 200 OK"
2025-07-01 21:54:09,150 - INFO - ✅ Downloaded: C:\Users\Admin\.cursor\Lambda\src\backend\src\downloads\leier_datasheets\hu\Részletrajzok\Elemrajzok__DWG__PDF_\Mélyépítés\Tisztítóakna_elemek\Aknaszűkítő_elemek\ASZ_100_-_62_5_-_60_L_H_-_Akna_szűkítő_hágcsóval_-_felülnézet.pdf
2025-07-01 21:54:09,433 - INFO - ✅ Downloaded: C:\Users\Admin\.cursor\Lambda\src\backend\src\downloads\leier_datasheets\hu\Teljesítménynyilatkozatok\Magasépítési_termékek\Durisol_termékcsalád\Leier_Durisol_falazati_rendszer_-_Pozsony_-_Teljesítménynyilatkozat_LE_BA1549482-02.pdf
2025-07-01 21:54:09,714 - INFO - HTTP Request: GET https://www.leier.hu/hu/dokumentumtar/1996 "HTTP/1.1 200 OK"
2025-07-01 21:54:09,721 - INFO - ✅ Downloaded: C:\Users\Admin\.cursor\Lambda\src\backend\src\downloads\leier_datasheets\hu\Részletrajzok\Elemrajzok__DWG__PDF_\Környezettechnika\Olajelválasztók_PDF\LOL_SUPER_15_max_NF_melleklet_PDF.pdf
2025-07-01 21:54:10,008 - INFO - ✅ Downloaded: C:\Users\Admin\.cursor\Lambda\src\backend\src\downloads\leier_datasheets\hu\Teljesítménynyilatkozatok\Magasépítési_termékek\Tégla_termékek\Devecser_-_Teljesítménynyilatkozatok\LeierPLAN\Teljesítménynyilatkozat_-_LeierPLAN_10\50_N_F_-_DE_LE_DE771-1-16-03.pdf
2025-07-01 21:54:10,009 - INFO - HTTP Request: GET https://www.leier.hu/hu/dokumentumtar/3170 "HTTP/1.1 200 OK"
2025-07-01 21:54:10,283 - INFO - ✅ Downloaded: C:\Users\Admin\.cursor\Lambda\src\backend\src\downloads\leier_datasheets\at\Datenblätter\easyblock_Technische-Richtlinie.pdf
2025-07-01 21:54:10,559 - INFO - HTTP Request: GET https://www.leier.hu/hu/dokumentumtar/2253 "HTTP/1.1 200 OK"
2025-07-01 21:54:10,560 - INFO - HTTP Request: GET https://www.leier.hu/hu/dokumentumtar/3082 "HTTP/1.1 200 OK"
2025-07-01 21:54:10,561 - INFO - ✅ Downloaded: C:\Users\Admin\.cursor\Lambda\src\backend\src\downloads\leier_datasheets\hu\Részletrajzok\Elemrajzok__DWG__PDF_\Mélyépítés\Keretelemek\LKE_180_-_180_-_150_-_Keret_előfej_végelem_-_hosszmetszet.pdf
2025-07-01 21:54:10,837 - INFO - ✅ Downloaded: C:\Users\Admin\.cursor\Lambda\src\backend\src\downloads\leier_datasheets\hu\Részletrajzok\Elemrajzok__DWG__PDF_\Mélyépítés\Előfej_támfalelemek\LEF_50_-_Előfej_betoncsőhöz_-_felülnézet.pdf
2025-07-01 21:54:10,837 - INFO - ✅ Downloaded: C:\Users\Admin\.cursor\Lambda\src\backend\src\downloads\leier_datasheets\hu\Termékadatlapok\Kéményrendszerek\LK_kéményrendszer_-_Termékadatlap.pdf
2025-07-01 21:54:11,376 - INFO - HTTP Request: GET https://www.leier.hu/hu/dokumentumtar/2634 "HTTP/1.1 200 OK"
2025-07-01 21:54:11,376 - INFO - HTTP Request: GET https://www.leier.hu/hu/dokumentumtar/2306 "HTTP/1.1 200 OK"
2025-07-01 21:54:11,377 - INFO - HTTP Request: GET https://www.leier.hu/hu/dokumentumtar/3998 "HTTP/1.1 200 OK"
2025-07-01 21:54:11,386 - INFO - ✅ Downloaded: C:\Users\Admin\.cursor\Lambda\src\backend\src\downloads\leier_datasheets\hu\Részletrajzok\Csomópontok\Kéregfal_részletrajzok\pln\e05-keregfal-t-csat.pdf
2025-07-01 21:54:11,387 - INFO - ✅ Downloaded: C:\Users\Admin\.cursor\Lambda\src\backend\src\downloads\leier_datasheets\at\Datenblätter\Ziegel-Datenblatt_06-2024.pdf
2025-07-01 21:54:11,388 - INFO - ✅ Downloaded: C:\Users\Admin\.cursor\Lambda\src\backend\src\downloads\leier_datasheets\hu\Termékadatlapok\Kertépítés__díszburkolat\Falazóelemek__kerítéskövek__fedlapok\MOVADO_falazókő_termékadatlap.pdf
2025-07-01 21:54:12,348 - INFO - HTTP Request: GET https://www.leier.hu/hu/dokumentumtar/2757 "HTTP/1.1 200 OK"
2025-07-01 21:54:12,349 - INFO - HTTP Request: GET https://www.leier.hu/hu/dokumentumtar/2517 "HTTP/1.1 200 OK"
2025-07-01 21:54:12,356 - INFO - ✅ Downloaded: C:\Users\Admin\.cursor\Lambda\src\backend\src\downloads\leier_datasheets\hu\Részletrajzok\Csomópontok\Tető_részletrajzok\pln\t06-vapa.pdf
2025-07-01 21:54:12,356 - INFO - ✅ Downloaded: C:\Users\Admin\.cursor\Lambda\src\backend\src\downloads\leier_datasheets\hu\Részletrajzok\Csomópontok\Kéregelemes_födém_részletrajzok\asc\Leier_p06-kpanel-lepcso.pdf
2025-07-01 21:54:12,984 - INFO - HTTP Request: GET https://www.leier.hu/hu/dokumentumtar/2471 "HTTP/1.1 200 OK"
2025-07-01 21:54:12,985 - INFO - HTTP Request: GET https://www.leier.hu/hu/dokumentumtar/3339 "HTTP/1.1 200 OK"
2025-07-01 21:54:12,990 - INFO - ✅ Downloaded: C:\Users\Admin\.cursor\Lambda\src\backend\src\downloads\leier_datasheets\hu\Részletrajzok\Csomópontok\Tető_részletrajzok\dwg\t10-szellozo.pdf
2025-07-01 21:54:13,257 - INFO - HTTP Request: GET https://www.leier.hu/hu/dokumentumtar/1972 "HTTP/1.1 200 OK"
2025-07-01 21:54:13,258 - INFO - HTTP Request: GET https://www.leier.hu/hu/dokumentumtar/3424 "HTTP/1.1 200 OK"
2025-07-01 21:54:13,266 - INFO - ✅ Downloaded: C:\Users\Admin\.cursor\Lambda\src\backend\src\downloads\leier_datasheets\hu\Részletrajzok\Elemrajzok__DWG__PDF_\Környezettechnika\Iszapfogók_PDF\LIF_200_175_melleklet_PDF.pdf
2025-07-01 21:54:13,548 - INFO - ✅ Downloaded: C:\Users\Admin\.cursor\Lambda\src\backend\src\downloads\leier_datasheets\hu\Részletrajzok\Elemrajzok__DWG__PDF_\Környezettechnika\Olajelválasztók_DWG\LOL_SUPER_15_P_melle_klet.pdf
2025-07-01 21:54:13,548 - INFO - ✅ Downloaded: C:\Users\Admin\.cursor\Lambda\src\backend\src\downloads\leier_datasheets\hu\Teljesítménynyilatkozatok\Magasépítési_termékek\Tégla_termékek\Devecser_-_CE-tanúsítványok\Leiertherm\CE_-_Leiertherm_20_N_F_-_DE.pdf
2025-07-01 21:54:14,090 - INFO - HTTP Request: GET https://www.leier.hu/hu/dokumentumtar/1904 "HTTP/1.1 200 OK"
2025-07-01 21:54:14,091 - INFO - HTTP Request: GET https://www.leier.hu/hu/dokumentumtar/3531 "HTTP/1.1 200 OK"
2025-07-01 21:54:14,093 - INFO - HTTP Request: GET https://www.leier.hu/hu/dokumentumtar/2655 "HTTP/1.1 200 OK"
2025-07-01 21:54:14,112 - INFO - ✅ Downloaded: C:\Users\Admin\.cursor\Lambda\src\backend\src\downloads\leier_datasheets\hu\Részletrajzok\Elemrajzok__DWG__PDF_\Környezettechnika\Olajelválasztók_PDF\LOL_SUPER_15_P_melleklet_PDF.pdf
2025-07-01 21:54:14,379 - INFO - ✅ Downloaded: C:\Users\Admin\.cursor\Lambda\src\backend\src\downloads\leier_datasheets\hu\Részletrajzok\Csomópontok\Térburkolat_részletrajzok\dwg\b02-szegely2.pdf
2025-07-01 21:54:14,682 - INFO - HTTP Request: GET https://www.leier.hu/hu/dokumentumtar/4107 "HTTP/1.1 200 OK"
2025-07-01 21:54:14,682 - INFO - HTTP Request: GET https://www.leier.hu/hu/dokumentumtar/2920 "HTTP/1.1 200 OK"
2025-07-01 21:54:14,689 - INFO - ✅ Downloaded: C:\Users\Admin\.cursor\Lambda\src\backend\src\downloads\leier_datasheets\hu\Prospektusok\Leier_optikai_vezetőoszlop_tartó_-_Prospektus.pdf
2025-07-01 21:54:14,966 - INFO - ✅ Downloaded: C:\Users\Admin\.cursor\Lambda\src\backend\src\downloads\leier_datasheets\hu\Termékadatlapok\Magasépítési_termékek\Tégla_termékek\Leiertherm_25_NF_adatlap_pdf.pdf
2025-07-01 21:54:14,967 - INFO - HTTP Request: GET https://www.leier.hu/hu/dokumentumtar/3165 "HTTP/1.1 200 OK"
2025-07-01 21:54:15,238 - INFO - ✅ Downloaded: C:\Users\Admin\.cursor\Lambda\src\backend\src\downloads\leier_datasheets\hu\Részletrajzok\Elemrajzok__DWG__PDF_\Mélyépítés\Árokburkoló-_és_árokelemek\ÁBE_30_40_-_200L_-_árokburkoló_elem_-_oldalnézet.pdf
2025-07-01 21:54:15,552 - INFO - HTTP Request: GET https://www.leier.hu/hu/dokumentumtar/3207 "HTTP/1.1 200 OK"
2025-07-01 21:54:15,554 - INFO - HTTP Request: GET https://www.leier.hu/hu/dokumentumtar/3321 "HTTP/1.1 200 OK"
2025-07-01 21:54:15,554 - INFO - HTTP Request: GET https://www.leier.hu/hu/dokumentumtar/3222 "HTTP/1.1 200 OK"
2025-07-01 21:54:15,561 - INFO - ✅ Downloaded: C:\Users\Admin\.cursor\Lambda\src\backend\src\downloads\leier_datasheets\hu\Részletrajzok\Elemrajzok__DWG__PDF_\Mélyépítés\Keretelemek\LKE_200_-_200_-_150_-_Keret_előfej_végelem_-_felülnézet.pdf
2025-07-01 21:54:15,832 - INFO - HTTP Request: GET https://www.leier.hu/hu/dokumentumtar/4102 "HTTP/1.1 200 OK"
2025-07-01 21:54:15,833 - INFO - HTTP Request: GET https://www.leier.hu/hu/dokumentumtar/3560 "HTTP/1.1 200 OK"
2025-07-01 21:54:15,839 - INFO - ✅ Downloaded: C:\Users\Admin\.cursor\Lambda\src\backend\src\downloads\leier_datasheets\hu\Részletrajzok\Elemrajzok__DWG__PDF_\Környezettechnika\Iszapfogók_DWG\LIF_240_215_melléklet.pdf
2025-07-01 21:54:16,102 - INFO - ✅ Downloaded: C:\Users\Admin\.cursor\Lambda\src\backend\src\downloads\leier_datasheets\hu\Részletrajzok\Elemrajzok__DWG__PDF_\Mélyépítés\Tisztítóakna_elemek\Aknaszűkítő_elemek\ASZ_100_-_62_5_-_60_LG_-_Akna_szűkítő_gumigyűrűs_-_függőleges_metszet.pdf
2025-07-01 21:54:16,102 - INFO - ✅ Downloaded: C:\Users\Admin\.cursor\Lambda\src\backend\src\downloads\leier_datasheets\hu\Részletrajzok\Elemrajzok__DWG__PDF_\Mélyépítés\Tisztítóakna_elemek\Aknagyűrűk\AGY_80_L_-_Aknagyűrű_-_vízszintes_metszet.pdf
2025-07-01 21:54:16,636 - INFO - HTTP Request: GET https://www.leier.hu/hu/dokumentumtar/3519 "HTTP/1.1 200 OK"
2025-07-01 21:54:16,638 - INFO - HTTP Request: GET https://www.leier.hu/hu/dokumentumtar/3028 "HTTP/1.1 200 OK"
2025-07-01 21:54:16,638 - INFO - ✅ Downloaded: C:\Users\Admin\.cursor\Lambda\src\backend\src\downloads\leier_datasheets\hu\Termékadatlapok\Magasépítési_termékek\Tégla_termékek\LeierPlan_45_NF_adatlap_pdf.pdf
2025-07-01 21:54:16,922 - INFO - ✅ Downloaded: C:\Users\Admin\.cursor\Lambda\src\backend\src\downloads\leier_datasheets\hu\Részletrajzok\Elemrajzok__DWG__PDF_\Környezettechnika\Olajelválasztók_PDF\LOL_SUPER_1_5_max_KF_melleklet_PDF.pdf
2025-07-01 21:54:17,347 - INFO - HTTP Request: GET https://www.leier.hu/hu/dokumentumtar/2593 "HTTP/1.1 200 OK"
2025-07-01 21:54:17,363 - INFO - ✅ Downloaded: C:\Users\Admin\.cursor\Lambda\src\backend\src\downloads\leier_datasheets\hu\Részletrajzok\Elemrajzok__DWG__PDF_\Környezettechnika\Olajelválasztók_PDF\LOL_SUPER_25_max_P_melleklet_PDF.pdf
2025-07-01 21:54:17,836 - INFO - ✅ Downloaded: C:\Users\Admin\.cursor\Lambda\src\backend\src\downloads\leier_datasheets\hu\Részletrajzok\Elemrajzok__DWG__PDF_\Mélyépítés\Betontartályok\LBT_3_-_Betontartály_vízszintes_metszet.pdf
2025-07-01 21:54:17,837 - INFO - HTTP Request: GET https://www.leier.hu/hu/dokumentumtar/2641 "HTTP/1.1 200 OK"
2025-07-01 21:54:18,252 - INFO - ✅ Downloaded: C:\Users\Admin\.cursor\Lambda\src\backend\src\downloads\leier_datasheets\hu\Alkalmazástechnikák__Beépítési_útmutatók\Mélyépítés__felszíni_vízelvezetés__környezettechnika_-_Alkalmazástechnika.pdf
2025-07-01 21:54:18,540 - INFO - ✅ Downloaded: C:\Users\Admin\.cursor\Lambda\src\backend\src\downloads\leier_datasheets\hu\Részletrajzok\Csomópontok\Födém_részletrajzok\pln\m01-mesterf-koszoru1.pdf
2025-07-01 21:54:18,849 - INFO - HTTP Request: GET https://www.leier.hu/hu/dokumentumtar/2491 "HTTP/1.1 200 OK"
2025-07-01 21:54:18,850 - INFO - HTTP Request: GET https://www.leier.hu/hu/dokumentumtar/2627 "HTTP/1.1 200 OK"
2025-07-01 21:54:18,851 - INFO - HTTP Request: GET https://www.leier.hu/hu/dokumentumtar/2893 "HTTP/1.1 200 OK"
2025-07-01 21:54:18,853 - INFO - ✅ Downloaded: C:\Users\Admin\.cursor\Lambda\src\backend\src\downloads\leier_datasheets\hu\Részletrajzok\Csomópontok\Kéregfal_részletrajzok\asc\leier-e03b-pincefal-szig.pdf
2025-07-01 21:54:19,132 - INFO - HTTP Request: GET https://www.leier.hu/hu/dokumentumtar/3492 "HTTP/1.1 200 OK"
2025-07-01 21:54:19,133 - INFO - HTTP Request: GET https://www.leier.hu/hu/dokumentumtar/4118 "HTTP/1.1 200 OK"
2025-07-01 21:54:19,135 - INFO - ✅ Downloaded: C:\Users\Admin\.cursor\Lambda\src\backend\src\downloads\leier_datasheets\hu\Részletrajzok\Csomópontok\Tető_részletrajzok\pdf\t06-vapa.pdf
2025-07-01 21:54:19,396 - INFO - ✅ Downloaded: C:\Users\Admin\.cursor\Lambda\src\backend\src\downloads\leier_datasheets\hu\Részletrajzok\Csomópontok\Kéregfal_részletrajzok\pdf\e05-keregfal-t-csat.pdf
2025-07-01 21:54:19,803 - INFO - HTTP Request: GET https://www.leier.hu/hu/dokumentumtar/3582 "HTTP/1.1 200 OK"
2025-07-01 21:54:19,811 - INFO - ✅ Downloaded: C:\Users\Admin\.cursor\Lambda\src\backend\src\downloads\leier_datasheets\hu\Termékadatlapok\Magasépítési_termékek\Tégla_termékek\Leiertherm_kisméretű_kevéslyukú_tégla_adatlap_pdf.pdf
2025-07-01 21:54:19,812 - INFO - ✅ Downloaded: C:\Users\Admin\.cursor\Lambda\src\backend\src\downloads\leier_datasheets\hu\Részletrajzok\Elemrajzok__DWG__PDF_\Mélyépítés\Árokburkoló-_és_árokelemek\ÁE_40_35_-_50L_-_árokburkoló_elem_-_felülnézet.pdf
2025-07-01 21:54:20,521 - INFO - ✅ Downloaded: C:\Users\Admin\.cursor\Lambda\src\backend\src\downloads\leier_datasheets\hu\Részletrajzok\Elemrajzok__DWG__PDF_\Környezettechnika\Olajelválasztók_PDF\LOL_SUPER_60_max_KF_melleklet_PDF.pdf
2025-07-01 21:54:20,793 - INFO - HTTP Request: GET https://www.leier.hu/hu/dokumentumtar/3360 "HTTP/1.1 200 OK"
2025-07-01 21:54:20,800 - INFO - HTTP Request: GET https://www.leier.hu/hu/dokumentumtar/3368 "HTTP/1.1 200 OK"
2025-07-01 21:54:20,801 - INFO - HTTP Request: GET https://www.leier.hu/hu/dokumentumtar/3009 "HTTP/1.1 200 OK"
2025-07-01 21:54:20,805 - INFO - ✅ Downloaded: C:\Users\Admin\.cursor\Lambda\src\backend\src\downloads\leier_datasheets\hu\Részletrajzok\Elemrajzok__DWG__PDF_\Durisol_zajárnyékolás\Durisol_panel_396_125_egyedi_-_Elölnézet.pdf
2025-07-01 21:54:21,128 - INFO - HTTP Request: GET https://www.leier.hu/hu/dokumentumtar/2978 "HTTP/1.1 200 OK"
2025-07-01 21:54:21,129 - INFO - ✅ Downloaded: C:\Users\Admin\.cursor\Lambda\src\backend\src\downloads\leier_datasheets\hu\Részletrajzok\Elemrajzok__DWG__PDF_\Környezettechnika\Olajelválasztók_DWG\LOL_SUPER_150_max_KF_melle_klet.pdf
2025-07-01 21:54:21,446 - INFO - ✅ Downloaded: C:\Users\Admin\.cursor\Lambda\src\backend\src\downloads\leier_datasheets\hu\Részletrajzok\Elemrajzok__DWG__PDF_\Környezettechnika\Olajelválasztók_DWG\LOL_SUPER_100_500_P_zápor_túlfolyóval_melléklet.pdf
2025-07-01 21:54:21,711 - INFO - ✅ Downloaded: C:\Users\Admin\.cursor\Lambda\src\backend\src\downloads\leier_datasheets\hu\Részletrajzok\Elemrajzok__DWG__PDF_\Mélyépítés\Betoncsövek\TA_80_100_-_Talpas_betoncső_hosszmetszet.pdf
2025-07-01 21:54:21,985 - INFO - HTTP Request: GET https://www.leier.hu/hu/dokumentumtar/3351 "HTTP/1.1 200 OK"
2025-07-01 21:54:21,986 - INFO - HTTP Request: GET https://www.leier.hu/hu/dokumentumtar/2255 "HTTP/1.1 200 OK"
2025-07-01 21:54:21,991 - INFO - ✅ Downloaded: C:\Users\Admin\.cursor\Lambda\src\backend\src\downloads\leier_datasheets\hu\Részletrajzok\Elemrajzok__DWG__PDF_\Mélyépítés\Átemelőakna_elemek\AFE_160_215_LG_-_Átemelő_fenékelem_gumigyűrűs.pdf
2025-07-01 21:54:22,355 - INFO - HTTP Request: GET https://www.leier.hu/hu/dokumentumtar/3085 "HTTP/1.1 200 OK"
2025-07-01 21:54:22,359 - INFO - HTTP Request: GET https://www.leier.hu/hu/dokumentumtar/3429 "HTTP/1.1 200 OK"
2025-07-01 21:54:22,362 - INFO - HTTP Request: GET https://www.leier.hu/hu/dokumentumtar/3994 "HTTP/1.1 200 OK"
2025-07-01 21:54:22,380 - INFO - ✅ Downloaded: C:\Users\Admin\.cursor\Lambda\src\backend\src\downloads\leier_datasheets\hu\Részletrajzok\Elemrajzok__DWG__PDF_\Környezettechnika\Olajelválasztók_DWG\LOL_SUPER_200_P_melle_klet.pdf
2025-07-01 21:54:23,116 - INFO - HTTP Request: GET https://www.leier.hu/hu/dokumentumtar/2795 "HTTP/1.1 200 OK"
2025-07-01 21:54:23,118 - INFO - ✅ Downloaded: C:\Users\Admin\.cursor\Lambda\src\backend\src\downloads\leier_datasheets\hu\Termékadatlapok\Kéményrendszerek\LSK_kéményrendszer_-_Termékadatlap.pdf
2025-07-01 21:54:23,829 - INFO - ✅ Downloaded: C:\Users\Admin\.cursor\Lambda\src\backend\src\downloads\leier_datasheets\hu\Részletrajzok\Elemrajzok__DWG__PDF_\Környezettechnika\Olajelválasztók_DWG\LOL_SUPER_15_KF_melle_klet.pdf
2025-07-01 21:54:24,546 - INFO - HTTP Request: GET https://www.leier.hu/hu/dokumentumtar/2756 "HTTP/1.1 200 OK"
2025-07-01 21:54:24,549 - INFO - HTTP Request: GET https://www.leier.hu/hu/dokumentumtar/4072 "HTTP/1.1 200 OK"
2025-07-01 21:54:24,550 - INFO - ✅ Downloaded: C:\Users\Admin\.cursor\Lambda\src\backend\src\downloads\leier_datasheets\hu\Részletrajzok\Elemrajzok__DWG__PDF_\Mélyépítés\Előfej_támfalelemek\LEF_40_-_Tömbelőfej_betoncsőhöz_-_hátulnézet.pdf
2025-07-01 21:54:25,353 - INFO - ✅ Downloaded: C:\Users\Admin\.cursor\Lambda\src\backend\src\downloads\leier_datasheets\hu\Teljesítménynyilatkozatok\Magasépítési_termékek\Födémrendszerek\LMF-gerenda_-_Jánossomorja_-_Teljesítménynyilatkozat_LE_JS15037-1-02.pdf
2025-07-01 21:54:26,138 - INFO - HTTP Request: GET https://www.leier.hu/hu/dokumentumtar/2248 "HTTP/1.1 200 OK"
2025-07-01 21:54:26,173 - INFO - HTTP Request: GET https://www.leier.hu/hu/dokumentumtar/2494 "HTTP/1.1 200 OK"
2025-07-01 21:54:26,199 - INFO - ✅ Downloaded: C:\Users\Admin\.cursor\Lambda\src\backend\src\downloads\leier_datasheets\hu\Részletrajzok\Csomópontok\Kéregelemes_födém_részletrajzok\pln\p01-kpanel-koszoru1.pdf
2025-07-01 21:54:27,010 - INFO - HTTP Request: GET https://www.leier.hu/hu/dokumentumtar/2102 "HTTP/1.1 200 OK"
2025-07-01 21:54:27,044 - INFO - ✅ Downloaded: C:\Users\Admin\.cursor\Lambda\src\backend\src\downloads\leier_datasheets\hu\Részletrajzok\Csomópontok\Tető_részletrajzok\pdf\t03-felnyereg-falcs.pdf
2025-07-01 21:54:27,900 - INFO - ✅ Downloaded: C:\Users\Admin\.cursor\Lambda\src\backend\src\downloads\leier_datasheets\hu\Teljesítménynyilatkozatok\Kéményrendszerek\Teljesítménynyilatkozat_MULTIKERAM_kéményrendszer_LE_KLETA-12-0491-MULTIKERAM-01.pdf
2025-07-01 21:54:27,904 - INFO - HTTP Request: GET https://www.leier.hu/hu/dokumentumtar/2530 "HTTP/1.1 200 OK"
2025-07-01 21:54:27,909 - INFO - HTTP Request: GET https://www.leier.hu/hu/dokumentumtar/3410 "HTTP/1.1 200 OK"
2025-07-01 21:54:28,795 - INFO - ✅ Downloaded: C:\Users\Admin\.cursor\Lambda\src\backend\src\downloads\leier_datasheets\hu\Termékadatlapok\Magasépítési_termékek\Durisol_falazóelemek\Durisol_falazóelem_DM_15\9_Termékadatlap.pdf
2025-07-01 21:54:29,717 - INFO - HTTP Request: GET https://www.leier.hu/hu/dokumentumtar/2475 "HTTP/1.1 200 OK"
2025-07-01 21:54:29,719 - INFO - HTTP Request: GET https://www.leier.hu/hu/dokumentumtar/3960 "HTTP/1.1 200 OK"
2025-07-01 21:54:29,755 - INFO - ✅ Downloaded: C:\Users\Admin\.cursor\Lambda\src\backend\src\downloads\leier_datasheets\hu\Részletrajzok\Elemrajzok__DWG__PDF_\Környezettechnika\Olajelválasztók_DWG\LOL_SUPER_25_P_melle_klet.pdf
2025-07-01 21:54:30,542 - INFO - ✅ Downloaded: C:\Users\Admin\.cursor\Lambda\src\backend\src\downloads\leier_datasheets\hu\Részletrajzok\Csomópontok\Kémény_részletrajzok\dwg\k05-kemenyatvez-lapost.pdf
2025-07-01 21:54:30,543 - INFO - ✅ Downloaded: C:\Users\Admin\.cursor\Lambda\src\backend\src\downloads\leier_datasheets\hu\Részletrajzok\Csomópontok\Tető_részletrajzok\dwg\t08a-orom-cserep.pdf
2025-07-01 21:54:31,256 - INFO - HTTP Request: GET https://www.leier.hu/hu/dokumentumtar/3818 "HTTP/1.1 200 OK"
2025-07-01 21:54:31,258 - INFO - ✅ Downloaded: C:\Users\Admin\.cursor\Lambda\src\backend\src\downloads\leier_datasheets\at\Verarbeitungsinfos\VÖB-FQP\VOEB_Technische_Hinweise_Lieferung_Betonprodukten_02-2015_pdf.pdf
2025-07-01 21:54:32,715 - INFO - ✅ Downloaded: C:\Users\Admin\.cursor\Lambda\src\backend\src\downloads\leier_datasheets\hu\Teljesítménynyilatkozatok\Magasépítési_termékek\Beton_falazóelemek\Zsaluzóelem_-_Pécs_-_Teljesítménynyilatkozat_LE_PE15435-02.pdf
2025-07-01 21:54:33,352 - INFO - HTTP Request: GET https://www.leier.hu/hu/dokumentumtar/3255 "HTTP/1.1 200 OK"
2025-07-01 21:54:33,354 - INFO - HTTP Request: GET https://www.leier.hu/hu/dokumentumtar/2668 "HTTP/1.1 200 OK"
2025-07-01 21:54:33,356 - INFO - HTTP Request: GET https://www.leier.hu/hu/dokumentumtar/2055 "HTTP/1.1 200 OK"
2025-07-01 21:54:33,442 - INFO - ✅ Downloaded: C:\Users\Admin\.cursor\Lambda\src\backend\src\downloads\leier_datasheets\hu\Részletrajzok\Csomópontok\Térburkolat_részletrajzok\pln\b08-tamfal.pdf
2025-07-01 21:54:33,444 - INFO - ✅ Downloaded: C:\Users\Admin\.cursor\Lambda\src\backend\src\downloads\leier_datasheets\hu\Teljesítménynyilatkozatok\Magasépítési_termékek\Előregyártott_lépcsők\Előregyártott_lépcső_-_Győr_-_Teljesítménynyilatkozat_LE_GY14843-02.pdf
2025-07-01 21:54:34,858 - INFO - ✅ Downloaded: C:\Users\Admin\.cursor\Lambda\src\backend\src\downloads\leier_datasheets\hu\Részletrajzok\Elemrajzok__DWG__PDF_\Mélyépítés\Tisztítóakna_elemek\Akna_fenékelemek\afe-100-75-lg-k-akna-fenekelem-gumigyurus-kunettel-fuggoleges-metszet_dwg.pdf
2025-07-01 21:54:34,861 - INFO - HTTP Request: GET https://www.leier.hu/hu/dokumentumtar/3891 "HTTP/1.1 200 OK"
2025-07-01 21:54:34,864 - INFO - HTTP Request: GET https://www.leier.hu/hu/dokumentumtar/2240 "HTTP/1.1 200 OK"
2025-07-01 21:54:35,546 - INFO - HTTP Request: GET https://www.leier.hu/hu/dokumentumtar/3800 "HTTP/1.1 200 OK"
2025-07-01 21:54:35,549 - INFO - HTTP Request: GET https://www.leier.hu/hu/dokumentumtar/4002 "HTTP/1.1 200 OK"
2025-07-01 21:54:35,571 - INFO - ✅ Downloaded: C:\Users\Admin\.cursor\Lambda\src\backend\src\downloads\leier_datasheets\hu\Termékadatlapok\Kertépítés__díszburkolat\Szegélykövek\Leier_kerti_szegélykő_termékadatlap.pdf
2025-07-01 21:54:36,300 - INFO - ✅ Downloaded: C:\Users\Admin\.cursor\Lambda\src\backend\src\downloads\leier_datasheets\at\Verlegemuster\Verlegemuster_Kartäuser_Pflasterplatte.pdf
2025-07-01 21:54:36,954 - INFO - HTTP Request: GET https://www.leier.hu/hu/dokumentumtar/2582 "HTTP/1.1 200 OK"
2025-07-01 21:54:36,979 - INFO - ✅ Downloaded: C:\Users\Admin\.cursor\Lambda\src\backend\src\downloads\leier_datasheets\hu\Teljesítménynyilatkozatok\Magasépítési_termékek\Tégla_termékek\Mátraderecske_-_Teljesítménynyilatkozatok\Teljesítménynyilatkozat_Leiertherm_30_U_koszorúelem.pdf
2025-07-01 21:54:37,691 - INFO - ✅ Downloaded: C:\Users\Admin\.cursor\Lambda\src\backend\src\downloads\leier_datasheets\hu\Termékadatlapok\Magasépítési_termékek\Durisol_falazóelemek\Durisol_hőszigetelt_falazóelem_DSs_30\12_-_Termékadatlap.pdf
2025-07-01 21:54:38,351 - INFO - ✅ Downloaded: C:\Users\Admin\.cursor\Lambda\src\backend\src\downloads\leier_datasheets\hu\Részletrajzok\Csomópontok\Födém_részletrajzok\pdf\m02b-mesterf-koszoru3.pdf
2025-07-01 21:54:39,029 - INFO - HTTP Request: GET https://www.leier.hu/hu/dokumentumtar/2806 "HTTP/1.1 200 OK"
2025-07-01 21:54:39,032 - INFO - HTTP Request: GET https://www.leier.hu/hu/dokumentumtar/3382 "HTTP/1.1 200 OK"
2025-07-01 21:54:39,068 - INFO - HTTP Request: GET https://www.leier.hu/hu/dokumentumtar/2400 "HTTP/1.1 200 OK"
2025-07-01 21:54:39,093 - INFO - ✅ Downloaded: C:\Users\Admin\.cursor\Lambda\src\backend\src\downloads\leier_datasheets\hu\Arculati_elemek\Leier_logó__CMYK_.pdf
2025-07-01 21:54:39,764 - INFO - ✅ Downloaded: C:\Users\Admin\.cursor\Lambda\src\backend\src\downloads\leier_datasheets\hu\Részletrajzok\Csomópontok\Fal_részletrajzok\pln\f01-vfal-bekotes.pdf
2025-07-01 21:54:39,768 - INFO - HTTP Request: GET https://www.leier.hu/hu/dokumentumtar/2369 "HTTP/1.1 200 OK"
2025-07-01 21:54:39,770 - INFO - HTTP Request: GET https://www.leier.hu/hu/dokumentumtar/3504 "HTTP/1.1 200 OK"
2025-07-01 21:54:40,445 - INFO - ✅ Downloaded: C:\Users\Admin\.cursor\Lambda\src\backend\src\downloads\leier_datasheets\hu\Részletrajzok\Elemrajzok__DWG__PDF_\Környezettechnika\Olajelválasztók_DWG\LOL_SUPER_60_300_KF_zápor_túlfolyóval_melléklet.pdf
2025-07-01 21:54:41,163 - INFO - ✅ Downloaded: C:\Users\Admin\.cursor\Lambda\src\backend\src\downloads\leier_datasheets\hu\Részletrajzok\Csomópontok\Fal_részletrajzok\dwg\f02-vfal-t-csatlakozas.pdf
2025-07-01 21:54:41,164 - INFO - HTTP Request: GET https://www.leier.hu/hu/dokumentumtar/2621 "HTTP/1.1 200 OK"
2025-07-01 21:54:41,758 - INFO - HTTP Request: GET https://www.leier.hu/hu/dokumentumtar/3786 "HTTP/1.1 200 OK"
2025-07-01 21:54:41,762 - INFO - ✅ Downloaded: C:\Users\Admin\.cursor\Lambda\src\backend\src\downloads\leier_datasheets\hu\Részletrajzok\Elemrajzok__DWG__PDF_\Környezettechnika\Olajelválasztók_PDF\LOL_SUPER_40_NF_melleklet_PDF.pdf
2025-07-01 21:54:42,490 - INFO - ✅ Downloaded: C:\Users\Admin\.cursor\Lambda\src\backend\src\downloads\leier_datasheets\hu\Részletrajzok\Csomópontok\Kéregfal_részletrajzok\dwg\e03b-pincefal-szig.pdf
2025-07-01 21:54:43,241 - INFO - HTTP Request: GET https://www.leier.hu/hu/dokumentumtar/3522 "HTTP/1.1 200 OK"
2025-07-01 21:54:43,257 - INFO - ✅ Downloaded: C:\Users\Admin\.cursor\Lambda\src\backend\src\downloads\leier_datasheets\hu\Termékadatlapok\Előregyártott_termékek\Leier_támfal_blokk_termékadatlap.pdf
2025-07-01 21:54:44,002 - INFO - HTTP Request: GET https://www.leier.hu/hu/dokumentumtar/2734 "HTTP/1.1 200 OK"
2025-07-01 21:54:44,005 - INFO - HTTP Request: GET https://www.leier.hu/hu/dokumentumtar/2847 "HTTP/1.1 200 OK"
2025-07-01 21:54:44,019 - INFO - ✅ Downloaded: C:\Users\Admin\.cursor\Lambda\src\backend\src\downloads\leier_datasheets\hu\Részletrajzok\Elemrajzok__DWG__PDF_\Környezettechnika\Olajelválasztók_PDF\LOL_SUPER_25_KF_melleklet_PDF.pdf
2025-07-01 21:54:44,619 - INFO - ✅ Downloaded: C:\Users\Admin\.cursor\Lambda\src\backend\src\downloads\leier_datasheets\hu\Részletrajzok\Csomópontok\Kéregelemes_födém_részletrajzok\pdf\p07-kpanel-gerenda.pdf
2025-07-01 21:54:45,243 - INFO - HTTP Request: GET https://www.leier.hu/hu/dokumentumtar/3495 "HTTP/1.1 200 OK"
2025-07-01 21:54:45,246 - INFO - HTTP Request: GET https://www.leier.hu/hu/dokumentumtar/1927 "HTTP/1.1 200 OK"
2025-07-01 21:54:45,250 - INFO - ✅ Downloaded: C:\Users\Admin\.cursor\Lambda\src\backend\src\downloads\leier_datasheets\hu\Szerelési_útmutatók\Mesterpanel___Elementdecke\Teljesítménynilatkozat___Leistungserklärung\HU\Mesterpanel_Jánossomorja_Teljesítménynyilatkozat.pdf
2025-07-01 21:54:45,938 - INFO - HTTP Request: GET https://www.leier.hu/hu/dokumentumtar/2251 "HTTP/1.1 200 OK"
2025-07-01 21:54:45,941 - INFO - HTTP Request: GET https://www.leier.hu/hu/dokumentumtar/2030 "HTTP/1.1 200 OK"
2025-07-01 21:54:45,978 - INFO - ✅ Downloaded: C:\Users\Admin\.cursor\Lambda\src\backend\src\downloads\leier_datasheets\hu\Részletrajzok\Elemrajzok__DWG__PDF_\Környezettechnika\Olajelválasztók_PDF\LOL_SUPER_50_250_KF_zapor_tulfolyoval_melleklet_PDF.pdf
2025-07-01 21:54:46,603 - INFO - HTTP Request: GET https://www.leier.hu/hu/dokumentumtar/2994 "HTTP/1.1 200 OK"
2025-07-01 21:54:46,609 - INFO - ✅ Downloaded: C:\Users\Admin\.cursor\Lambda\src\backend\src\downloads\leier_datasheets\hu\Teljesítménynyilatkozatok\Magasépítési_termékek\Tégla_termékek\Mátraderecske_-_Teljesítménynyilatkozatok\Teljesítménynyilatkozat_-_Leiertherm_25_N_F_LE_MD771-1-04-04.pdf
2025-07-01 21:54:47,318 - INFO - ✅ Downloaded: C:\Users\Admin\.cursor\Lambda\src\backend\src\downloads\leier_datasheets\hu\Termékadatlapok\Kéményrendszerek\Multikeram_kéményrendszer_-_Termékadatlap.pdf
2025-07-01 21:54:48,021 - INFO - HTTP Request: GET https://www.leier.hu/hu/dokumentumtar/3409 "HTTP/1.1 200 OK"
2025-07-01 21:54:48,025 - INFO - HTTP Request: GET https://www.leier.hu/hu/dokumentumtar/3423 "HTTP/1.1 200 OK"
2025-07-01 21:54:48,037 - INFO - ✅ Downloaded: C:\Users\Admin\.cursor\Lambda\src\backend\src\downloads\leier_datasheets\hu\Részletrajzok\Elemrajzok__DWG__PDF_\Mélyépítés\Betoncsövek\TOTA_40_200L_-_Tokos_talpas_betoncső_hosszmetszet_függőleges.pdf
2025-07-01 21:54:48,609 - INFO - HTTP Request: GET https://www.leier.hu/hu/dokumentumtar/3596 "HTTP/1.1 200 OK"
2025-07-01 21:54:48,626 - INFO - ✅ Downloaded: C:\Users\Admin\.cursor\Lambda\src\backend\src\downloads\leier_datasheets\hu\Részletrajzok\Elemrajzok__DWG__PDF_\Környezettechnika\Olajelválasztók_DWG\LOL_SUPER_25_125_max_KF_zápor_túlfolyóval_melléklet.pdf
2025-07-01 21:54:48,628 - INFO - ✅ Downloaded: C:\Users\Admin\.cursor\Lambda\src\backend\src\downloads\leier_datasheets\hu\Részletrajzok\Elemrajzok__DWG__PDF_\Környezettechnika\Olajelválasztók_DWG\LOL_SUPER_15_75_max_KF_zápor_túlfolyóval_melléklet.pdf
2025-07-01 21:54:49,870 - INFO - HTTP Request: GET https://www.leier.hu/hu/dokumentumtar/3451 "HTTP/1.1 200 OK"
2025-07-01 21:54:49,872 - INFO - HTTP Request: GET https://www.leier.hu/hu/dokumentumtar/2288 "HTTP/1.1 200 OK"
2025-07-01 21:54:49,918 - INFO - ✅ Downloaded: C:\Users\Admin\.cursor\Lambda\src\backend\src\downloads\leier_datasheets\hu\Részletrajzok\Elemrajzok__DWG__PDF_\Durisol_zajárnyékolás\Durisol_panel_296_100_hálós_-_Elölnézet.pdf
2025-07-01 21:54:50,553 - INFO - ✅ Downloaded: C:\Users\Admin\.cursor\Lambda\src\backend\src\downloads\leier_datasheets\hu\Részletrajzok\Elemrajzok__DWG__PDF_\Környezettechnika\Olajelválasztók_DWG\LOL_SUPER_3_KF_melle_klet.pdf
2025-07-01 21:54:50,555 - INFO - ✅ Downloaded: C:\Users\Admin\.cursor\Lambda\src\backend\src\downloads\leier_datasheets\hu\Termékadatlapok\Kertépítés__díszburkolat\Kerti_lapok\FACELIFT_lapok_termékadatlap.pdf
2025-07-01 21:54:51,781 - INFO - ✅ Downloaded: C:\Users\Admin\.cursor\Lambda\src\backend\src\downloads\leier_datasheets\hu\LeierPress\Leier_Újság_2010.pdf
2025-07-01 21:54:52,442 - INFO - HTTP Request: GET https://www.leier.hu/hu/dokumentumtar/2898 "HTTP/1.1 200 OK"
2025-07-01 21:54:52,451 - INFO - HTTP Request: GET https://www.leier.hu/hu/dokumentumtar/3341 "HTTP/1.1 200 OK"
2025-07-01 21:54:52,528 - INFO - ✅ Downloaded: C:\Users\Admin\.cursor\Lambda\src\backend\src\downloads\leier_datasheets\hu\Részletrajzok\Elemrajzok__DWG__PDF_\Környezettechnika\Zsírleválasztók_PDF\LZS_10_melleklet_PDF.pdf
2025-07-01 21:54:52,534 - INFO - HTTP Request: GET https://www.leier.hu/hu/dokumentumtar/3770 "HTTP/1.1 200 OK"
2025-07-01 21:54:53,249 - INFO - ✅ Downloaded: C:\Users\Admin\.cursor\Lambda\src\backend\src\downloads\leier_datasheets\hu\Részletrajzok\Elemrajzok__DWG__PDF_\Mélyépítés\Árokburkoló-_és_árokelemek\ÁBE_F_40_50_-_50L_-_Bordás_fedlap_-_felülnézet.pdf
2025-07-01 21:54:53,252 - INFO - HTTP Request: GET https://www.leier.hu/hu/dokumentumtar/2305 "HTTP/1.1 200 OK"
2025-07-01 21:54:53,927 - INFO - HTTP Request: GET https://www.leier.hu/hu/dokumentumtar/3073 "HTTP/1.1 200 OK"
2025-07-01 21:54:53,948 - INFO - ✅ Downloaded: C:\Users\Admin\.cursor\Lambda\src\backend\src\downloads\leier_datasheets\hu\Termékadatlapok\Kertépítés__díszburkolat\Térkövek\Leier_SERPENTINO_térkő_termékadatlap.pdf
2025-07-01 21:54:54,584 - INFO - ✅ Downloaded: C:\Users\Admin\.cursor\Lambda\src\backend\src\downloads\leier_datasheets\hu\Termékadatlapok\Kertépítés__díszburkolat\Falazóelemek__kerítéskövek__fedlapok\MODERN_natúr\finomszórt_kerítéskő_termékadatlap.pdf
2025-07-01 21:54:55,227 - INFO - HTTP Request: GET https://www.leier.hu/hu/dokumentumtar/1987 "HTTP/1.1 200 OK"
2025-07-01 21:54:55,230 - INFO - HTTP Request: GET https://www.leier.hu/hu/dokumentumtar/2783 "HTTP/1.1 200 OK"
2025-07-01 21:54:55,232 - INFO - HTTP Request: GET https://www.leier.hu/hu/dokumentumtar/1886 "HTTP/1.1 200 OK"
2025-07-01 21:54:55,272 - INFO - ✅ Downloaded: C:\Users\Admin\.cursor\Lambda\src\backend\src\downloads\leier_datasheets\hu\Részletrajzok\Elemrajzok__DWG__PDF_\Mélyépítés\Előfej_támfalelemek\LEF_80_-_Előfej_betoncsőhöz_-_felülnézet.pdf
2025-07-01 21:54:55,274 - INFO - ✅ Downloaded: C:\Users\Admin\.cursor\Lambda\src\backend\src\downloads\leier_datasheets\hu\Részletrajzok\Csomópontok\Előregyártott_lépcső_részletrajzok\pdf\p10-egy-lepcso2.pdf
2025-07-01 21:54:56,608 - INFO - ✅ Downloaded: C:\Users\Admin\.cursor\Lambda\src\backend\src\downloads\leier_datasheets\hu\Teljesítménynyilatkozatok\Magasépítési_termékek\Tégla_termékek\Devecser_-_Teljesítménynyilatkozatok\LeierPLAN\Teljesítménynyilatkozat_-_LeierPLAN_45_N_F_LE_DE771-1-11-04.pdf
2025-07-01 21:54:57,320 - INFO - HTTP Request: GET https://www.leier.hu/hu/dokumentumtar/2639 "HTTP/1.1 200 OK"
2025-07-01 21:54:57,364 - INFO - ✅ Downloaded: C:\Users\Admin\.cursor\Lambda\src\backend\src\downloads\leier_datasheets\hu\Részletrajzok\Csomópontok\Kéregfal_részletrajzok\asc\leier-e05-keregfal-t-csat.pdf
2025-07-01 21:54:58,059 - INFO - HTTP Request: GET https://www.leier.hu/hu/dokumentumtar/2753 "HTTP/1.1 200 OK"
2025-07-01 21:54:58,062 - INFO - HTTP Request: GET https://www.leier.hu/hu/dokumentumtar/2005 "HTTP/1.1 200 OK"
2025-07-01 21:54:58,086 - INFO - ✅ Downloaded: C:\Users\Admin\.cursor\Lambda\src\backend\src\downloads\leier_datasheets\hu\Prospektusok\Leier_Durisol_-_Egy_építőanyag_számos_felhasználási_lehetőséggel.pdf
2025-07-01 21:54:59,490 - INFO - ✅ Downloaded: C:\Users\Admin\.cursor\Lambda\src\backend\src\downloads\leier_datasheets\hu\Részletrajzok\Csomópontok\Kéregelemes_födém_részletrajzok\pln\p02c-kpanel-koszoru4.pdf
2025-07-01 21:54:59,496 - INFO - HTTP Request: GET https://www.leier.hu/hu/dokumentumtar/4163 "HTTP/1.1 200 OK"
2025-07-01 21:54:59,508 - INFO - HTTP Request: GET https://www.leier.hu/hu/dokumentumtar/2834 "HTTP/1.1 200 OK"
2025-07-01 21:55:00,668 - INFO - HTTP Request: GET https://www.leier.hu/hu/dokumentumtar/3966 "HTTP/1.1 200 OK"
2025-07-01 21:55:00,675 - INFO - ✅ Downloaded: C:\Users\Admin\.cursor\Lambda\src\backend\src\downloads\leier_datasheets\hu\Teljesítménynyilatkozatok\Magasépítési_termékek\Tégla_termékek\Devecser_-_Teljesítménynyilatkozatok\Leiertherm\Teljesítménynyilatkozat_-_Leiertherm_44_Pro_LE_DE771-1-22-02.pdf
2025-07-01 21:55:01,509 - INFO - HTTP Request: GET https://www.leier.hu/hu/dokumentumtar/3480 "HTTP/1.1 200 OK"
2025-07-01 21:55:01,511 - INFO - ✅ Downloaded: C:\Users\Admin\.cursor\Lambda\src\backend\src\downloads\leier_datasheets\hu\Szerelési_útmutatók\Előregyártott_Falak___Wandelemente\Teljesítménynyilatkozat___Leistungerklarung\HU\Előregyártott_falak_Jánossomorja_Teljesítménynyilatkozat.pdf
2025-07-01 21:55:02,221 - INFO - ✅ Downloaded: C:\Users\Admin\.cursor\Lambda\src\backend\src\downloads\leier_datasheets\hu\Éves_energetikai_szakreferensi_riportok\Éves_energetikai_szakreferensi_riport_2024_Leier_Hungária_Kft_.pdf
2025-07-01 21:55:02,264 - INFO - ✅ Downloaded: C:\Users\Admin\.cursor\Lambda\src\backend\src\downloads\leier_datasheets\at\Verarbeitungsinfos\Verarbeitungsinfo_Sickerpflaster-Systeme.pdf
2025-07-01 21:55:02,272 - INFO - ✅ Downloaded: C:\Users\Admin\.cursor\Lambda\src\backend\src\downloads\leier_datasheets\hu\Részletrajzok\Elemrajzok__DWG__PDF_\Környezettechnika\Olajelválasztók_PDF\LOL_SUPER_80_P_melleklet_PDF.pdf
2025-07-01 21:55:02,320 - INFO - HTTP Request: GET https://www.leier.hu/hu/dokumentumtar/3914 "HTTP/1.1 200 OK"
2025-07-01 21:55:02,333 - INFO - HTTP Request: GET https://www.leier.hu/hu/dokumentumtar/2460 "HTTP/1.1 200 OK"
2025-07-01 21:55:02,354 - INFO - HTTP Request: GET https://www.leier.hu/hu/dokumentumtar/2935 "HTTP/1.1 200 OK"
2025-07-01 21:55:02,378 - INFO - HTTP Request: GET https://www.leier.hu/hu/dokumentumtar/3787 "HTTP/1.1 200 OK"
2025-07-01 21:55:02,382 - INFO - ✅ Downloaded: C:\Users\Admin\.cursor\Lambda\src\backend\src\downloads\leier_datasheets\at\Aufbauanleitungen\Aufbauanleitung_Durisol_Hochbeet_L-Form.pdf
2025-07-01 21:55:02,386 - INFO - ✅ Downloaded: C:\Users\Admin\.cursor\Lambda\src\backend\src\downloads\leier_datasheets\hu\Részletrajzok\Csomópontok\Leier_Durisol_Magasépítő_falazórendszer\Erkély-csatlakozás_kialakítása_DSs_37_5-12.pdf
2025-07-01 21:55:02,390 - INFO - HTTP Request: GET https://www.leier.hu/hu/dokumentumtar/3364 "HTTP/1.1 200 OK"
2025-07-01 21:55:02,429 - INFO - ✅ Downloaded: C:\Users\Admin\.cursor\Lambda\src\backend\src\downloads\leier_datasheets\hu\Teljesítménynyilatkozatok\Előregyártott_pillérek__gerendák\Teljesítménynyilatkozat_-_Leier_támfalblokk_-_LE_JS15258-01_LTBE.pdf
2025-07-01 21:55:02,438 - INFO - ✅ Downloaded: C:\Users\Admin\.cursor\Lambda\src\backend\src\downloads\leier_datasheets\hu\Részletrajzok\Elemrajzok__DWG__PDF_\Mélyépítés\Átemelőakna_elemek\AGY_240_200_LG_-_Átemelő_gyűrű_vágóélhez_gumigyűrűs.pdf
2025-07-01 21:55:02,442 - INFO - ✅ Downloaded: C:\Users\Admin\.cursor\Lambda\src\backend\src\downloads\leier_datasheets\hu\Részletrajzok\Elemrajzok__DWG__PDF_\Környezettechnika\Olajelválasztók_DWG\LOL_SUPER_125_max_P_melle_klet.pdf
2025-07-01 21:55:02,556 - INFO - ✅ Downloaded: C:\Users\Admin\.cursor\Lambda\src\backend\src\downloads\leier_datasheets\hu\Durisol_-_Építés_fabetonnal_c__könyv\Durisol_-_Építés_fabetonnal.pdf
2025-07-01 21:55:02,868 - INFO - ✅ Downloaded: C:\Users\Admin\.cursor\Lambda\src\backend\src\downloads\leier_datasheets\hu\Alkalmazástechnikák__Beépítési_útmutatók\Leier_falazóelemek_alkalmazástechnika_és_tervezési_segédlet.pdf
2025-07-01 21:55:02,874 - INFO - 📊 Report saved to C:\Users\Admin\.cursor\Lambda\src\backend\leier_scraping_reports\leier_recursive_report_20250701_215502.json
